{"type":"FeatureCollection","features":[{"id":"0","type":"Feature","properties":{"bairro":"Aeroporto","distrito":"Divinópolis","regiao":"Divinópolis","setores":1,"urbano":1},"geometry":{"type":"Polygon","coordinates":[[[-44.86131,-20.19083],[-44.86252,-20.19334],[-44.86452,-20.19519],[-44.86443,-20.19576],[-44.86548,-20.19791],[-44.8683,-20.19665],[-44.86897,-20.19807],[-44.86945,-20.19836],[-44.87,-20.19927],[-44.87029,-20.199],[-44.87054,-20.19925],[-44.871,-20.19921],[-44.87209,-20.19806],[-44.87282,-20.19782],[-44.87361,-20.19811],[-44.87491,-20.19827],[-44.87561,-20.19892],[-44.87624,-20.19838],[-44.87683,-20.19822],[-44.8776,-20.19734],[-44.87859,-20.19668],[-44.88024,-20.19632],[-44.88074,-20.19526],[-44.88149,-20.19491],[-44.88223,-20.19392],[-44.88387,-20.19344],[-44.88424,-20.19291],[-44.88479,-20.19257],[-44.88073,-20.18989],[-44.88119,-20.18929],[-44.87769,-20.18693],[-44.87844,-20.18587],[-44.87404,-20.18264],[-44.87226,-20.18028],[-44.87662,-20.17386],[-44.87649,-20.17269],[-44.87555,-20.17314],[-44.87334,-20.17194],[-44.87152,-20.17464],[-44.8725,-20.17521],[-44.87249,-20.17603],[-44.86928,-20.18075],[-44.8675,-20.18003],[-44.86707,-20.17663],[-44.86626,-20.17773],[-44.86434,-20.17925],[-44.86393,-20.18152],[-44.86382,-20.1841],[-44.86296,-20.18509],[-44.86283,-20.18608],[-44.862,-20.18738],[-44.8631,-20.18996],[-44.86131,-20.19083]]]}},{"id":"1","type":"Feature","properties":{"bairro":"Afonso Pena","distrito":"Divinópolis","regiao":"Divinópolis","setores":5,"urbano":5},"geometry":{"type":"Polygon","coordinates":[[[-44.88635,-20.13646],[-44.88921,-20.13553],[-44.88882,-20.13459],[-44.88884,-20.13401],[-44.89022,-20.13417],[-44.89178,-20.13368],[-44.89151,-20.13299],[-44.89319,-20.13233],[-44.89266,-20.13078],[-44.89197,-20.13127],[-44.89031,-20.13184],[-44.88949,-20.13044],[-44.88923,-20.12956],[-44.88782,-20.13003],[-44.88748,-20.12944],[-44.88705,-20.12959],[-44.88785,-20.13213],[-44.88755,-20.13394],[-44.88595,-20.13532],[-44.88635,-20.13646]]]}},{"id":"2","type":"Feature","properties":{"bairro":"Alto Sao Joao de Deus","distrito":"Divinópolis","regiao":"Divinópolis","setores":1,"urbano":1},"geometry":{"type":"Polygon","coordinates":[[[-44.87111,-20.1433],[-44.87222,-20.14559],[-44.87253,-20.14552],[-44.87297,-20.14502],[-44.87296,-20.14398],[-44.87226,-20.14323],[-44.87191,-20.14345],[-44.87163,-20.14298],[-44.87111,-20.1433]]]}},{"id":"3","type":"Feature","properties":{"bairro":"Alvorada","distrito":"Divinópolis","regiao":"Divinópolis","setores":4,"urbano":4},"geometry":{"type":"Polygon","coordinates":[[[-44.89199,-20.12251],[-44.89015,-20.12454],[-44.89084,-20.12598],[-44.89638,-20.11982],[-44.89729,-20.12052],[-44.89775,-20.12007],[-44.89859,-20.11965],[-44.89925,-20.11896],[-44.90011,-20.11873],[-44.9012,-20.11896],[-44.90159,-20.11888],[-44.90177,-20.11795],[-44.90253,-20.11668],[-44.90021,-20.11561],[-44.89892,-20.11525],[-44.89796,-20.11508],[-44.89511,-20.11524],[-44.89467,-20.11573],[-44.89568,-20.11656],[-44.89521,-20.11707],[-44.89427,-20.11809],[-44.89316,-20.11737],[-44.88997,-20.12085],[-44.89199,-20.12251]]]}},{"id":"4","type":"Feature","properties":{"bairro":"Anchieta","distrito":"Divinópolis","regiao":"Divinópolis","setores":3,"urbano":3},"geometry":{"type":"Polygon","coordinates":[[[-44.90254,-20.11669],[-44.90975,-20.11996],[-44.91027,-20.11953],[-44.9101,-20.11898],[-44.90847,-20.11646],[-44.90809,-20.11487],[-44.90855,-20.11358],[-44.91058,-20.11083],[-44.90935,-20.11042],[-44.90882,-20.1107],[-44.90827,-20.11055],[-44.90773,-20.11066],[-44.90645,-20.11141],[-44.90604,-20.1113],[-44.9051,-20.11391],[-44.90364,-20.11341],[-44.90327,-20.11438],[-44.90165,-20.11337],[-44.90137,-20.11349],[-44.90237,-20.11464],[-44.90266,-20.11536],[-44.90254,-20.11669]]]}},{"id":"5","type":"Feature","properties":{"bairro":"Antonio Fonseca","distrito":"Divinópolis","regiao":"Divinópolis","setores":3,"urbano":3},"geometry":{"type":"MultiPolygon","coordinates":[[[[-44.88617,-20.16178],[-44.88212,-20.1611],[-44.88179,-20.16335],[-44.88589,-20.16392],[-44.88617,-20.16178]]],[[[-44.88644,-20.15946],[-44.88653,-20.15677],[-44.88605,-20.1569],[-44.88615,-20.1563],[-44.88966,-20.15389],[-44.88875,-20.15276],[-44.88775,-20.15373],[-44.88634,-20.15435],[-44.88532,-20.15455],[-44.88389,-20.15382],[-44.88177,-20.15452],[-44.88104,-20.15521],[-44.88096,-20.15546],[-44.88138,-20.1561],[-44.88139,-20.15656],[-44.88104,-20.15871],[-44.88644,-20.15946]]]]}},{"id":"6","type":"Feature","properties":{"bairro":"Bela Vista","distrito":"Divinópolis","regiao":"Divinópolis","setores":3,"urbano":3},"geometry":{"type":"Polygon","coordinates":[[[-44.8967,-20.17198],[-44.8998,-20.17384],[-44.90167,-20.17454],[-44.90229,-20.17437],[-44.90308,-20.17467],[-44.90401,-20.17444],[-44.90587,-20.17472],[-44.9054,-20.17318],[-44.90711,-20.1726],[-44.90666,-20.1714],[-44.90753,-20.17109],[-44.90665,-20.16867],[-44.90323,-20.16984],[-44.90262,-20.16815],[-44.90178,-20.16817],[-44.90043,-20.16787],[-44.89863,-20.17038],[-44.8967,-20.17198]]]}},{"id":"7","type":"Feature","properties":{"bairro":"Belvedere","distrito":"Divinópolis","regiao":"Divinópolis","setores":12,"urbano":12},"geometry":{"type":"Polygon","coordinates":[[[-44.90431,-20.18226],[-44.9092,-20.18298],[-44.91001,-20.18272],[-44.91143,-20.18273],[-44.91407,-20.18326],[-44.91525,-20.18077],[-44.9106,-20.17863],[-44.91224,-20.17553],[-44.91063,-20.17553],[-44.91011,-20.17531],[-44.9084,-20.17539],[-44.90494,-20.17452],[-44.90401,-20.17444],[-44.90297,-20.17467],[-44.90229,-20.17437],[-44.90167,-20.17454],[-44.8998,-20.17384],[-44.89838,-20.17278],[-44.8963,-20.17181],[-44.89453,-20.17063],[-44.8941,-20.17088],[-44.89437,-20.17105],[-44.89433,-20.17147],[-44.89395,-20.17178],[-44.89142,-20.17259],[-44.89127,-20.17288],[-44.89226,-20.17477],[-44.89221,-20.1759],[-44.89256,-20.17921],[-44.89352,-20.18275],[-44.89427,-20.18407],[-44.89419,-20.18447],[-44.89278,-20.18534],[-44.89353,-20.18811],[-44.89418,-20.18847],[-44.89503,-20.18858],[-44.89537,-20.1889],[-44.89736,-20.18792],[-44.89896,-20.18775],[-44.90014,-20.18731],[-44.90118,-20.18727],[-44.90205,-20.187],[-44.90233,-20.1853],[-44.89957,-20.18314],[-44.8983,-20.18285],[-44.89959,-20.18043],[-44.90108,-20.18051],[-44.90161,-20.18103],[-44.90327,-20.18154],[-44.90431,-20.18226]]]}},{"id":"8","type":"Feature","properties":{"bairro":"Belvedere II","distrito":"Divinópolis","regiao":"Divinópolis","setores":1,"urbano":1},"geometry":{"type":"Polygon","coordinates":[[[-44.89867,-20.16512],[-44.89849,-20.16678],[-44.89857,-20.16812],[-44.89843,-20.16835],[-44.89808,-20.16846],[-44.89751,-20.16827],[-44.89448,-20.16644],[-44.89293,-20.17027],[-44.89205,-20.17123],[-44.89213,-20.1715],[-44.89259,-20.17162],[-44.89453,-20.17063],[-44.8967,-20.17198],[-44.89863,-20.17038],[-44.90089,-20.16698],[-44.90126,-20.16558],[-44.90108,-20.16447],[-44.90064,-20.1648],[-44.8998,-20.16472],[-44.89867,-20.16512]]]}},{"id":"9","type":"Feature","properties":{"bairro":"Boa Vista","distrito":"Divinópolis","regiao":"Divinópolis","setores":1,"urbano":0},"geometry":{"type":"Polygon","coordinates":[[[-44.88118,-20.10151],[-44.88371,-20.09448],[-44.8832,-20.0943],[-44.88282,-20.09377],[-44.88307,-20.09237],[-44.88125,-20.0917],[-44.88025,-20.09299],[-44.87912,-20.09539],[-44.87773,-20.09736],[-44.87909,-20.09788],[-44.87885,-20.0985],[-44.88096,-20.09919],[-44.88008,-20.10126],[-44.88118,-20.10151]]]}},{"id":"10","type":"Feature","properties":{"bairro":"Bom Pastor","distrito":"Divinópolis","regiao":"Divinópolis","setores":16,"urbano":16},"geometry":{"type":"Polygon","coordinates":[[[-44.88628,-20.12486],[-44.88674,-20.12475],[-44.88707,-20.12394],[-44.88809,-20.12288],[-44.89015,-20.12454],[-44.89199,-20.12251],[-44.88997,-20.12085],[-44.89316,-20.11737],[-44.89427,-20.11809],[-44.89521,-20.11707],[-44.89568,-20.11656],[-44.89467,-20.11573],[-44.89511,-20.11524],[-44.8916,-20.11506],[-44.88322,-20.11505],[-44.8805,-20.11475],[-44.87808,-20.11416],[-44.87447,-20.11267],[-44.87411,-20.11327],[-44.87328,-20.11377],[-44.87289,-20.11506],[-44.87225,-20.11533],[-44.87018,-20.1176],[-44.87059,-20.11754],[-44.87167,-20.1169],[-44.87324,-20.1187],[-44.87264,-20.11925],[-44.87238,-20.12018],[-44.87287,-20.12019],[-44.87313,-20.1214],[-44.87344,-20.12177],[-44.87379,-20.12177],[-44.87391,-20.12017],[-44.87633,-20.1191],[-44.87842,-20.12147],[-44.88004,-20.12079],[-44.88026,-20.12131],[-44.88178,-20.12288],[-44.88194,-20.12346],[-44.88186,-20.12404],[-44.88099,-20.1254],[-44.88085,-20.12808],[-44.88108,-20.12869],[-44.88328,-20.12952],[-44.88386,-20.12806],[-44.88549,-20.12878],[-44.88658,-20.12847],[-44.88639,-20.12795],[-44.88748,-20.12757],[-44.88673,-20.1255],[-44.88638,-20.12547],[-44.8862,-20.1252],[-44.88628,-20.12486]]]}},{"id":"11","type":"Feature","properties":{"bairro":"Branquinhos","distrito":"Santo Antônio dos Campos","regiao":"Santo Antônio dos Campos","setores":2,"urbano":0},"geometry":{"type":"Polygon","coordinates":[[[-44.94599,-20.04549],[-44.9444,-20.04605],[-44.94204,-20.04852],[-44.94166,-20.04931],[-44.94148,-20.04987],[-44.94145,-20.05146],[-44.94199,-20.05207],[-44.94165,-20.05273],[-44.94186,-20.05305],[-44.94231,-20.05302],[-44.94223,-20.05341],[-44.94241,-20.05373],[-44.94223,-20.0546],[-44.94149,-20.05514],[-44.94148,-20.05545],[-44.94115,-20.05592],[-44.94148,-20.05713],[-44.94208,-20.05739],[-44.94222,-20.05783],[-44.94296,-20.05841],[-44.943,-20.05915],[-44.94333,-20.05936],[-44.94327,-20.0599],[-44.94381,-20.06092],[-44.94586,-20.06306],[-44.94674,-20.06325],[-44.94777,-20.06377],[-44.94795,-20.06438],[-44.94837,-20.06472],[-44.948,-20.06645],[-44.94845,-20.06766],[-44.94796,-20.06877],[-44.95093,-20.06982],[-44.95188,-20.07055],[-44.95299,-20.07086],[-44.95379,-20.07144],[-44.95419,-20.0714],[-44.95486,-20.07079],[-44.95575,-20.07072],[-44.95608,-20.07025],[-44.95657,-20.07032],[-44.95705,-20.07069],[-44.95824,-20.0709],[-44.95831,-20.07133],[-44.95888,-20.07144],[-44.95893,-20.07194],[-44.95948,-20.07196],[-44.95946,-20.07243],[-44.96071,-20.07268],[-44.96147,-20.07349],[-44.96237,-20.07337],[-44.96311,-20.07406],[-44.96371,-20.0743],[-44.96392,-20.07495],[-44.96457,-20.07491],[-44.9646,-20.07578],[-44.96476,-20.07596],[-44.96538,-20.07635],[-44.96622,-20.07657],[-44.96673,-20.07712],[-44.9669,-20.07804],[-44.96755,-20.07913],[-44.96804,-20.07937],[-44.96855,-20.07917],[-44.969,-20.07925],[-44.96967,-20.07987],[-44.97036,-20.07968],[-44.97096,-20.08007],[-44.97178,-20.08017],[-44.97284,-20.08112],[-44.97376,-20.08087],[-44.97449,-20.08095],[-44.97521,-20.08032],[-44.97689,-20.07973],[-44.97759,-20.07976],[-44.97826,-20.07942],[-44.97929,-20.07934],[-44.98033,-20.07964],[-44.98188,-20.08123],[-44.9824,-20.08114],[-44.98311,-20.08151],[-44.98344,-20.08185],[-44.98322,-20.08233],[-44.98357,-20.08249],[-44.98382,-20.08233],[-44.98398,-20.08268],[-44.98435,-20.08274],[-44.98458,-20.08331],[-44.98521,-20.08358],[-44.98559,-20.08433],[-44.98605,-20.08416],[-44.9867,-20.08456],[-44.98684,-20.08501],[-44.98623,-20.08697],[-44.98695,-20.08829],[-44.98829,-20.08882],[-44.98857,-20.08873],[-44.98899,-20.08902],[-44.98927,-20.08826],[-44.98997,-20.08797],[-44.98935,-20.08662],[-44.98953,-20.0851],[-44.98938,-20.08433],[-44.98966,-20.08367],[-44.99062,-20.08331],[-44.99084,-20.08291],[-44.99171,-20.08301],[-44.99223,-20.08252],[-44.99309,-20.08261],[-44.99329,-20.08223],[-44.99441,-20.08156],[-44.99543,-20.0798],[-44.99562,-20.07912],[-44.99596,-20.07874],[-44.99644,-20.07857],[-44.9974,-20.07866],[-44.99791,-20.07824],[-44.99876,-20.07861],[-44.99955,-20.07859],[-45.00044,-20.07816],[-45.00125,-20.07707],[-45.00141,-20.07641],[-45.00243,-20.07546],[-45.00266,-20.07351],[-45.00316,-20.07269],[-45.00354,-20.0728],[-45.00414,-20.07256],[-45.00492,-20.07277],[-45.00546,-20.07306],[-45.00609,-20.0741],[-45.0066,-20.07409],[-45.00714,-20.07456],[-45.00776,-20.07462],[-45.00878,-20.07574],[-45.00951,-20.07574],[-45.01014,-20.07545],[-45.0108,-20.07438],[-45.01103,-20.07388],[-45.01102,-20.07328],[-45.0117,-20.07172],[-45.01228,-20.07146],[-45.01461,-20.07144],[-45.015,-20.07103],[-45.01516,-20.06975],[-45.0143,-20.06916],[-45.014,-20.06708],[-45.01184,-20.06525],[-45.01088,-20.06337],[-45.0103,-20.06263],[-45.00957,-20.06211],[-45.00923,-20.06154],[-45.00909,-20.06059],[-45.00931,-20.05865],[-45.00922,-20.05789],[-45.00892,-20.05722],[-45.00702,-20.05469],[-45.00695,-20.05242],[-45.00648,-20.04959],[-45.00608,-20.04898],[-45.00435,-20.0483],[-45.00151,-20.04639],[-44.99623,-20.04476],[-44.99642,-20.04548],[-44.99638,-20.04775],[-44.99687,-20.0489],[-44.99608,-20.04902],[-44.99168,-20.04762],[-44.98903,-20.04773],[-44.98936,-20.04696],[-44.98934,-20.04583],[-44.98633,-20.04325],[-44.98513,-20.04277],[-44.98423,-20.04266],[-44.98269,-20.04157],[-44.9803,-20.04122],[-44.97687,-20.04119],[-44.97585,-20.0393],[-44.97443,-20.03909],[-44.97281,-20.03843],[-44.97038,-20.03815],[-44.9668,-20.03849],[-44.95927,-20.03728],[-44.95894,-20.03741],[-44.95509,-20.04136],[-44.95154,-20.0423],[-44.95108,-20.04294],[-44.94949,-20.04398],[-44.94893,-20.04476],[-44.94792,-20.04528],[-44.94627,-20.04521],[-44.94599,-20.04549]]]}},{"id":"12","type":"Feature","properties":{"bairro":"Cachoeira da Ponte de Ferro","distrito":"Divinópolis","regiao":"Divinópolis","setores":1,"urbano":0},"geometry":{"type":"Polygon","coordinates":[[[-44.94196,-20.20197],[-44.94038,-20.20339],[-44.93296,-20.19474],[-44.93297,-20.19445],[-44.92969,-20.19411],[-44.92498,-20.19537],[-44.92619,-20.1971],[-44.92621,-20.19762],[-44.92654,-20.198],[-44.9266,-20.19852],[-44.92719,-20.19961],[-44.92778,-20.20179],[-44.92769,-20.20358],[-44.92608,-20.20819],[-44.9254,-20.208],[-44.92372,-20.21272],[-44.92074,-20.21208],[-44.91838,-20.21183],[-44.9212,-20.20376],[-44.92115,-20.20304],[-44.92036,-20.2014],[-44.92035,-20.20072],[-44.9189,-20.20119],[-44.91784,-20.20116],[-44.91468,-20.20045],[-44.91363,-20.20042],[-44.91127,-20.20076],[-44.9103,-20.2007],[-44.91003,-20.20058],[-44.91047,-20.19945],[-44.91098,-20.19883],[-44.91111,-20.19823],[-44.91075,-20.19659],[-44.90996,-20.19516],[-44.90968,-20.19505],[-44.90896,-20.19546],[-44.90807,-20.19539],[-44.90745,-20.19567],[-44.90661,-20.19561],[-44.9046,-20.19628],[-44.90371,-20.19618],[-44.90286,-20.19561],[-44.90191,-20.19537],[-44.90138,-20.19491],[-44.90065,-20.19474],[-44.90205,-20.187],[-44.90118,-20.18727],[-44.90014,-20.18731],[-44.89896,-20.18775],[-44.89736,-20.18792],[-44.89537,-20.1889],[-44.89526,-20.18993],[-44.89487,-20.1908],[-44.89385,-20.19196],[-44.89415,-20.19299],[-44.89345,-20.19478],[-44.89419,-20.19635],[-44.89412,-20.19672],[-44.89366,-20.19712],[-44.89336,-20.19869],[-44.8937,-20.19955],[-44.8936,-20.2031],[-44.89388,-20.20487],[-44.89571,-20.20638],[-44.89642,-20.20639],[-44.89706,-20.20595],[-44.89748,-20.20628],[-44.89761,-20.20711],[-44.89739,-20.20764],[-44.89591,-20.20812],[-44.89549,-20.20866],[-44.89537,-20.20974],[-44.89553,-20.21021],[-44.89833,-20.21068],[-44.89903,-20.211],[-44.90172,-20.21155],[-44.90367,-20.21144],[-44.90438,-20.21252],[-44.90619,-20.21292],[-44.90666,-20.21335],[-44.90676,-20.21386],[-44.9071,-20.21418],[-44.90795,-20.21442],[-44.90856,-20.21494],[-44.90887,-20.21539],[-44.90883,-20.21573],[-44.90807,-20.2174],[-44.90685,-20.21762],[-44.90594,-20.21755],[-44.90551,-20.21775],[-44.90522,-20.21818],[-44.90536,-20.21917],[-44.90652,-20.22026],[-44.90683,-20.22026],[-44.90787,-20.21882],[-44.90822,-20.2187],[-44.90877,-20.21878],[-44.90968,-20.22018],[-44.9102,-20.22048],[-44.91142,-20.22005],[-44.9123,-20.22011],[-44.91274,-20.21998],[-44.91371,-20.21883],[-44.91423,-20.21862],[-44.91532,-20.21857],[-44.91631,-20.21879],[-44.91647,-20.2186],[-44.9166,-20.21713],[-44.91861,-20.21713],[-44.92054,-20.21855],[-44.921,-20.22101],[-44.92151,-20.22113],[-44.92278,-20.22066],[-44.92301,-20.22078],[-44.92346,-20.22214],[-44.92501,-20.22248],[-44.92472,-20.22425],[-44.92388,-20.22482],[-44.92363,-20.22575],[-44.92313,-20.22637],[-44.92344,-20.22704],[-44.92436,-20.22673],[-44.92532,-20.22676],[-44.92576,-20.22658],[-44.92596,-20.22592],[-44.92586,-20.22463],[-44.9268,-20.22385],[-44.92721,-20.22298],[-44.92857,-20.22287],[-44.92903,-20.22343],[-44.9296,-20.22355],[-44.93006,-20.22327],[-44.93026,-20.22251],[-44.93062,-20.22213],[-44.93161,-20.22223],[-44.93207,-20.22143],[-44.93232,-20.22],[-44.93196,-20.21967],[-44.93113,-20.21977],[-44.93175,-20.2188],[-44.93187,-20.21789],[-44.93204,-20.21773],[-44.93248,-20.2179],[-44.93261,-20.21772],[-44.93283,-20.21663],[-44.93374,-20.21631],[-44.93464,-20.21484],[-44.9354,-20.2147],[-44.93567,-20.21428],[-44.93594,-20.21423],[-44.93626,-20.21459],[-44.93651,-20.21449],[-44.93651,-20.21394],[-44.93693,-20.21333],[-44.93702,-20.21283],[-44.93752,-20.2127],[-44.93799,-20.21295],[-44.93875,-20.21289],[-44.93845,-20.21259],[-44.93894,-20.21152],[-44.93961,-20.21082],[-44.94107,-20.21034],[-44.94161,-20.20928],[-44.94267,-20.20937],[-44.94364,-20.20859],[-44.94522,-20.20936],[-44.94644,-20.20939],[-44.94808,-20.20838],[-44.94849,-20.20777],[-44.94894,-20.20582],[-44.94792,-20.20556],[-44.94673,-20.20287],[-44.94471,-20.20141],[-44.94196,-20.20197]]]}},{"id":"13","type":"Feature","properties":{"bairro":"Cacoco de Baixo","distrito":"Divinópolis","regiao":"Divinópolis","setores":1,"urbano":1},"geometry":{"type":"Polygon","coordinates":[[[-44.94723,-20.1846],[-44.94656,-20.18551],[-44.94592,-20.18769],[-44.94637,-20.18892],[-44.9468,-20.19163],[-44.94731,-20.19232],[-44.948,-20.19411],[-44.94798,-20.1949],[-44.94834,-20.19571],[-44.94834,-20.19632],[-44.94914,-20.19567],[-44.9507,-20.19503],[-44.95409,-20.19424],[-44.95596,-20.19337],[-44.95652,-20.19268],[-44.95614,-20.19178],[-44.95638,-20.19064],[-44.95585,-20.18887],[-44.95606,-20.18774],[-44.95635,-20.187],[-44.95717,-20.18642],[-44.95827,-20.18512],[-44.95937,-20.18287],[-44.95827,-20.18244],[-44.95496,-20.18032],[-44.95123,-20.17937],[-44.94932,-20.18059],[-44.94873,-20.18197],[-44.94748,-20.18343],[-44.94723,-20.1846]]]}},{"id":"14","type":"Feature","properties":{"bairro":"Cacoco de Cima","distrito":"Divinópolis","regiao":"Divinópolis","setores":3,"urbano":3},"geometry":{"type":"Polygon","coordinates":[[[-44.95649,-20.19269],[-44.95596,-20.19337],[-44.95508,-20.19387],[-44.9507,-20.19503],[-44.94914,-20.19567],[-44.94834,-20.19632],[-44.94787,-20.19748],[-44.94797,-20.19834],[-44.94863,-20.20017],[-44.94859,-20.20197],[-44.94895,-20.20303],[-44.94915,-20.20464],[-44.94849,-20.20777],[-44.94952,-20.20732],[-44.95173,-20.20522],[-44.95361,-20.20466],[-44.95443,-20.20418],[-44.95604,-20.20414],[-44.95808,-20.20292],[-44.96087,-20.20226],[-44.96175,-20.20071],[-44.96225,-20.20023],[-44.96259,-20.20005],[-44.96378,-20.19999],[-44.96478,-20.19957],[-44.96236,-20.19464],[-44.9622,-20.19193],[-44.96388,-20.1919],[-44.96516,-20.19128],[-44.96592,-20.19066],[-44.96756,-20.19048],[-44.97107,-20.1875],[-44.97284,-20.18574],[-44.97318,-20.18427],[-44.97299,-20.18218],[-44.97314,-20.18172],[-44.97363,-20.18123],[-44.97383,-20.18031],[-44.97435,-20.17979],[-44.97511,-20.17812],[-44.97605,-20.1738],[-44.97647,-20.1734],[-44.97686,-20.17104],[-44.97575,-20.17012],[-44.97401,-20.16824],[-44.97355,-20.16797],[-44.97181,-20.16776],[-44.97056,-20.16716],[-44.9701,-20.16712],[-44.9683,-20.16589],[-44.96674,-20.16517],[-44.96411,-20.16515],[-44.96326,-20.16531],[-44.96228,-20.16591],[-44.96166,-20.16655],[-44.96103,-20.16778],[-44.96093,-20.16871],[-44.96025,-20.17016],[-44.95954,-20.17048],[-44.95781,-20.1719],[-44.95688,-20.17335],[-44.95389,-20.17567],[-44.9525,-20.17824],[-44.95123,-20.17937],[-44.95496,-20.18032],[-44.95827,-20.18244],[-44.95937,-20.18287],[-44.95827,-20.18512],[-44.95717,-20.18642],[-44.95635,-20.187],[-44.95606,-20.18774],[-44.95585,-20.18887],[-44.95638,-20.19064],[-44.95614,-20.19178],[-44.95649,-20.19269]]]}},{"id":"15","type":"Feature","properties":{"bairro":"Candelaria","distrito":"Divinópolis","regiao":"Divinópolis","setores":6,"urbano":6},"geometry":{"type":"Polygon","coordinates":[[[-44.87376,-20.1049],[-44.87533,-20.1066],[-44.87688,-20.10751],[-44.8772,-20.10799],[-44.87717,-20.10842],[-44.87822,-20.10919],[-44.87875,-20.1093],[-44.87868,-20.10846],[-44.87886,-20.10798],[-44.87989,-20.10829],[-44.88134,-20.1045],[-44.87922,-20.1038],[-44.88096,-20.09919],[-44.87885,-20.0985],[-44.87909,-20.09788],[-44.87773,-20.09736],[-44.87703,-20.09812],[-44.8761,-20.0985],[-44.87514,-20.09845],[-44.87461,-20.09819],[-44.87286,-20.09935],[-44.87039,-20.10049],[-44.86994,-20.10092],[-44.86998,-20.10169],[-44.8704,-20.1023],[-44.87345,-20.10483],[-44.87376,-20.1049]]]}},{"id":"16","type":"Feature","properties":{"bairro":"Catalao","distrito":"Divinópolis","regiao":"Divinópolis","setores":5,"urbano":5},"geometry":{"type":"Polygon","coordinates":[[[-44.8983,-20.15502],[-44.89839,-20.15584],[-44.89925,-20.15556],[-44.89952,-20.15614],[-44.90148,-20.1558],[-44.90196,-20.15605],[-44.90047,-20.15206],[-44.89957,-20.15213],[-44.89928,-20.15137],[-44.90008,-20.15099],[-44.89979,-20.15016],[-44.90152,-20.14957],[-44.90115,-20.14853],[-44.90171,-20.14831],[-44.90304,-20.14824],[-44.90148,-20.14685],[-44.90233,-20.14655],[-44.90128,-20.14379],[-44.90045,-20.14407],[-44.90082,-20.14504],[-44.89909,-20.14559],[-44.89979,-20.14749],[-44.89883,-20.14786],[-44.89809,-20.14855],[-44.8972,-20.15082],[-44.89657,-20.15156],[-44.89691,-20.15153],[-44.89729,-20.15182],[-44.89829,-20.15175],[-44.89758,-20.15365],[-44.8983,-20.15502]]]}},{"id":"17","type":"Feature","properties":{"bairro":"Centro","distrito":"Divinópolis","regiao":"Divinópolis","setores":30,"urbano":30},"geometry":{"type":"MultiPolygon","coordinates":[[[[-44.89435,-20.14923],[-44.89464,-20.14999],[-44.89746,-20.14914],[-44.89762,-20.14961],[-44.89798,-20.1487],[-44.89852,-20.14809],[-44.89979,-20.14749],[-44.89541,-20.13574],[-44.89372,-20.1363],[-44.89427,-20.13778],[-44.8934,-20.13806],[-44.89371,-20.13888],[-44.8928,-20.13917],[-44.89249,-20.13836],[-44.89164,-20.13865],[-44.89223,-20.14032],[-44.89112,-20.14067],[-44.88978,-20.13699],[-44.88529,-20.13846],[-44.88527,-20.13873],[-44.88438,-20.13905],[-44.88485,-20.14037],[-44.88204,-20.14022],[-44.88158,-20.14],[-44.88195,-20.14065],[-44.8825,-20.14112],[-44.88106,-20.14123],[-44.88123,-20.14299],[-44.88507,-20.14682],[-44.88529,-20.14768],[-44.88491,-20.14848],[-44.88535,-20.14904],[-44.88694,-20.14981],[-44.88975,-20.15036],[-44.8899,-20.1512],[-44.89065,-20.15109],[-44.89079,-20.15128],[-44.89179,-20.1505],[-44.8908,-20.14922],[-44.89074,-20.14856],[-44.89261,-20.14983],[-44.89435,-20.14923]]],[[[-44.96971,-20.10373],[-44.97116,-20.1027],[-44.97305,-20.10268],[-44.97524,-20.10553],[-44.97628,-20.10555],[-44.97638,-20.10531],[-44.97615,-20.10282],[-44.97564,-20.1024],[-44.9751,-20.10154],[-44.97392,-20.10052],[-44.97311,-20.10049],[-44.97219,-20.10086],[-44.96999,-20.1006],[-44.969,-20.10078],[-44.96889,-20.10271],[-44.96971,-20.10373]]]]}},{"id":"18","type":"Feature","properties":{"bairro":"Centro Industrial","distrito":"Divinópolis","regiao":"Divinópolis","setores":3,"urbano":3},"geometry":{"type":"Polygon","coordinates":[[[-44.83215,-20.13146],[-44.83584,-20.12707],[-44.83559,-20.12581],[-44.84076,-20.12105],[-44.84099,-20.12053],[-44.84467,-20.11737],[-44.84234,-20.11519],[-44.84249,-20.11463],[-44.84285,-20.1142],[-44.84287,-20.11315],[-44.84329,-20.11217],[-44.84321,-20.11099],[-44.84371,-20.10943],[-44.8428,-20.10899],[-44.84263,-20.10944],[-44.84187,-20.10965],[-44.84062,-20.10977],[-44.83825,-20.10959],[-44.83627,-20.11166],[-44.83542,-20.11145],[-44.83457,-20.11081],[-44.83356,-20.10899],[-44.833,-20.10901],[-44.83029,-20.11022],[-44.829,-20.10996],[-44.8249,-20.10859],[-44.82209,-20.1088],[-44.82078,-20.10774],[-44.82003,-20.10616],[-44.81963,-20.10579],[-44.81902,-20.1057],[-44.81808,-20.10582],[-44.81528,-20.10734],[-44.81492,-20.10774],[-44.81467,-20.10889],[-44.81424,-20.10908],[-44.8134,-20.10898],[-44.81236,-20.10844],[-44.81197,-20.10861],[-44.81142,-20.10932],[-44.81127,-20.11014],[-44.81148,-20.11074],[-44.81199,-20.1112],[-44.81403,-20.11206],[-44.81591,-20.11258],[-44.81777,-20.11282],[-44.81841,-20.1134],[-44.81991,-20.11628],[-44.82088,-20.11705],[-44.82087,-20.1179],[-44.82055,-20.11899],[-44.82094,-20.11985],[-44.82157,-20.12048],[-44.82164,-20.12125],[-44.82111,-20.12224],[-44.82029,-20.12286],[-44.82012,-20.12355],[-44.82039,-20.12408],[-44.82131,-20.1245],[-44.8224,-20.12465],[-44.82357,-20.12522],[-44.8239,-20.12573],[-44.82389,-20.12728],[-44.82428,-20.12807],[-44.82548,-20.12853],[-44.8269,-20.12936],[-44.82713,-20.12967],[-44.8273,-20.13059],[-44.8276,-20.13095],[-44.82945,-20.13161],[-44.82997,-20.13207],[-44.83087,-20.13237],[-44.83146,-20.13308],[-44.83215,-20.13146]],[[-44.83393,-20.12445],[-44.83312,-20.12519],[-44.82913,-20.12155],[-44.83062,-20.12013],[-44.83167,-20.12097],[-44.83195,-20.12067],[-44.83393,-20.12445]]]}},{"id":"19","type":"Feature","properties":{"bairro":"Chacaras Beira Rio","distrito":"Divinópolis","regiao":"Divinópolis","setores":2,"urbano":2},"geometry":{"type":"Polygon","coordinates":[[[-44.83402,-20.13768],[-44.83355,-20.13662],[-44.83327,-20.13521],[-44.83253,-20.13399],[-44.83133,-20.13305],[-44.831,-20.13244],[-44.82997,-20.13207],[-44.82945,-20.13161],[-44.8276,-20.13095],[-44.8273,-20.13059],[-44.82713,-20.12967],[-44.8269,-20.12936],[-44.82548,-20.12853],[-44.82428,-20.12807],[-44.82389,-20.12728],[-44.8239,-20.12573],[-44.82327,-20.12498],[-44.82294,-20.12492],[-44.82316,-20.12545],[-44.82283,-20.12646],[-44.82125,-20.12782],[-44.81978,-20.12785],[-44.81897,-20.12767],[-44.81832,-20.12789],[-44.81783,-20.12876],[-44.81754,-20.13062],[-44.81524,-20.13302],[-44.81507,-20.13382],[-44.81525,-20.13457],[-44.8171,-20.13588],[-44.81725,-20.13634],[-44.81713,-20.13694],[-44.81677,-20.13744],[-44.81588,-20.13746],[-44.81495,-20.13708],[-44.81178,-20.13655],[-44.81136,-20.13695],[-44.81129,-20.1382],[-44.8109,-20.13895],[-44.81026,-20.13935],[-44.80882,-20.13914],[-44.80797,-20.13926],[-44.80757,-20.1396],[-44.80715,-20.14044],[-44.80699,-20.14179],[-44.80719,-20.14222],[-44.80786,-20.14271],[-44.80952,-20.14338],[-44.80987,-20.14383],[-44.80987,-20.14493],[-44.80962,-20.1455],[-44.80868,-20.14572],[-44.8067,-20.14416],[-44.80611,-20.14391],[-44.80547,-20.14408],[-44.80289,-20.14627],[-44.80139,-20.1483],[-44.80079,-20.14986],[-44.8001,-20.15359],[-44.79948,-20.15563],[-44.79885,-20.15697],[-44.79879,-20.15746],[-44.79903,-20.15782],[-44.7997,-20.15797],[-44.80247,-20.15719],[-44.80311,-20.15683],[-44.80354,-20.15619],[-44.80375,-20.15536],[-44.8046,-20.15421],[-44.80502,-20.15403],[-44.80551,-20.15417],[-44.80657,-20.15578],[-44.80743,-20.1599],[-44.80889,-20.16074],[-44.80967,-20.16074],[-44.81013,-20.16094],[-44.81056,-20.16163],[-44.81059,-20.16313],[-44.81038,-20.16388],[-44.80846,-20.16502],[-44.80567,-20.16748],[-44.80424,-20.16659],[-44.80289,-20.1662],[-44.80152,-20.16674],[-44.80112,-20.16735],[-44.80085,-20.16845],[-44.80033,-20.16893],[-44.79949,-20.1692],[-44.79882,-20.16966],[-44.79856,-20.1722],[-44.79559,-20.17752],[-44.79535,-20.17855],[-44.79467,-20.17978],[-44.79374,-20.18089],[-44.79485,-20.1814],[-44.79561,-20.18141],[-44.796,-20.18121],[-44.80676,-20.17006],[-44.80799,-20.16917],[-44.80914,-20.16897],[-44.81922,-20.1684],[-44.82421,-20.16758],[-44.83608,-20.16262],[-44.84284,-20.16103],[-44.84276,-20.16082],[-44.84408,-20.15995],[-44.84694,-20.15942],[-44.85013,-20.158],[-44.85158,-20.15697],[-44.85251,-20.15698],[-44.85437,-20.15789],[-44.85563,-20.15746],[-44.85632,-20.15599],[-44.85571,-20.15494],[-44.85506,-20.1552],[-44.85423,-20.15522],[-44.85394,-20.15562],[-44.85312,-20.15561],[-44.85325,-20.15449],[-44.85286,-20.15373],[-44.85269,-20.1526],[-44.85221,-20.15177],[-44.85208,-20.15161],[-44.85064,-20.15203],[-44.84996,-20.15125],[-44.84944,-20.15011],[-44.84865,-20.14967],[-44.84734,-20.14985],[-44.84652,-20.15046],[-44.84533,-20.15179],[-44.84195,-20.15352],[-44.8387,-20.1555],[-44.83535,-20.15009],[-44.83746,-20.14882],[-44.83475,-20.14448],[-44.83636,-20.14359],[-44.83687,-20.14357],[-44.83688,-20.14313],[-44.83806,-20.14312],[-44.83806,-20.14215],[-44.83871,-20.14148],[-44.8367,-20.13971],[-44.83476,-20.1387],[-44.83402,-20.13768]]]}},{"id":"20","type":"Feature","properties":{"bairro":"Chacaras Campo Grande","distrito":"Divinópolis","regiao":"Divinópolis","setores":1,"urbano":0},"geometry":{"type":"Polygon","coordinates":[[[-44.81313,-20.16874],[-44.81386,-20.16938],[-44.81415,-20.17066],[-44.81548,-20.17272],[-44.81576,-20.17404],[-44.81565,-20.17574],[-44.81674,-20.17695],[-44.81768,-20.17906],[-44.81834,-20.18138],[-44.81841,-20.18378],[-44.81909,-20.18364],[-44.82013,-20.18184],[-44.82069,-20.1815],[-44.82161,-20.18135],[-44.83342,-20.18595],[-44.83503,-20.1855],[-44.83622,-20.18566],[-44.83683,-20.18551],[-44.83783,-20.18477],[-44.83928,-20.18475],[-44.8416,-20.18346],[-44.8426,-20.18322],[-44.84373,-20.18266],[-44.84603,-20.18012],[-44.84571,-20.1784],[-44.84601,-20.17679],[-44.84545,-20.1769],[-44.84459,-20.1749],[-44.84389,-20.17515],[-44.84211,-20.17086],[-44.841,-20.17129],[-44.84053,-20.17082],[-44.83871,-20.17031],[-44.83609,-20.1704],[-44.83582,-20.16937],[-44.83492,-20.16838],[-44.83491,-20.16556],[-44.83459,-20.16461],[-44.83411,-20.16424],[-44.83381,-20.16354],[-44.82421,-20.16758],[-44.81922,-20.1684],[-44.81313,-20.16874]]]}},{"id":"21","type":"Feature","properties":{"bairro":"Chanadour","distrito":"Divinópolis","regiao":"Divinópolis","setores":4,"urbano":4},"geometry":{"type":"Polygon","coordinates":[[[-44.91407,-20.18326],[-44.91868,-20.18457],[-44.91939,-20.18454],[-44.91999,-20.18431],[-44.92058,-20.18373],[-44.92176,-20.18304],[-44.92098,-20.17931],[-44.92127,-20.17919],[-44.9208,-20.17832],[-44.92103,-20.17703],[-44.92075,-20.17629],[-44.92023,-20.17581],[-44.91886,-20.17381],[-44.91699,-20.17237],[-44.91449,-20.17714],[-44.91199,-20.176],[-44.9106,-20.17863],[-44.91525,-20.18077],[-44.91407,-20.18326]]]}},{"id":"22","type":"Feature","properties":{"bairro":"Conjunto Habitacional Dom Cristiano","distrito":"Divinópolis","regiao":"Divinópolis","setores":1,"urbano":1},"geometry":{"type":"Polygon","coordinates":[[[-44.88027,-20.10414],[-44.88134,-20.1045],[-44.87989,-20.10829],[-44.87886,-20.10798],[-44.87868,-20.10846],[-44.87875,-20.1093],[-44.88012,-20.10933],[-44.88191,-20.10825],[-44.88414,-20.10735],[-44.88563,-20.1074],[-44.88636,-20.10681],[-44.88744,-20.10542],[-44.88456,-20.10508],[-44.88046,-20.10369],[-44.88027,-20.10414]]]}},{"id":"23","type":"Feature","properties":{"bairro":"Corrego do Paiol","distrito":"Divinópolis","regiao":"Divinópolis","setores":1,"urbano":0},"geometry":{"type":"Polygon","coordinates":[[[-44.88741,-20.19336],[-44.88536,-20.19283],[-44.885,-20.19257],[-44.88458,-20.19263],[-44.88387,-20.19344],[-44.88223,-20.19392],[-44.88149,-20.19491],[-44.88074,-20.19526],[-44.88024,-20.19632],[-44.87859,-20.19668],[-44.8776,-20.19734],[-44.87683,-20.19822],[-44.87624,-20.19838],[-44.87561,-20.19892],[-44.87491,-20.19827],[-44.87361,-20.19811],[-44.87282,-20.19782],[-44.87209,-20.19806],[-44.871,-20.19921],[-44.87054,-20.19925],[-44.87029,-20.199],[-44.86982,-20.19942],[-44.86909,-20.19927],[-44.86881,-20.20061],[-44.86927,-20.20359],[-44.86923,-20.20486],[-44.87032,-20.20788],[-44.8717,-20.2092],[-44.87299,-20.20934],[-44.87492,-20.21041],[-44.87546,-20.21137],[-44.87599,-20.21177],[-44.87724,-20.21229],[-44.87855,-20.21247],[-44.88401,-20.21152],[-44.8847,-20.21122],[-44.88462,-20.2103],[-44.88492,-20.20949],[-44.886,-20.20905],[-44.88649,-20.20906],[-44.88679,-20.20858],[-44.88839,-20.20803],[-44.88864,-20.2067],[-44.88972,-20.20603],[-44.89024,-20.20617],[-44.89051,-20.20647],[-44.89057,-20.20727],[-44.8903,-20.20757],[-44.89044,-20.20804],[-44.89076,-20.20803],[-44.89149,-20.20701],[-44.89309,-20.20696],[-44.89333,-20.20718],[-44.89324,-20.20911],[-44.89376,-20.20954],[-44.89488,-20.2094],[-44.89539,-20.20957],[-44.89549,-20.20866],[-44.89591,-20.20812],[-44.89739,-20.20764],[-44.89761,-20.20711],[-44.89748,-20.20628],[-44.89706,-20.20595],[-44.89642,-20.20639],[-44.89571,-20.20638],[-44.89388,-20.20487],[-44.8936,-20.2031],[-44.8937,-20.19955],[-44.89336,-20.19869],[-44.89366,-20.19712],[-44.89412,-20.19672],[-44.89419,-20.19635],[-44.89345,-20.19478],[-44.89415,-20.19299],[-44.89402,-20.19244],[-44.89283,-20.1922],[-44.89215,-20.19178],[-44.89162,-20.19176],[-44.8907,-20.19214],[-44.89044,-20.193],[-44.89014,-20.19321],[-44.8884,-20.19301],[-44.88741,-20.19336]]]}},{"id":"24","type":"Feature","properties":{"bairro":"Davanuze","distrito":"Divinópolis","regiao":"Divinópolis","setores":4,"urbano":4},"geometry":{"type":"Polygon","coordinates":[[[-44.84561,-20.16786],[-44.84742,-20.17195],[-44.8526,-20.17005],[-44.85233,-20.16941],[-44.85367,-20.16893],[-44.85208,-20.16508],[-44.85275,-20.16484],[-44.85187,-20.16275],[-44.84653,-20.16472],[-44.84536,-20.165],[-44.84504,-20.16591],[-44.84501,-20.16694],[-44.84517,-20.16754],[-44.84561,-20.16786]]]}},{"id":"25","type":"Feature","properties":{"bairro":"Del Rey","distrito":"Divinópolis","regiao":"Divinópolis","setores":2,"urbano":2},"geometry":{"type":"Polygon","coordinates":[[[-44.85216,-20.13859],[-44.8527,-20.14009],[-44.8524,-20.14129],[-44.85261,-20.14303],[-44.85251,-20.14345],[-44.85789,-20.13964],[-44.85777,-20.13893],[-44.85809,-20.13799],[-44.8583,-20.13597],[-44.85758,-20.13466],[-44.85673,-20.13365],[-44.85652,-20.13301],[-44.85563,-20.13287],[-44.85525,-20.13321],[-44.85438,-20.13333],[-44.85346,-20.13406],[-44.85255,-20.13512],[-44.85198,-20.13627],[-44.85197,-20.13686],[-44.8523,-20.13744],[-44.85216,-20.13859]]]}},{"id":"26","type":"Feature","properties":{"bairro":"Distrito Industrial","distrito":"Divinópolis","regiao":"Divinópolis","setores":1,"urbano":1},"geometry":{"type":"Polygon","coordinates":[[[-44.83559,-20.12581],[-44.83575,-20.12658],[-44.83617,-20.12685],[-44.84452,-20.13142],[-44.84513,-20.13069],[-44.84616,-20.12853],[-44.84768,-20.12762],[-44.84586,-20.12419],[-44.84537,-20.12475],[-44.84114,-20.12046],[-44.84076,-20.12105],[-44.83559,-20.12581]]]}},{"id":"27","type":"Feature","properties":{"bairro":"Divinópolis — sem bairro declarado","distrito":"Divinópolis","regiao":"Divinópolis","setores":2,"urbano":2},"geometry":{"type":"MultiPolygon","coordinates":[[[[-44.76304,-20.24416],[-44.76326,-20.24623],[-44.7625,-20.248],[-44.76155,-20.24944],[-44.75799,-20.25338],[-44.7586,-20.25439],[-44.75926,-20.25475],[-44.7615,-20.25496],[-44.76243,-20.25471],[-44.76515,-20.25459],[-44.76789,-20.25325],[-44.76884,-20.2522],[-44.77235,-20.24991],[-44.77369,-20.2494],[-44.77449,-20.24931],[-44.77605,-20.24962],[-44.77526,-20.24834],[-44.77525,-20.24804],[-44.77652,-20.24573],[-44.77642,-20.24491],[-44.77604,-20.24416],[-44.77329,-20.24117],[-44.77122,-20.24143],[-44.76924,-20.24127],[-44.76794,-20.24093],[-44.76304,-20.24416]]],[[[-44.78292,-20.19335],[-44.78096,-20.19366],[-44.78077,-20.19507],[-44.78773,-20.19935],[-44.78871,-20.19814],[-44.79055,-20.1965],[-44.78848,-20.19395],[-44.78452,-20.19176],[-44.78433,-20.19227],[-44.78292,-20.19335]]]]}},{"id":"28","type":"Feature","properties":{"bairro":"Djalma Dutra","distrito":"Santo Antônio dos Campos","regiao":"Santo Antônio dos Campos","setores":1,"urbano":0},"geometry":{"type":"Polygon","coordinates":[[[-45.01934,-20.06768],[-45.0208,-20.06749],[-45.02267,-20.06677],[-45.02428,-20.06579],[-45.0244,-20.06437],[-45.02427,-20.06413],[-45.02339,-20.0637],[-45.02331,-20.06391],[-45.02268,-20.06409],[-45.02162,-20.064],[-45.02135,-20.06376],[-45.02088,-20.0638],[-45.02049,-20.06348],[-45.01941,-20.06432],[-45.01923,-20.06416],[-45.01899,-20.06445],[-45.01727,-20.06494],[-45.01802,-20.06685],[-45.01934,-20.06768]]]}},{"id":"29","type":"Feature","properties":{"bairro":"Dom Pedro II","distrito":"Divinópolis","regiao":"Divinópolis","setores":1,"urbano":1},"geometry":{"type":"Polygon","coordinates":[[[-44.89448,-20.15708],[-44.89559,-20.15817],[-44.89752,-20.16139],[-44.89692,-20.16243],[-44.89615,-20.16315],[-44.89602,-20.16344],[-44.89622,-20.16407],[-44.89662,-20.16413],[-44.89827,-20.16341],[-44.8986,-20.16364],[-44.8988,-20.16414],[-44.89867,-20.16512],[-44.8998,-20.16472],[-44.90064,-20.1648],[-44.90108,-20.16447],[-44.90065,-20.16356],[-44.89865,-20.16126],[-44.898,-20.16016],[-44.89781,-20.15866],[-44.89837,-20.15548],[-44.89822,-20.15474],[-44.89758,-20.15365],[-44.89724,-20.154],[-44.89666,-20.15634],[-44.896,-20.1568],[-44.89487,-20.15683],[-44.89448,-20.15708]]]}},{"id":"30","type":"Feature","properties":{"bairro":"Dona Quita","distrito":"Divinópolis","regiao":"Divinópolis","setores":2,"urbano":2},"geometry":{"type":"Polygon","coordinates":[[[-44.86675,-20.15897],[-44.86568,-20.16063],[-44.86316,-20.16342],[-44.86476,-20.16404],[-44.868,-20.16575],[-44.87125,-20.16206],[-44.87474,-20.16281],[-44.87498,-20.16128],[-44.87157,-20.1608],[-44.87173,-20.15968],[-44.8704,-20.15951],[-44.87007,-20.1612],[-44.86828,-20.15956],[-44.86784,-20.15874],[-44.86686,-20.15818],[-44.86675,-20.15897]]]}},{"id":"31","type":"Feature","properties":{"bairro":"Dona Rosa","distrito":"Divinópolis","regiao":"Divinópolis","setores":5,"urbano":5},"geometry":{"type":"Polygon","coordinates":[[[-44.8526,-20.17005],[-44.85064,-20.17077],[-44.85137,-20.17238],[-44.85527,-20.17094],[-44.8558,-20.17223],[-44.85732,-20.17149],[-44.85765,-20.17059],[-44.85817,-20.16989],[-44.85888,-20.16961],[-44.85863,-20.16907],[-44.8605,-20.16707],[-44.85866,-20.16266],[-44.85556,-20.16382],[-44.85694,-20.16711],[-44.85569,-20.16759],[-44.85523,-20.16645],[-44.85299,-20.16727],[-44.85367,-20.16893],[-44.85233,-20.16941],[-44.8526,-20.17005]]]}},{"id":"32","type":"Feature","properties":{"bairro":"Elizabeth Nogueira","distrito":"Divinópolis","regiao":"Divinópolis","setores":3,"urbano":2},"geometry":{"type":"Polygon","coordinates":[[[-44.88115,-20.17776],[-44.88849,-20.18235],[-44.88777,-20.18356],[-44.88796,-20.18434],[-44.88741,-20.19336],[-44.8884,-20.19301],[-44.89014,-20.19321],[-44.89044,-20.193],[-44.8907,-20.19214],[-44.89162,-20.19176],[-44.89215,-20.19178],[-44.89283,-20.1922],[-44.89402,-20.19244],[-44.89385,-20.19196],[-44.89487,-20.1908],[-44.89526,-20.18993],[-44.89536,-20.18879],[-44.89503,-20.18858],[-44.89418,-20.18847],[-44.89353,-20.18811],[-44.89327,-20.18763],[-44.89278,-20.18534],[-44.89419,-20.18447],[-44.89427,-20.18407],[-44.89352,-20.18275],[-44.89256,-20.17921],[-44.89221,-20.1759],[-44.89226,-20.17477],[-44.89127,-20.17288],[-44.89142,-20.17259],[-44.89347,-20.17205],[-44.89433,-20.17147],[-44.89437,-20.17105],[-44.8941,-20.17088],[-44.89259,-20.17162],[-44.89213,-20.1715],[-44.89205,-20.17123],[-44.89293,-20.17027],[-44.89448,-20.16644],[-44.89751,-20.16827],[-44.89808,-20.16846],[-44.89843,-20.16835],[-44.89857,-20.16812],[-44.89854,-20.16567],[-44.8988,-20.16414],[-44.8986,-20.16364],[-44.89827,-20.16341],[-44.89662,-20.16413],[-44.89622,-20.16407],[-44.89602,-20.16344],[-44.89737,-20.16175],[-44.89745,-20.16115],[-44.89559,-20.15817],[-44.89504,-20.15752],[-44.89386,-20.1567],[-44.89346,-20.15679],[-44.89258,-20.15823],[-44.89144,-20.15834],[-44.89125,-20.15819],[-44.89121,-20.1579],[-44.89209,-20.15663],[-44.89199,-20.1561],[-44.89146,-20.15563],[-44.89056,-20.15549],[-44.89003,-20.15572],[-44.88957,-20.15707],[-44.88915,-20.15742],[-44.88859,-20.15748],[-44.88777,-20.15693],[-44.88653,-20.15677],[-44.88644,-20.15946],[-44.88572,-20.16555],[-44.88671,-20.16586],[-44.88802,-20.16675],[-44.88854,-20.16735],[-44.8875,-20.16821],[-44.88543,-20.16902],[-44.88499,-20.1695],[-44.88487,-20.17099],[-44.88431,-20.17226],[-44.88414,-20.17414],[-44.88275,-20.17631],[-44.88115,-20.17776]]]}},{"id":"33","type":"Feature","properties":{"bairro":"Espirito Santo","distrito":"Divinópolis","regiao":"Divinópolis","setores":3,"urbano":3},"geometry":{"type":"Polygon","coordinates":[[[-44.87362,-20.13572],[-44.87391,-20.13866],[-44.87432,-20.13912],[-44.87916,-20.14105],[-44.88036,-20.14099],[-44.87952,-20.13981],[-44.87721,-20.13826],[-44.87681,-20.13772],[-44.87667,-20.13687],[-44.8777,-20.13473],[-44.87646,-20.13411],[-44.87635,-20.13382],[-44.87538,-20.13377],[-44.87516,-20.13337],[-44.87437,-20.1337],[-44.87317,-20.13303],[-44.87172,-20.13259],[-44.87072,-20.13271],[-44.87077,-20.13348],[-44.86989,-20.13335],[-44.87025,-20.13763],[-44.87114,-20.13756],[-44.87099,-20.13593],[-44.87362,-20.13572]]]}},{"id":"34","type":"Feature","properties":{"bairro":"Esplanada","distrito":"Divinópolis","regiao":"Divinópolis","setores":6,"urbano":6},"geometry":{"type":"Polygon","coordinates":[[[-44.88613,-20.15688],[-44.88653,-20.15677],[-44.88777,-20.15693],[-44.88859,-20.15748],[-44.88915,-20.15742],[-44.88957,-20.15707],[-44.89003,-20.15572],[-44.89056,-20.15549],[-44.89146,-20.15563],[-44.89199,-20.1561],[-44.89209,-20.15663],[-44.89121,-20.1579],[-44.89125,-20.15819],[-44.89217,-20.15834],[-44.89276,-20.15809],[-44.89346,-20.15679],[-44.89386,-20.1567],[-44.89448,-20.15708],[-44.89476,-20.15686],[-44.89582,-20.15684],[-44.89643,-20.15656],[-44.89694,-20.15547],[-44.89724,-20.154],[-44.89758,-20.15365],[-44.89475,-20.15146],[-44.89592,-20.15178],[-44.89679,-20.15139],[-44.8972,-20.15082],[-44.89762,-20.14961],[-44.89746,-20.14914],[-44.89464,-20.14999],[-44.89435,-20.14923],[-44.89261,-20.14983],[-44.89074,-20.14856],[-44.8908,-20.14922],[-44.89179,-20.1505],[-44.89079,-20.15128],[-44.89065,-20.15109],[-44.8899,-20.1512],[-44.88983,-20.15165],[-44.88903,-20.15228],[-44.88875,-20.15276],[-44.88966,-20.15389],[-44.88615,-20.1563],[-44.88613,-20.15688]]]}},{"id":"35","type":"Feature","properties":{"bairro":"Fabio Notini","distrito":"Divinópolis","regiao":"Divinópolis","setores":6,"urbano":6},"geometry":{"type":"Polygon","coordinates":[[[-44.92219,-20.15001],[-44.92957,-20.15146],[-44.92992,-20.15159],[-44.92978,-20.15222],[-44.93141,-20.15228],[-44.93156,-20.152],[-44.93203,-20.15176],[-44.93218,-20.15158],[-44.93213,-20.15081],[-44.93255,-20.1503],[-44.93257,-20.14873],[-44.9329,-20.1477],[-44.93312,-20.14716],[-44.93364,-20.1468],[-44.93444,-20.14473],[-44.93348,-20.14194],[-44.93308,-20.14128],[-44.93268,-20.14114],[-44.93172,-20.14018],[-44.93126,-20.14016],[-44.9309,-20.13982],[-44.92865,-20.13912],[-44.9268,-20.13885],[-44.9249,-20.1391],[-44.92438,-20.13976],[-44.92213,-20.14014],[-44.92219,-20.14507],[-44.92237,-20.14579],[-44.92082,-20.14594],[-44.92009,-20.1464],[-44.91916,-20.1465],[-44.91917,-20.14667],[-44.91577,-20.14666],[-44.91599,-20.15017],[-44.91712,-20.15053],[-44.91804,-20.15037],[-44.92053,-20.15079],[-44.92193,-20.15124],[-44.92219,-20.15001]]]}},{"id":"36","type":"Feature","properties":{"bairro":"Florermida","distrito":"Santo Antônio dos Campos","regiao":"Santo Antônio dos Campos","setores":3,"urbano":3},"geometry":{"type":"Polygon","coordinates":[[[-44.96852,-20.10565],[-44.96616,-20.10718],[-44.9684,-20.11056],[-44.9694,-20.11022],[-44.97242,-20.10997],[-44.97491,-20.10896],[-44.97533,-20.10837],[-44.9755,-20.10636],[-44.97628,-20.10555],[-44.97524,-20.10553],[-44.97456,-20.10468],[-44.9719,-20.10653],[-44.9708,-20.10512],[-44.9715,-20.1046],[-44.97042,-20.10323],[-44.96971,-20.10373],[-44.96872,-20.1036],[-44.96708,-20.10382],[-44.96852,-20.10565]]]}},{"id":"37","type":"Feature","properties":{"bairro":"Geraldo Pereira","distrito":"Divinópolis","regiao":"Divinópolis","setores":1,"urbano":1},"geometry":{"type":"Polygon","coordinates":[[[-44.92176,-20.18304],[-44.92188,-20.18494],[-44.92606,-20.18472],[-44.92524,-20.18389],[-44.92344,-20.18081],[-44.92262,-20.18005],[-44.92109,-20.17918],[-44.92104,-20.17975],[-44.92176,-20.18304]]]}},{"id":"38","type":"Feature","properties":{"bairro":"Grajau","distrito":"Divinópolis","regiao":"Divinópolis","setores":3,"urbano":3},"geometry":{"type":"Polygon","coordinates":[[[-44.84174,-20.13734],[-44.83678,-20.1398],[-44.83871,-20.14148],[-44.84009,-20.14192],[-44.84127,-20.142],[-44.84314,-20.14275],[-44.84432,-20.14415],[-44.84477,-20.14513],[-44.84584,-20.14605],[-44.84664,-20.14717],[-44.84945,-20.15005],[-44.84971,-20.1493],[-44.85061,-20.14825],[-44.85147,-20.14583],[-44.85193,-20.14529],[-44.85261,-20.14314],[-44.8524,-20.14129],[-44.85269,-20.13995],[-44.85224,-20.13908],[-44.85233,-20.1377],[-44.85197,-20.13686],[-44.85199,-20.13619],[-44.85255,-20.13512],[-44.85346,-20.13406],[-44.85438,-20.13333],[-44.85525,-20.13321],[-44.85563,-20.13287],[-44.85606,-20.13176],[-44.85675,-20.13094],[-44.85736,-20.12778],[-44.85636,-20.1271],[-44.85579,-20.12705],[-44.85465,-20.12636],[-44.85294,-20.12685],[-44.85251,-20.12735],[-44.85117,-20.1282],[-44.84875,-20.12883],[-44.84795,-20.12923],[-44.84637,-20.13083],[-44.84444,-20.13171],[-44.84532,-20.13293],[-44.84443,-20.13342],[-44.84475,-20.13402],[-44.84229,-20.1355],[-44.84139,-20.13684],[-44.84174,-20.13734]]]}},{"id":"39","type":"Feature","properties":{"bairro":"Halim Souki","distrito":"Divinópolis","regiao":"Divinópolis","setores":2,"urbano":2},"geometry":{"type":"Polygon","coordinates":[[[-44.8671,-20.13465],[-44.86844,-20.13741],[-44.86881,-20.13775],[-44.87025,-20.13763],[-44.86989,-20.13335],[-44.86622,-20.13278],[-44.86663,-20.13365],[-44.86594,-20.13391],[-44.86242,-20.13332],[-44.86199,-20.13545],[-44.86126,-20.13671],[-44.86353,-20.13697],[-44.86442,-20.1369],[-44.86516,-20.1365],[-44.86626,-20.13522],[-44.8671,-20.13465]]]}},{"id":"40","type":"Feature","properties":{"bairro":"Icarai","distrito":"Divinópolis","regiao":"Divinópolis","setores":9,"urbano":9},"geometry":{"type":"Polygon","coordinates":[[[-44.84586,-20.12419],[-44.84763,-20.12772],[-44.84616,-20.12853],[-44.84444,-20.13171],[-44.84637,-20.13083],[-44.84836,-20.129],[-44.85117,-20.1282],[-44.85251,-20.12735],[-44.85294,-20.12685],[-44.85355,-20.1266],[-44.85482,-20.12641],[-44.85579,-20.12705],[-44.85636,-20.1271],[-44.85704,-20.12766],[-44.85748,-20.12769],[-44.85797,-20.12725],[-44.85804,-20.12603],[-44.85854,-20.12556],[-44.85976,-20.1255],[-44.86027,-20.1246],[-44.8591,-20.11831],[-44.85932,-20.11716],[-44.85982,-20.11595],[-44.86086,-20.11439],[-44.86177,-20.11366],[-44.86054,-20.1141],[-44.85861,-20.11405],[-44.85759,-20.11363],[-44.85446,-20.11155],[-44.85372,-20.11134],[-44.8518,-20.11131],[-44.85132,-20.11192],[-44.84874,-20.11011],[-44.84509,-20.10827],[-44.84328,-20.10649],[-44.84306,-20.1067],[-44.8428,-20.10899],[-44.84371,-20.10943],[-44.84321,-20.11099],[-44.84329,-20.11217],[-44.84287,-20.11315],[-44.84285,-20.1142],[-44.84249,-20.11463],[-44.84234,-20.11519],[-44.84467,-20.11737],[-44.84114,-20.12046],[-44.84537,-20.12475],[-44.84586,-20.12419]]]}},{"id":"41","type":"Feature","properties":{"bairro":"Industrial","distrito":"Divinópolis","regiao":"Divinópolis","setores":2,"urbano":2},"geometry":{"type":"Polygon","coordinates":[[[-44.88748,-20.12757],[-44.88639,-20.12795],[-44.88669,-20.12874],[-44.88789,-20.12856],[-44.8887,-20.1281],[-44.89084,-20.12598],[-44.89015,-20.12454],[-44.88809,-20.12288],[-44.88707,-20.12394],[-44.88674,-20.12475],[-44.88642,-20.12474],[-44.88619,-20.125],[-44.88638,-20.12547],[-44.88673,-20.1255],[-44.88748,-20.12757]]]}},{"id":"42","type":"Feature","properties":{"bairro":"Inhame","distrito":"Divinópolis","regiao":"Divinópolis","setores":1,"urbano":1},"geometry":{"type":"Polygon","coordinates":[[[-44.97686,-20.17104],[-44.97647,-20.1734],[-44.97605,-20.1738],[-44.97511,-20.17812],[-44.97435,-20.17979],[-44.97383,-20.18031],[-44.97363,-20.18123],[-44.97314,-20.18172],[-44.97299,-20.18218],[-44.97309,-20.18493],[-44.97467,-20.18513],[-44.97679,-20.18587],[-44.98499,-20.19],[-44.98851,-20.18861],[-44.98718,-20.18813],[-44.98686,-20.18784],[-44.98673,-20.18671],[-44.98597,-20.18594],[-44.98562,-20.18486],[-44.98641,-20.18275],[-44.9877,-20.18118],[-44.98826,-20.1802],[-44.98772,-20.17925],[-44.98718,-20.17896],[-44.98423,-20.17635],[-44.98336,-20.17525],[-44.98247,-20.17357],[-44.9811,-20.17222],[-44.98046,-20.17185],[-44.9778,-20.17157],[-44.97686,-20.17104]]]}},{"id":"43","type":"Feature","properties":{"bairro":"Interlagos","distrito":"Divinópolis","regiao":"Divinópolis","setores":5,"urbano":5},"geometry":{"type":"Polygon","coordinates":[[[-44.87498,-20.16128],[-44.87551,-20.15793],[-44.8748,-20.15784],[-44.87516,-20.15559],[-44.87647,-20.15578],[-44.87693,-20.15466],[-44.87469,-20.15436],[-44.87482,-20.15334],[-44.87416,-20.15326],[-44.87428,-20.15234],[-44.87259,-20.15205],[-44.8719,-20.15259],[-44.87129,-20.15392],[-44.87089,-20.15431],[-44.86903,-20.15493],[-44.86743,-20.15607],[-44.86622,-20.15587],[-44.86611,-20.15662],[-44.86731,-20.15679],[-44.86727,-20.15734],[-44.86686,-20.15818],[-44.86784,-20.15874],[-44.86828,-20.15956],[-44.86984,-20.16108],[-44.87007,-20.1612],[-44.8704,-20.15951],[-44.87173,-20.15968],[-44.87157,-20.1608],[-44.87498,-20.16128]]]}},{"id":"44","type":"Feature","properties":{"bairro":"Ipiranga","distrito":"Divinópolis","regiao":"Divinópolis","setores":8,"urbano":8},"geometry":{"type":"MultiPolygon","coordinates":[[[[-44.90218,-20.14212],[-44.90418,-20.14144],[-44.90294,-20.13811],[-44.9036,-20.13787],[-44.90317,-20.13669],[-44.89914,-20.13804],[-44.90001,-20.14035],[-44.90134,-20.13989],[-44.90218,-20.14212]]],[[[-44.90801,-20.14154],[-44.91737,-20.13839],[-44.9172,-20.13693],[-44.91817,-20.13412],[-44.9187,-20.13353],[-44.92047,-20.13262],[-44.91891,-20.12853],[-44.91502,-20.13236],[-44.91506,-20.13411],[-44.90629,-20.13699],[-44.90554,-20.13496],[-44.90488,-20.13517],[-44.90516,-20.13599],[-44.90382,-20.13644],[-44.90468,-20.13879],[-44.90535,-20.13857],[-44.90579,-20.13972],[-44.90645,-20.1395],[-44.90686,-20.14055],[-44.90754,-20.14034],[-44.90801,-20.14154]]]]}},{"id":"45","type":"Feature","properties":{"bairro":"Itacolomi","distrito":"Divinópolis","regiao":"Divinópolis","setores":1,"urbano":1},"geometry":{"type":"Polygon","coordinates":[[[-44.90231,-20.18558],[-44.90065,-20.19474],[-44.90138,-20.19491],[-44.90191,-20.19537],[-44.90286,-20.19561],[-44.90371,-20.19618],[-44.9046,-20.19628],[-44.90515,-20.19598],[-44.90661,-20.19561],[-44.90745,-20.19567],[-44.90807,-20.19539],[-44.90976,-20.18683],[-44.90231,-20.18558]]]}},{"id":"46","type":"Feature","properties":{"bairro":"Itai","distrito":"Divinópolis","regiao":"Divinópolis","setores":5,"urbano":5},"geometry":{"type":"Polygon","coordinates":[[[-44.8669,-20.14322],[-44.87034,-20.14181],[-44.87031,-20.14125],[-44.86938,-20.13949],[-44.87122,-20.13934],[-44.87126,-20.13979],[-44.87145,-20.13968],[-44.87149,-20.13897],[-44.87208,-20.13824],[-44.87257,-20.13819],[-44.87279,-20.13797],[-44.87385,-20.13815],[-44.87362,-20.13572],[-44.87099,-20.13593],[-44.87114,-20.13756],[-44.86881,-20.13775],[-44.86844,-20.13741],[-44.8671,-20.13465],[-44.86626,-20.13522],[-44.86516,-20.1365],[-44.86442,-20.1369],[-44.86426,-20.13749],[-44.8646,-20.13845],[-44.86457,-20.13982],[-44.86495,-20.14079],[-44.86638,-20.14177],[-44.86646,-20.14228],[-44.86687,-20.14273],[-44.8669,-20.14322]]]}},{"id":"47","type":"Feature","properties":{"bairro":"Jardim America","distrito":"Divinópolis","regiao":"Divinópolis","setores":2,"urbano":2},"geometry":{"type":"Polygon","coordinates":[[[-44.89319,-20.13233],[-44.89151,-20.13299],[-44.89178,-20.13368],[-44.89529,-20.13254],[-44.89503,-20.13224],[-44.8946,-20.13097],[-44.89373,-20.13125],[-44.89346,-20.13039],[-44.89337,-20.13026],[-44.8931,-20.1305],[-44.89317,-20.13018],[-44.89285,-20.12984],[-44.89154,-20.13057],[-44.89172,-20.131],[-44.8915,-20.13107],[-44.89164,-20.13139],[-44.89266,-20.13078],[-44.89319,-20.13233]]]}},{"id":"48","type":"Feature","properties":{"bairro":"Jardim Belvedere II","distrito":"Divinópolis","regiao":"Divinópolis","setores":3,"urbano":3},"geometry":{"type":"Polygon","coordinates":[[[-44.91199,-20.176],[-44.91449,-20.17714],[-44.91699,-20.17237],[-44.91027,-20.1693],[-44.90807,-20.17002],[-44.90838,-20.17082],[-44.90666,-20.1714],[-44.90711,-20.1726],[-44.9054,-20.17318],[-44.90587,-20.17472],[-44.9084,-20.17539],[-44.91216,-20.17547],[-44.91199,-20.176]]]}},{"id":"49","type":"Feature","properties":{"bairro":"Jardim Brasilia","distrito":"Divinópolis","regiao":"Divinópolis","setores":2,"urbano":2},"geometry":{"type":"Polygon","coordinates":[[[-44.91088,-20.1322],[-44.91117,-20.13299],[-44.91052,-20.13323],[-44.91129,-20.13531],[-44.91506,-20.13411],[-44.91486,-20.13058],[-44.91421,-20.12635],[-44.91378,-20.12504],[-44.91276,-20.12311],[-44.91153,-20.12427],[-44.91202,-20.12512],[-44.91114,-20.12583],[-44.91123,-20.12672],[-44.91044,-20.12877],[-44.91156,-20.13196],[-44.91088,-20.1322]]]}},{"id":"50","type":"Feature","properties":{"bairro":"Jardim Candides","distrito":"Divinópolis","regiao":"Divinópolis","setores":4,"urbano":4},"geometry":{"type":"MultiPolygon","coordinates":[[[[-44.83355,-20.13662],[-44.83476,-20.1387],[-44.83678,-20.1398],[-44.84174,-20.13734],[-44.84139,-20.13684],[-44.84215,-20.13567],[-44.84269,-20.13517],[-44.84475,-20.13402],[-44.84443,-20.13342],[-44.84532,-20.13293],[-44.84444,-20.13171],[-44.84452,-20.13142],[-44.84196,-20.13001],[-44.84092,-20.13202],[-44.84191,-20.1325],[-44.84093,-20.13432],[-44.83682,-20.13221],[-44.83585,-20.13234],[-44.8347,-20.13285],[-44.8336,-20.1329],[-44.83247,-20.13351],[-44.83202,-20.13351],[-44.83253,-20.13399],[-44.83327,-20.13521],[-44.83355,-20.13662]]],[[[-44.83633,-20.12904],[-44.83924,-20.13051],[-44.84006,-20.12896],[-44.83575,-20.12658],[-44.83584,-20.12707],[-44.83431,-20.1287],[-44.83605,-20.12958],[-44.83633,-20.12904]]]]}},{"id":"51","type":"Feature","properties":{"bairro":"Jardim Capitao Silva","distrito":"Divinópolis","regiao":"Divinópolis","setores":3,"urbano":3},"geometry":{"type":"Polygon","coordinates":[[[-44.89565,-20.13641],[-44.89625,-20.13803],[-44.89884,-20.13716],[-44.89914,-20.13804],[-44.90516,-20.13599],[-44.90488,-20.13517],[-44.90501,-20.13403],[-44.90485,-20.13376],[-44.90431,-20.13378],[-44.90435,-20.13449],[-44.90406,-20.13467],[-44.9027,-20.13476],[-44.90216,-20.13438],[-44.90157,-20.13432],[-44.89997,-20.13504],[-44.89949,-20.13493],[-44.89858,-20.13418],[-44.89719,-20.13455],[-44.89615,-20.13224],[-44.89529,-20.13254],[-44.89588,-20.13341],[-44.8955,-20.13355],[-44.89649,-20.13614],[-44.89565,-20.13641]]]}},{"id":"52","type":"Feature","properties":{"bairro":"Jardim Copacabana","distrito":"Divinópolis","regiao":"Divinópolis","setores":2,"urbano":2},"geometry":{"type":"Polygon","coordinates":[[[-44.92094,-20.20463],[-44.91838,-20.21183],[-44.92074,-20.21208],[-44.92372,-20.21272],[-44.9254,-20.208],[-44.92608,-20.20819],[-44.92699,-20.20558],[-44.92161,-20.20392],[-44.92132,-20.20466],[-44.92094,-20.20463]]]}},{"id":"53","type":"Feature","properties":{"bairro":"Jardim Floramar","distrito":"Divinópolis","regiao":"Divinópolis","setores":1,"urbano":1},"geometry":{"type":"Polygon","coordinates":[[[-44.82913,-20.12155],[-44.83312,-20.12519],[-44.83393,-20.12445],[-44.83195,-20.12067],[-44.83167,-20.12097],[-44.83062,-20.12013],[-44.82913,-20.12155]]]}},{"id":"54","type":"Feature","properties":{"bairro":"Jardim Nova America","distrito":"Divinópolis","regiao":"Divinópolis","setores":2,"urbano":2},"geometry":{"type":"Polygon","coordinates":[[[-44.89178,-20.13368],[-44.89286,-20.13659],[-44.89541,-20.13574],[-44.89565,-20.13641],[-44.89649,-20.13614],[-44.8955,-20.13355],[-44.89588,-20.13341],[-44.89529,-20.13254],[-44.89178,-20.13368]]]}},{"id":"55","type":"Feature","properties":{"bairro":"Jardim Real","distrito":"Divinópolis","regiao":"Divinópolis","setores":4,"urbano":3},"geometry":{"type":"Polygon","coordinates":[[[-44.93395,-20.17731],[-44.93373,-20.17985],[-44.93302,-20.18121],[-44.93205,-20.18144],[-44.9312,-20.18133],[-44.92874,-20.18228],[-44.92524,-20.18389],[-44.9256,-20.18438],[-44.92607,-20.18464],[-44.92745,-20.18475],[-44.92826,-20.18503],[-44.92918,-20.18628],[-44.93124,-20.18823],[-44.93196,-20.1886],[-44.93558,-20.18894],[-44.93676,-20.18933],[-44.93761,-20.19027],[-44.93875,-20.18935],[-44.93957,-20.1903],[-44.94067,-20.18771],[-44.94246,-20.18874],[-44.94544,-20.18939],[-44.94613,-20.19032],[-44.94667,-20.19061],[-44.94628,-20.18852],[-44.94592,-20.18769],[-44.94656,-20.18551],[-44.94723,-20.18461],[-44.94748,-20.18343],[-44.94873,-20.18197],[-44.94932,-20.18059],[-44.95123,-20.17937],[-44.94909,-20.1786],[-44.94818,-20.1777],[-44.94765,-20.17661],[-44.94713,-20.17404],[-44.94668,-20.17333],[-44.93776,-20.16754],[-44.93442,-20.1662],[-44.93483,-20.165],[-44.93383,-20.16464],[-44.93468,-20.1624],[-44.93897,-20.16386],[-44.93905,-20.16296],[-44.93987,-20.16193],[-44.93394,-20.15998],[-44.93322,-20.16192],[-44.9295,-20.16072],[-44.92879,-20.16092],[-44.9287,-20.16117],[-44.9283,-20.16106],[-44.92749,-20.16124],[-44.92656,-20.16361],[-44.92586,-20.16341],[-44.92549,-20.16387],[-44.92464,-20.1652],[-44.92452,-20.16594],[-44.92385,-20.16725],[-44.92477,-20.16757],[-44.92434,-20.16864],[-44.9251,-20.16909],[-44.92567,-20.17167],[-44.9254,-20.17416],[-44.92573,-20.17459],[-44.92815,-20.17217],[-44.92922,-20.17141],[-44.93024,-20.17114],[-44.93148,-20.17025],[-44.93197,-20.16962],[-44.93318,-20.17247],[-44.93308,-20.17387],[-44.9333,-20.1748],[-44.93315,-20.17585],[-44.93395,-20.17731]]]}},{"id":"56","type":"Feature","properties":{"bairro":"Jardim das Acacias","distrito":"Divinópolis","regiao":"Divinópolis","setores":3,"urbano":3},"geometry":{"type":"Polygon","coordinates":[[[-44.92344,-20.18081],[-44.92524,-20.18389],[-44.93087,-20.18141],[-44.93205,-20.18144],[-44.93302,-20.18121],[-44.93373,-20.17985],[-44.93395,-20.17731],[-44.93315,-20.17585],[-44.9333,-20.1748],[-44.93308,-20.17387],[-44.93318,-20.17262],[-44.92795,-20.17705],[-44.92573,-20.17459],[-44.92257,-20.17764],[-44.92099,-20.17882],[-44.92344,-20.18081]]]}},{"id":"57","type":"Feature","properties":{"bairro":"Jardim dos Candides","distrito":"Divinópolis","regiao":"Divinópolis","setores":2,"urbano":2},"geometry":{"type":"Polygon","coordinates":[[[-44.83682,-20.13221],[-44.84093,-20.13432],[-44.84191,-20.1325],[-44.84092,-20.13202],[-44.84196,-20.13001],[-44.84006,-20.12896],[-44.83924,-20.13051],[-44.83633,-20.12904],[-44.83605,-20.12958],[-44.83431,-20.1287],[-44.83215,-20.13146],[-44.83146,-20.13308],[-44.83202,-20.13351],[-44.83247,-20.13351],[-44.8336,-20.1329],[-44.8347,-20.13285],[-44.83585,-20.13234],[-44.83682,-20.13221]]]}},{"id":"58","type":"Feature","properties":{"bairro":"Jardinopolis","distrito":"Divinópolis","regiao":"Divinópolis","setores":7,"urbano":7},"geometry":{"type":"Polygon","coordinates":[[[-44.94517,-20.19669],[-44.94382,-20.1951],[-44.94497,-20.19421],[-44.94589,-20.19522],[-44.94784,-20.19368],[-44.94731,-20.19232],[-44.9468,-20.19163],[-44.94667,-20.19061],[-44.94613,-20.19032],[-44.94544,-20.18939],[-44.94246,-20.18874],[-44.94067,-20.18771],[-44.93957,-20.1903],[-44.93875,-20.18935],[-44.93761,-20.19027],[-44.93663,-20.18926],[-44.93498,-20.18884],[-44.93231,-20.18869],[-44.93161,-20.18846],[-44.92918,-20.18628],[-44.92826,-20.18503],[-44.92745,-20.18475],[-44.92607,-20.18464],[-44.92604,-20.18555],[-44.93286,-20.19396],[-44.93406,-20.19303],[-44.93955,-20.19931],[-44.94192,-20.19749],[-44.94281,-20.19848],[-44.94517,-20.19669]]]}},{"id":"59","type":"Feature","properties":{"bairro":"Jatoba","distrito":"Divinópolis","regiao":"Divinópolis","setores":2,"urbano":1},"geometry":{"type":"Polygon","coordinates":[[[-44.96222,-20.19203],[-44.96236,-20.19464],[-44.96478,-20.19957],[-44.96378,-20.19999],[-44.96259,-20.20005],[-44.96225,-20.20023],[-44.96175,-20.20071],[-44.96087,-20.20226],[-44.95808,-20.20292],[-44.95604,-20.20414],[-44.95443,-20.20418],[-44.95361,-20.20466],[-44.95173,-20.20522],[-44.94952,-20.20732],[-44.94849,-20.20777],[-44.94774,-20.20866],[-44.94644,-20.20939],[-44.94814,-20.20955],[-44.94881,-20.21004],[-44.94939,-20.21084],[-44.95018,-20.21114],[-44.95097,-20.21095],[-44.95237,-20.21013],[-44.95315,-20.20995],[-44.95661,-20.21001],[-44.95797,-20.20939],[-44.95875,-20.20933],[-44.95979,-20.20981],[-44.96128,-20.21132],[-44.96372,-20.21192],[-44.96467,-20.21393],[-44.96511,-20.21421],[-44.96564,-20.21414],[-44.96636,-20.21333],[-44.96692,-20.21101],[-44.96746,-20.20982],[-44.96827,-20.20872],[-44.96948,-20.20799],[-44.97043,-20.20638],[-44.97447,-20.20595],[-44.97515,-20.20529],[-44.97625,-20.20335],[-44.97712,-20.20223],[-44.97956,-20.20048],[-44.98191,-20.19788],[-44.98296,-20.19644],[-44.98308,-20.19531],[-44.98159,-20.19154],[-44.98217,-20.19105],[-44.98499,-20.19],[-44.97679,-20.18587],[-44.97467,-20.18513],[-44.97309,-20.18493],[-44.97284,-20.18574],[-44.97107,-20.1875],[-44.96756,-20.19048],[-44.96592,-20.19066],[-44.96516,-20.19128],[-44.96388,-20.1919],[-44.96222,-20.19203]]]}},{"id":"60","type":"Feature","properties":{"bairro":"Joao Antonio Goncalves","distrito":"Divinópolis","regiao":"Divinópolis","setores":7,"urbano":7},"geometry":{"type":"Polygon","coordinates":[[[-44.92385,-20.16725],[-44.92452,-20.16594],[-44.92464,-20.1652],[-44.92549,-20.16387],[-44.92586,-20.16341],[-44.92656,-20.16361],[-44.92749,-20.16124],[-44.9283,-20.16106],[-44.9287,-20.16117],[-44.92879,-20.16092],[-44.9295,-20.16072],[-44.93322,-20.16192],[-44.93394,-20.15998],[-44.93987,-20.16193],[-44.93972,-20.16085],[-44.94081,-20.16233],[-44.94194,-20.16243],[-44.94284,-20.16278],[-44.94296,-20.16167],[-44.94277,-20.15935],[-44.94316,-20.15876],[-44.94204,-20.15841],[-44.94159,-20.15872],[-44.94104,-20.15855],[-44.94125,-20.15653],[-44.94034,-20.15431],[-44.94069,-20.15303],[-44.94043,-20.15114],[-44.94053,-20.15083],[-44.93843,-20.15012],[-44.93785,-20.15037],[-44.93729,-20.15095],[-44.93571,-20.15198],[-44.93476,-20.15206],[-44.934,-20.15252],[-44.93289,-20.15222],[-44.93174,-20.15276],[-44.93067,-20.15359],[-44.92953,-20.15346],[-44.92906,-20.15376],[-44.92843,-20.15765],[-44.92336,-20.15666],[-44.92313,-20.15764],[-44.9218,-20.15837],[-44.92085,-20.1596],[-44.91997,-20.16151],[-44.91739,-20.16085],[-44.9159,-20.16027],[-44.92085,-20.16746],[-44.92123,-20.16749],[-44.92163,-20.16825],[-44.92269,-20.16815],[-44.92278,-20.16711],[-44.92385,-20.16725]]]}},{"id":"61","type":"Feature","properties":{"bairro":"Joao Paulo II","distrito":"Divinópolis","regiao":"Divinópolis","setores":1,"urbano":1},"geometry":{"type":"Polygon","coordinates":[[[-44.92223,-20.19507],[-44.92169,-20.19605],[-44.92035,-20.20072],[-44.92036,-20.2014],[-44.9212,-20.20334],[-44.92094,-20.20463],[-44.92132,-20.20466],[-44.92151,-20.20403],[-44.92171,-20.2039],[-44.92699,-20.20558],[-44.92777,-20.20327],[-44.92778,-20.20179],[-44.92719,-20.19961],[-44.9266,-20.19852],[-44.92654,-20.198],[-44.92621,-20.19762],[-44.92619,-20.1971],[-44.92498,-20.19537],[-44.92327,-20.19504],[-44.92223,-20.19507]]]}},{"id":"62","type":"Feature","properties":{"bairro":"Jusa Fonseca","distrito":"Divinópolis","regiao":"Divinópolis","setores":4,"urbano":4},"geometry":{"type":"Polygon","coordinates":[[[-44.86928,-20.18075],[-44.87249,-20.17603],[-44.8725,-20.17521],[-44.87152,-20.17464],[-44.87334,-20.17194],[-44.87555,-20.17314],[-44.87637,-20.17264],[-44.87716,-20.17041],[-44.87491,-20.17015],[-44.87467,-20.16994],[-44.87418,-20.16922],[-44.87348,-20.16688],[-44.87343,-20.16647],[-44.87374,-20.16604],[-44.87419,-20.16387],[-44.87512,-20.16288],[-44.87125,-20.16206],[-44.86864,-20.16519],[-44.86622,-20.16692],[-44.86666,-20.16835],[-44.86937,-20.16941],[-44.86877,-20.17022],[-44.86821,-20.17157],[-44.86831,-20.1722],[-44.86808,-20.17268],[-44.86796,-20.17385],[-44.86753,-20.17464],[-44.86754,-20.17538],[-44.86707,-20.17663],[-44.8675,-20.18003],[-44.86928,-20.18075]]]}},{"id":"63","type":"Feature","properties":{"bairro":"Lagoa","distrito":"Santo Antônio dos Campos","regiao":"Santo Antônio dos Campos","setores":1,"urbano":0},"geometry":{"type":"Polygon","coordinates":[[[-45.00062,-20.07798],[-45.00411,-20.08001],[-45.00908,-20.07793],[-45.01099,-20.07629],[-45.01012,-20.07546],[-45.00951,-20.07574],[-45.00869,-20.07569],[-45.00776,-20.07462],[-45.00714,-20.07456],[-45.0066,-20.07409],[-45.00609,-20.0741],[-45.00546,-20.07306],[-45.00492,-20.07277],[-45.00414,-20.07256],[-45.00354,-20.0728],[-45.00324,-20.07266],[-45.00266,-20.07351],[-45.00243,-20.07546],[-45.00141,-20.07641],[-45.00125,-20.07707],[-45.00062,-20.07798]]]}},{"id":"64","type":"Feature","properties":{"bairro":"Lajes","distrito":"Santo Antônio dos Campos","regiao":"Santo Antônio dos Campos","setores":2,"urbano":0},"geometry":{"type":"Polygon","coordinates":[[[-45.01103,-20.07373],[-45.01012,-20.07546],[-45.01099,-20.07629],[-45.00908,-20.07793],[-45.00411,-20.08001],[-45.00062,-20.07798],[-44.99955,-20.07859],[-44.99876,-20.07861],[-44.99791,-20.07824],[-44.9974,-20.07866],[-44.99644,-20.07857],[-44.99586,-20.07881],[-44.99441,-20.08156],[-44.99329,-20.08223],[-44.99309,-20.08261],[-44.99223,-20.08252],[-44.99171,-20.08301],[-44.99084,-20.08291],[-44.99062,-20.08331],[-44.98955,-20.08382],[-44.98937,-20.08443],[-44.98953,-20.0851],[-44.98935,-20.08662],[-44.98998,-20.08794],[-44.98927,-20.08826],[-44.98894,-20.08903],[-44.98857,-20.08873],[-44.98829,-20.08882],[-44.98695,-20.08829],[-44.98623,-20.08697],[-44.98684,-20.08501],[-44.9867,-20.08456],[-44.98605,-20.08416],[-44.98559,-20.08433],[-44.98521,-20.08358],[-44.98458,-20.08331],[-44.98435,-20.08274],[-44.98398,-20.08268],[-44.98382,-20.08233],[-44.98357,-20.08249],[-44.98322,-20.08233],[-44.98344,-20.08185],[-44.98311,-20.08151],[-44.9824,-20.08114],[-44.98188,-20.08123],[-44.98033,-20.07964],[-44.97929,-20.07934],[-44.97826,-20.07942],[-44.97759,-20.07976],[-44.97689,-20.07973],[-44.97521,-20.08032],[-44.97449,-20.08095],[-44.97376,-20.08087],[-44.97286,-20.08113],[-44.97178,-20.08017],[-44.97096,-20.08007],[-44.97036,-20.07968],[-44.96967,-20.07987],[-44.969,-20.07925],[-44.96855,-20.07917],[-44.9681,-20.07936],[-44.96909,-20.08019],[-44.97024,-20.08043],[-44.97092,-20.08107],[-44.97175,-20.08141],[-44.973,-20.08323],[-44.97413,-20.08364],[-44.9754,-20.08458],[-44.97545,-20.08545],[-44.9761,-20.08631],[-44.97679,-20.08692],[-44.97803,-20.08754],[-44.9782,-20.08797],[-44.97802,-20.08943],[-44.97822,-20.09091],[-44.97789,-20.09178],[-44.97802,-20.09315],[-44.97788,-20.09352],[-44.97713,-20.09352],[-44.97711,-20.09402],[-44.97813,-20.09671],[-44.97876,-20.0977],[-44.97852,-20.09905],[-44.97905,-20.09915],[-44.97942,-20.09951],[-44.97987,-20.10138],[-44.9809,-20.10214],[-44.98103,-20.10275],[-44.98178,-20.10359],[-44.98179,-20.10424],[-44.98205,-20.10464],[-44.98301,-20.10511],[-44.98492,-20.10525],[-44.98638,-20.10477],[-44.98691,-20.10354],[-44.98776,-20.10323],[-44.98843,-20.10382],[-44.98909,-20.1039],[-44.98961,-20.10434],[-44.99011,-20.10434],[-44.99036,-20.10404],[-44.99189,-20.10337],[-44.99215,-20.10272],[-44.99262,-20.10254],[-44.99251,-20.10211],[-44.99301,-20.10204],[-44.99318,-20.10149],[-44.99421,-20.10149],[-44.99456,-20.10166],[-44.99501,-20.10263],[-44.99518,-20.10449],[-44.99577,-20.10491],[-44.99652,-20.10509],[-44.99652,-20.10405],[-44.99772,-20.10307],[-44.99871,-20.1034],[-44.99925,-20.10313],[-44.99987,-20.10369],[-45.0006,-20.10398],[-45.00123,-20.10543],[-45.00119,-20.10616],[-45.00146,-20.10673],[-45.00109,-20.10753],[-45.00111,-20.10804],[-45.00136,-20.10861],[-45.00189,-20.10916],[-45.00242,-20.11038],[-45.00286,-20.11075],[-45.00441,-20.11014],[-45.00575,-20.11037],[-45.00702,-20.11099],[-45.00735,-20.11087],[-45.00763,-20.1103],[-45.00848,-20.11002],[-45.00908,-20.10929],[-45.01077,-20.10865],[-45.01167,-20.10877],[-45.01166,-20.10916],[-45.01185,-20.10929],[-45.01221,-20.1091],[-45.01269,-20.10922],[-45.01381,-20.10899],[-45.01436,-20.10921],[-45.01523,-20.10875],[-45.01725,-20.10859],[-45.01881,-20.10813],[-45.01928,-20.10749],[-45.01997,-20.10712],[-45.02029,-20.10672],[-45.02087,-20.10656],[-45.02162,-20.10601],[-45.02255,-20.10611],[-45.02312,-20.10589],[-45.02336,-20.10542],[-45.02396,-20.10517],[-45.02467,-20.1042],[-45.02503,-20.10315],[-45.02596,-20.1023],[-45.02712,-20.10189],[-45.02837,-20.10191],[-45.02949,-20.10168],[-45.0311,-20.10217],[-45.03305,-20.10214],[-45.03479,-20.10338],[-45.03859,-20.10332],[-45.03958,-20.10364],[-45.04061,-20.10344],[-45.04367,-20.10381],[-45.04482,-20.10344],[-45.04496,-20.10272],[-45.04818,-20.10225],[-45.04853,-20.10165],[-45.04979,-20.10126],[-45.05045,-20.1004],[-45.05149,-20.1002],[-45.05124,-20.09966],[-45.0519,-20.09885],[-45.05173,-20.09762],[-45.05282,-20.09633],[-45.05298,-20.09331],[-45.05318,-20.09266],[-45.05309,-20.0914],[-45.05346,-20.09057],[-45.05331,-20.08979],[-45.0552,-20.08762],[-45.05427,-20.087],[-45.05373,-20.08612],[-45.05033,-20.08525],[-45.04675,-20.08357],[-45.0445,-20.08176],[-45.04319,-20.08123],[-45.04242,-20.0805],[-45.0413,-20.08052],[-45.03834,-20.07948],[-45.0378,-20.07957],[-45.03614,-20.08071],[-45.03557,-20.08072],[-45.03483,-20.08051],[-45.03409,-20.07956],[-45.03136,-20.07787],[-45.02983,-20.07771],[-45.02898,-20.07838],[-45.02826,-20.07842],[-45.02365,-20.07601],[-45.0204,-20.07511],[-45.01879,-20.07517],[-45.01859,-20.075],[-45.01849,-20.07349],[-45.01753,-20.07301],[-45.01679,-20.07296],[-45.01337,-20.07357],[-45.01222,-20.07349],[-45.01103,-20.07373]]]}},{"id":"65","type":"Feature","properties":{"bairro":"Lava Pes","distrito":"Santo Antônio dos Campos","regiao":"Santo Antônio dos Campos","setores":1,"urbano":0},"geometry":{"type":"Polygon","coordinates":[[[-44.9521,-20.13276],[-44.95284,-20.13386],[-44.9527,-20.13489],[-44.95236,-20.13566],[-44.95169,-20.13643],[-44.94999,-20.13772],[-44.94977,-20.13854],[-44.94987,-20.13953],[-44.95105,-20.14044],[-44.95303,-20.14082],[-44.95549,-20.14084],[-44.95676,-20.14204],[-44.95862,-20.14242],[-44.95934,-20.14296],[-44.96012,-20.14387],[-44.96096,-20.14734],[-44.96218,-20.14923],[-44.96366,-20.15021],[-44.96572,-20.1509],[-44.96748,-20.15183],[-44.96944,-20.15365],[-44.97027,-20.15507],[-44.97257,-20.15679],[-44.97328,-20.15814],[-44.97337,-20.15892],[-44.97381,-20.15979],[-44.97701,-20.16398],[-44.97721,-20.1645],[-44.97802,-20.16533],[-44.9805,-20.16668],[-44.98308,-20.16777],[-44.98527,-20.16795],[-44.98867,-20.16725],[-44.99456,-20.1647],[-44.99656,-20.16436],[-44.99721,-20.16401],[-44.99998,-20.16406],[-45.00275,-20.16487],[-45.00334,-20.16531],[-45.00512,-20.1683],[-45.00727,-20.17077],[-45.0079,-20.17102],[-45.00795,-20.17045],[-45.00751,-20.1689],[-45.00751,-20.16735],[-45.00812,-20.16584],[-45.00832,-20.16308],[-45.00801,-20.16177],[-45.00714,-20.15948],[-45.00694,-20.15807],[-45.006,-20.15548],[-45.00596,-20.15494],[-45.00613,-20.15272],[-45.00667,-20.14986],[-45.0066,-20.14901],[-45.00589,-20.14814],[-45.00416,-20.14734],[-45.00229,-20.14745],[-44.99986,-20.14692],[-44.99747,-20.14497],[-44.99527,-20.14514],[-44.99511,-20.14496],[-44.99489,-20.14239],[-44.99461,-20.14177],[-44.99341,-20.14097],[-44.99256,-20.14002],[-44.99106,-20.13901],[-44.99074,-20.13788],[-44.99049,-20.13759],[-44.98946,-20.13717],[-44.98852,-20.13719],[-44.98721,-20.13632],[-44.98457,-20.13607],[-44.9837,-20.13582],[-44.98117,-20.13452],[-44.98006,-20.13419],[-44.97895,-20.13346],[-44.97825,-20.13214],[-44.97768,-20.12924],[-44.97812,-20.12714],[-44.97891,-20.12551],[-44.97882,-20.12252],[-44.97779,-20.123],[-44.97692,-20.1231],[-44.97614,-20.12362],[-44.97469,-20.12384],[-44.97297,-20.12527],[-44.96987,-20.12622],[-44.96793,-20.12819],[-44.9669,-20.12849],[-44.96639,-20.12827],[-44.96602,-20.12857],[-44.96578,-20.12828],[-44.96528,-20.12838],[-44.96449,-20.12893],[-44.96296,-20.13069],[-44.95952,-20.13137],[-44.9591,-20.13125],[-44.958,-20.13136],[-44.95653,-20.13183],[-44.95419,-20.13146],[-44.95232,-20.13277],[-44.9521,-20.13276]]]}},{"id":"66","type":"Feature","properties":{"bairro":"Lavras","distrito":"Divinópolis","regiao":"Divinópolis","setores":3,"urbano":2},"geometry":{"type":"Polygon","coordinates":[[[-44.80447,-20.1936],[-44.80602,-20.19356],[-44.80767,-20.19392],[-44.80876,-20.1944],[-44.81008,-20.19449],[-44.81143,-20.19512],[-44.81193,-20.19559],[-44.81299,-20.19583],[-44.81418,-20.19664],[-44.81505,-20.19752],[-44.81639,-20.19753],[-44.82069,-20.19823],[-44.8239,-20.19964],[-44.825,-20.20031],[-44.82852,-20.20152],[-44.82944,-20.20214],[-44.82976,-20.20318],[-44.83045,-20.20809],[-44.83172,-20.2103],[-44.83179,-20.21685],[-44.83214,-20.21778],[-44.83294,-20.21852],[-44.83318,-20.219],[-44.83277,-20.22063],[-44.83397,-20.21926],[-44.83602,-20.21868],[-44.83715,-20.21805],[-44.83885,-20.21754],[-44.84123,-20.21746],[-44.84297,-20.21807],[-44.8444,-20.21897],[-44.84644,-20.21954],[-44.84716,-20.21896],[-44.84975,-20.21754],[-44.85026,-20.2167],[-44.85126,-20.21597],[-44.8517,-20.21458],[-44.85253,-20.21394],[-44.85463,-20.21403],[-44.85596,-20.21506],[-44.85735,-20.21479],[-44.85821,-20.21431],[-44.86073,-20.21389],[-44.86191,-20.21392],[-44.86257,-20.21365],[-44.86421,-20.21177],[-44.86473,-20.21149],[-44.86783,-20.21072],[-44.86896,-20.21078],[-44.86941,-20.21028],[-44.87018,-20.20882],[-44.87032,-20.20788],[-44.86939,-20.20565],[-44.86881,-20.20061],[-44.86909,-20.19927],[-44.86982,-20.19942],[-44.87,-20.19927],[-44.86945,-20.19836],[-44.86897,-20.19807],[-44.8683,-20.19665],[-44.86548,-20.19791],[-44.86443,-20.19576],[-44.86452,-20.19519],[-44.86252,-20.19334],[-44.86129,-20.19095],[-44.8631,-20.18996],[-44.86201,-20.18739],[-44.861,-20.18764],[-44.85956,-20.1874],[-44.85794,-20.18749],[-44.85693,-20.1873],[-44.85607,-20.1875],[-44.85529,-20.18813],[-44.85381,-20.18857],[-44.85346,-20.18961],[-44.85244,-20.19045],[-44.85191,-20.19063],[-44.85152,-20.19063],[-44.85016,-20.19004],[-44.84482,-20.18882],[-44.8449,-20.18756],[-44.84462,-20.18647],[-44.84482,-20.18483],[-44.84579,-20.18411],[-44.84599,-20.18376],[-44.84683,-20.18033],[-44.84604,-20.18008],[-44.84373,-20.18266],[-44.8426,-20.18322],[-44.8416,-20.18346],[-44.83928,-20.18475],[-44.83783,-20.18477],[-44.83683,-20.18551],[-44.83622,-20.18566],[-44.83503,-20.1855],[-44.83342,-20.18595],[-44.82161,-20.18135],[-44.82069,-20.1815],[-44.82013,-20.18184],[-44.81909,-20.18364],[-44.81841,-20.18378],[-44.81834,-20.18138],[-44.81768,-20.17906],[-44.81674,-20.17695],[-44.81565,-20.17574],[-44.81576,-20.17404],[-44.81548,-20.17272],[-44.81415,-20.17066],[-44.81386,-20.16938],[-44.81313,-20.16874],[-44.80914,-20.16897],[-44.80763,-20.16935],[-44.80676,-20.17006],[-44.796,-20.18121],[-44.79561,-20.18141],[-44.79485,-20.1814],[-44.79374,-20.18089],[-44.79342,-20.18127],[-44.7933,-20.18171],[-44.79388,-20.1828],[-44.79467,-20.18295],[-44.79541,-20.18382],[-44.79543,-20.18574],[-44.79628,-20.18658],[-44.79698,-20.18691],[-44.79741,-20.18769],[-44.79762,-20.18865],[-44.79888,-20.18951],[-44.80109,-20.19316],[-44.80173,-20.19344],[-44.8038,-20.19342],[-44.80447,-20.1936]]]}},{"id":"67","type":"Feature","properties":{"bairro":"Levindo de Paula Pereira","distrito":"Divinópolis","regiao":"Divinópolis","setores":3,"urbano":3},"geometry":{"type":"Polygon","coordinates":[[[-44.90692,-20.13227],[-44.90834,-20.13632],[-44.91129,-20.13531],[-44.91052,-20.13323],[-44.91117,-20.13299],[-44.91088,-20.1322],[-44.91156,-20.13196],[-44.91056,-20.12925],[-44.90883,-20.12992],[-44.90754,-20.13173],[-44.90692,-20.13227]]]}},{"id":"68","type":"Feature","properties":{"bairro":"Liberdade","distrito":"Divinópolis","regiao":"Divinópolis","setores":5,"urbano":5},"geometry":{"type":"Polygon","coordinates":[[[-44.90485,-20.13376],[-44.90503,-20.1344],[-44.90488,-20.13517],[-44.90554,-20.13496],[-44.90629,-20.13699],[-44.90834,-20.13632],[-44.90692,-20.13227],[-44.90754,-20.13173],[-44.90858,-20.13027],[-44.90716,-20.1293],[-44.90898,-20.12576],[-44.90861,-20.1244],[-44.90746,-20.12318],[-44.90444,-20.11868],[-44.90467,-20.11824],[-44.90423,-20.11773],[-44.90428,-20.1175],[-44.90253,-20.11668],[-44.90177,-20.11795],[-44.90159,-20.11888],[-44.9012,-20.11896],[-44.90011,-20.11873],[-44.89925,-20.11896],[-44.89859,-20.11965],[-44.89775,-20.12007],[-44.89729,-20.12052],[-44.89638,-20.11982],[-44.89084,-20.12598],[-44.89232,-20.1262],[-44.89271,-20.12673],[-44.89332,-20.12791],[-44.89395,-20.12867],[-44.89363,-20.12933],[-44.89369,-20.12979],[-44.89337,-20.13025],[-44.89373,-20.13125],[-44.8946,-20.13097],[-44.89503,-20.13224],[-44.89529,-20.13254],[-44.89615,-20.13224],[-44.89719,-20.13455],[-44.89858,-20.13418],[-44.89979,-20.13505],[-44.90157,-20.13432],[-44.90216,-20.13438],[-44.9027,-20.13476],[-44.90324,-20.13478],[-44.90423,-20.13462],[-44.90431,-20.13378],[-44.90485,-20.13376]]]}},{"id":"69","type":"Feature","properties":{"bairro":"Mangabeiras","distrito":"Divinópolis","regiao":"Divinópolis","setores":3,"urbano":3},"geometry":{"type":"Polygon","coordinates":[[[-44.86448,-20.15255],[-44.8625,-20.15279],[-44.86306,-20.1541],[-44.86649,-20.156],[-44.86743,-20.15607],[-44.86903,-20.15493],[-44.87106,-20.15418],[-44.87209,-20.1524],[-44.87636,-20.1496],[-44.87818,-20.14795],[-44.87863,-20.14727],[-44.87875,-20.1467],[-44.87763,-20.14672],[-44.8769,-20.14814],[-44.87534,-20.14959],[-44.87082,-20.15123],[-44.87086,-20.15093],[-44.87061,-20.1506],[-44.8699,-20.15041],[-44.86894,-20.14967],[-44.868,-20.1495],[-44.86721,-20.15009],[-44.86677,-20.15071],[-44.86512,-20.15144],[-44.86433,-20.1515],[-44.86448,-20.15255]]]}},{"id":"70","type":"Feature","properties":{"bairro":"Manoel Valinhas","distrito":"Divinópolis","regiao":"Divinópolis","setores":17,"urbano":17},"geometry":{"type":"Polygon","coordinates":[[[-44.8767,-20.13709],[-44.87681,-20.13772],[-44.87721,-20.13826],[-44.87952,-20.13981],[-44.8807,-20.14128],[-44.8825,-20.14112],[-44.8816,-20.14019],[-44.88162,-20.13963],[-44.88274,-20.13765],[-44.88347,-20.13706],[-44.88407,-20.13587],[-44.88432,-20.1358],[-44.8841,-20.13525],[-44.88389,-20.1354],[-44.88298,-20.13535],[-44.88231,-20.13492],[-44.88218,-20.13442],[-44.88252,-20.13425],[-44.88231,-20.13365],[-44.88269,-20.13297],[-44.88275,-20.13213],[-44.88191,-20.12991],[-44.88131,-20.12917],[-44.88085,-20.12808],[-44.88099,-20.1254],[-44.88186,-20.12404],[-44.88194,-20.12346],[-44.88178,-20.12288],[-44.88026,-20.12131],[-44.88004,-20.12079],[-44.87842,-20.12147],[-44.87633,-20.1191],[-44.87391,-20.12017],[-44.87379,-20.12177],[-44.8733,-20.1217],[-44.8729,-20.12076],[-44.87287,-20.12019],[-44.87238,-20.12018],[-44.87238,-20.12005],[-44.87264,-20.11925],[-44.87324,-20.1187],[-44.87167,-20.1169],[-44.87059,-20.11754],[-44.87018,-20.1176],[-44.87019,-20.11782],[-44.86969,-20.11834],[-44.86731,-20.12017],[-44.8671,-20.12089],[-44.86782,-20.12191],[-44.86808,-20.12321],[-44.8687,-20.12397],[-44.86956,-20.12592],[-44.86968,-20.12697],[-44.86955,-20.12862],[-44.86975,-20.12904],[-44.8692,-20.12929],[-44.8695,-20.12988],[-44.86999,-20.13213],[-44.8711,-20.13163],[-44.87159,-20.1326],[-44.87317,-20.13303],[-44.87437,-20.1337],[-44.87516,-20.13337],[-44.87538,-20.13377],[-44.87635,-20.13382],[-44.87646,-20.13411],[-44.8777,-20.13473],[-44.8767,-20.13709]]]}},{"id":"71","type":"Feature","properties":{"bairro":"Marajo","distrito":"Divinópolis","regiao":"Divinópolis","setores":3,"urbano":3},"geometry":{"type":"Polygon","coordinates":[[[-44.9254,-20.17416],[-44.92567,-20.17167],[-44.9251,-20.16909],[-44.92434,-20.16864],[-44.92477,-20.16757],[-44.92278,-20.16711],[-44.92269,-20.16815],[-44.92163,-20.16825],[-44.92123,-20.16749],[-44.92085,-20.16746],[-44.92163,-20.1691],[-44.92187,-20.17059],[-44.92124,-20.17551],[-44.9206,-20.17613],[-44.92103,-20.17703],[-44.9208,-20.17832],[-44.92099,-20.17882],[-44.92257,-20.17764],[-44.92573,-20.17459],[-44.9254,-20.17416]]]}},{"id":"72","type":"Feature","properties":{"bairro":"Maria Helena","distrito":"Divinópolis","regiao":"Divinópolis","setores":2,"urbano":2},"geometry":{"type":"Polygon","coordinates":[[[-44.85192,-20.14843],[-44.85064,-20.14808],[-44.84971,-20.1493],[-44.84943,-20.15018],[-44.84996,-20.15125],[-44.85064,-20.15203],[-44.85208,-20.15161],[-44.85221,-20.15177],[-44.85269,-20.1526],[-44.85286,-20.15373],[-44.85325,-20.15449],[-44.85312,-20.15561],[-44.85394,-20.15562],[-44.85423,-20.15522],[-44.85506,-20.1552],[-44.85571,-20.15494],[-44.85632,-20.15599],[-44.85678,-20.15541],[-44.85736,-20.15518],[-44.86232,-20.15405],[-44.86306,-20.1541],[-44.8625,-20.15279],[-44.86448,-20.15255],[-44.86433,-20.1515],[-44.86353,-20.15145],[-44.86249,-20.1504],[-44.86094,-20.14998],[-44.86037,-20.14959],[-44.85962,-20.14872],[-44.85877,-20.1469],[-44.8574,-20.14588],[-44.85704,-20.14604],[-44.85602,-20.14712],[-44.85578,-20.14718],[-44.85505,-20.14674],[-44.8545,-20.14678],[-44.85384,-20.14746],[-44.85192,-20.14843]]]}},{"id":"73","type":"Feature","properties":{"bairro":"Morada Nova","distrito":"Divinópolis","regiao":"Divinópolis","setores":2,"urbano":2},"geometry":{"type":"Polygon","coordinates":[[[-44.91676,-20.16717],[-44.91132,-20.16896],[-44.91166,-20.16993],[-44.91752,-20.17267],[-44.91781,-20.17207],[-44.91697,-20.16982],[-44.91835,-20.16939],[-44.91864,-20.17021],[-44.91933,-20.16997],[-44.91843,-20.16753],[-44.91722,-20.16791],[-44.91702,-20.16782],[-44.91676,-20.16717]]]}},{"id":"74","type":"Feature","properties":{"bairro":"Morro das Antenas","distrito":"Divinópolis","regiao":"Divinópolis","setores":1,"urbano":1},"geometry":{"type":"Polygon","coordinates":[[[-44.85201,-20.14842],[-44.85384,-20.14746],[-44.8545,-20.14678],[-44.85505,-20.14674],[-44.85578,-20.14718],[-44.85602,-20.14712],[-44.85704,-20.14604],[-44.8574,-20.14588],[-44.85877,-20.1469],[-44.85962,-20.14872],[-44.86037,-20.14959],[-44.86094,-20.14998],[-44.86249,-20.1504],[-44.86372,-20.15151],[-44.86499,-20.15148],[-44.86654,-20.15082],[-44.868,-20.1495],[-44.86894,-20.14967],[-44.8699,-20.15041],[-44.87061,-20.1506],[-44.87086,-20.15093],[-44.87082,-20.15123],[-44.87566,-20.14944],[-44.87473,-20.14894],[-44.87306,-20.1473],[-44.87236,-20.14602],[-44.87237,-20.14558],[-44.86936,-20.14674],[-44.86814,-20.14627],[-44.86756,-20.14581],[-44.867,-20.14584],[-44.86652,-20.14446],[-44.8671,-20.14418],[-44.86687,-20.14273],[-44.86646,-20.14228],[-44.86638,-20.14177],[-44.8651,-20.14098],[-44.86474,-20.14032],[-44.86457,-20.13982],[-44.8646,-20.13845],[-44.86426,-20.13749],[-44.86442,-20.1369],[-44.86353,-20.13697],[-44.85826,-20.13636],[-44.85809,-20.13799],[-44.85777,-20.13893],[-44.85789,-20.13964],[-44.85251,-20.14345],[-44.85193,-20.14529],[-44.85147,-20.14583],[-44.85064,-20.14808],[-44.85201,-20.14842]]]}},{"id":"75","type":"Feature","properties":{"bairro":"Nacoes","distrito":"Divinópolis","regiao":"Divinópolis","setores":5,"urbano":5},"geometry":{"type":"MultiPolygon","coordinates":[[[[-44.85076,-20.15751],[-44.8529,-20.1624],[-44.85472,-20.16171],[-44.85432,-20.16086],[-44.85411,-20.15965],[-44.85455,-20.1592],[-44.85435,-20.15881],[-44.85361,-20.15899],[-44.85313,-20.15792],[-44.85367,-20.15765],[-44.85213,-20.1569],[-44.85126,-20.15711],[-44.85076,-20.15751]]],[[[-44.85715,-20.15962],[-44.85802,-20.1605],[-44.85875,-20.16023],[-44.85916,-20.16119],[-44.86261,-20.15958],[-44.86324,-20.15965],[-44.8636,-20.15742],[-44.86118,-20.15694],[-44.86075,-20.15703],[-44.86034,-20.15597],[-44.86155,-20.156],[-44.86178,-20.15417],[-44.85709,-20.15525],[-44.85647,-20.15573],[-44.856,-20.15681],[-44.85715,-20.15962]]]]}},{"id":"76","type":"Feature","properties":{"bairro":"Niteroi","distrito":"Divinópolis","regiao":"Divinópolis","setores":7,"urbano":7},"geometry":{"type":"Polygon","coordinates":[[[-44.87568,-20.14514],[-44.87598,-20.14441],[-44.87698,-20.14484],[-44.87743,-20.14394],[-44.87846,-20.14437],[-44.87863,-20.14389],[-44.87865,-20.14274],[-44.87635,-20.14182],[-44.87665,-20.14116],[-44.87565,-20.14075],[-44.87606,-20.1398],[-44.87421,-20.13904],[-44.87391,-20.13866],[-44.87385,-20.13815],[-44.87292,-20.13796],[-44.8718,-20.13846],[-44.87149,-20.13897],[-44.87145,-20.13968],[-44.87126,-20.13979],[-44.87122,-20.13934],[-44.86938,-20.13949],[-44.87031,-20.14125],[-44.87087,-20.14057],[-44.87085,-20.14082],[-44.87392,-20.14194],[-44.87345,-20.14292],[-44.87451,-20.14333],[-44.87401,-20.14446],[-44.87568,-20.14514]]]}},{"id":"77","type":"Feature","properties":{"bairro":"Nossa Senhora da Conceicao","distrito":"Divinópolis","regiao":"Divinópolis","setores":2,"urbano":2},"geometry":{"type":"Polygon","coordinates":[[[-44.88409,-20.11496],[-44.89511,-20.11524],[-44.89796,-20.11508],[-44.90021,-20.11561],[-44.90254,-20.11669],[-44.9027,-20.11585],[-44.90237,-20.11464],[-44.90108,-20.11308],[-44.90058,-20.11288],[-44.90015,-20.11236],[-44.89956,-20.11203],[-44.89807,-20.11199],[-44.89743,-20.11136],[-44.89467,-20.11027],[-44.89417,-20.11053],[-44.89176,-20.11077],[-44.89108,-20.11103],[-44.89018,-20.11174],[-44.88885,-20.11237],[-44.88775,-20.11377],[-44.88639,-20.11392],[-44.88554,-20.11442],[-44.88509,-20.11434],[-44.88432,-20.11464],[-44.88409,-20.11496]]]}},{"id":"78","type":"Feature","properties":{"bairro":"Nossa Senhora das Gracas","distrito":"Divinópolis","regiao":"Divinópolis","setores":7,"urbano":7},"geometry":{"type":"Polygon","coordinates":[[[-44.88589,-20.16392],[-44.88179,-20.16335],[-44.88212,-20.1611],[-44.88611,-20.16172],[-44.88644,-20.15946],[-44.87551,-20.15793],[-44.87474,-20.16281],[-44.87512,-20.16288],[-44.8752,-20.16264],[-44.87715,-20.16293],[-44.87705,-20.16361],[-44.87821,-20.16378],[-44.87828,-20.16336],[-44.87867,-20.16415],[-44.87925,-20.16457],[-44.87975,-20.16471],[-44.88061,-20.1646],[-44.88073,-20.16568],[-44.88337,-20.1656],[-44.88336,-20.16581],[-44.88352,-20.16582],[-44.88572,-20.16555],[-44.88589,-20.16392]]]}},{"id":"79","type":"Feature","properties":{"bairro":"Nova Fortaleza","distrito":"Divinópolis","regiao":"Divinópolis","setores":9,"urbano":9},"geometry":{"type":"Polygon","coordinates":[[[-44.92573,-20.13233],[-44.92335,-20.12608],[-44.92112,-20.12654],[-44.92088,-20.12608],[-44.9197,-20.12509],[-44.91843,-20.12339],[-44.91834,-20.12288],[-44.9193,-20.1214],[-44.91963,-20.12051],[-44.91839,-20.11958],[-44.91705,-20.11717],[-44.91671,-20.11617],[-44.91595,-20.11619],[-44.91636,-20.11571],[-44.91879,-20.10822],[-44.91339,-20.10523],[-44.91282,-20.10689],[-44.91221,-20.10631],[-44.91157,-20.10622],[-44.91014,-20.10555],[-44.9095,-20.10564],[-44.90762,-20.10657],[-44.90758,-20.10623],[-44.90664,-20.10596],[-44.90582,-20.10539],[-44.90505,-20.10718],[-44.90355,-20.10669],[-44.90331,-20.10732],[-44.89997,-20.10603],[-44.89768,-20.11165],[-44.89807,-20.11199],[-44.89882,-20.11202],[-44.89994,-20.10909],[-44.90645,-20.11141],[-44.90796,-20.11059],[-44.90882,-20.1107],[-44.90935,-20.11042],[-44.91058,-20.11083],[-44.90828,-20.11406],[-44.90814,-20.11551],[-44.90847,-20.11646],[-44.91026,-20.11928],[-44.91027,-20.11953],[-44.90975,-20.11996],[-44.91078,-20.12054],[-44.9119,-20.12175],[-44.91378,-20.12504],[-44.91441,-20.1274],[-44.91502,-20.13236],[-44.91891,-20.12853],[-44.92047,-20.13262],[-44.92183,-20.13211],[-44.92573,-20.13233]]]}},{"id":"80","type":"Feature","properties":{"bairro":"Nova Holanda","distrito":"Divinópolis","regiao":"Divinópolis","setores":4,"urbano":4},"geometry":{"type":"Polygon","coordinates":[[[-44.88273,-20.17388],[-44.88367,-20.1741],[-44.88424,-20.17387],[-44.88431,-20.17226],[-44.88487,-20.17099],[-44.88499,-20.1695],[-44.88526,-20.16918],[-44.8875,-20.16821],[-44.88854,-20.16735],[-44.88802,-20.16675],[-44.88595,-20.16553],[-44.88352,-20.16582],[-44.88336,-20.16581],[-44.88337,-20.1656],[-44.88073,-20.16568],[-44.88061,-20.1646],[-44.87975,-20.16471],[-44.87965,-20.16533],[-44.87914,-20.16527],[-44.87913,-20.16593],[-44.87791,-20.16579],[-44.87726,-20.16979],[-44.87989,-20.17014],[-44.8795,-20.17316],[-44.88181,-20.17391],[-44.88273,-20.17388]]]}},{"id":"81","type":"Feature","properties":{"bairro":"Novo Paraiso","distrito":"Divinópolis","regiao":"Divinópolis","setores":1,"urbano":1},"geometry":{"type":"Polygon","coordinates":[[[-44.85495,-20.17303],[-44.86085,-20.17581],[-44.86143,-20.17461],[-44.85684,-20.17245],[-44.8558,-20.17223],[-44.85495,-20.17303]]]}},{"id":"82","type":"Feature","properties":{"bairro":"Orion","distrito":"Divinópolis","regiao":"Divinópolis","setores":11,"urbano":11},"geometry":{"type":"Polygon","coordinates":[[[-44.92191,-20.14015],[-44.92438,-20.13976],[-44.92474,-20.13916],[-44.92557,-20.13892],[-44.92773,-20.13895],[-44.92999,-20.13955],[-44.93546,-20.13406],[-44.93442,-20.13296],[-44.93354,-20.13276],[-44.93304,-20.13201],[-44.93194,-20.13188],[-44.93118,-20.13157],[-44.9308,-20.13109],[-44.93011,-20.13125],[-44.9292,-20.1311],[-44.92871,-20.12942],[-44.92887,-20.12877],[-44.92965,-20.12779],[-44.93047,-20.12584],[-44.93124,-20.12536],[-44.93282,-20.1249],[-44.9347,-20.12322],[-44.93563,-20.12273],[-44.93453,-20.12058],[-44.9325,-20.12174],[-44.92745,-20.12396],[-44.92335,-20.12608],[-44.92573,-20.13233],[-44.92163,-20.13213],[-44.91888,-20.13342],[-44.91817,-20.13412],[-44.91725,-20.13672],[-44.91737,-20.13839],[-44.90801,-20.14154],[-44.90878,-20.14363],[-44.91086,-20.14168],[-44.91161,-20.14132],[-44.91246,-20.14136],[-44.91477,-20.14207],[-44.91632,-20.14229],[-44.91715,-20.14205],[-44.91754,-20.1417],[-44.91787,-20.14093],[-44.91781,-20.1402],[-44.92191,-20.14015]]]}},{"id":"83","type":"Feature","properties":{"bairro":"Padre Eustaquio","distrito":"Divinópolis","regiao":"Divinópolis","setores":3,"urbano":3},"geometry":{"type":"Polygon","coordinates":[[[-44.84902,-20.17478],[-44.84958,-20.17458],[-44.85014,-20.1759],[-44.85303,-20.17481],[-44.85335,-20.17533],[-44.85419,-20.17489],[-44.85458,-20.17423],[-44.85492,-20.17405],[-44.85471,-20.17325],[-44.8558,-20.17223],[-44.85527,-20.17094],[-44.85137,-20.17238],[-44.85064,-20.17077],[-44.84595,-20.1725],[-44.84666,-20.17414],[-44.84846,-20.17347],[-44.84902,-20.17478]]]}},{"id":"84","type":"Feature","properties":{"bairro":"Padre Herculano Yanes","distrito":"Divinópolis","regiao":"Divinópolis","setores":1,"urbano":1},"geometry":{"type":"Polygon","coordinates":[[[-44.92795,-20.17705],[-44.93318,-20.17262],[-44.93197,-20.16962],[-44.93148,-20.17025],[-44.93024,-20.17114],[-44.92922,-20.17141],[-44.92815,-20.17217],[-44.92573,-20.17459],[-44.92795,-20.17705]]]}},{"id":"85","type":"Feature","properties":{"bairro":"Paraiso","distrito":"Divinópolis","regiao":"Divinópolis","setores":3,"urbano":3},"geometry":{"type":"Polygon","coordinates":[[[-44.86238,-20.17259],[-44.86245,-20.17293],[-44.86727,-20.1762],[-44.86757,-20.17525],[-44.86753,-20.17464],[-44.86795,-20.17388],[-44.86808,-20.17268],[-44.86831,-20.1722],[-44.86821,-20.17157],[-44.86877,-20.17022],[-44.86937,-20.16941],[-44.86666,-20.16835],[-44.86622,-20.16692],[-44.86445,-20.1682],[-44.86238,-20.17259]]]}},{"id":"86","type":"Feature","properties":{"bairro":"Planalto","distrito":"Divinópolis","regiao":"Divinópolis","setores":8,"urbano":8},"geometry":{"type":"Polygon","coordinates":[[[-44.91052,-20.1525],[-44.91218,-20.14999],[-44.91469,-20.14806],[-44.9158,-20.1476],[-44.91544,-20.14219],[-44.91352,-20.14169],[-44.9135,-20.14371],[-44.91424,-20.14372],[-44.91422,-20.14445],[-44.91275,-20.14449],[-44.91062,-20.14537],[-44.91058,-20.14195],[-44.90888,-20.14357],[-44.90674,-20.14411],[-44.90746,-20.14617],[-44.90543,-20.14684],[-44.90507,-20.14583],[-44.90468,-20.14645],[-44.90404,-20.14683],[-44.9039,-20.14626],[-44.90446,-20.14593],[-44.90461,-20.14556],[-44.90457,-20.14489],[-44.90415,-20.14441],[-44.90358,-20.14464],[-44.90372,-20.1452],[-44.90203,-20.14579],[-44.90233,-20.14655],[-44.90148,-20.14685],[-44.90337,-20.1485],[-44.90778,-20.14706],[-44.90888,-20.15011],[-44.90954,-20.14989],[-44.91052,-20.1525]]]}},{"id":"87","type":"Feature","properties":{"bairro":"Ponte Funda","distrito":"Divinópolis","regiao":"Divinópolis","setores":3,"urbano":3},"geometry":{"type":"Polygon","coordinates":[[[-44.8636,-20.15742],[-44.86324,-20.15965],[-44.86598,-20.16008],[-44.86675,-20.15897],[-44.86692,-20.1578],[-44.86727,-20.15734],[-44.86731,-20.15679],[-44.86611,-20.15662],[-44.86622,-20.15587],[-44.86361,-20.1543],[-44.86277,-20.15404],[-44.86178,-20.15417],[-44.86155,-20.156],[-44.86034,-20.15597],[-44.86075,-20.15703],[-44.86118,-20.15694],[-44.8636,-20.15742]]]}},{"id":"88","type":"Feature","properties":{"bairro":"Porto Velho","distrito":"Divinópolis","regiao":"Divinópolis","setores":14,"urbano":14},"geometry":{"type":"Polygon","coordinates":[[[-44.88775,-20.15373],[-44.88869,-20.15287],[-44.88903,-20.15228],[-44.88983,-20.15165],[-44.88975,-20.15036],[-44.88694,-20.14981],[-44.88497,-20.14875],[-44.88491,-20.14848],[-44.88529,-20.14768],[-44.88507,-20.14682],[-44.88123,-20.14299],[-44.88106,-20.14123],[-44.87975,-20.14157],[-44.87893,-20.1429],[-44.87875,-20.14678],[-44.87838,-20.1477],[-44.87542,-20.15033],[-44.87259,-20.15205],[-44.87428,-20.15234],[-44.87416,-20.15326],[-44.87482,-20.15334],[-44.87469,-20.15436],[-44.87693,-20.15466],[-44.87647,-20.15578],[-44.87516,-20.15559],[-44.8748,-20.15784],[-44.88104,-20.15871],[-44.88139,-20.15656],[-44.88138,-20.1561],[-44.88096,-20.15546],[-44.88177,-20.15452],[-44.88389,-20.15382],[-44.88532,-20.15455],[-44.88634,-20.15435],[-44.88775,-20.15373]]]}},{"id":"89","type":"Feature","properties":{"bairro":"Posses","distrito":"Santo Antônio dos Campos","regiao":"Santo Antônio dos Campos","setores":1,"urbano":0},"geometry":{"type":"Polygon","coordinates":[[[-44.98469,-20.10527],[-44.98495,-20.10735],[-44.98357,-20.11148],[-44.98089,-20.11384],[-44.97695,-20.11663],[-44.97739,-20.11693],[-44.97791,-20.11803],[-44.97803,-20.11906],[-44.97879,-20.12008],[-44.97898,-20.12119],[-44.97902,-20.12194],[-44.97878,-20.1222],[-44.97891,-20.12551],[-44.97812,-20.12714],[-44.97768,-20.12924],[-44.97836,-20.1325],[-44.97895,-20.13346],[-44.97958,-20.13395],[-44.98277,-20.13524],[-44.9837,-20.13582],[-44.98457,-20.13607],[-44.98721,-20.13632],[-44.98852,-20.13719],[-44.98946,-20.13717],[-44.99049,-20.13759],[-44.99074,-20.13788],[-44.99106,-20.13901],[-44.99256,-20.14002],[-44.99341,-20.14097],[-44.99461,-20.14177],[-44.99489,-20.14239],[-44.99511,-20.14496],[-44.99527,-20.14514],[-44.99747,-20.14497],[-44.99986,-20.14692],[-45.00229,-20.14745],[-45.00416,-20.14734],[-45.00589,-20.14814],[-45.0066,-20.14901],[-45.00667,-20.14986],[-45.00613,-20.15272],[-45.00596,-20.15494],[-45.006,-20.15548],[-45.00694,-20.15807],[-45.00714,-20.15948],[-45.00801,-20.16177],[-45.00832,-20.16308],[-45.00812,-20.16584],[-45.00751,-20.16735],[-45.00751,-20.1689],[-45.00795,-20.17045],[-45.0079,-20.17102],[-45.00859,-20.17091],[-45.01028,-20.1695],[-45.01177,-20.16858],[-45.01318,-20.16666],[-45.01404,-20.16621],[-45.0148,-20.16632],[-45.01635,-20.16775],[-45.01748,-20.16845],[-45.01981,-20.16928],[-45.02117,-20.17015],[-45.02192,-20.1701],[-45.02345,-20.16844],[-45.02499,-20.16489],[-45.02593,-20.16336],[-45.02652,-20.16288],[-45.02817,-20.16214],[-45.02962,-20.16106],[-45.03014,-20.1609],[-45.03117,-20.1609],[-45.03271,-20.1619],[-45.03495,-20.16257],[-45.03661,-20.16266],[-45.03785,-20.16223],[-45.03983,-20.16102],[-45.04221,-20.1599],[-45.0428,-20.15909],[-45.04379,-20.15662],[-45.04434,-20.15571],[-45.04643,-20.15396],[-45.04833,-20.15272],[-45.05075,-20.15023],[-45.05224,-20.14931],[-45.05497,-20.1464],[-45.05588,-20.14614],[-45.05701,-20.14655],[-45.05729,-20.14608],[-45.05781,-20.14465],[-45.05797,-20.14323],[-45.05767,-20.14158],[-45.05655,-20.14051],[-45.05489,-20.13961],[-45.05384,-20.13946],[-45.05136,-20.14053],[-45.05058,-20.1407],[-45.04998,-20.1406],[-45.04866,-20.14105],[-45.04812,-20.14203],[-45.0477,-20.1436],[-45.04722,-20.14407],[-45.04596,-20.14447],[-45.04509,-20.14499],[-45.04359,-20.14524],[-45.04327,-20.14562],[-45.0422,-20.14603],[-45.04049,-20.14626],[-45.03978,-20.14677],[-45.03905,-20.14672],[-45.03822,-20.14759],[-45.03713,-20.14793],[-45.03636,-20.14751],[-45.03589,-20.14766],[-45.03511,-20.14728],[-45.03373,-20.14731],[-45.03297,-20.14693],[-45.03216,-20.14695],[-45.03158,-20.14742],[-45.03125,-20.14746],[-45.03019,-20.14703],[-45.02893,-20.14584],[-45.02776,-20.14601],[-45.02587,-20.14581],[-45.02525,-20.14473],[-45.02499,-20.1446],[-45.02416,-20.14452],[-45.02262,-20.14503],[-45.02183,-20.14491],[-45.0217,-20.14452],[-45.02111,-20.14405],[-45.02047,-20.14385],[-45.01985,-20.143],[-45.01984,-20.14241],[-45.01927,-20.14177],[-45.01841,-20.13893],[-45.01857,-20.13773],[-45.01805,-20.13687],[-45.01755,-20.13681],[-45.01637,-20.13617],[-45.01588,-20.13526],[-45.01509,-20.13456],[-45.01424,-20.13426],[-45.01365,-20.1333],[-45.01285,-20.13333],[-45.01234,-20.1331],[-45.01159,-20.13212],[-45.01149,-20.13154],[-45.01095,-20.1306],[-45.00998,-20.1301],[-45.00932,-20.13019],[-45.00868,-20.12993],[-45.0082,-20.13008],[-45.00762,-20.12886],[-45.00698,-20.12832],[-45.00575,-20.12772],[-45.00432,-20.12603],[-45.00301,-20.12544],[-45.00275,-20.12483],[-45.00221,-20.12434],[-45.00059,-20.12415],[-44.99968,-20.12361],[-44.99961,-20.12247],[-45.00016,-20.12131],[-44.99997,-20.12051],[-44.99846,-20.12021],[-44.99775,-20.11909],[-44.99775,-20.11722],[-44.99759,-20.1168],[-44.99766,-20.11598],[-44.99789,-20.11572],[-44.99784,-20.11527],[-44.99733,-20.11492],[-44.99696,-20.11361],[-44.99705,-20.11282],[-44.99818,-20.11199],[-44.99843,-20.11114],[-44.9982,-20.11036],[-44.99833,-20.10954],[-44.9981,-20.1088],[-44.99805,-20.10725],[-44.99748,-20.10619],[-44.99695,-20.10587],[-44.99652,-20.10509],[-44.99577,-20.10491],[-44.99518,-20.10449],[-44.99501,-20.10263],[-44.99456,-20.10166],[-44.99421,-20.10149],[-44.99318,-20.10149],[-44.99301,-20.10204],[-44.99251,-20.10211],[-44.99262,-20.10254],[-44.99215,-20.10272],[-44.99189,-20.10337],[-44.99036,-20.10404],[-44.99011,-20.10434],[-44.98961,-20.10434],[-44.98909,-20.1039],[-44.98843,-20.10382],[-44.98784,-20.10325],[-44.98754,-20.10324],[-44.98679,-20.10368],[-44.98638,-20.10477],[-44.98469,-20.10527]]]}},{"id":"90","type":"Feature","properties":{"bairro":"Primavera","distrito":"Divinópolis","regiao":"Divinópolis","setores":8,"urbano":7},"geometry":{"type":"Polygon","coordinates":[[[-44.94512,-20.11307],[-44.94607,-20.11563],[-44.94569,-20.11964],[-44.94594,-20.12138],[-44.94644,-20.12296],[-44.94803,-20.12479],[-44.95188,-20.12549],[-44.95261,-20.12585],[-44.95303,-20.12668],[-44.95317,-20.12786],[-44.95306,-20.12872],[-44.9518,-20.13042],[-44.95147,-20.13124],[-44.95164,-20.13207],[-44.95209,-20.13276],[-44.95232,-20.13277],[-44.95419,-20.13146],[-44.95653,-20.13183],[-44.958,-20.13136],[-44.9591,-20.13125],[-44.95952,-20.13137],[-44.96296,-20.13069],[-44.96449,-20.12893],[-44.96528,-20.12838],[-44.96578,-20.12828],[-44.96602,-20.12857],[-44.96639,-20.12827],[-44.9669,-20.12849],[-44.96793,-20.12819],[-44.96987,-20.12622],[-44.97297,-20.12527],[-44.97469,-20.12384],[-44.97614,-20.12362],[-44.97692,-20.1231],[-44.97829,-20.1228],[-44.97882,-20.12252],[-44.97878,-20.1222],[-44.97902,-20.12194],[-44.97879,-20.12008],[-44.97803,-20.11906],[-44.97791,-20.11803],[-44.97739,-20.11693],[-44.97643,-20.11601],[-44.97588,-20.11433],[-44.97558,-20.11217],[-44.97571,-20.11097],[-44.97534,-20.11015],[-44.97533,-20.10837],[-44.97491,-20.10896],[-44.97286,-20.10984],[-44.9694,-20.11022],[-44.9684,-20.11056],[-44.96616,-20.10718],[-44.96224,-20.10818],[-44.96049,-20.10537],[-44.96239,-20.10403],[-44.96375,-20.10274],[-44.96103,-20.10063],[-44.95869,-20.09976],[-44.9564,-20.09779],[-44.9549,-20.09718],[-44.95328,-20.09612],[-44.94944,-20.09465],[-44.94656,-20.09239],[-44.94433,-20.08955],[-44.94677,-20.08794],[-44.94723,-20.08453],[-44.94701,-20.08394],[-44.94585,-20.08376],[-44.94552,-20.08414],[-44.94477,-20.08427],[-44.94447,-20.0833],[-44.94222,-20.08279],[-44.94176,-20.0838],[-44.94044,-20.08266],[-44.9392,-20.08121],[-44.93792,-20.08088],[-44.93537,-20.07959],[-44.93432,-20.08028],[-44.93343,-20.07926],[-44.93159,-20.07869],[-44.93113,-20.07971],[-44.92991,-20.08049],[-44.92875,-20.08185],[-44.92784,-20.0835],[-44.9273,-20.08404],[-44.92549,-20.08553],[-44.92381,-20.08623],[-44.92423,-20.09175],[-44.92365,-20.09342],[-44.92403,-20.09421],[-44.92329,-20.09894],[-44.92348,-20.10029],[-44.92398,-20.10155],[-44.92711,-20.10302],[-44.92857,-20.10403],[-44.93076,-20.10591],[-44.93168,-20.10703],[-44.93322,-20.10996],[-44.93371,-20.11056],[-44.93019,-20.11443],[-44.93205,-20.11487],[-44.93371,-20.11559],[-44.9341,-20.11679],[-44.93535,-20.11722],[-44.93644,-20.11702],[-44.93607,-20.11645],[-44.93867,-20.11257],[-44.9401,-20.11204],[-44.94075,-20.112],[-44.94167,-20.11228],[-44.94291,-20.11375],[-44.94512,-20.11307]]]}},{"id":"91","type":"Feature","properties":{"bairro":"Prolongamento Bom Pastor","distrito":"Divinópolis","regiao":"Divinópolis","setores":2,"urbano":2},"geometry":{"type":"Polygon","coordinates":[[[-44.87548,-20.11151],[-44.87447,-20.11267],[-44.8795,-20.11458],[-44.88287,-20.11502],[-44.88409,-20.11496],[-44.88371,-20.11464],[-44.88258,-20.11427],[-44.88305,-20.11293],[-44.88161,-20.11244],[-44.88179,-20.11179],[-44.87983,-20.10941],[-44.87827,-20.10921],[-44.87717,-20.10842],[-44.8768,-20.10925],[-44.87632,-20.10971],[-44.87548,-20.11151]]]}},{"id":"92","type":"Feature","properties":{"bairro":"Quinta das Palmeiras","distrito":"Divinópolis","regiao":"Divinópolis","setores":2,"urbano":2},"geometry":{"type":"Polygon","coordinates":[[[-44.87686,-20.17947],[-44.88758,-20.18599],[-44.88783,-20.18644],[-44.88796,-20.18434],[-44.88777,-20.18356],[-44.88849,-20.18235],[-44.88725,-20.18155],[-44.88115,-20.17776],[-44.88006,-20.17874],[-44.8795,-20.179],[-44.87686,-20.17947]]]}},{"id":"93","type":"Feature","properties":{"bairro":"Quintino","distrito":"Divinópolis","regiao":"Divinópolis","setores":1,"urbano":1},"geometry":{"type":"Polygon","coordinates":[[[-44.94387,-20.17108],[-44.9407,-20.16901],[-44.94016,-20.16901],[-44.94557,-20.17252],[-44.94654,-20.17121],[-44.9447,-20.16999],[-44.94387,-20.17108]]]}},{"id":"94","type":"Feature","properties":{"bairro":"Realengo","distrito":"Divinópolis","regiao":"Divinópolis","setores":5,"urbano":5},"geometry":{"type":"Polygon","coordinates":[[[-44.91316,-20.1874],[-44.91407,-20.18326],[-44.91387,-20.18316],[-44.91205,-20.18278],[-44.91001,-20.18272],[-44.9092,-20.18298],[-44.90558,-20.18259],[-44.90431,-20.18226],[-44.90296,-20.18141],[-44.90185,-20.18115],[-44.90092,-20.18048],[-44.89959,-20.18043],[-44.8983,-20.18285],[-44.89957,-20.18314],[-44.90233,-20.1853],[-44.90231,-20.18558],[-44.91316,-20.1874]]]}},{"id":"95","type":"Feature","properties":{"bairro":"Residencial Doutor Walchir Resende Costa","distrito":"Divinópolis","regiao":"Divinópolis","setores":1,"urbano":1},"geometry":{"type":"Polygon","coordinates":[[[-44.90858,-20.13027],[-44.90901,-20.12976],[-44.91056,-20.12925],[-44.91046,-20.12869],[-44.91123,-20.12672],[-44.91114,-20.12583],[-44.90918,-20.12633],[-44.90898,-20.12576],[-44.90716,-20.1293],[-44.90858,-20.13027]]]}},{"id":"96","type":"Feature","properties":{"bairro":"Residencial Fonte Boa","distrito":"Divinópolis","regiao":"Divinópolis","setores":1,"urbano":1},"geometry":{"type":"Polygon","coordinates":[[[-44.88008,-20.10126],[-44.87922,-20.1038],[-44.88027,-20.10414],[-44.88046,-20.10369],[-44.88456,-20.10508],[-44.88744,-20.10542],[-44.88665,-20.10352],[-44.88575,-20.1028],[-44.88403,-20.10076],[-44.88342,-20.10057],[-44.88289,-20.10105],[-44.88179,-20.10111],[-44.88105,-20.10154],[-44.88008,-20.10126]]]}},{"id":"97","type":"Feature","properties":{"bairro":"Residencial Marisa Pardini","distrito":"Divinópolis","regiao":"Divinópolis","setores":1,"urbano":1},"geometry":{"type":"Polygon","coordinates":[[[-44.85492,-20.17405],[-44.86024,-20.17645],[-44.86085,-20.17581],[-44.85495,-20.17303],[-44.85469,-20.17335],[-44.85492,-20.17405]]]}},{"id":"98","type":"Feature","properties":{"bairro":"Residencial Sao Frei Galvao III","distrito":"Divinópolis","regiao":"Divinópolis","setores":1,"urbano":1},"geometry":{"type":"Polygon","coordinates":[[[-44.83871,-20.14148],[-44.83806,-20.14215],[-44.83806,-20.14312],[-44.83688,-20.14313],[-44.83687,-20.14357],[-44.83636,-20.14359],[-44.83475,-20.14448],[-44.83663,-20.1475],[-44.83777,-20.14686],[-44.83842,-20.14569],[-44.83873,-20.14458],[-44.83869,-20.14323],[-44.83889,-20.14265],[-44.83871,-20.14148]]]}},{"id":"99","type":"Feature","properties":{"bairro":"Residencial Sao Miguel","distrito":"Divinópolis","regiao":"Divinópolis","setores":7,"urbano":7},"geometry":{"type":"Polygon","coordinates":[[[-44.86841,-20.11946],[-44.86887,-20.11883],[-44.87019,-20.11782],[-44.87043,-20.11724],[-44.87151,-20.11602],[-44.87225,-20.11533],[-44.87289,-20.11506],[-44.87328,-20.11377],[-44.87411,-20.11327],[-44.87457,-20.11248],[-44.87519,-20.11198],[-44.87632,-20.10971],[-44.87709,-20.10873],[-44.8772,-20.10799],[-44.87688,-20.10751],[-44.87533,-20.1066],[-44.87376,-20.1049],[-44.87345,-20.10483],[-44.8704,-20.1023],[-44.8699,-20.10126],[-44.86994,-20.10092],[-44.87039,-20.10049],[-44.87286,-20.09935],[-44.87484,-20.09801],[-44.87506,-20.09759],[-44.87481,-20.09718],[-44.87312,-20.09697],[-44.8713,-20.09601],[-44.87047,-20.09531],[-44.86934,-20.09545],[-44.86783,-20.09494],[-44.86654,-20.09479],[-44.86559,-20.0942],[-44.86541,-20.09379],[-44.86542,-20.0927],[-44.865,-20.09239],[-44.86398,-20.09223],[-44.86361,-20.09194],[-44.86216,-20.09155],[-44.8616,-20.09131],[-44.86108,-20.0908],[-44.85852,-20.09151],[-44.85733,-20.09231],[-44.856,-20.09358],[-44.85353,-20.09504],[-44.85298,-20.0961],[-44.85158,-20.09745],[-44.85104,-20.09849],[-44.85045,-20.09882],[-44.84961,-20.09897],[-44.84708,-20.09913],[-44.84255,-20.10249],[-44.84303,-20.10399],[-44.84407,-20.10469],[-44.84429,-20.10512],[-44.84422,-20.10558],[-44.84328,-20.10649],[-44.84509,-20.10827],[-44.84874,-20.11011],[-44.85132,-20.11192],[-44.8518,-20.11131],[-44.85372,-20.11134],[-44.85446,-20.11155],[-44.85759,-20.11363],[-44.85929,-20.11415],[-44.86115,-20.11398],[-44.86196,-20.11356],[-44.86841,-20.11946]]]}},{"id":"100","type":"Feature","properties":{"bairro":"Residencial Vesper","distrito":"Divinópolis","regiao":"Divinópolis","setores":1,"urbano":1},"geometry":{"type":"Polygon","coordinates":[[[-44.91407,-20.18326],[-44.91324,-20.18739],[-44.91421,-20.18731],[-44.91531,-20.18788],[-44.91657,-20.18808],[-44.92101,-20.18744],[-44.92157,-20.18677],[-44.92168,-20.18516],[-44.92188,-20.18494],[-44.92176,-20.18304],[-44.92058,-20.18373],[-44.91999,-20.18431],[-44.91868,-20.18457],[-44.91407,-20.18326]]]}},{"id":"101","type":"Feature","properties":{"bairro":"Sagrada Familia","distrito":"Divinópolis","regiao":"Divinópolis","setores":5,"urbano":5},"geometry":{"type":"Polygon","coordinates":[[[-44.85208,-20.16508],[-44.85299,-20.16727],[-44.85523,-20.16645],[-44.85569,-20.16759],[-44.85694,-20.16711],[-44.85556,-20.16382],[-44.8602,-20.16209],[-44.85973,-20.16096],[-44.85916,-20.16119],[-44.85875,-20.16023],[-44.85802,-20.1605],[-44.85723,-20.15974],[-44.856,-20.15681],[-44.85563,-20.15746],[-44.85514,-20.15774],[-44.85453,-20.1579],[-44.85367,-20.15765],[-44.85313,-20.15792],[-44.85361,-20.15899],[-44.85435,-20.15881],[-44.85455,-20.1592],[-44.85411,-20.15965],[-44.85432,-20.16086],[-44.85472,-20.16171],[-44.8529,-20.1624],[-44.85193,-20.16007],[-44.84756,-20.16174],[-44.84855,-20.164],[-44.85187,-20.16275],[-44.85275,-20.16484],[-44.85208,-20.16508]]]}},{"id":"102","type":"Feature","properties":{"bairro":"Santa Clara","distrito":"Divinópolis","regiao":"Divinópolis","setores":7,"urbano":7},"geometry":{"type":"Polygon","coordinates":[[[-44.88274,-20.13765],[-44.88158,-20.13985],[-44.88182,-20.14012],[-44.88485,-20.14037],[-44.88438,-20.13905],[-44.88527,-20.13873],[-44.88529,-20.13846],[-44.88689,-20.13795],[-44.88595,-20.13532],[-44.88755,-20.13394],[-44.88785,-20.13213],[-44.88733,-20.13021],[-44.88658,-20.12847],[-44.88549,-20.12878],[-44.88386,-20.12806],[-44.88328,-20.12952],[-44.88108,-20.12869],[-44.88191,-20.12991],[-44.88275,-20.13213],[-44.88269,-20.13297],[-44.88231,-20.13365],[-44.88252,-20.13425],[-44.88218,-20.13442],[-44.88231,-20.13492],[-44.88298,-20.13535],[-44.88389,-20.1354],[-44.8841,-20.13525],[-44.88432,-20.1358],[-44.88407,-20.13587],[-44.88347,-20.13706],[-44.88274,-20.13765]]]}},{"id":"103","type":"Feature","properties":{"bairro":"Santa Cruz","distrito":"Santo Antônio dos Campos","regiao":"Santo Antônio dos Campos","setores":2,"urbano":2},"geometry":{"type":"Polygon","coordinates":[[[-44.97626,-20.10559],[-44.97561,-20.10611],[-44.97538,-20.10674],[-44.9753,-20.10976],[-44.97568,-20.11088],[-44.97718,-20.10996],[-44.98142,-20.10678],[-44.98313,-20.1077],[-44.98379,-20.10768],[-44.98495,-20.10729],[-44.98469,-20.10527],[-44.98301,-20.10511],[-44.98185,-20.10445],[-44.98169,-20.1034],[-44.98103,-20.10275],[-44.9809,-20.10214],[-44.97987,-20.10138],[-44.97942,-20.09951],[-44.97884,-20.09906],[-44.97792,-20.09923],[-44.97499,-20.10145],[-44.97615,-20.10282],[-44.97642,-20.1051],[-44.97626,-20.10559]]]}},{"id":"104","type":"Feature","properties":{"bairro":"Santa Lucia","distrito":"Divinópolis","regiao":"Divinópolis","setores":7,"urbano":7},"geometry":{"type":"Polygon","coordinates":[[[-44.84389,-20.17515],[-44.84666,-20.17414],[-44.84595,-20.1725],[-44.84742,-20.17195],[-44.84598,-20.16858],[-44.84504,-20.1672],[-44.84504,-20.16591],[-44.84563,-20.16417],[-44.8456,-20.16377],[-44.84502,-20.1631],[-44.844,-20.16287],[-44.84347,-20.16245],[-44.84284,-20.16103],[-44.83608,-20.16262],[-44.83381,-20.16354],[-44.83411,-20.16424],[-44.83459,-20.16461],[-44.83491,-20.16556],[-44.83492,-20.16838],[-44.83582,-20.16937],[-44.83609,-20.1704],[-44.83871,-20.17031],[-44.84053,-20.17082],[-44.841,-20.17129],[-44.84211,-20.17086],[-44.84389,-20.17515]]]}},{"id":"105","type":"Feature","properties":{"bairro":"Santa Luzia","distrito":"Divinópolis","regiao":"Divinópolis","setores":11,"urbano":11},"geometry":{"type":"MultiPolygon","coordinates":[[[[-44.9218,-20.15837],[-44.92313,-20.15764],[-44.92336,-20.15666],[-44.92843,-20.15765],[-44.92906,-20.15376],[-44.92953,-20.15346],[-44.93056,-20.15337],[-44.93137,-20.15255],[-44.93141,-20.15228],[-44.92978,-20.15222],[-44.92992,-20.15159],[-44.92957,-20.15146],[-44.92219,-20.15001],[-44.92193,-20.15124],[-44.92053,-20.15079],[-44.91804,-20.15037],[-44.91712,-20.15053],[-44.91599,-20.15017],[-44.9158,-20.1476],[-44.91469,-20.14806],[-44.91218,-20.14999],[-44.91052,-20.1525],[-44.90954,-20.14989],[-44.90888,-20.15011],[-44.90778,-20.14706],[-44.90337,-20.1485],[-44.90451,-20.14965],[-44.90717,-20.15337],[-44.9095,-20.15593],[-44.91243,-20.15824],[-44.91618,-20.16045],[-44.91997,-20.16151],[-44.92085,-20.1596],[-44.9218,-20.15837]]],[[[-44.90746,-20.14617],[-44.90674,-20.14411],[-44.90878,-20.14363],[-44.90801,-20.14154],[-44.90197,-20.14357],[-44.90235,-20.14452],[-44.90344,-20.14414],[-44.90362,-20.14458],[-44.90415,-20.14441],[-44.90439,-20.14456],[-44.9046,-20.14566],[-44.9039,-20.14626],[-44.90404,-20.14683],[-44.90468,-20.14645],[-44.90507,-20.14583],[-44.90543,-20.14684],[-44.90746,-20.14617]]]]}},{"id":"106","type":"Feature","properties":{"bairro":"Santa Marta","distrito":"Divinópolis","regiao":"Divinópolis","setores":2,"urbano":2},"geometry":{"type":"Polygon","coordinates":[[[-44.88161,-20.11244],[-44.88305,-20.11293],[-44.88258,-20.11427],[-44.88371,-20.11464],[-44.88409,-20.11496],[-44.88432,-20.11464],[-44.88509,-20.11434],[-44.88554,-20.11442],[-44.88639,-20.11392],[-44.88775,-20.11377],[-44.88857,-20.11291],[-44.88869,-20.11251],[-44.89056,-20.1114],[-44.88851,-20.10677],[-44.88744,-20.10542],[-44.88636,-20.10681],[-44.88563,-20.1074],[-44.88414,-20.10735],[-44.88191,-20.10825],[-44.87983,-20.10941],[-44.88179,-20.11179],[-44.88161,-20.11244]]]}},{"id":"107","type":"Feature","properties":{"bairro":"Santa Rosa","distrito":"Divinópolis","regiao":"Divinópolis","setores":7,"urbano":7},"geometry":{"type":"Polygon","coordinates":[[[-44.85732,-20.17149],[-44.8558,-20.17223],[-44.85684,-20.17245],[-44.86143,-20.17461],[-44.86445,-20.1682],[-44.868,-20.16575],[-44.86476,-20.16404],[-44.86316,-20.16342],[-44.86568,-20.16063],[-44.86598,-20.16008],[-44.86261,-20.15958],[-44.85973,-20.16096],[-44.8602,-20.16209],[-44.85866,-20.16266],[-44.8605,-20.16707],[-44.85863,-20.16907],[-44.85888,-20.16961],[-44.85817,-20.16989],[-44.85765,-20.17059],[-44.85732,-20.17149]]]}},{"id":"108","type":"Feature","properties":{"bairro":"Santa Tereza","distrito":"Divinópolis","regiao":"Divinópolis","setores":2,"urbano":2},"geometry":{"type":"Polygon","coordinates":[[[-44.87343,-20.16666],[-44.87418,-20.16922],[-44.87467,-20.16994],[-44.87491,-20.17015],[-44.87716,-20.17041],[-44.87791,-20.16579],[-44.87913,-20.16593],[-44.87914,-20.16527],[-44.87965,-20.16533],[-44.87975,-20.16471],[-44.87867,-20.16415],[-44.87828,-20.16336],[-44.87821,-20.16378],[-44.87705,-20.16361],[-44.87715,-20.16293],[-44.8752,-20.16264],[-44.87419,-20.16387],[-44.87374,-20.16604],[-44.87343,-20.16666]]]}},{"id":"109","type":"Feature","properties":{"bairro":"Santo Andre","distrito":"Divinópolis","regiao":"Divinópolis","setores":1,"urbano":1},"geometry":{"type":"Polygon","coordinates":[[[-44.91007,-20.19528],[-44.91075,-20.19659],[-44.91111,-20.19823],[-44.91098,-20.19883],[-44.91047,-20.19945],[-44.91003,-20.20058],[-44.91082,-20.20078],[-44.91363,-20.20042],[-44.91468,-20.20045],[-44.91784,-20.20116],[-44.9189,-20.20119],[-44.92035,-20.20072],[-44.92169,-20.19605],[-44.92221,-20.1951],[-44.92112,-20.19441],[-44.92004,-20.1941],[-44.91607,-20.19417],[-44.91468,-20.19403],[-44.91241,-20.19464],[-44.91185,-20.19498],[-44.91125,-20.19494],[-44.91007,-20.19528]]]}},{"id":"110","type":"Feature","properties":{"bairro":"Santo Antonio","distrito":"Divinópolis","regiao":"Divinópolis","setores":1,"urbano":1},"geometry":{"type":"Polygon","coordinates":[[[-44.90317,-20.13669],[-44.9036,-20.13787],[-44.90294,-20.13811],[-44.90377,-20.14038],[-44.90579,-20.13972],[-44.90535,-20.13857],[-44.90468,-20.13879],[-44.90382,-20.13644],[-44.90317,-20.13669]]]}},{"id":"111","type":"Feature","properties":{"bairro":"Santo Antonio dos Campos","distrito":"Santo Antônio dos Campos","regiao":"Santo Antônio dos Campos","setores":4,"urbano":4},"geometry":{"type":"MultiPolygon","coordinates":[[[[-44.97571,-20.11097],[-44.97558,-20.11217],[-44.97588,-20.11433],[-44.97643,-20.11601],[-44.97695,-20.11663],[-44.98089,-20.11384],[-44.98357,-20.11148],[-44.98495,-20.10729],[-44.98379,-20.10768],[-44.98313,-20.1077],[-44.98142,-20.10678],[-44.97571,-20.11097]]],[[[-44.9708,-20.10512],[-44.9719,-20.10653],[-44.97456,-20.10468],[-44.97305,-20.10268],[-44.97116,-20.1027],[-44.97042,-20.10323],[-44.9715,-20.1046],[-44.9708,-20.10512]]],[[[-44.96462,-20.10329],[-44.96611,-20.10255],[-44.96708,-20.10382],[-44.96872,-20.1036],[-44.96971,-20.10373],[-44.96889,-20.10271],[-44.969,-20.10078],[-44.96826,-20.10057],[-44.96609,-20.10118],[-44.96375,-20.10274],[-44.96462,-20.10329]]]]}},{"id":"112","type":"Feature","properties":{"bairro":"Santos Dumont","distrito":"Divinópolis","regiao":"Divinópolis","setores":1,"urbano":1},"geometry":{"type":"Polygon","coordinates":[[[-44.87726,-20.16979],[-44.87637,-20.17264],[-44.87674,-20.1726],[-44.87897,-20.17394],[-44.8795,-20.17316],[-44.87989,-20.17014],[-44.87726,-20.16979]]]}},{"id":"113","type":"Feature","properties":{"bairro":"Sao Bento","distrito":"Divinópolis","regiao":"Divinópolis","setores":1,"urbano":1},"geometry":{"type":"Polygon","coordinates":[[[-44.86238,-20.17259],[-44.86085,-20.17581],[-44.86024,-20.17645],[-44.85492,-20.17405],[-44.85458,-20.17423],[-44.85419,-20.17489],[-44.8534,-20.17526],[-44.85295,-20.17617],[-44.852,-20.17697],[-44.84988,-20.17775],[-44.84942,-20.17816],[-44.84839,-20.17824],[-44.84772,-20.17874],[-44.84674,-20.1805],[-44.84599,-20.18376],[-44.84579,-20.18411],[-44.84482,-20.18483],[-44.84462,-20.18647],[-44.8449,-20.18756],[-44.84482,-20.18882],[-44.85016,-20.19004],[-44.85152,-20.19063],[-44.85191,-20.19063],[-44.85244,-20.19045],[-44.85346,-20.18961],[-44.85381,-20.18857],[-44.85529,-20.18813],[-44.85607,-20.1875],[-44.85693,-20.1873],[-44.85794,-20.18749],[-44.85956,-20.1874],[-44.861,-20.18764],[-44.86207,-20.18734],[-44.86283,-20.18608],[-44.86296,-20.18509],[-44.86382,-20.1841],[-44.86419,-20.17948],[-44.86659,-20.17738],[-44.86727,-20.1762],[-44.86245,-20.17293],[-44.86238,-20.17259]]]}},{"id":"114","type":"Feature","properties":{"bairro":"Sao Cristovao","distrito":"Divinópolis","regiao":"Divinópolis","setores":3,"urbano":3},"geometry":{"type":"Polygon","coordinates":[[[-44.94517,-20.19669],[-44.94281,-20.19848],[-44.94192,-20.19749],[-44.93955,-20.19931],[-44.93406,-20.19303],[-44.93286,-20.19396],[-44.93296,-20.19474],[-44.94038,-20.20339],[-44.94196,-20.20197],[-44.94471,-20.20141],[-44.94673,-20.20287],[-44.94792,-20.20556],[-44.94894,-20.20582],[-44.94916,-20.20495],[-44.94912,-20.20418],[-44.94859,-20.20197],[-44.94863,-20.20017],[-44.94797,-20.19834],[-44.94787,-20.19748],[-44.94836,-20.19595],[-44.94798,-20.1949],[-44.94784,-20.19368],[-44.94589,-20.19522],[-44.94497,-20.19421],[-44.94382,-20.1951],[-44.94517,-20.19669]]]}},{"id":"115","type":"Feature","properties":{"bairro":"Sao Francisco","distrito":"Divinópolis","regiao":"Divinópolis","setores":1,"urbano":1},"geometry":{"type":"Polygon","coordinates":[[[-44.91843,-20.16753],[-44.91933,-20.16997],[-44.91864,-20.17021],[-44.91835,-20.16939],[-44.91697,-20.16982],[-44.91781,-20.17207],[-44.91752,-20.17267],[-44.91886,-20.17381],[-44.92023,-20.17581],[-44.92073,-20.17611],[-44.92124,-20.17551],[-44.92175,-20.17212],[-44.92187,-20.17059],[-44.92163,-20.1691],[-44.92044,-20.16687],[-44.91843,-20.16753]]]}},{"id":"116","type":"Feature","properties":{"bairro":"Sao Geraldo","distrito":"Divinópolis","regiao":"Divinópolis","setores":1,"urbano":1},"geometry":{"type":"Polygon","coordinates":[[[-44.86027,-20.1246],[-44.85976,-20.1255],[-44.85854,-20.12556],[-44.85796,-20.12617],[-44.85797,-20.12725],[-44.85736,-20.12778],[-44.85675,-20.13094],[-44.85606,-20.13176],[-44.85563,-20.13287],[-44.86227,-20.1339],[-44.86242,-20.13332],[-44.86594,-20.13391],[-44.86663,-20.13365],[-44.86622,-20.13278],[-44.86306,-20.13227],[-44.86197,-20.13154],[-44.86171,-20.13088],[-44.86169,-20.12716],[-44.86027,-20.1246]]]}},{"id":"117","type":"Feature","properties":{"bairro":"Sao Joao de Deus","distrito":"Divinópolis","regiao":"Divinópolis","setores":5,"urbano":5},"geometry":{"type":"Polygon","coordinates":[[[-44.87231,-20.14575],[-44.87306,-20.1473],[-44.87473,-20.14894],[-44.87566,-20.14944],[-44.8769,-20.14814],[-44.87763,-20.14672],[-44.87875,-20.1467],[-44.87893,-20.1429],[-44.8796,-20.14169],[-44.8807,-20.14128],[-44.88036,-20.14099],[-44.87916,-20.14105],[-44.87606,-20.1398],[-44.87565,-20.14075],[-44.87665,-20.14116],[-44.87635,-20.14182],[-44.87865,-20.14274],[-44.87863,-20.14389],[-44.87846,-20.14437],[-44.87743,-20.14394],[-44.87698,-20.14484],[-44.87598,-20.14441],[-44.87568,-20.14514],[-44.87401,-20.14446],[-44.87451,-20.14333],[-44.87345,-20.14292],[-44.87392,-20.14194],[-44.87085,-20.14082],[-44.87087,-20.14057],[-44.87039,-20.14122],[-44.87067,-20.14267],[-44.87111,-20.1433],[-44.87163,-20.14298],[-44.87191,-20.14345],[-44.87226,-20.14323],[-44.87296,-20.14398],[-44.87297,-20.14502],[-44.87231,-20.14575]]]}},{"id":"118","type":"Feature","properties":{"bairro":"Sao Jose","distrito":"Divinópolis","regiao":"Divinópolis","setores":19,"urbano":19},"geometry":{"type":"Polygon","coordinates":[[[-44.9089,-20.16704],[-44.9104,-20.16652],[-44.91013,-20.16575],[-44.90603,-20.16708],[-44.90543,-20.16547],[-44.90955,-20.16413],[-44.90894,-20.16251],[-44.90825,-20.16271],[-44.90767,-20.16109],[-44.9097,-20.16042],[-44.90878,-20.15791],[-44.91096,-20.1572],[-44.9078,-20.15411],[-44.90451,-20.14965],[-44.90337,-20.1485],[-44.90304,-20.14824],[-44.9012,-20.14851],[-44.90152,-20.14957],[-44.89979,-20.15016],[-44.90008,-20.15099],[-44.89928,-20.15137],[-44.89957,-20.15213],[-44.90047,-20.15206],[-44.90196,-20.15605],[-44.90148,-20.1558],[-44.89952,-20.15614],[-44.89925,-20.15556],[-44.89839,-20.15584],[-44.89779,-20.15889],[-44.89816,-20.16052],[-44.90065,-20.16356],[-44.90117,-20.16475],[-44.90116,-20.16629],[-44.90032,-20.16789],[-44.90262,-20.16815],[-44.90323,-20.16984],[-44.90665,-20.16867],[-44.90697,-20.1695],[-44.90951,-20.16866],[-44.9089,-20.16704]]]}},{"id":"119","type":"Feature","properties":{"bairro":"Sao Judas","distrito":"Divinópolis","regiao":"Divinópolis","setores":9,"urbano":9},"geometry":{"type":"Polygon","coordinates":[[[-44.90807,-20.17002],[-44.91027,-20.1693],[-44.91166,-20.16993],[-44.91132,-20.16896],[-44.91676,-20.16717],[-44.91702,-20.16782],[-44.91722,-20.16791],[-44.92044,-20.16687],[-44.9159,-20.16027],[-44.91096,-20.1572],[-44.90878,-20.15791],[-44.9097,-20.16042],[-44.90767,-20.16109],[-44.90825,-20.16271],[-44.90894,-20.16251],[-44.90955,-20.16413],[-44.90543,-20.16547],[-44.90603,-20.16708],[-44.91013,-20.16575],[-44.9104,-20.16652],[-44.9089,-20.16704],[-44.90951,-20.16866],[-44.90697,-20.1695],[-44.90753,-20.17109],[-44.90838,-20.17082],[-44.90807,-20.17002]]]}},{"id":"120","type":"Feature","properties":{"bairro":"Sao Lucas","distrito":"Divinópolis","regiao":"Divinópolis","setores":1,"urbano":1},"geometry":{"type":"Polygon","coordinates":[[[-44.85758,-20.13466],[-44.8583,-20.13597],[-44.85826,-20.13636],[-44.86126,-20.13671],[-44.86199,-20.13545],[-44.86227,-20.1339],[-44.85652,-20.13301],[-44.85673,-20.13365],[-44.85758,-20.13466]]]}},{"id":"121","type":"Feature","properties":{"bairro":"Sao Luiz","distrito":"Divinópolis","regiao":"Divinópolis","setores":2,"urbano":2},"geometry":{"type":"Polygon","coordinates":[[[-44.87031,-20.14185],[-44.8669,-20.14322],[-44.8671,-20.14418],[-44.86652,-20.14446],[-44.867,-20.14584],[-44.86756,-20.14581],[-44.86814,-20.14627],[-44.86936,-20.14674],[-44.87222,-20.14559],[-44.87129,-20.14355],[-44.8706,-20.14251],[-44.87039,-20.14122],[-44.87031,-20.14185]]]}},{"id":"122","type":"Feature","properties":{"bairro":"Sao Sebastiao","distrito":"Divinópolis","regiao":"Divinópolis","setores":3,"urbano":3},"geometry":{"type":"Polygon","coordinates":[[[-44.89031,-20.13184],[-44.89164,-20.13139],[-44.8915,-20.13107],[-44.89172,-20.131],[-44.89154,-20.13057],[-44.89285,-20.12984],[-44.89317,-20.13018],[-44.8931,-20.1305],[-44.89369,-20.12979],[-44.89363,-20.12933],[-44.89395,-20.12867],[-44.89232,-20.1262],[-44.89084,-20.12598],[-44.8887,-20.1281],[-44.88789,-20.12856],[-44.88669,-20.12874],[-44.88705,-20.12959],[-44.88748,-20.12944],[-44.88782,-20.13003],[-44.88923,-20.12956],[-44.88949,-20.13044],[-44.89031,-20.13184]]]}},{"id":"123","type":"Feature","properties":{"bairro":"Sao Simao","distrito":"Divinópolis","regiao":"Divinópolis","setores":4,"urbano":4},"geometry":{"type":"Polygon","coordinates":[[[-44.8387,-20.1555],[-44.84533,-20.15179],[-44.84652,-20.15046],[-44.84734,-20.14985],[-44.84865,-20.14967],[-44.84945,-20.15005],[-44.84664,-20.14717],[-44.84584,-20.14605],[-44.84477,-20.14513],[-44.84432,-20.14415],[-44.84314,-20.14275],[-44.84127,-20.142],[-44.84009,-20.14192],[-44.83871,-20.14148],[-44.83889,-20.14265],[-44.83869,-20.14323],[-44.83873,-20.14458],[-44.83842,-20.14569],[-44.83777,-20.14686],[-44.83663,-20.1475],[-44.83746,-20.14882],[-44.83535,-20.15009],[-44.8387,-20.1555]]]}},{"id":"124","type":"Feature","properties":{"bairro":"Serra Verde","distrito":"Divinópolis","regiao":"Divinópolis","setores":4,"urbano":4},"geometry":{"type":"MultiPolygon","coordinates":[[[[-44.90165,-20.11337],[-44.90327,-20.11438],[-44.90364,-20.11341],[-44.9051,-20.11391],[-44.90604,-20.1113],[-44.89994,-20.10909],[-44.89882,-20.11202],[-44.89956,-20.11203],[-44.90015,-20.11236],[-44.90058,-20.11288],[-44.90108,-20.11308],[-44.90137,-20.11349],[-44.90165,-20.11337]]],[[[-44.89997,-20.10603],[-44.90331,-20.10732],[-44.90355,-20.10669],[-44.90505,-20.10718],[-44.90582,-20.10539],[-44.90535,-20.10516],[-44.90481,-20.10456],[-44.90052,-20.10449],[-44.89997,-20.10603]]]]}},{"id":"125","type":"Feature","properties":{"bairro":"Serra das Perobas","distrito":"Santo Antônio dos Campos","regiao":"Santo Antônio dos Campos","setores":1,"urbano":0},"geometry":{"type":"Polygon","coordinates":[[[-45.02267,-20.06677],[-45.0208,-20.06749],[-45.01934,-20.06768],[-45.01802,-20.06685],[-45.01727,-20.06494],[-45.01606,-20.06532],[-45.01585,-20.06555],[-45.0154,-20.06768],[-45.01492,-20.07121],[-45.01445,-20.07147],[-45.01377,-20.07136],[-45.01189,-20.07157],[-45.01153,-20.07198],[-45.01102,-20.07365],[-45.01337,-20.07357],[-45.01679,-20.07296],[-45.01753,-20.07301],[-45.01849,-20.07349],[-45.01866,-20.07512],[-45.0204,-20.07511],[-45.02365,-20.07601],[-45.02826,-20.07842],[-45.02898,-20.07838],[-45.02983,-20.07771],[-45.03136,-20.07787],[-45.03409,-20.07956],[-45.03467,-20.08038],[-45.03523,-20.08063],[-45.03614,-20.08071],[-45.0378,-20.07957],[-45.03834,-20.07948],[-45.0413,-20.08052],[-45.04242,-20.0805],[-45.04319,-20.08123],[-45.0445,-20.08176],[-45.04675,-20.08357],[-45.05033,-20.08525],[-45.0535,-20.08598],[-45.05444,-20.08715],[-45.05568,-20.08777],[-45.05635,-20.08767],[-45.05798,-20.08656],[-45.05869,-20.0863],[-45.0611,-20.08591],[-45.06291,-20.08601],[-45.06506,-20.0851],[-45.06566,-20.08516],[-45.06921,-20.08626],[-45.06999,-20.08779],[-45.07188,-20.08952],[-45.07439,-20.0897],[-45.0767,-20.09068],[-45.07819,-20.09086],[-45.07933,-20.09139],[-45.08048,-20.09164],[-45.08222,-20.09142],[-45.0844,-20.09145],[-45.08516,-20.09115],[-45.0876,-20.08959],[-45.08796,-20.08806],[-45.08908,-20.08664],[-45.08981,-20.08613],[-45.09127,-20.08615],[-45.09662,-20.08564],[-45.09964,-20.08607],[-45.10115,-20.08555],[-45.10207,-20.08567],[-45.10325,-20.08487],[-45.10587,-20.08058],[-45.10745,-20.07888],[-45.10736,-20.07765],[-45.10768,-20.07702],[-45.10509,-20.07559],[-45.10551,-20.07493],[-45.10634,-20.07443],[-45.10708,-20.07221],[-45.10787,-20.07236],[-45.1097,-20.07225],[-45.11095,-20.07276],[-45.1124,-20.07303],[-45.11417,-20.07407],[-45.11481,-20.07515],[-45.11547,-20.07495],[-45.11568,-20.07546],[-45.11657,-20.07522],[-45.11677,-20.07479],[-45.11777,-20.07441],[-45.11914,-20.07518],[-45.1203,-20.0764],[-45.12141,-20.07658],[-45.12238,-20.0765],[-45.12226,-20.07602],[-45.12148,-20.07499],[-45.12039,-20.07425],[-45.11874,-20.07271],[-45.11664,-20.07029],[-45.11489,-20.0686],[-45.11461,-20.06731],[-45.11414,-20.06638],[-45.11311,-20.06556],[-45.11232,-20.06526],[-45.11053,-20.06504],[-45.10893,-20.06708],[-45.10818,-20.06769],[-45.10763,-20.06773],[-45.10481,-20.0668],[-45.10366,-20.06591],[-45.10277,-20.06451],[-45.10139,-20.06382],[-45.09862,-20.06349],[-45.09454,-20.06375],[-45.09228,-20.0637],[-45.08896,-20.0649],[-45.0855,-20.06673],[-45.08421,-20.06688],[-45.08347,-20.06672],[-45.08265,-20.06603],[-45.08143,-20.06388],[-45.07877,-20.06341],[-45.07819,-20.06268],[-45.07752,-20.05966],[-45.07674,-20.05779],[-45.07599,-20.05708],[-45.07295,-20.0551],[-45.07225,-20.0543],[-45.07108,-20.0518],[-45.07063,-20.04987],[-45.07048,-20.04733],[-45.07016,-20.04657],[-45.06942,-20.04584],[-45.06687,-20.04509],[-45.06547,-20.04386],[-45.06512,-20.04343],[-45.06401,-20.04044],[-45.06314,-20.03947],[-45.06229,-20.03738],[-45.05997,-20.03545],[-45.05941,-20.03418],[-45.05923,-20.03136],[-45.05881,-20.03033],[-45.05797,-20.02976],[-45.05616,-20.02938],[-45.05525,-20.02873],[-45.05414,-20.02745],[-45.053,-20.02524],[-45.05184,-20.02407],[-45.05016,-20.02309],[-45.04832,-20.02077],[-45.04674,-20.0212],[-45.04449,-20.02283],[-45.04398,-20.02402],[-45.04255,-20.02544],[-45.04213,-20.027],[-45.04122,-20.02776],[-45.0401,-20.03172],[-45.03909,-20.03363],[-45.03517,-20.03766],[-45.03511,-20.03933],[-45.03561,-20.04031],[-45.03549,-20.04103],[-45.03596,-20.04335],[-45.03586,-20.04508],[-45.03692,-20.04736],[-45.03665,-20.04867],[-45.0353,-20.05011],[-45.03564,-20.05058],[-45.03555,-20.05115],[-45.03306,-20.05256],[-45.0329,-20.05365],[-45.03305,-20.05437],[-45.03251,-20.055],[-45.03206,-20.05725],[-45.03176,-20.05779],[-45.03125,-20.05817],[-45.02942,-20.05872],[-45.02831,-20.05948],[-45.02569,-20.06344],[-45.02437,-20.06432],[-45.02428,-20.06579],[-45.02267,-20.06677]]]}},{"id":"126","type":"Feature","properties":{"bairro":"Sidil","distrito":"Divinópolis","regiao":"Divinópolis","setores":3,"urbano":3},"geometry":{"type":"Polygon","coordinates":[[[-44.89625,-20.13803],[-44.89909,-20.14559],[-44.90082,-20.14504],[-44.90045,-20.14407],[-44.90128,-20.14379],[-44.89884,-20.13716],[-44.89625,-20.13803]]]}},{"id":"127","type":"Feature","properties":{"bairro":"Tamboril","distrito":"Santo Antônio dos Campos","regiao":"Santo Antônio dos Campos","setores":2,"urbano":0},"geometry":{"type":"Polygon","coordinates":[[[-45.11502,-20.07518],[-45.11449,-20.07625],[-45.11383,-20.07666],[-45.1138,-20.07712],[-45.11215,-20.07685],[-45.10842,-20.0773],[-45.10768,-20.07702],[-45.10736,-20.07765],[-45.10737,-20.07904],[-45.10587,-20.08058],[-45.10345,-20.08468],[-45.10207,-20.08567],[-45.10115,-20.08555],[-45.09964,-20.08607],[-45.09662,-20.08564],[-45.09127,-20.08615],[-45.08981,-20.08613],[-45.08908,-20.08664],[-45.08796,-20.08806],[-45.0876,-20.08959],[-45.08454,-20.09143],[-45.08014,-20.0916],[-45.07819,-20.09086],[-45.0767,-20.09068],[-45.07439,-20.0897],[-45.07202,-20.08957],[-45.07013,-20.08796],[-45.06921,-20.08626],[-45.06542,-20.0851],[-45.06494,-20.08514],[-45.06291,-20.08601],[-45.0611,-20.08591],[-45.05869,-20.0863],[-45.05798,-20.08656],[-45.05635,-20.08767],[-45.05568,-20.08777],[-45.0552,-20.08762],[-45.05331,-20.08979],[-45.05346,-20.09057],[-45.05309,-20.0914],[-45.05318,-20.09266],[-45.05298,-20.09331],[-45.05282,-20.09633],[-45.05173,-20.09762],[-45.0519,-20.09885],[-45.05124,-20.09966],[-45.05149,-20.1002],[-45.05045,-20.1004],[-45.04979,-20.10126],[-45.04853,-20.10165],[-45.04818,-20.10225],[-45.04496,-20.10272],[-45.04482,-20.10344],[-45.04417,-20.10372],[-45.04338,-20.1038],[-45.04224,-20.10353],[-45.04154,-20.10364],[-45.04061,-20.10344],[-45.03958,-20.10364],[-45.03859,-20.10332],[-45.03479,-20.10338],[-45.03305,-20.10214],[-45.0311,-20.10217],[-45.02949,-20.10168],[-45.02837,-20.10191],[-45.02712,-20.10189],[-45.02596,-20.1023],[-45.02503,-20.10315],[-45.02467,-20.1042],[-45.02396,-20.10517],[-45.02336,-20.10542],[-45.02312,-20.10589],[-45.02255,-20.10611],[-45.02162,-20.10601],[-45.02087,-20.10656],[-45.02029,-20.10672],[-45.01997,-20.10712],[-45.01928,-20.10749],[-45.01881,-20.10813],[-45.01725,-20.10859],[-45.01523,-20.10875],[-45.01436,-20.10921],[-45.01381,-20.10899],[-45.01269,-20.10922],[-45.01221,-20.1091],[-45.01185,-20.10929],[-45.01166,-20.10916],[-45.01167,-20.10877],[-45.01077,-20.10865],[-45.00908,-20.10929],[-45.00848,-20.11002],[-45.00763,-20.1103],[-45.00735,-20.11087],[-45.00702,-20.11099],[-45.00575,-20.11037],[-45.00441,-20.11014],[-45.0034,-20.11045],[-45.00303,-20.11079],[-45.00261,-20.11062],[-45.00111,-20.10804],[-45.00109,-20.10753],[-45.00146,-20.10673],[-45.00119,-20.10616],[-45.00123,-20.10543],[-45.0006,-20.10398],[-44.99987,-20.10369],[-44.99925,-20.10313],[-44.99871,-20.1034],[-44.99844,-20.10321],[-44.99749,-20.10312],[-44.99716,-20.1036],[-44.99665,-20.10386],[-44.99645,-20.10439],[-44.99667,-20.10549],[-44.99748,-20.10619],[-44.99798,-20.10706],[-44.9981,-20.1088],[-44.99833,-20.10954],[-44.9982,-20.11036],[-44.99843,-20.11114],[-44.99825,-20.11187],[-44.99714,-20.11268],[-44.99696,-20.11361],[-44.99733,-20.11492],[-44.99784,-20.11527],[-44.99789,-20.11572],[-44.99766,-20.11598],[-44.99759,-20.1168],[-44.99775,-20.11722],[-44.99775,-20.11909],[-44.99846,-20.12021],[-44.99997,-20.12051],[-45.00016,-20.12131],[-44.99961,-20.12247],[-44.99968,-20.12361],[-45.00059,-20.12415],[-45.00221,-20.12434],[-45.00275,-20.12483],[-45.00301,-20.12544],[-45.00432,-20.12603],[-45.00575,-20.12772],[-45.00698,-20.12832],[-45.00762,-20.12886],[-45.0082,-20.13008],[-45.00868,-20.12993],[-45.00932,-20.13019],[-45.00998,-20.1301],[-45.01095,-20.1306],[-45.01149,-20.13154],[-45.01159,-20.13212],[-45.01234,-20.1331],[-45.01285,-20.13333],[-45.01365,-20.1333],[-45.01424,-20.13426],[-45.01509,-20.13456],[-45.01588,-20.13526],[-45.01637,-20.13617],[-45.01755,-20.13681],[-45.01805,-20.13687],[-45.01857,-20.13773],[-45.01841,-20.13893],[-45.01927,-20.14177],[-45.01984,-20.14241],[-45.01985,-20.143],[-45.02047,-20.14385],[-45.02111,-20.14405],[-45.0217,-20.14452],[-45.02183,-20.14491],[-45.02262,-20.14503],[-45.02416,-20.14452],[-45.02499,-20.1446],[-45.02525,-20.14473],[-45.02587,-20.14581],[-45.02776,-20.14601],[-45.02893,-20.14584],[-45.03019,-20.14703],[-45.03125,-20.14746],[-45.03158,-20.14742],[-45.03216,-20.14695],[-45.03297,-20.14693],[-45.03373,-20.14731],[-45.03511,-20.14728],[-45.03589,-20.14766],[-45.03636,-20.14751],[-45.03713,-20.14793],[-45.03822,-20.14759],[-45.03905,-20.14672],[-45.03978,-20.14677],[-45.04049,-20.14626],[-45.0422,-20.14603],[-45.04327,-20.14562],[-45.04359,-20.14524],[-45.04509,-20.14499],[-45.04596,-20.14447],[-45.04722,-20.14407],[-45.0477,-20.1436],[-45.04812,-20.14203],[-45.04866,-20.14105],[-45.04998,-20.1406],[-45.05058,-20.1407],[-45.05136,-20.14053],[-45.05384,-20.13946],[-45.05489,-20.13961],[-45.05655,-20.14051],[-45.05767,-20.14158],[-45.05797,-20.14323],[-45.05781,-20.14465],[-45.05701,-20.14655],[-45.05911,-20.14805],[-45.05998,-20.14847],[-45.06084,-20.14856],[-45.06178,-20.14824],[-45.06295,-20.14665],[-45.06416,-20.14563],[-45.06489,-20.14539],[-45.06614,-20.14566],[-45.06808,-20.14779],[-45.06885,-20.1484],[-45.07151,-20.14947],[-45.07207,-20.14948],[-45.07397,-20.14871],[-45.07775,-20.14785],[-45.0786,-20.1473],[-45.07977,-20.14573],[-45.08032,-20.14462],[-45.08186,-20.13995],[-45.08388,-20.13653],[-45.08428,-20.13508],[-45.08449,-20.13332],[-45.08506,-20.13231],[-45.08568,-20.13196],[-45.08829,-20.13178],[-45.08958,-20.12999],[-45.09085,-20.12917],[-45.09164,-20.12912],[-45.09313,-20.12939],[-45.09388,-20.12919],[-45.09434,-20.1286],[-45.09517,-20.12629],[-45.09689,-20.12273],[-45.098,-20.12152],[-45.09937,-20.12083],[-45.1023,-20.11988],[-45.1052,-20.11714],[-45.10643,-20.1167],[-45.10805,-20.11663],[-45.10915,-20.11605],[-45.10928,-20.11535],[-45.10893,-20.11401],[-45.10897,-20.11243],[-45.10918,-20.11149],[-45.11,-20.1096],[-45.11004,-20.10856],[-45.10845,-20.10318],[-45.10815,-20.10102],[-45.10685,-20.0983],[-45.10669,-20.09692],[-45.10766,-20.09486],[-45.10913,-20.09421],[-45.11199,-20.09109],[-45.11356,-20.09009],[-45.11555,-20.08825],[-45.11653,-20.08686],[-45.11932,-20.0861],[-45.12027,-20.08555],[-45.12065,-20.08496],[-45.12114,-20.0835],[-45.12128,-20.07968],[-45.12265,-20.07764],[-45.12238,-20.0765],[-45.12141,-20.07658],[-45.1203,-20.0764],[-45.11914,-20.07518],[-45.11794,-20.07445],[-45.1172,-20.07454],[-45.11677,-20.07479],[-45.11657,-20.07522],[-45.11587,-20.07545],[-45.11561,-20.07543],[-45.11543,-20.07494],[-45.11502,-20.07518]]]}},{"id":"128","type":"Feature","properties":{"bairro":"Terra Azul","distrito":"Divinópolis","regiao":"Divinópolis","setores":5,"urbano":5},"geometry":{"type":"Polygon","coordinates":[[[-44.88073,-20.18989],[-44.88536,-20.19283],[-44.88741,-20.19336],[-44.88783,-20.18644],[-44.88758,-20.18599],[-44.87686,-20.17947],[-44.87788,-20.17917],[-44.87895,-20.17916],[-44.88006,-20.17874],[-44.88275,-20.17631],[-44.88424,-20.17387],[-44.88367,-20.1741],[-44.88286,-20.17389],[-44.88181,-20.17391],[-44.8795,-20.17316],[-44.87897,-20.17394],[-44.87665,-20.1726],[-44.87649,-20.17269],[-44.87662,-20.17386],[-44.87226,-20.18028],[-44.87404,-20.18264],[-44.87844,-20.18587],[-44.87769,-20.18693],[-44.88119,-20.18929],[-44.88073,-20.18989]]]}},{"id":"129","type":"Feature","properties":{"bairro":"Tiete","distrito":"Divinópolis","regiao":"Divinópolis","setores":5,"urbano":5},"geometry":{"type":"MultiPolygon","coordinates":[[[[-44.91577,-20.14666],[-44.91917,-20.14667],[-44.91916,-20.1465],[-44.92009,-20.1464],[-44.92082,-20.14594],[-44.92237,-20.14579],[-44.92219,-20.14507],[-44.92213,-20.14014],[-44.91781,-20.1402],[-44.91783,-20.14113],[-44.9173,-20.14193],[-44.91645,-20.14227],[-44.91544,-20.14219],[-44.91577,-20.14666]]],[[[-44.91055,-20.14218],[-44.91062,-20.14537],[-44.91275,-20.14449],[-44.91422,-20.14445],[-44.91424,-20.14372],[-44.9135,-20.14371],[-44.91352,-20.14169],[-44.91246,-20.14136],[-44.91161,-20.14132],[-44.91086,-20.14168],[-44.91055,-20.14218]]]]}},{"id":"130","type":"Feature","properties":{"bairro":"Universitario","distrito":"Divinópolis","regiao":"Divinópolis","setores":3,"urbano":3},"geometry":{"type":"Polygon","coordinates":[[[-44.86169,-20.12716],[-44.86179,-20.1312],[-44.86276,-20.13218],[-44.87077,-20.13348],[-44.87072,-20.13271],[-44.87159,-20.1326],[-44.8711,-20.13163],[-44.86999,-20.13213],[-44.8695,-20.12988],[-44.8692,-20.12929],[-44.86975,-20.12904],[-44.86955,-20.12862],[-44.86968,-20.12697],[-44.86956,-20.12592],[-44.8687,-20.12397],[-44.86808,-20.12321],[-44.86782,-20.12191],[-44.86708,-20.12075],[-44.86731,-20.12017],[-44.86831,-20.11952],[-44.8648,-20.11601],[-44.86196,-20.11356],[-44.86086,-20.11439],[-44.85982,-20.11595],[-44.85932,-20.11716],[-44.85906,-20.11868],[-44.86034,-20.12486],[-44.86169,-20.12716]]]}},{"id":"131","type":"Feature","properties":{"bairro":"Vale do Sol","distrito":"Divinópolis","regiao":"Divinópolis","setores":3,"urbano":3},"geometry":{"type":"Polygon","coordinates":[[[-44.84438,-20.16301],[-44.84495,-20.16305],[-44.8456,-20.16377],[-44.8456,-20.16448],[-44.84536,-20.165],[-44.84855,-20.164],[-44.84756,-20.16174],[-44.85193,-20.16007],[-44.85095,-20.15765],[-44.85076,-20.15751],[-44.85013,-20.158],[-44.84656,-20.15957],[-44.84408,-20.15995],[-44.84276,-20.16082],[-44.84347,-20.16245],[-44.84438,-20.16301]]]}},{"id":"132","type":"Feature","properties":{"bairro":"Vila Cruzeiro","distrito":"Divinópolis","regiao":"Divinópolis","setores":5,"urbano":5},"geometry":{"type":"Polygon","coordinates":[[[-44.88978,-20.13699],[-44.89112,-20.14067],[-44.89223,-20.14032],[-44.89164,-20.13865],[-44.89249,-20.13836],[-44.8928,-20.13917],[-44.89371,-20.13888],[-44.8934,-20.13806],[-44.89427,-20.13778],[-44.89372,-20.1363],[-44.89286,-20.13659],[-44.89178,-20.13368],[-44.89022,-20.13417],[-44.88884,-20.13401],[-44.88882,-20.13459],[-44.88921,-20.13553],[-44.88635,-20.13646],[-44.88689,-20.13795],[-44.88978,-20.13699]]]}},{"id":"133","type":"Feature","properties":{"bairro":"Vila Joao Cota","distrito":"Divinópolis","regiao":"Divinópolis","setores":1,"urbano":1},"geometry":{"type":"Polygon","coordinates":[[[-44.89758,-20.15365],[-44.89829,-20.15175],[-44.89729,-20.15182],[-44.89683,-20.15152],[-44.89574,-20.15178],[-44.89475,-20.15146],[-44.89758,-20.15365]]]}},{"id":"134","type":"Feature","properties":{"bairro":"Vila Santo Antonio","distrito":"Divinópolis","regiao":"Divinópolis","setores":4,"urbano":4},"geometry":{"type":"Polygon","coordinates":[[[-44.90001,-20.14035],[-44.90203,-20.14579],[-44.90372,-20.1452],[-44.90344,-20.14414],[-44.90235,-20.14452],[-44.90197,-20.14357],[-44.90801,-20.14154],[-44.90754,-20.14034],[-44.90686,-20.14055],[-44.90645,-20.1395],[-44.90377,-20.14038],[-44.90418,-20.14144],[-44.90218,-20.14212],[-44.90134,-20.13989],[-44.90001,-20.14035]]]}},{"id":"135","type":"Feature","properties":{"bairro":"Vila das Roseiras","distrito":"Divinópolis","regiao":"Divinópolis","setores":2,"urbano":2},"geometry":{"type":"Polygon","coordinates":[[[-44.84545,-20.1769],[-44.84601,-20.17679],[-44.84571,-20.1784],[-44.8459,-20.17985],[-44.84604,-20.18008],[-44.84683,-20.18033],[-44.84731,-20.17926],[-44.84827,-20.17832],[-44.84942,-20.17816],[-44.84988,-20.17775],[-44.852,-20.17697],[-44.85295,-20.17617],[-44.85335,-20.17533],[-44.85303,-20.17481],[-44.85014,-20.1759],[-44.84958,-20.17458],[-44.84902,-20.17478],[-44.84846,-20.17347],[-44.84459,-20.1749],[-44.84545,-20.1769]]]}},{"id":"136","type":"Feature","properties":{"bairro":"Vista Alegre","distrito":"Santo Antônio dos Campos","regiao":"Santo Antônio dos Campos","setores":1,"urbano":1},"geometry":{"type":"Polygon","coordinates":[[[-44.96375,-20.10274],[-44.96239,-20.10403],[-44.96049,-20.10537],[-44.96224,-20.10818],[-44.96616,-20.10718],[-44.96852,-20.10565],[-44.96611,-20.10255],[-44.96451,-20.10334],[-44.96375,-20.10274]]]}},{"id":"137","type":"Feature","properties":{"bairro":"Vivendas da Exposicao","distrito":"Divinópolis","regiao":"Divinópolis","setores":2,"urbano":2},"geometry":{"type":"Polygon","coordinates":[[[-44.91316,-20.1874],[-44.90976,-20.18683],[-44.90807,-20.19539],[-44.90896,-20.19546],[-44.90968,-20.19505],[-44.91007,-20.19528],[-44.91125,-20.19494],[-44.91185,-20.19498],[-44.91241,-20.19464],[-44.91436,-20.19404],[-44.91607,-20.19417],[-44.91936,-20.19401],[-44.92065,-20.19422],[-44.92221,-20.1951],[-44.92327,-20.19504],[-44.92498,-20.19537],[-44.92969,-20.19411],[-44.93297,-20.19445],[-44.93286,-20.19396],[-44.92604,-20.18555],[-44.92606,-20.18472],[-44.92188,-20.18494],[-44.92168,-20.18516],[-44.92157,-20.18677],[-44.92101,-20.18744],[-44.91901,-20.18776],[-44.91609,-20.18805],[-44.91531,-20.18788],[-44.91421,-20.18731],[-44.91316,-20.1874]]]}},{"id":"138","type":"Feature","properties":{"bairro":"Xavante","distrito":"Divinópolis","regiao":"Divinópolis","setores":1,"urbano":1},"geometry":{"type":"Polygon","coordinates":[[[-44.90444,-20.11868],[-44.90746,-20.12318],[-44.90861,-20.1244],[-44.90918,-20.12633],[-44.91119,-20.12581],[-44.91202,-20.12512],[-44.91153,-20.12427],[-44.91276,-20.12311],[-44.9119,-20.12175],[-44.91078,-20.12054],[-44.90428,-20.1175],[-44.90423,-20.11773],[-44.90467,-20.11824],[-44.90444,-20.11868]]]}},{"id":"139","type":"Feature","properties":{"bairro":"Zona rural — Divinópolis","distrito":"Divinópolis","regiao":"Divinópolis","setores":15,"urbano":0},"geometry":{"type":"MultiPolygon","coordinates":[[[[-44.93442,-20.1662],[-44.93776,-20.16754],[-44.94016,-20.16901],[-44.9405,-20.16894],[-44.94092,-20.16913],[-44.94387,-20.17108],[-44.9447,-20.16999],[-44.94654,-20.17121],[-44.94557,-20.17252],[-44.94701,-20.17371],[-44.94788,-20.17723],[-44.94909,-20.1786],[-44.95123,-20.17937],[-44.9525,-20.17824],[-44.95389,-20.17567],[-44.95688,-20.17335],[-44.95781,-20.1719],[-44.95954,-20.17048],[-44.96025,-20.17016],[-44.96093,-20.16871],[-44.96103,-20.16778],[-44.96166,-20.16655],[-44.96228,-20.16591],[-44.96326,-20.16531],[-44.96411,-20.16515],[-44.96674,-20.16517],[-44.9683,-20.16589],[-44.9701,-20.16712],[-44.97237,-20.1679],[-44.97355,-20.16797],[-44.9744,-20.16855],[-44.97575,-20.17012],[-44.97723,-20.17133],[-44.97811,-20.17164],[-44.98046,-20.17185],[-44.9811,-20.17222],[-44.98247,-20.17357],[-44.98336,-20.17525],[-44.98423,-20.17635],[-44.98718,-20.17896],[-44.98772,-20.17925],[-44.98826,-20.1802],[-44.9877,-20.18118],[-44.98641,-20.18275],[-44.98563,-20.18468],[-44.98597,-20.18594],[-44.98681,-20.18692],[-44.98686,-20.18784],[-44.98718,-20.18813],[-44.98851,-20.18861],[-44.99009,-20.18766],[-44.9912,-20.18731],[-44.9926,-20.18737],[-44.99338,-20.18768],[-44.99421,-20.18845],[-44.99499,-20.18956],[-44.99694,-20.19538],[-44.99767,-20.19623],[-44.99814,-20.19614],[-44.99867,-20.19546],[-44.99918,-20.1934],[-45.00051,-20.19109],[-45.00112,-20.18898],[-45.00146,-20.1885],[-45.00238,-20.18759],[-45.00416,-20.18646],[-45.00681,-20.1853],[-45.00759,-20.18434],[-45.00739,-20.18364],[-45.00628,-20.18234],[-45.00583,-20.18115],[-45.00561,-20.1796],[-45.00598,-20.17781],[-45.00771,-20.17379],[-45.00784,-20.17194],[-45.00841,-20.17102],[-45.00772,-20.17098],[-45.0071,-20.1706],[-45.00512,-20.1683],[-45.00334,-20.16531],[-45.00275,-20.16487],[-45.00107,-20.16429],[-44.99955,-20.16402],[-44.99721,-20.16401],[-44.99656,-20.16436],[-44.99456,-20.1647],[-44.99341,-20.16512],[-44.98867,-20.16725],[-44.98501,-20.16796],[-44.98308,-20.16777],[-44.9805,-20.16668],[-44.97802,-20.16533],[-44.97721,-20.1645],[-44.97701,-20.16398],[-44.97381,-20.15979],[-44.97337,-20.15892],[-44.97328,-20.15814],[-44.97257,-20.15679],[-44.97027,-20.15507],[-44.96944,-20.15365],[-44.96748,-20.15183],[-44.96572,-20.1509],[-44.96366,-20.15021],[-44.96218,-20.14923],[-44.96096,-20.14734],[-44.96012,-20.14387],[-44.95934,-20.14296],[-44.95862,-20.14242],[-44.95676,-20.14204],[-44.95549,-20.14084],[-44.95303,-20.14082],[-44.95105,-20.14044],[-44.94987,-20.13953],[-44.94977,-20.13854],[-44.94999,-20.13772],[-44.95169,-20.13643],[-44.95236,-20.13566],[-44.9527,-20.13489],[-44.95284,-20.13386],[-44.95164,-20.13207],[-44.95147,-20.13124],[-44.9518,-20.13042],[-44.95306,-20.12872],[-44.95317,-20.12786],[-44.95303,-20.12668],[-44.95261,-20.12585],[-44.95188,-20.12549],[-44.94803,-20.12479],[-44.94644,-20.12296],[-44.94594,-20.12138],[-44.94569,-20.11964],[-44.94607,-20.11563],[-44.94511,-20.11305],[-44.94291,-20.11375],[-44.94167,-20.11228],[-44.94075,-20.112],[-44.9401,-20.11204],[-44.93867,-20.11257],[-44.93607,-20.11645],[-44.93644,-20.11702],[-44.93608,-20.11721],[-44.93506,-20.11717],[-44.9341,-20.11679],[-44.93383,-20.11579],[-44.93338,-20.11541],[-44.93131,-20.11463],[-44.93019,-20.11443],[-44.93371,-20.11056],[-44.93322,-20.10996],[-44.93168,-20.10703],[-44.93076,-20.10591],[-44.92711,-20.10302],[-44.92398,-20.10155],[-44.92329,-20.09962],[-44.92403,-20.09421],[-44.92365,-20.09342],[-44.92423,-20.09175],[-44.92381,-20.08623],[-44.92549,-20.08553],[-44.92659,-20.08468],[-44.92784,-20.0835],[-44.92875,-20.08185],[-44.92991,-20.08049],[-44.93113,-20.07971],[-44.93159,-20.07869],[-44.932,-20.07886],[-44.93243,-20.0776],[-44.93277,-20.07476],[-44.93359,-20.07294],[-44.93573,-20.0709],[-44.93693,-20.07005],[-44.93893,-20.06917],[-44.94097,-20.06791],[-44.94324,-20.06752],[-44.94538,-20.06691],[-44.94751,-20.06587],[-44.94733,-20.06644],[-44.94758,-20.06721],[-44.9484,-20.06758],[-44.948,-20.06645],[-44.94812,-20.06537],[-44.9484,-20.06482],[-44.94795,-20.06438],[-44.94788,-20.06387],[-44.94674,-20.06325],[-44.94586,-20.06306],[-44.94381,-20.06092],[-44.94327,-20.0599],[-44.94333,-20.05936],[-44.943,-20.05915],[-44.94296,-20.05841],[-44.94222,-20.05783],[-44.94208,-20.05739],[-44.94148,-20.05713],[-44.94115,-20.05592],[-44.94148,-20.05545],[-44.94149,-20.05514],[-44.94223,-20.0546],[-44.94241,-20.05373],[-44.94223,-20.05341],[-44.94231,-20.05302],[-44.94186,-20.05305],[-44.94165,-20.05273],[-44.94199,-20.05207],[-44.94145,-20.05146],[-44.94148,-20.04987],[-44.94166,-20.04931],[-44.94204,-20.04852],[-44.9444,-20.04605],[-44.94599,-20.04549],[-44.94618,-20.04523],[-44.94573,-20.04372],[-44.94612,-20.04219],[-44.94615,-20.04113],[-44.94671,-20.03997],[-44.94682,-20.03891],[-44.94618,-20.03025],[-44.95156,-20.02407],[-44.95218,-20.02139],[-44.95377,-20.01887],[-44.95702,-20.01407],[-44.95875,-20.01223],[-44.96332,-20.006],[-44.96802,-20.00343],[-44.96969,-20.00278],[-44.97044,-20.00223],[-44.97097,-20.00109],[-44.97046,-19.99894],[-44.9706,-19.99783],[-44.97094,-19.99691],[-44.97072,-19.99634],[-44.96971,-19.99539],[-44.96785,-19.99455],[-44.96587,-19.99319],[-44.96488,-19.9928],[-44.96403,-19.99211],[-44.9634,-19.99115],[-44.96313,-19.99011],[-44.96294,-19.9871],[-44.96221,-19.98487],[-44.96143,-19.98352],[-44.96063,-19.98287],[-44.95922,-19.98214],[-44.95854,-19.9814],[-44.958,-19.98044],[-44.95791,-19.97904],[-44.95837,-19.97612],[-44.95835,-19.97462],[-44.9582,-19.97412],[-44.95674,-19.9726],[-44.95633,-19.9717],[-44.95631,-19.97108],[-44.95636,-19.9706],[-44.95781,-19.96807],[-44.95798,-19.96709],[-44.95786,-19.96568],[-44.95699,-19.96449],[-44.95505,-19.96306],[-44.95488,-19.96256],[-44.95599,-19.96088],[-44.9568,-19.95897],[-44.95762,-19.95764],[-44.95821,-19.95691],[-44.9594,-19.95599],[-44.96064,-19.95452],[-44.96183,-19.95139],[-44.9647,-19.94742],[-44.96587,-19.94643],[-44.96718,-19.94595],[-44.96791,-19.94533],[-44.96837,-19.94351],[-44.9682,-19.9416],[-44.96662,-19.9379],[-44.96484,-19.9348],[-44.95858,-19.93413],[-44.95732,-19.93455],[-44.95515,-19.93666],[-44.9536,-19.93703],[-44.9526,-19.93769],[-44.9509,-19.93985],[-44.95066,-19.94077],[-44.95073,-19.9421],[-44.95034,-19.94236],[-44.94786,-19.94206],[-44.94487,-19.94219],[-44.9439,-19.94162],[-44.94278,-19.93996],[-44.94203,-19.93937],[-44.93992,-19.93861],[-44.9378,-19.9381],[-44.93384,-19.93773],[-44.93246,-19.93821],[-44.93136,-19.93913],[-44.92939,-19.93968],[-44.92716,-19.93996],[-44.92616,-19.93975],[-44.92495,-19.93823],[-44.924,-19.93802],[-44.92315,-19.93848],[-44.9223,-19.93931],[-44.92013,-19.94193],[-44.91931,-19.9425],[-44.91882,-19.9425],[-44.91661,-19.94144],[-44.91593,-19.9402],[-44.91581,-19.93816],[-44.91511,-19.93751],[-44.91289,-19.93712],[-44.91068,-19.93712],[-44.9092,-19.93664],[-44.90752,-19.93661],[-44.90595,-19.93691],[-44.905,-19.93647],[-44.90337,-19.93454],[-44.90276,-19.93326],[-44.90133,-19.93103],[-44.8989,-19.92946],[-44.89749,-19.92905],[-44.89664,-19.92859],[-44.89526,-19.92836],[-44.89441,-19.92792],[-44.89375,-19.92718],[-44.89252,-19.92509],[-44.89084,-19.92399],[-44.88951,-19.92274],[-44.88802,-19.92084],[-44.88783,-19.91973],[-44.88786,-19.91825],[-44.88654,-19.91863],[-44.88555,-19.91916],[-44.88399,-19.92079],[-44.8829,-19.92265],[-44.88139,-19.92674],[-44.88065,-19.92991],[-44.88058,-19.93138],[-44.88111,-19.93285],[-44.88291,-19.93519],[-44.88301,-19.93621],[-44.88245,-19.93701],[-44.88036,-19.93763],[-44.87817,-19.93868],[-44.87685,-19.94013],[-44.87668,-19.94054],[-44.8771,-19.9414],[-44.87809,-19.94241],[-44.87819,-19.94333],[-44.87746,-19.94468],[-44.87704,-19.94496],[-44.8732,-19.94606],[-44.8724,-19.9467],[-44.87196,-19.9476],[-44.87196,-19.94822],[-44.87257,-19.95005],[-44.8732,-19.95097],[-44.87412,-19.95148],[-44.87468,-19.95157],[-44.87665,-19.95118],[-44.87808,-19.95063],[-44.87962,-19.95045],[-44.88047,-19.95089],[-44.88192,-19.95291],[-44.88238,-19.95328],[-44.88377,-19.95383],[-44.88506,-19.95328],[-44.88822,-19.95106],[-44.8889,-19.95011],[-44.88927,-19.94873],[-44.89029,-19.94713],[-44.8918,-19.94566],[-44.89313,-19.94527],[-44.89469,-19.94525],[-44.89576,-19.94566],[-44.89836,-19.94775],[-44.90032,-19.9489],[-44.90261,-19.94971],[-44.90411,-19.94989],[-44.90472,-19.95015],[-44.9056,-19.95077],[-44.90584,-19.95127],[-44.90615,-19.95311],[-44.90584,-19.95447],[-44.90479,-19.95571],[-44.90209,-19.95702],[-44.89993,-19.95761],[-44.89905,-19.95812],[-44.89876,-19.95853],[-44.89857,-19.95947],[-44.89874,-19.95991],[-44.90002,-19.96145],[-44.90077,-19.96271],[-44.90211,-19.96407],[-44.90296,-19.96467],[-44.90456,-19.9652],[-44.9068,-19.96525],[-44.90996,-19.96375],[-44.91149,-19.96357],[-44.91195,-19.96376],[-44.91215,-19.96472],[-44.91173,-19.96608],[-44.91161,-19.96766],[-44.91195,-19.96805],[-44.91543,-19.96863],[-44.91635,-19.96916],[-44.91696,-19.97003],[-44.91696,-19.97097],[-44.91637,-19.97185],[-44.91632,-19.97228],[-44.91661,-19.97419],[-44.91656,-19.97523],[-44.91622,-19.97628],[-44.91583,-19.97686],[-44.9151,-19.97741],[-44.91455,-19.97748],[-44.91355,-19.9772],[-44.91214,-19.97571],[-44.91085,-19.97481],[-44.90978,-19.9746],[-44.90529,-19.97451],[-44.90478,-19.97464],[-44.90405,-19.97531],[-44.90346,-19.97717],[-44.903,-19.97795],[-44.90229,-19.97876],[-44.90115,-19.97963],[-44.89933,-19.98039],[-44.89714,-19.98006],[-44.8959,-19.9802],[-44.89527,-19.98064],[-44.89558,-19.98165],[-44.89699,-19.98303],[-44.89942,-19.98592],[-44.90029,-19.98776],[-44.90024,-19.98866],[-44.89973,-19.98972],[-44.89947,-19.99008],[-44.89769,-19.99107],[-44.89769,-19.99162],[-44.89849,-19.99298],[-44.89966,-19.99385],[-44.90085,-19.99512],[-44.90109,-19.99647],[-44.90036,-19.99771],[-44.89895,-19.99836],[-44.89739,-19.99858],[-44.89693,-19.99934],[-44.89704,-20.00049],[-44.89723,-20.00083],[-44.89975,-20.00268],[-44.89974,-20.00316],[-44.89948,-20.00336],[-44.89769,-20.00384],[-44.89464,-20.0042],[-44.89393,-20.00483],[-44.89328,-20.00644],[-44.8927,-20.0067],[-44.89104,-20.00664],[-44.8875,-20.0055],[-44.88739,-20.0063],[-44.88758,-20.00707],[-44.88791,-20.00744],[-44.88926,-20.01038],[-44.88994,-20.01231],[-44.89018,-20.01453],[-44.89067,-20.01538],[-44.8915,-20.01546],[-44.89193,-20.01642],[-44.89188,-20.01765],[-44.89128,-20.01955],[-44.89116,-20.02108],[-44.89073,-20.02205],[-44.88987,-20.02301],[-44.88864,-20.02551],[-44.88842,-20.02765],[-44.88869,-20.02901],[-44.88761,-20.02989],[-44.88582,-20.03022],[-44.88503,-20.0301],[-44.88129,-20.0303],[-44.88016,-20.03023],[-44.8778,-20.02967],[-44.87673,-20.02974],[-44.87632,-20.03043],[-44.87627,-20.03206],[-44.87689,-20.0342],[-44.8768,-20.03491],[-44.87381,-20.03585],[-44.8712,-20.03702],[-44.86687,-20.03705],[-44.86612,-20.038],[-44.86608,-20.03878],[-44.86707,-20.04229],[-44.86814,-20.04323],[-44.87025,-20.04654],[-44.87147,-20.04753],[-44.8717,-20.04803],[-44.87158,-20.04851],[-44.87077,-20.04954],[-44.86889,-20.05094],[-44.86827,-20.05181],[-44.86818,-20.05228],[-44.8686,-20.05252],[-44.87067,-20.05233],[-44.87257,-20.05258],[-44.87302,-20.05322],[-44.87313,-20.05418],[-44.87411,-20.05541],[-44.87788,-20.05585],[-44.87926,-20.05631],[-44.88181,-20.05758],[-44.8852,-20.05876],[-44.88581,-20.05874],[-44.88716,-20.05917],[-44.8881,-20.06017],[-44.88895,-20.06228],[-44.88897,-20.06287],[-44.88891,-20.06385],[-44.8883,-20.06519],[-44.88802,-20.06643],[-44.88811,-20.0701],[-44.8878,-20.07199],[-44.88828,-20.07355],[-44.88827,-20.0743],[-44.88792,-20.07494],[-44.88676,-20.07568],[-44.88602,-20.07586],[-44.88322,-20.07558],[-44.88033,-20.07569],[-44.87979,-20.07586],[-44.87932,-20.07556],[-44.87892,-20.07498],[-44.87888,-20.07367],[-44.87922,-20.07204],[-44.87892,-20.07155],[-44.87723,-20.07116],[-44.87368,-20.06934],[-44.87205,-20.06877],[-44.86992,-20.06855],[-44.86711,-20.06871],[-44.86627,-20.06895],[-44.86455,-20.07017],[-44.86385,-20.07136],[-44.86357,-20.07539],[-44.86219,-20.08142],[-44.86194,-20.08757],[-44.86177,-20.08833],[-44.86076,-20.09036],[-44.8616,-20.09131],[-44.86361,-20.09194],[-44.86398,-20.09223],[-44.865,-20.09239],[-44.86542,-20.0927],[-44.86541,-20.09379],[-44.8659,-20.09447],[-44.86654,-20.09479],[-44.86783,-20.09494],[-44.86934,-20.09545],[-44.87047,-20.09531],[-44.8713,-20.09601],[-44.87312,-20.09697],[-44.87481,-20.09718],[-44.87506,-20.09759],[-44.87461,-20.09819],[-44.87576,-20.09855],[-44.87688,-20.0982],[-44.87758,-20.09765],[-44.87912,-20.09539],[-44.88025,-20.09299],[-44.88125,-20.0917],[-44.88307,-20.09237],[-44.88282,-20.09377],[-44.8832,-20.0943],[-44.88371,-20.09448],[-44.88118,-20.10151],[-44.88179,-20.10111],[-44.88289,-20.10105],[-44.88342,-20.10057],[-44.88388,-20.10068],[-44.88575,-20.1028],[-44.88636,-20.10317],[-44.88744,-20.10542],[-44.88851,-20.10677],[-44.89056,-20.1114],[-44.89176,-20.11077],[-44.89397,-20.11056],[-44.89467,-20.11027],[-44.89743,-20.11136],[-44.89768,-20.11165],[-44.90052,-20.10449],[-44.90481,-20.10456],[-44.90535,-20.10516],[-44.90664,-20.10596],[-44.90758,-20.10623],[-44.90762,-20.10657],[-44.9095,-20.10564],[-44.91034,-20.10557],[-44.91157,-20.10622],[-44.91221,-20.10631],[-44.91282,-20.10689],[-44.91339,-20.10523],[-44.91879,-20.10822],[-44.91636,-20.11571],[-44.91595,-20.11619],[-44.91671,-20.11617],[-44.91705,-20.11717],[-44.91839,-20.11958],[-44.91963,-20.12051],[-44.9193,-20.1214],[-44.91834,-20.12288],[-44.91837,-20.12319],[-44.9197,-20.12509],[-44.92088,-20.12608],[-44.92112,-20.12654],[-44.92335,-20.12608],[-44.92745,-20.12396],[-44.9325,-20.12174],[-44.93453,-20.12058],[-44.93563,-20.12273],[-44.9347,-20.12322],[-44.93282,-20.1249],[-44.93124,-20.12536],[-44.93047,-20.12584],[-44.92965,-20.12779],[-44.92895,-20.12863],[-44.92872,-20.12927],[-44.9292,-20.1311],[-44.93011,-20.13125],[-44.9308,-20.13109],[-44.93118,-20.13157],[-44.93194,-20.13188],[-44.93304,-20.13201],[-44.93354,-20.13276],[-44.93442,-20.13296],[-44.93546,-20.13406],[-44.92999,-20.13955],[-44.9309,-20.13982],[-44.93126,-20.14016],[-44.93172,-20.14018],[-44.93268,-20.14114],[-44.93308,-20.14128],[-44.93348,-20.14194],[-44.93444,-20.14473],[-44.93364,-20.1468],[-44.93312,-20.14716],[-44.93283,-20.1479],[-44.93257,-20.14873],[-44.93255,-20.1503],[-44.93213,-20.15081],[-44.93218,-20.15158],[-44.93156,-20.152],[-44.93137,-20.15255],[-44.93062,-20.15332],[-44.93021,-20.15345],[-44.93067,-20.15359],[-44.93174,-20.15276],[-44.93289,-20.15222],[-44.934,-20.15252],[-44.93476,-20.15206],[-44.93571,-20.15198],[-44.93729,-20.15095],[-44.93785,-20.15037],[-44.93843,-20.15012],[-44.94053,-20.15083],[-44.94043,-20.15114],[-44.94069,-20.15303],[-44.94034,-20.15431],[-44.94125,-20.15653],[-44.94104,-20.15855],[-44.94159,-20.15872],[-44.94204,-20.15841],[-44.94316,-20.15876],[-44.94277,-20.15935],[-44.94296,-20.16167],[-44.94284,-20.16278],[-44.94194,-20.16243],[-44.94081,-20.16233],[-44.93972,-20.16085],[-44.93987,-20.16193],[-44.93905,-20.16296],[-44.93897,-20.16386],[-44.93468,-20.1624],[-44.93383,-20.16464],[-44.93483,-20.165],[-44.93442,-20.1662]]],[[[-44.82993,-20.28252],[-44.8321,-20.28402],[-44.83314,-20.28456],[-44.83499,-20.28692],[-44.83647,-20.28767],[-44.83774,-20.28778],[-44.83868,-20.2881],[-44.8395,-20.28888],[-44.83982,-20.28893],[-44.84168,-20.29052],[-44.84284,-20.292],[-44.84313,-20.29299],[-44.84507,-20.29404],[-44.84672,-20.29537],[-44.84841,-20.29538],[-44.85081,-20.29373],[-44.85188,-20.29341],[-44.85555,-20.29439],[-44.85721,-20.29445],[-44.8595,-20.29514],[-44.86012,-20.29587],[-44.86034,-20.29701],[-44.86026,-20.29832],[-44.86063,-20.29939],[-44.86154,-20.30058],[-44.8634,-20.3013],[-44.86426,-20.30262],[-44.86508,-20.30347],[-44.86597,-20.30399],[-44.86668,-20.30508],[-44.86724,-20.30675],[-44.86814,-20.30659],[-44.86883,-20.30723],[-44.87055,-20.30631],[-44.87251,-20.30416],[-44.87315,-20.30372],[-44.87369,-20.30353],[-44.87554,-20.30369],[-44.87643,-20.30354],[-44.88125,-20.30468],[-44.88193,-20.30504],[-44.88241,-20.30605],[-44.88254,-20.3071],[-44.88366,-20.30884],[-44.88473,-20.30869],[-44.88554,-20.30818],[-44.8858,-20.30721],[-44.8862,-20.30685],[-44.88679,-20.30563],[-44.88715,-20.30334],[-44.88583,-20.30067],[-44.88493,-20.29975],[-44.88419,-20.29796],[-44.88374,-20.29755],[-44.88357,-20.29667],[-44.88297,-20.29617],[-44.88261,-20.29473],[-44.88191,-20.29342],[-44.8816,-20.29199],[-44.88215,-20.29125],[-44.88234,-20.29035],[-44.88273,-20.29007],[-44.88285,-20.28961],[-44.88335,-20.28957],[-44.88401,-20.29],[-44.88542,-20.28991],[-44.88593,-20.2892],[-44.88603,-20.28852],[-44.8858,-20.2881],[-44.88552,-20.2863],[-44.88625,-20.28475],[-44.88738,-20.28454],[-44.8879,-20.28401],[-44.88813,-20.284],[-44.88861,-20.28451],[-44.88884,-20.28453],[-44.88924,-20.28528],[-44.88952,-20.28537],[-44.89143,-20.28554],[-44.89218,-20.28521],[-44.89215,-20.2827],[-44.89275,-20.28204],[-44.89281,-20.28128],[-44.89184,-20.28042],[-44.89187,-20.27889],[-44.89256,-20.27877],[-44.89338,-20.27816],[-44.8936,-20.27906],[-44.89411,-20.27913],[-44.89526,-20.27847],[-44.89584,-20.27768],[-44.89588,-20.27719],[-44.89536,-20.27595],[-44.89515,-20.27485],[-44.89583,-20.27259],[-44.89569,-20.27209],[-44.89489,-20.27038],[-44.89396,-20.26961],[-44.89302,-20.26932],[-44.89262,-20.26814],[-44.89206,-20.26778],[-44.89192,-20.26732],[-44.892,-20.26554],[-44.89258,-20.26416],[-44.89295,-20.2639],[-44.89344,-20.26307],[-44.89357,-20.26226],[-44.89393,-20.26159],[-44.89385,-20.26068],[-44.89551,-20.26123],[-44.89626,-20.26066],[-44.89638,-20.26042],[-44.89625,-20.26022],[-44.89662,-20.25948],[-44.89712,-20.25954],[-44.89737,-20.25917],[-44.89888,-20.25823],[-44.89915,-20.25824],[-44.89926,-20.25849],[-44.89952,-20.25981],[-44.90024,-20.25983],[-44.90034,-20.25958],[-44.90064,-20.25948],[-44.90082,-20.25882],[-44.90123,-20.25826],[-44.90208,-20.2575],[-44.90299,-20.25839],[-44.90302,-20.25863],[-44.90438,-20.25909],[-44.90504,-20.25865],[-44.9055,-20.25794],[-44.90659,-20.25707],[-44.90824,-20.2551],[-44.90888,-20.25462],[-44.91063,-20.25434],[-44.91105,-20.2546],[-44.91163,-20.25545],[-44.91259,-20.25565],[-44.91366,-20.25364],[-44.91513,-20.25258],[-44.91634,-20.25042],[-44.91628,-20.24978],[-44.91567,-20.24908],[-44.91502,-20.24887],[-44.91448,-20.2483],[-44.91422,-20.24781],[-44.91435,-20.24711],[-44.91338,-20.24704],[-44.91303,-20.24673],[-44.91311,-20.24572],[-44.91273,-20.24482],[-44.91234,-20.24456],[-44.91228,-20.24381],[-44.91257,-20.24338],[-44.91319,-20.24301],[-44.91355,-20.24206],[-44.91377,-20.24198],[-44.91455,-20.24194],[-44.91531,-20.24262],[-44.91577,-20.24267],[-44.91612,-20.24224],[-44.91648,-20.24117],[-44.91669,-20.24107],[-44.91703,-20.24142],[-44.91743,-20.24114],[-44.91743,-20.23995],[-44.91649,-20.2397],[-44.91606,-20.23915],[-44.91517,-20.2387],[-44.91493,-20.23827],[-44.91482,-20.2371],[-44.91319,-20.2359],[-44.91241,-20.23496],[-44.91226,-20.23452],[-44.91242,-20.23363],[-44.91165,-20.23357],[-44.91128,-20.23267],[-44.91002,-20.2322],[-44.90998,-20.23198],[-44.90999,-20.23071],[-44.91031,-20.23005],[-44.9116,-20.22988],[-44.91191,-20.22947],[-44.91224,-20.22727],[-44.91295,-20.22627],[-44.9127,-20.22588],[-44.9133,-20.22553],[-44.91375,-20.22604],[-44.91417,-20.22602],[-44.91414,-20.22558],[-44.91317,-20.22466],[-44.91267,-20.22372],[-44.9124,-20.22152],[-44.91274,-20.21998],[-44.91142,-20.22005],[-44.9102,-20.22048],[-44.90968,-20.22018],[-44.90877,-20.21878],[-44.90822,-20.2187],[-44.90787,-20.21882],[-44.90683,-20.22026],[-44.90652,-20.22026],[-44.90536,-20.21917],[-44.90522,-20.21818],[-44.90551,-20.21775],[-44.90594,-20.21755],[-44.90685,-20.21762],[-44.90807,-20.2174],[-44.90887,-20.21539],[-44.90795,-20.21442],[-44.9071,-20.21418],[-44.90676,-20.21386],[-44.90666,-20.21335],[-44.90619,-20.21292],[-44.90438,-20.21252],[-44.90367,-20.21144],[-44.90172,-20.21155],[-44.89903,-20.211],[-44.89833,-20.21068],[-44.89553,-20.21021],[-44.89539,-20.20957],[-44.89509,-20.20941],[-44.89376,-20.20954],[-44.89324,-20.20911],[-44.89333,-20.20718],[-44.89309,-20.20696],[-44.89149,-20.20701],[-44.89076,-20.20803],[-44.89044,-20.20804],[-44.8903,-20.20757],[-44.89057,-20.20727],[-44.89051,-20.20647],[-44.89024,-20.20617],[-44.88972,-20.20603],[-44.88864,-20.2067],[-44.88839,-20.20803],[-44.88679,-20.20858],[-44.88649,-20.20906],[-44.886,-20.20905],[-44.88492,-20.20949],[-44.88462,-20.2103],[-44.8847,-20.21122],[-44.88401,-20.21152],[-44.88028,-20.21207],[-44.87883,-20.21246],[-44.87724,-20.21229],[-44.87564,-20.21154],[-44.87508,-20.21055],[-44.87372,-20.20965],[-44.87299,-20.20934],[-44.8717,-20.2092],[-44.87031,-20.20788],[-44.87018,-20.20882],[-44.86941,-20.21028],[-44.86896,-20.21078],[-44.86783,-20.21072],[-44.86473,-20.21149],[-44.86421,-20.21177],[-44.86257,-20.21365],[-44.86191,-20.21392],[-44.86073,-20.21389],[-44.85821,-20.21431],[-44.85735,-20.21479],[-44.85596,-20.21506],[-44.85463,-20.21403],[-44.85253,-20.21394],[-44.8517,-20.21458],[-44.85126,-20.21597],[-44.85026,-20.2167],[-44.84975,-20.21754],[-44.84716,-20.21896],[-44.84667,-20.21947],[-44.84644,-20.21954],[-44.8444,-20.21897],[-44.84297,-20.21807],[-44.84123,-20.21746],[-44.83885,-20.21754],[-44.83715,-20.21805],[-44.83602,-20.21868],[-44.83397,-20.21926],[-44.83277,-20.22063],[-44.83318,-20.219],[-44.83294,-20.21852],[-44.83214,-20.21778],[-44.83179,-20.21685],[-44.83172,-20.2103],[-44.83045,-20.20809],[-44.82976,-20.20318],[-44.82944,-20.20214],[-44.82852,-20.20152],[-44.825,-20.20031],[-44.8239,-20.19964],[-44.82069,-20.19823],[-44.81639,-20.19753],[-44.81505,-20.19752],[-44.81418,-20.19664],[-44.81299,-20.19583],[-44.81193,-20.19559],[-44.81143,-20.19512],[-44.81008,-20.19449],[-44.80876,-20.1944],[-44.80767,-20.19392],[-44.80602,-20.19356],[-44.80173,-20.19344],[-44.80109,-20.19316],[-44.79888,-20.18951],[-44.79762,-20.18865],[-44.79741,-20.18769],[-44.79698,-20.18691],[-44.79628,-20.18658],[-44.79543,-20.18574],[-44.79541,-20.18382],[-44.79467,-20.18295],[-44.79411,-20.18295],[-44.79345,-20.18218],[-44.79282,-20.18225],[-44.7925,-20.18261],[-44.792,-20.18279],[-44.79042,-20.18304],[-44.78983,-20.18353],[-44.78963,-20.18454],[-44.7892,-20.18479],[-44.78814,-20.18448],[-44.78754,-20.18552],[-44.78732,-20.18671],[-44.78654,-20.18757],[-44.78462,-20.18829],[-44.78383,-20.18898],[-44.78452,-20.19176],[-44.78848,-20.19395],[-44.79055,-20.1965],[-44.78871,-20.19814],[-44.78773,-20.19935],[-44.78077,-20.19507],[-44.78046,-20.19591],[-44.77991,-20.1966],[-44.77952,-20.19687],[-44.7778,-20.19727],[-44.77759,-20.19819],[-44.77957,-20.19928],[-44.7802,-20.19987],[-44.78066,-20.20101],[-44.78075,-20.20222],[-44.78059,-20.2024],[-44.78032,-20.20223],[-44.77963,-20.20085],[-44.77862,-20.19995],[-44.77703,-20.19995],[-44.77582,-20.20036],[-44.77519,-20.20078],[-44.7751,-20.20122],[-44.77538,-20.202],[-44.77568,-20.20495],[-44.77529,-20.2056],[-44.77352,-20.20721],[-44.77116,-20.2084],[-44.77043,-20.20923],[-44.76961,-20.20981],[-44.76698,-20.21027],[-44.76616,-20.21083],[-44.76602,-20.21103],[-44.76611,-20.21212],[-44.76704,-20.21353],[-44.76747,-20.21454],[-44.76736,-20.21476],[-44.76399,-20.21499],[-44.76355,-20.21521],[-44.76311,-20.21586],[-44.76303,-20.21746],[-44.76343,-20.21774],[-44.76482,-20.21792],[-44.76509,-20.21843],[-44.76501,-20.21896],[-44.76445,-20.21984],[-44.76345,-20.22073],[-44.76264,-20.22109],[-44.76198,-20.22071],[-44.76144,-20.22065],[-44.76094,-20.22072],[-44.76001,-20.22125],[-44.75925,-20.22133],[-44.758,-20.22068],[-44.75637,-20.22067],[-44.75243,-20.22208],[-44.75223,-20.22251],[-44.75226,-20.22345],[-44.75242,-20.22363],[-44.754,-20.22376],[-44.75425,-20.22417],[-44.75407,-20.2246],[-44.75283,-20.22589],[-44.75249,-20.22767],[-44.75177,-20.2284],[-44.75071,-20.22875],[-44.7502,-20.22926],[-44.75061,-20.23136],[-44.75019,-20.23406],[-44.75061,-20.23611],[-44.7512,-20.237],[-44.7522,-20.2372],[-44.754,-20.2381],[-44.75726,-20.2387],[-44.7576,-20.23904],[-44.7607,-20.24015],[-44.76177,-20.24118],[-44.76271,-20.24297],[-44.76304,-20.24416],[-44.76794,-20.24093],[-44.76924,-20.24127],[-44.77122,-20.24143],[-44.77329,-20.24117],[-44.77604,-20.24416],[-44.77642,-20.24491],[-44.77652,-20.24573],[-44.77525,-20.24804],[-44.77526,-20.24834],[-44.77605,-20.24962],[-44.77822,-20.24956],[-44.7798,-20.25043],[-44.78153,-20.25083],[-44.78317,-20.25202],[-44.78376,-20.25307],[-44.78469,-20.25602],[-44.78533,-20.25729],[-44.78859,-20.26001],[-44.79033,-20.26217],[-44.79111,-20.26282],[-44.79278,-20.26389],[-44.79495,-20.2648],[-44.79562,-20.26482],[-44.7967,-20.26582],[-44.79724,-20.26586],[-44.80073,-20.26321],[-44.80163,-20.26274],[-44.80218,-20.26287],[-44.8049,-20.26607],[-44.80932,-20.26947],[-44.80961,-20.2701],[-44.80948,-20.27133],[-44.81018,-20.27256],[-44.81086,-20.27443],[-44.81092,-20.27666],[-44.81123,-20.27735],[-44.81167,-20.27774],[-44.81251,-20.27799],[-44.8133,-20.27793],[-44.81465,-20.27883],[-44.81731,-20.27975],[-44.81788,-20.28023],[-44.82104,-20.28129],[-44.82124,-20.28104],[-44.82103,-20.27962],[-44.82115,-20.27914],[-44.82308,-20.27881],[-44.82359,-20.27905],[-44.82392,-20.27978],[-44.82501,-20.2808],[-44.82588,-20.28128],[-44.82667,-20.28145],[-44.82783,-20.28251],[-44.82834,-20.28268],[-44.82993,-20.28252]]]]}},{"id":"140","type":"Feature","properties":{"bairro":"Zona rural — Santo Antônio dos Campos","distrito":"Santo Antônio dos Campos","regiao":"Santo Antônio dos Campos","setores":5,"urbano":0},"geometry":{"type":"MultiPolygon","coordinates":[[[[-44.93202,-20.07886],[-44.93343,-20.07926],[-44.93432,-20.08028],[-44.93537,-20.07959],[-44.93792,-20.08088],[-44.9392,-20.08121],[-44.94044,-20.08266],[-44.94176,-20.0838],[-44.94222,-20.08279],[-44.94447,-20.0833],[-44.94477,-20.08427],[-44.94552,-20.08414],[-44.94585,-20.08376],[-44.94701,-20.08394],[-44.94723,-20.08453],[-44.94677,-20.08794],[-44.94433,-20.08955],[-44.94656,-20.09239],[-44.94944,-20.09465],[-44.95328,-20.09612],[-44.9549,-20.09718],[-44.9564,-20.09779],[-44.95869,-20.09976],[-44.96103,-20.10063],[-44.96375,-20.10274],[-44.96609,-20.10118],[-44.96826,-20.10057],[-44.96864,-20.10075],[-44.96999,-20.1006],[-44.97219,-20.10086],[-44.9734,-20.10044],[-44.97392,-20.10052],[-44.97499,-20.10145],[-44.97792,-20.09923],[-44.97864,-20.09888],[-44.97876,-20.0977],[-44.97813,-20.09671],[-44.97707,-20.09373],[-44.9772,-20.09349],[-44.97775,-20.09358],[-44.97799,-20.09338],[-44.97789,-20.09178],[-44.97822,-20.09091],[-44.97802,-20.08943],[-44.9782,-20.08797],[-44.97797,-20.08743],[-44.97663,-20.08681],[-44.97587,-20.08604],[-44.97539,-20.08531],[-44.97546,-20.08478],[-44.97526,-20.08443],[-44.97413,-20.08364],[-44.973,-20.08323],[-44.97175,-20.08141],[-44.97092,-20.08107],[-44.97024,-20.08043],[-44.96909,-20.08019],[-44.96742,-20.07903],[-44.9669,-20.07804],[-44.96673,-20.07712],[-44.96622,-20.07657],[-44.96538,-20.07635],[-44.96476,-20.07596],[-44.9646,-20.07578],[-44.96457,-20.07491],[-44.96392,-20.07495],[-44.96371,-20.0743],[-44.96311,-20.07406],[-44.96237,-20.07337],[-44.96147,-20.07349],[-44.96071,-20.07268],[-44.95946,-20.07243],[-44.95948,-20.07196],[-44.95893,-20.07194],[-44.95888,-20.07144],[-44.95831,-20.07133],[-44.95824,-20.0709],[-44.95705,-20.07069],[-44.95657,-20.07032],[-44.95608,-20.07025],[-44.95575,-20.07072],[-44.95486,-20.07079],[-44.95419,-20.0714],[-44.95379,-20.07144],[-44.95299,-20.07086],[-44.95188,-20.07055],[-44.95093,-20.06982],[-44.94796,-20.06877],[-44.94845,-20.06766],[-44.94758,-20.06721],[-44.94733,-20.06644],[-44.94751,-20.06587],[-44.94538,-20.06691],[-44.94063,-20.06805],[-44.93893,-20.06917],[-44.93693,-20.07005],[-44.93573,-20.0709],[-44.93379,-20.07269],[-44.93297,-20.07419],[-44.93262,-20.07539],[-44.93243,-20.0776],[-44.93202,-20.07886]]],[[[-45.10842,-20.0773],[-45.11215,-20.07685],[-45.1138,-20.07712],[-45.11383,-20.07666],[-45.11455,-20.07618],[-45.11504,-20.07514],[-45.11472,-20.07508],[-45.11417,-20.07407],[-45.1124,-20.07303],[-45.11095,-20.07276],[-45.1097,-20.07225],[-45.10787,-20.07236],[-45.10708,-20.07221],[-45.10634,-20.07443],[-45.10551,-20.07493],[-45.10509,-20.07559],[-45.10842,-20.0773]]],[[[-44.9892,-20.04575],[-44.98938,-20.04682],[-44.98903,-20.04773],[-44.99168,-20.04762],[-44.99608,-20.04902],[-44.99687,-20.0489],[-44.99638,-20.04775],[-44.99629,-20.04689],[-44.99642,-20.04548],[-44.99618,-20.04477],[-44.99654,-20.0448],[-45.00151,-20.04639],[-45.00435,-20.0483],[-45.00608,-20.04898],[-45.00655,-20.04976],[-45.0071,-20.05494],[-45.00858,-20.05673],[-45.00922,-20.05789],[-45.00931,-20.05865],[-45.00909,-20.06059],[-45.00923,-20.06154],[-45.00957,-20.06211],[-45.0103,-20.06263],[-45.01088,-20.06337],[-45.01184,-20.06525],[-45.014,-20.06708],[-45.0143,-20.06916],[-45.01516,-20.06975],[-45.0154,-20.06768],[-45.01598,-20.06537],[-45.01899,-20.06445],[-45.01923,-20.06416],[-45.01941,-20.06432],[-45.02049,-20.06348],[-45.02088,-20.0638],[-45.02135,-20.06376],[-45.02162,-20.064],[-45.02257,-20.06409],[-45.02318,-20.06397],[-45.02339,-20.0637],[-45.02437,-20.06432],[-45.02569,-20.06344],[-45.02847,-20.05933],[-45.02942,-20.05872],[-45.03163,-20.05792],[-45.03206,-20.05725],[-45.03251,-20.055],[-45.03305,-20.05437],[-45.0329,-20.05365],[-45.03306,-20.05256],[-45.0354,-20.05132],[-45.03567,-20.05073],[-45.0353,-20.05011],[-45.03645,-20.04893],[-45.03688,-20.04813],[-45.03687,-20.04717],[-45.03586,-20.04508],[-45.03596,-20.04335],[-45.03549,-20.04103],[-45.03561,-20.04031],[-45.03511,-20.03933],[-45.03519,-20.03759],[-45.03858,-20.03433],[-45.03909,-20.03363],[-45.0401,-20.03172],[-45.04122,-20.02776],[-45.04213,-20.027],[-45.04255,-20.02544],[-45.04398,-20.02402],[-45.04449,-20.02283],[-45.04674,-20.0212],[-45.04832,-20.02077],[-45.04748,-20.01999],[-45.0455,-20.01916],[-45.04527,-20.01878],[-45.0455,-20.01807],[-45.04712,-20.01741],[-45.04794,-20.01654],[-45.04807,-20.01609],[-45.04788,-20.01349],[-45.04717,-20.01169],[-45.04489,-20.00964],[-45.04448,-20.00876],[-45.04445,-20.00807],[-45.04392,-20.00639],[-45.04383,-20.00394],[-45.04399,-20.00126],[-45.0443,-20.00013],[-45.04511,-19.9985],[-45.04524,-19.99703],[-45.04559,-19.99585],[-45.04552,-19.99541],[-45.04435,-19.99365],[-45.0428,-19.99192],[-45.04199,-19.99126],[-45.04088,-19.99169],[-45.03989,-19.99264],[-45.0387,-19.99465],[-45.03721,-19.99655],[-45.03683,-19.99766],[-45.03542,-19.99994],[-45.03381,-20.00017],[-45.02963,-20.00395],[-45.02711,-20.00589],[-45.02567,-20.00676],[-45.02418,-20.00694],[-45.02297,-20.00597],[-45.02202,-20.00567],[-45.02084,-20.00593],[-45.01988,-20.00668],[-45.01957,-20.00854],[-45.01895,-20.00979],[-45.0181,-20.01024],[-45.01526,-20.01037],[-45.01403,-20.00989],[-45.01158,-20.00848],[-45.00842,-20.00834],[-45.00685,-20.0092],[-45.00554,-20.01041],[-45.00486,-20.01077],[-44.9994,-20.01194],[-44.99743,-20.01168],[-44.99665,-20.01133],[-44.99645,-20.01088],[-44.9963,-20.00795],[-44.99649,-20.00617],[-44.99609,-20.00529],[-44.99544,-20.00483],[-44.99463,-20.00472],[-44.9942,-20.00495],[-44.99342,-20.0056],[-44.99215,-20.00611],[-44.98948,-20.00768],[-44.98902,-20.00833],[-44.98648,-20.00895],[-44.98624,-20.00889],[-44.98505,-20.00763],[-44.98152,-20.00643],[-44.97946,-20.0041],[-44.97598,-20.00115],[-44.97502,-20.00075],[-44.97415,-20.00125],[-44.97387,-20.00162],[-44.97362,-20.00302],[-44.97343,-20.0032],[-44.97217,-20.00254],[-44.97097,-20.00109],[-44.97044,-20.00223],[-44.96969,-20.00278],[-44.96802,-20.00343],[-44.96332,-20.006],[-44.95875,-20.01223],[-44.95702,-20.01407],[-44.95377,-20.01887],[-44.95218,-20.02139],[-44.95156,-20.02407],[-44.94618,-20.03025],[-44.94682,-20.03891],[-44.94671,-20.03997],[-44.94615,-20.04113],[-44.94612,-20.04219],[-44.94573,-20.04372],[-44.94618,-20.04523],[-44.94792,-20.04528],[-44.94906,-20.04467],[-44.94949,-20.04398],[-44.95108,-20.04294],[-44.95154,-20.0423],[-44.95509,-20.04136],[-44.95894,-20.03741],[-44.95927,-20.03728],[-44.9668,-20.03849],[-44.97038,-20.03815],[-44.97298,-20.03847],[-44.97396,-20.03896],[-44.97585,-20.0393],[-44.97687,-20.04119],[-44.9803,-20.04122],[-44.98247,-20.04153],[-44.98443,-20.04275],[-44.98598,-20.04305],[-44.9892,-20.04575]]]]}}]}