{"type":"FeatureCollection","features":[{"id":"0","type":"Feature","properties":{"bairro":"Aarão Reis","distrito":"Venda Nova","regiao":"Norte","setores":6,"urbano":6},"geometry":{"type":"Polygon","coordinates":[[[-43.91717,-19.84759],[-43.91939,-19.8492],[-43.92018,-19.85022],[-43.92026,-19.84945],[-43.92126,-19.8494],[-43.92073,-19.84803],[-43.92197,-19.84693],[-43.92446,-19.84636],[-43.92653,-19.84704],[-43.92755,-19.84761],[-43.92871,-19.84764],[-43.92929,-19.84545],[-43.92831,-19.84449],[-43.924,-19.84418],[-43.92296,-19.84458],[-43.91905,-19.8468],[-43.91864,-19.84615],[-43.91795,-19.84619],[-43.91753,-19.84723],[-43.91717,-19.84759]]]}},{"id":"1","type":"Feature","properties":{"bairro":"Acaba Mundo","distrito":"Belo Horizonte","regiao":"Centro-Sul","setores":2,"urbano":2},"geometry":{"type":"Polygon","coordinates":[[[-43.92915,-19.96208],[-43.92941,-19.96272],[-43.93013,-19.96256],[-43.93045,-19.96284],[-43.92996,-19.96122],[-43.92948,-19.96158],[-43.92908,-19.96078],[-43.92922,-19.96063],[-43.92905,-19.96047],[-43.92913,-19.9601],[-43.9287,-19.96002],[-43.92867,-19.95982],[-43.92831,-19.95985],[-43.92832,-19.96023],[-43.928,-19.96014],[-43.92779,-19.96062],[-43.92742,-19.96072],[-43.92744,-19.96161],[-43.928,-19.96185],[-43.92847,-19.96161],[-43.92915,-19.96208]]]}},{"id":"2","type":"Feature","properties":{"bairro":"Acaiaca","distrito":"Venda Nova","regiao":"Nordeste","setores":6,"urbano":6},"geometry":{"type":"Polygon","coordinates":[[[-43.89208,-19.84735],[-43.89414,-19.84783],[-43.89508,-19.8475],[-43.89642,-19.84778],[-43.89663,-19.84714],[-43.89702,-19.84737],[-43.8981,-19.84587],[-43.89891,-19.84688],[-43.89925,-19.84705],[-43.89883,-19.84559],[-43.89758,-19.84402],[-43.89705,-19.84421],[-43.89688,-19.8441],[-43.89691,-19.84319],[-43.89339,-19.84131],[-43.8908,-19.84293],[-43.89165,-19.8452],[-43.89196,-19.84563],[-43.89247,-19.84587],[-43.89208,-19.84735]]]}},{"id":"3","type":"Feature","properties":{"bairro":"Ademar Maldonado","distrito":"Barreiro","regiao":"Barreiro","setores":3,"urbano":3},"geometry":{"type":"Polygon","coordinates":[[[-44.02568,-19.98414],[-44.02879,-19.98402],[-44.02864,-19.98256],[-44.02912,-19.98061],[-44.02774,-19.97939],[-44.02718,-19.98174],[-44.02461,-19.98127],[-44.02418,-19.98303],[-44.02451,-19.98319],[-44.02415,-19.98317],[-44.02401,-19.98368],[-44.02568,-19.98414]]]}},{"id":"4","type":"Feature","properties":{"bairro":"Aeroporto","distrito":"Belo Horizonte","regiao":"Pampulha","setores":5,"urbano":5},"geometry":{"type":"Polygon","coordinates":[[[-43.95552,-19.85599],[-43.95731,-19.8577],[-43.95738,-19.85838],[-43.95864,-19.85789],[-43.95956,-19.85898],[-43.96019,-19.85725],[-43.95947,-19.85703],[-43.95926,-19.85642],[-43.9589,-19.85662],[-43.95905,-19.85687],[-43.9586,-19.85713],[-43.95838,-19.8566],[-43.95787,-19.85693],[-43.95773,-19.85673],[-43.958,-19.85658],[-43.95798,-19.85633],[-43.95888,-19.85588],[-43.95724,-19.85354],[-43.95608,-19.85263],[-43.95719,-19.85117],[-43.95754,-19.85098],[-43.9581,-19.85116],[-43.96521,-19.8497],[-43.96664,-19.8486],[-43.96716,-19.84508],[-43.96612,-19.84515],[-43.9661,-19.84475],[-43.96545,-19.84397],[-43.94406,-19.84878],[-43.94199,-19.85079],[-43.93598,-19.85301],[-43.93787,-19.85795],[-43.93881,-19.8576],[-43.93866,-19.8572],[-43.93929,-19.85694],[-43.93948,-19.85734],[-43.93985,-19.85719],[-43.93971,-19.85685],[-43.93992,-19.85675],[-43.94011,-19.85714],[-43.94405,-19.85573],[-43.94399,-19.85557],[-43.94772,-19.85433],[-43.9483,-19.85475],[-43.94873,-19.85465],[-43.95031,-19.85398],[-43.95219,-19.8528],[-43.95263,-19.85417],[-43.95304,-19.85474],[-43.95552,-19.85599]]]}},{"id":"5","type":"Feature","properties":{"bairro":"Alpes","distrito":"Belo Horizonte","regiao":"Oeste","setores":6,"urbano":6},"geometry":{"type":"Polygon","coordinates":[[[-43.96629,-19.95635],[-43.96772,-19.95185],[-43.96699,-19.95209],[-43.96609,-19.95203],[-43.96589,-19.95186],[-43.96552,-19.95208],[-43.9653,-19.95313],[-43.96576,-19.9532],[-43.96559,-19.95393],[-43.96358,-19.95345],[-43.96347,-19.95386],[-43.96241,-19.95378],[-43.96234,-19.95406],[-43.96184,-19.95396],[-43.9618,-19.95424],[-43.96127,-19.95411],[-43.96157,-19.95297],[-43.96095,-19.95283],[-43.96101,-19.95267],[-43.96075,-19.95262],[-43.96083,-19.95225],[-43.96048,-19.95218],[-43.95854,-19.95528],[-43.95965,-19.9557],[-43.96069,-19.95369],[-43.96089,-19.95373],[-43.96056,-19.9548],[-43.96312,-19.95525],[-43.96302,-19.95561],[-43.96404,-19.95559],[-43.96521,-19.95644],[-43.96551,-19.95588],[-43.96629,-19.95635]]]}},{"id":"6","type":"Feature","properties":{"bairro":"Alta Tensão","distrito":"Barreiro","regiao":"Barreiro","setores":2,"urbano":2},"geometry":{"type":"Polygon","coordinates":[[[-44.00045,-19.96798],[-44.00138,-19.96492],[-44.00143,-19.96417],[-44.00187,-19.96405],[-44.00184,-19.96386],[-44.00128,-19.96395],[-44.0009,-19.96596],[-44.00012,-19.96788],[-44.00045,-19.96798]]]}},{"id":"7","type":"Feature","properties":{"bairro":"Alta Tensão I","distrito":"Barreiro","regiao":"Barreiro","setores":5,"urbano":5},"geometry":{"type":"MultiPolygon","coordinates":[[[[-43.99206,-19.97281],[-43.9923,-19.97318],[-43.99212,-19.9734],[-43.99264,-19.97351],[-43.99268,-19.97304],[-43.9938,-19.97249],[-43.99438,-19.97325],[-43.99465,-19.97307],[-43.99488,-19.97334],[-43.99524,-19.97294],[-43.99475,-19.97202],[-43.99591,-19.97142],[-43.99567,-19.97098],[-43.99363,-19.972],[-43.99317,-19.97191],[-43.99206,-19.97281]]],[[[-43.99606,-19.97092],[-43.99633,-19.97137],[-43.99681,-19.97165],[-43.9987,-19.9714],[-43.99894,-19.97078],[-43.99633,-19.97015],[-43.99567,-19.97098],[-43.99606,-19.97092]]]]}},{"id":"8","type":"Feature","properties":{"bairro":"Alto Barroca","distrito":"Belo Horizonte","regiao":"Oeste","setores":11,"urbano":11},"geometry":{"type":"Polygon","coordinates":[[[-43.97013,-19.93667],[-43.9713,-19.93498],[-43.9718,-19.93385],[-43.9717,-19.93088],[-43.97185,-19.93053],[-43.97045,-19.93092],[-43.96694,-19.93112],[-43.96573,-19.93563],[-43.97013,-19.93667]]]}},{"id":"9","type":"Feature","properties":{"bairro":"Alto Caiçaras","distrito":"Belo Horizonte","regiao":"Noroeste","setores":17,"urbano":17},"geometry":{"type":"Polygon","coordinates":[[[-43.97201,-19.90178],[-43.97475,-19.90202],[-43.97499,-19.90185],[-43.9755,-19.90234],[-43.97673,-19.90142],[-43.97881,-19.90037],[-43.97862,-19.8998],[-43.97999,-19.89898],[-43.9802,-19.89911],[-43.98024,-19.90019],[-43.98038,-19.89999],[-43.98143,-19.89992],[-43.98144,-19.89917],[-43.98168,-19.89897],[-43.97883,-19.89392],[-43.97795,-19.89302],[-43.9759,-19.89183],[-43.97444,-19.8919],[-43.97242,-19.89122],[-43.97132,-19.89313],[-43.97159,-19.89564],[-43.9706,-19.89691],[-43.96904,-19.89822],[-43.96879,-19.89967],[-43.96823,-19.90007],[-43.96996,-19.90126],[-43.97196,-19.90401],[-43.97201,-19.90178]]]}},{"id":"10","type":"Feature","properties":{"bairro":"Alto Vera Cruz","distrito":"Belo Horizonte","regiao":"Leste","setores":36,"urbano":36},"geometry":{"type":"Polygon","coordinates":[[[-43.89127,-19.91708],[-43.89189,-19.91693],[-43.89213,-19.91663],[-43.89219,-19.91582],[-43.8932,-19.91419],[-43.89536,-19.90521],[-43.8945,-19.90476],[-43.89343,-19.90367],[-43.8928,-19.90345],[-43.89115,-19.90388],[-43.88934,-19.90488],[-43.88792,-19.90619],[-43.88834,-19.90671],[-43.88736,-19.908],[-43.88792,-19.91033],[-43.88848,-19.91125],[-43.88857,-19.91216],[-43.88848,-19.91292],[-43.88812,-19.91368],[-43.88812,-19.91498],[-43.88762,-19.91682],[-43.88789,-19.91672],[-43.88816,-19.91687],[-43.8886,-19.91716],[-43.88858,-19.91737],[-43.88985,-19.91697],[-43.89107,-19.91745],[-43.89127,-19.91708]]]}},{"id":"11","type":"Feature","properties":{"bairro":"Alto das Antenas","distrito":"Barreiro","regiao":"Barreiro","setores":1,"urbano":1},"geometry":{"type":"Polygon","coordinates":[[[-43.98735,-19.99311],[-43.98734,-19.99548],[-43.98692,-19.99626],[-43.98694,-19.99685],[-43.98728,-19.99716],[-43.98709,-19.99782],[-43.98783,-19.99818],[-43.98932,-19.99943],[-43.98972,-20.00035],[-43.99077,-19.99822],[-43.98995,-19.99795],[-43.9902,-19.99711],[-43.98993,-19.99669],[-43.98956,-19.99496],[-43.98845,-19.99429],[-43.98735,-19.99311]]]}},{"id":"12","type":"Feature","properties":{"bairro":"Alto dos Pinheiros","distrito":"Belo Horizonte","regiao":"Noroeste","setores":9,"urbano":9},"geometry":{"type":"Polygon","coordinates":[[[-44.00173,-19.93427],[-44.00188,-19.93358],[-44.00322,-19.93311],[-44.00462,-19.93358],[-44.0046,-19.9344],[-44.00601,-19.93318],[-44.00743,-19.93277],[-44.00731,-19.93042],[-44.00607,-19.92636],[-44.00477,-19.92625],[-44.00492,-19.9265],[-44.00428,-19.92693],[-44.00503,-19.92795],[-43.99778,-19.93278],[-44.00038,-19.93333],[-44.00035,-19.93398],[-44.00173,-19.93427]]]}},{"id":"13","type":"Feature","properties":{"bairro":"Alípio de Melo","distrito":"Belo Horizonte","regiao":"Pampulha","setores":14,"urbano":14},"geometry":{"type":"Polygon","coordinates":[[[-44.00309,-19.90398],[-44.00595,-19.89822],[-44.00654,-19.89772],[-44.00764,-19.89728],[-44.00812,-19.89689],[-44.0089,-19.89372],[-44.00783,-19.89244],[-44.00643,-19.88544],[-43.99987,-19.89099],[-43.99874,-19.89152],[-43.99963,-19.89328],[-44.00088,-19.89739],[-44.00129,-19.89779],[-44.00207,-19.89815],[-44.00178,-19.89899],[-44.00006,-19.8995],[-43.99978,-19.9016],[-44.0023,-19.904],[-44.00207,-19.90449],[-44.00309,-19.90398]]]}},{"id":"14","type":"Feature","properties":{"bairro":"Ambrosina","distrito":"Belo Horizonte","regiao":"Oeste","setores":2,"urbano":2},"geometry":{"type":"Polygon","coordinates":[[[-43.9836,-19.93731],[-43.98434,-19.93829],[-43.98518,-19.938],[-43.98336,-19.93573],[-43.98271,-19.93362],[-43.98237,-19.93475],[-43.982,-19.93492],[-43.9819,-19.93528],[-43.98207,-19.93549],[-43.98196,-19.93568],[-43.98166,-19.93561],[-43.98169,-19.93619],[-43.9823,-19.93644],[-43.98234,-19.93682],[-43.98319,-19.937],[-43.98307,-19.93746],[-43.9836,-19.93731]]]}},{"id":"15","type":"Feature","properties":{"bairro":"Anchieta","distrito":"Belo Horizonte","regiao":"Centro-Sul","setores":31,"urbano":31},"geometry":{"type":"Polygon","coordinates":[[[-43.92914,-19.9539],[-43.93145,-19.94817],[-43.93027,-19.94395],[-43.92997,-19.94436],[-43.92895,-19.94453],[-43.92721,-19.94548],[-43.92682,-19.94596],[-43.92562,-19.94653],[-43.92306,-19.94895],[-43.92266,-19.94856],[-43.9226,-19.94944],[-43.92228,-19.94913],[-43.92146,-19.94915],[-43.92105,-19.94959],[-43.92217,-19.95037],[-43.92226,-19.95163],[-43.92277,-19.95237],[-43.92396,-19.95266],[-43.92652,-19.95411],[-43.92914,-19.9539]]]}},{"id":"16","type":"Feature","properties":{"bairro":"Andiroba","distrito":"Belo Horizonte","regiao":"Nordeste","setores":1,"urbano":1},"geometry":{"type":"Polygon","coordinates":[[[-43.92533,-19.86486],[-43.92555,-19.86558],[-43.92596,-19.86547],[-43.92644,-19.86701],[-43.92723,-19.86681],[-43.9261,-19.86435],[-43.92557,-19.86407],[-43.92533,-19.86486]]]}},{"id":"17","type":"Feature","properties":{"bairro":"Antena Montanhês","distrito":"Belo Horizonte","regiao":"Pampulha","setores":1,"urbano":1},"geometry":{"type":"Polygon","coordinates":[[[-43.98488,-19.89681],[-43.9853,-19.89709],[-43.98552,-19.89758],[-43.9859,-19.89678],[-43.98642,-19.89641],[-43.9867,-19.8965],[-43.98694,-19.89624],[-43.98717,-19.89628],[-43.98735,-19.89595],[-43.9877,-19.8961],[-43.98789,-19.89572],[-43.98584,-19.89555],[-43.98488,-19.89681]]]}},{"id":"18","type":"Feature","properties":{"bairro":"Antônio Ribeiro de Abreu 1ª Seção","distrito":"Venda Nova","regiao":"Nordeste","setores":3,"urbano":3},"geometry":{"type":"MultiPolygon","coordinates":[[[[-43.90462,-19.8377],[-43.90506,-19.8378],[-43.90528,-19.83894],[-43.90525,-19.8396],[-43.90487,-19.84001],[-43.90498,-19.84012],[-43.9058,-19.83919],[-43.90568,-19.83723],[-43.90515,-19.83699],[-43.90462,-19.8377]]],[[[-43.90367,-19.83341],[-43.90399,-19.83395],[-43.90606,-19.83456],[-43.90644,-19.83505],[-43.90642,-19.83672],[-43.9067,-19.83649],[-43.90701,-19.83594],[-43.9064,-19.83439],[-43.90578,-19.8339],[-43.90419,-19.83322],[-43.90377,-19.8331],[-43.90367,-19.83341]]],[[[-43.90224,-19.82862],[-43.9023,-19.82889],[-43.90195,-19.82923],[-43.90221,-19.82954],[-43.90265,-19.82942],[-43.90318,-19.82812],[-43.90291,-19.82806],[-43.90224,-19.82862]]]]}},{"id":"19","type":"Feature","properties":{"bairro":"Aparecida","distrito":"Belo Horizonte","regiao":"Noroeste","setores":18,"urbano":18},"geometry":{"type":"Polygon","coordinates":[[[-43.95763,-19.89826],[-43.95879,-19.89693],[-43.95916,-19.89533],[-43.95985,-19.89411],[-43.95957,-19.89364],[-43.95798,-19.89205],[-43.95578,-19.88902],[-43.95438,-19.8878],[-43.95412,-19.8876],[-43.95267,-19.88754],[-43.95184,-19.8871],[-43.95117,-19.88718],[-43.95,-19.88885],[-43.9497,-19.88962],[-43.94963,-19.89046],[-43.95,-19.89298],[-43.94899,-19.89611],[-43.94852,-19.89699],[-43.94721,-19.89857],[-43.94615,-19.9005],[-43.9482,-19.90128],[-43.94824,-19.90086],[-43.94732,-19.9005],[-43.94739,-19.90012],[-43.94708,-19.90003],[-43.94742,-19.89951],[-43.95053,-19.9014],[-43.95035,-19.90023],[-43.95123,-19.90024],[-43.95313,-19.89848],[-43.95316,-19.89767],[-43.95099,-19.89755],[-43.95091,-19.89664],[-43.95167,-19.89324],[-43.95345,-19.89402],[-43.95338,-19.89496],[-43.95779,-19.8957],[-43.95726,-19.89819],[-43.95763,-19.89826]]]}},{"id":"20","type":"Feature","properties":{"bairro":"Aparecida Sétima Seção","distrito":"Belo Horizonte","regiao":"Noroeste","setores":10,"urbano":10},"geometry":{"type":"Polygon","coordinates":[[[-43.96252,-19.89414],[-43.96454,-19.89383],[-43.96453,-19.89315],[-43.96497,-19.8919],[-43.96649,-19.8908],[-43.96733,-19.88913],[-43.9671,-19.88906],[-43.96679,-19.88932],[-43.96627,-19.88901],[-43.96597,-19.88924],[-43.96561,-19.88889],[-43.96503,-19.88934],[-43.96455,-19.8889],[-43.96422,-19.88908],[-43.96348,-19.88823],[-43.96386,-19.88792],[-43.96356,-19.8879],[-43.96303,-19.88737],[-43.9635,-19.88692],[-43.96287,-19.88631],[-43.9587,-19.88986],[-43.95774,-19.89175],[-43.95957,-19.89364],[-43.96046,-19.89526],[-43.96252,-19.89414]],[[-43.96563,-19.8902],[-43.96578,-19.8904],[-43.96544,-19.8907],[-43.96584,-19.89086],[-43.96507,-19.89084],[-43.96507,-19.89056],[-43.96563,-19.8902]]]}},{"id":"21","type":"Feature","properties":{"bairro":"Apolônia","distrito":"Venda Nova","regiao":"Venda Nova","setores":13,"urbano":13},"geometry":{"type":"MultiPolygon","coordinates":[[[[-43.98935,-19.82971],[-43.99183,-19.83],[-43.99186,-19.82985],[-43.99213,-19.82987],[-43.99223,-19.82896],[-43.9936,-19.8288],[-43.99364,-19.82849],[-43.99297,-19.82829],[-43.993,-19.82801],[-43.99334,-19.82802],[-43.99343,-19.8272],[-43.99284,-19.82714],[-43.99286,-19.82691],[-43.99214,-19.82669],[-43.99231,-19.8252],[-43.9909,-19.82501],[-43.99093,-19.82469],[-43.99067,-19.82466],[-43.99064,-19.82503],[-43.99034,-19.82498],[-43.9903,-19.82527],[-43.98917,-19.82516],[-43.98921,-19.82483],[-43.98897,-19.82482],[-43.98906,-19.82388],[-43.98895,-19.8245],[-43.98859,-19.82446],[-43.98852,-19.82507],[-43.98798,-19.8249],[-43.98797,-19.82439],[-43.98751,-19.82435],[-43.98748,-19.82469],[-43.98869,-19.82577],[-43.98856,-19.82703],[-43.98797,-19.82698],[-43.98794,-19.82731],[-43.98852,-19.82737],[-43.98848,-19.82768],[-43.98761,-19.82757],[-43.98756,-19.82793],[-43.98954,-19.82813],[-43.98957,-19.82905],[-43.98935,-19.82971]]],[[[-43.98935,-19.82357],[-43.98906,-19.82388],[-43.98988,-19.82396],[-43.98992,-19.82363],[-43.98935,-19.82357]]]]}},{"id":"22","type":"Feature","properties":{"bairro":"Araguaia","distrito":"Barreiro","regiao":"Barreiro","setores":28,"urbano":28},"geometry":{"type":"Polygon","coordinates":[[[-44.00613,-19.99584],[-44.0083,-19.98838],[-44.00647,-19.9874],[-44.00621,-19.98789],[-43.99861,-19.98393],[-43.99856,-19.98423],[-43.99802,-19.98349],[-43.99601,-19.9824],[-43.99514,-19.98217],[-43.99484,-19.98344],[-43.99328,-19.98309],[-43.99029,-19.98597],[-43.99122,-19.98614],[-43.98964,-19.98748],[-43.99247,-19.98929],[-43.99312,-19.98961],[-43.99384,-19.98968],[-43.99445,-19.98959],[-43.99553,-19.98899],[-43.99763,-19.98933],[-44.00088,-19.99281],[-44.00127,-19.99402],[-44.00613,-19.99584]]]}},{"id":"23","type":"Feature","properties":{"bairro":"Bacurau","distrito":"Venda Nova","regiao":"Norte","setores":1,"urbano":1},"geometry":{"type":"Polygon","coordinates":[[[-43.94554,-19.82668],[-43.94579,-19.82647],[-43.94535,-19.82633],[-43.94515,-19.82594],[-43.94471,-19.82585],[-43.94469,-19.82609],[-43.94554,-19.82668]]]}},{"id":"24","type":"Feature","properties":{"bairro":"Bairro Novo das Indústrias","distrito":"Barreiro","regiao":"Barreiro","setores":11,"urbano":11},"geometry":{"type":"MultiPolygon","coordinates":[[[[-43.9945,-19.97787],[-43.99407,-19.97718],[-43.99744,-19.97464],[-43.99811,-19.97497],[-43.99834,-19.97482],[-43.99861,-19.97495],[-44.00381,-19.97773],[-44.00429,-19.97742],[-44.0051,-19.97773],[-43.99976,-19.97135],[-43.99894,-19.97078],[-43.9987,-19.9714],[-43.99693,-19.97164],[-43.99633,-19.97137],[-43.99606,-19.97092],[-43.99567,-19.97098],[-43.99591,-19.97142],[-43.99475,-19.97202],[-43.99524,-19.97294],[-43.99488,-19.97334],[-43.99465,-19.97307],[-43.99438,-19.97325],[-43.9938,-19.97249],[-43.99268,-19.97304],[-43.99264,-19.97351],[-43.99212,-19.9734],[-43.99143,-19.97407],[-43.99133,-19.97477],[-43.99089,-19.97521],[-43.99079,-19.97558],[-43.99121,-19.97663],[-43.99187,-19.97653],[-43.99287,-19.97775],[-43.99317,-19.97861],[-43.99361,-19.97833],[-43.99367,-19.97808],[-43.9945,-19.97787]]],[[[-43.99567,-19.97098],[-43.99633,-19.97015],[-43.99645,-19.96845],[-43.99675,-19.96784],[-43.99632,-19.96663],[-43.9927,-19.96937],[-43.99063,-19.97178],[-43.99136,-19.97268],[-43.99111,-19.97301],[-43.99125,-19.97324],[-43.99177,-19.97271],[-43.99206,-19.97281],[-43.99302,-19.97197],[-43.99363,-19.972],[-43.99567,-19.97098]]]]}},{"id":"25","type":"Feature","properties":{"bairro":"Bairro das Indústrias I","distrito":"Barreiro","regiao":"Barreiro","setores":17,"urbano":17},"geometry":{"type":"Polygon","coordinates":[[[-43.99894,-19.97078],[-43.99976,-19.97135],[-44.005,-19.97754],[-44.00604,-19.97958],[-44.00661,-19.98228],[-44.00857,-19.98338],[-44.00876,-19.9832],[-44.00967,-19.9836],[-44.01287,-19.97458],[-44.01372,-19.97337],[-44.01504,-19.97219],[-44.0155,-19.97115],[-44.01531,-19.97012],[-44.01435,-19.96959],[-44.01356,-19.96877],[-44.01243,-19.96663],[-44.01316,-19.96432],[-44.01205,-19.96299],[-44.01196,-19.96239],[-44.01322,-19.96075],[-44.01226,-19.96007],[-44.01378,-19.95868],[-44.01429,-19.95773],[-44.01426,-19.95676],[-44.01367,-19.95578],[-44.01277,-19.95522],[-44.01206,-19.95511],[-44.00909,-19.95541],[-44.00671,-19.95512],[-44.00292,-19.95625],[-43.99806,-19.96473],[-43.99632,-19.96663],[-43.99675,-19.96784],[-43.99645,-19.96845],[-43.99633,-19.97015],[-43.99894,-19.97078]],[[-44.0018,-19.96407],[-44.00143,-19.96417],[-44.00138,-19.96492],[-44.00045,-19.96798],[-44.00013,-19.96794],[-44.0009,-19.96596],[-44.00128,-19.96395],[-44.00184,-19.96386],[-44.0018,-19.96407]]]}},{"id":"26","type":"Feature","properties":{"bairro":"Bairro das Indústrias II","distrito":"Belo Horizonte","regiao":"Oeste","setores":3,"urbano":3},"geometry":{"type":"Polygon","coordinates":[[[-43.99796,-19.95974],[-43.99752,-19.96115],[-43.99785,-19.96225],[-43.99779,-19.96277],[-43.99833,-19.96234],[-43.99961,-19.96205],[-44.00292,-19.95625],[-44.00122,-19.95666],[-43.99814,-19.95779],[-43.99854,-19.95859],[-43.99664,-19.95859],[-43.99678,-19.95934],[-43.99796,-19.95974]]]}},{"id":"27","type":"Feature","properties":{"bairro":"Baleia","distrito":"Belo Horizonte","regiao":"Leste","setores":1,"urbano":1},"geometry":{"type":"Polygon","coordinates":[[[-43.90323,-19.92859],[-43.9018,-19.927],[-43.89806,-19.92431],[-43.89793,-19.92333],[-43.89604,-19.9223],[-43.89454,-19.92278],[-43.89374,-19.92242],[-43.89235,-19.9228],[-43.8913,-19.92087],[-43.89099,-19.92071],[-43.89195,-19.9228],[-43.89203,-19.9259],[-43.89165,-19.92585],[-43.88917,-19.92676],[-43.88678,-19.92784],[-43.8864,-19.92989],[-43.88641,-19.93098],[-43.88604,-19.93175],[-43.88484,-19.93214],[-43.88449,-19.93287],[-43.88458,-19.93356],[-43.88233,-19.93338],[-43.88216,-19.93713],[-43.88342,-19.93833],[-43.88473,-19.93887],[-43.88458,-19.93949],[-43.88503,-19.94009],[-43.88479,-19.94071],[-43.88553,-19.94167],[-43.88626,-19.94188],[-43.8871,-19.94138],[-43.88801,-19.94146],[-43.88846,-19.94222],[-43.8887,-19.94347],[-43.88914,-19.9439],[-43.8896,-19.94642],[-43.89037,-19.94641],[-43.89089,-19.94604],[-43.89289,-19.94667],[-43.89336,-19.94733],[-43.89384,-19.94696],[-43.89464,-19.94746],[-43.89467,-19.94707],[-43.8942,-19.94676],[-43.89397,-19.9457],[-43.89291,-19.94598],[-43.89022,-19.94411],[-43.89045,-19.94381],[-43.89084,-19.94372],[-43.89275,-19.94434],[-43.89317,-19.94381],[-43.89276,-19.94317],[-43.89298,-19.94295],[-43.89405,-19.94287],[-43.89441,-19.94251],[-43.89567,-19.94269],[-43.89663,-19.94243],[-43.89703,-19.94197],[-43.89722,-19.94099],[-43.89689,-19.94057],[-43.89764,-19.93977],[-43.89877,-19.94004],[-43.89982,-19.94061],[-43.90176,-19.9407],[-43.90273,-19.94099],[-43.90324,-19.94089],[-43.9043,-19.94168],[-43.905,-19.94186],[-43.90547,-19.94237],[-43.90622,-19.94179],[-43.90428,-19.94083],[-43.90311,-19.93987],[-43.90136,-19.93988],[-43.90172,-19.93859],[-43.90128,-19.93866],[-43.90175,-19.93769],[-43.90152,-19.93701],[-43.90214,-19.93641],[-43.90184,-19.93511],[-43.90254,-19.9336],[-43.90293,-19.93206],[-43.90286,-19.93155],[-43.90315,-19.93144],[-43.90323,-19.92859]]]}},{"id":"28","type":"Feature","properties":{"bairro":"Bandeirantes","distrito":"Belo Horizonte","regiao":"Pampulha","setores":15,"urbano":15},"geometry":{"type":"Polygon","coordinates":[[[-44.00085,-19.86767],[-44.0011,-19.86719],[-44.00233,-19.86776],[-44.00308,-19.86634],[-44.00434,-19.8669],[-44.00528,-19.86507],[-44.00726,-19.86573],[-44.00897,-19.86694],[-44.00997,-19.86563],[-44.01101,-19.86651],[-44.0118,-19.86682],[-44.01373,-19.86688],[-44.01493,-19.86668],[-44.01643,-19.86559],[-44.0188,-19.86339],[-44.01901,-19.86296],[-44.01917,-19.86021],[-44.01647,-19.85867],[-44.01601,-19.8593],[-44.01589,-19.86013],[-44.01491,-19.86086],[-44.01234,-19.85788],[-44.01096,-19.85732],[-44.00966,-19.8575],[-44.00771,-19.85669],[-44.00628,-19.85569],[-44.00613,-19.85493],[-44.0057,-19.85446],[-44.00493,-19.85469],[-44.00374,-19.85422],[-44.00231,-19.85238],[-43.99933,-19.85199],[-43.99862,-19.85252],[-43.99812,-19.85404],[-43.99857,-19.85699],[-43.99773,-19.86065],[-43.99674,-19.86118],[-43.99633,-19.86111],[-43.99467,-19.86027],[-43.99442,-19.86002],[-43.99434,-19.85952],[-43.99411,-19.85952],[-43.99493,-19.85879],[-43.99521,-19.85818],[-43.9949,-19.85714],[-43.9947,-19.85423],[-43.99279,-19.85262],[-43.99235,-19.85187],[-43.99181,-19.85014],[-43.99151,-19.84991],[-43.99093,-19.85006],[-43.99062,-19.85117],[-43.9898,-19.85192],[-43.98924,-19.85199],[-43.9865,-19.85144],[-43.986,-19.85149],[-43.98471,-19.85235],[-43.98449,-19.85345],[-43.98409,-19.85398],[-43.98349,-19.85407],[-43.98242,-19.85324],[-43.98191,-19.85318],[-43.98112,-19.85357],[-43.98004,-19.85452],[-43.97994,-19.85525],[-43.98187,-19.85918],[-43.98156,-19.85983],[-43.98104,-19.85991],[-43.9806,-19.85967],[-43.98065,-19.85984],[-43.98247,-19.86359],[-43.98468,-19.86582],[-43.98535,-19.86772],[-43.98835,-19.86658],[-43.98907,-19.86569],[-43.99107,-19.86677],[-43.99262,-19.86643],[-43.9929,-19.86585],[-43.99504,-19.86645],[-43.99556,-19.86555],[-43.99603,-19.86579],[-43.99611,-19.86624],[-43.99586,-19.8671],[-43.99602,-19.86745],[-43.99631,-19.86708],[-43.99836,-19.86595],[-43.99898,-19.86697],[-44.00085,-19.86767]]]}},{"id":"29","type":"Feature","properties":{"bairro":"Barreiro","distrito":"Barreiro","regiao":"Barreiro","setores":22,"urbano":22},"geometry":{"type":"Polygon","coordinates":[[[-44.02258,-19.98222],[-44.02201,-19.98337],[-44.02435,-19.98388],[-44.02401,-19.98368],[-44.02415,-19.98317],[-44.02451,-19.98319],[-44.02418,-19.98303],[-44.02461,-19.98127],[-44.02718,-19.98174],[-44.02774,-19.97939],[-44.02638,-19.97816],[-44.02845,-19.97606],[-44.02838,-19.97573],[-44.02672,-19.97595],[-44.02576,-19.97581],[-44.0252,-19.97556],[-44.0234,-19.97385],[-44.02268,-19.97342],[-44.01599,-19.97192],[-44.01542,-19.97156],[-44.01504,-19.97219],[-44.01305,-19.97422],[-44.01047,-19.98126],[-44.01517,-19.98262],[-44.01529,-19.98229],[-44.01737,-19.98271],[-44.01953,-19.98142],[-44.02258,-19.98222]]]}},{"id":"30","type":"Feature","properties":{"bairro":"Barro Preto","distrito":"Belo Horizonte","regiao":"Centro-Sul","setores":17,"urbano":17},"geometry":{"type":"Polygon","coordinates":[[[-43.95456,-19.9168],[-43.95382,-19.9167],[-43.94847,-19.91738],[-43.9456,-19.92203],[-43.94599,-19.9225],[-43.94592,-19.9232],[-43.95719,-19.92945],[-43.95843,-19.92586],[-43.95656,-19.91863],[-43.95487,-19.91796],[-43.95456,-19.9168]]]}},{"id":"31","type":"Feature","properties":{"bairro":"Barroca","distrito":"Belo Horizonte","regiao":"Oeste","setores":8,"urbano":8},"geometry":{"type":"Polygon","coordinates":[[[-43.96204,-19.93476],[-43.96573,-19.93563],[-43.96694,-19.93112],[-43.96519,-19.93114],[-43.96155,-19.93039],[-43.96125,-19.93188],[-43.96204,-19.93476]]]}},{"id":"32","type":"Feature","properties":{"bairro":"Barão Homem de Melo I","distrito":"Belo Horizonte","regiao":"Oeste","setores":2,"urbano":2},"geometry":{"type":"MultiPolygon","coordinates":[[[[-43.97011,-19.94328],[-43.9709,-19.94443],[-43.97129,-19.94493],[-43.97176,-19.94412],[-43.97097,-19.94386],[-43.97109,-19.94363],[-43.97011,-19.94328]]],[[[-43.97268,-19.93802],[-43.97266,-19.93893],[-43.97338,-19.93882],[-43.9735,-19.93841],[-43.97268,-19.93802]]]]}},{"id":"33","type":"Feature","properties":{"bairro":"Barão Homem de Melo III","distrito":"Belo Horizonte","regiao":"Oeste","setores":1,"urbano":1},"geometry":{"type":"Polygon","coordinates":[[[-43.97164,-19.94184],[-43.97101,-19.94258],[-43.97173,-19.94297],[-43.97206,-19.94242],[-43.97164,-19.94184]]]}},{"id":"34","type":"Feature","properties":{"bairro":"Barão Homem de Melo IV","distrito":"Belo Horizonte","regiao":"Oeste","setores":4,"urbano":4},"geometry":{"type":"MultiPolygon","coordinates":[[[[-43.97021,-19.9467],[-43.97027,-19.94701],[-43.97008,-19.94778],[-43.97056,-19.94774],[-43.9706,-19.94691],[-43.97097,-19.94626],[-43.9706,-19.94607],[-43.97021,-19.9467]]],[[[-43.97096,-19.94558],[-43.97149,-19.94565],[-43.9717,-19.94549],[-43.96972,-19.94281],[-43.96934,-19.9431],[-43.96925,-19.94345],[-43.96952,-19.94352],[-43.96985,-19.94302],[-43.97007,-19.9433],[-43.96954,-19.94496],[-43.96998,-19.9451],[-43.96979,-19.94574],[-43.96997,-19.94582],[-43.97009,-19.94663],[-43.97033,-19.94519],[-43.97097,-19.94543],[-43.97096,-19.94558]]]]}},{"id":"35","type":"Feature","properties":{"bairro":"Beija Flor","distrito":"Venda Nova","regiao":"Nordeste","setores":4,"urbano":4},"geometry":{"type":"Polygon","coordinates":[[[-43.86793,-19.84168],[-43.87371,-19.84112],[-43.87295,-19.84039],[-43.87196,-19.84],[-43.87121,-19.83864],[-43.87247,-19.8363],[-43.87318,-19.83589],[-43.87458,-19.83445],[-43.87448,-19.83411],[-43.87389,-19.8338],[-43.87391,-19.8332],[-43.87353,-19.83268],[-43.8733,-19.83189],[-43.87051,-19.82999],[-43.86983,-19.83106],[-43.86884,-19.83156],[-43.86831,-19.83159],[-43.86835,-19.83265],[-43.86725,-19.83283],[-43.86717,-19.83254],[-43.86688,-19.83265],[-43.86618,-19.83136],[-43.8656,-19.83081],[-43.86519,-19.83118],[-43.86568,-19.8318],[-43.86572,-19.83223],[-43.86364,-19.83598],[-43.86297,-19.83658],[-43.8623,-19.83764],[-43.86247,-19.83792],[-43.86535,-19.83925],[-43.86651,-19.83923],[-43.86726,-19.83986],[-43.86793,-19.84168]]]}},{"id":"36","type":"Feature","properties":{"bairro":"Beira-Linha","distrito":"Venda Nova","regiao":"Nordeste","setores":7,"urbano":7},"geometry":{"type":"Polygon","coordinates":[[[-43.89712,-19.84242],[-43.89688,-19.8441],[-43.89705,-19.84421],[-43.89758,-19.84402],[-43.89883,-19.84559],[-43.89925,-19.84705],[-43.89978,-19.84766],[-43.89951,-19.84632],[-43.89971,-19.84622],[-43.89964,-19.84582],[-43.89913,-19.84504],[-43.89924,-19.8445],[-43.89829,-19.84386],[-43.89791,-19.84395],[-43.89765,-19.84313],[-43.89761,-19.84222],[-43.89783,-19.84202],[-43.8979,-19.84153],[-43.8977,-19.84141],[-43.89825,-19.84131],[-43.89803,-19.84029],[-43.8977,-19.84018],[-43.89714,-19.83897],[-43.89602,-19.8375],[-43.89605,-19.83701],[-43.89553,-19.83587],[-43.89436,-19.83428],[-43.8941,-19.83433],[-43.89396,-19.83414],[-43.89445,-19.83405],[-43.89413,-19.83335],[-43.89393,-19.83353],[-43.89352,-19.83309],[-43.89333,-19.83325],[-43.89269,-19.83273],[-43.89289,-19.83253],[-43.89267,-19.8323],[-43.89162,-19.83169],[-43.89152,-19.83145],[-43.89086,-19.83219],[-43.88952,-19.83199],[-43.88812,-19.83247],[-43.88673,-19.83373],[-43.88581,-19.83542],[-43.88616,-19.83569],[-43.88656,-19.83555],[-43.88669,-19.8351],[-43.88726,-19.8344],[-43.88709,-19.83422],[-43.88797,-19.83318],[-43.88814,-19.83339],[-43.89027,-19.83283],[-43.89106,-19.8324],[-43.89122,-19.83284],[-43.89191,-19.83323],[-43.892,-19.83379],[-43.89246,-19.83377],[-43.89248,-19.83408],[-43.89289,-19.83409],[-43.893,-19.8338],[-43.89364,-19.83432],[-43.89379,-19.83588],[-43.89442,-19.8355],[-43.89508,-19.83673],[-43.89562,-19.83732],[-43.89516,-19.83776],[-43.89558,-19.8384],[-43.89591,-19.83845],[-43.89605,-19.8388],[-43.89632,-19.83881],[-43.89639,-19.83928],[-43.8968,-19.83939],[-43.89667,-19.83951],[-43.89687,-19.84125],[-43.89724,-19.84126],[-43.8973,-19.84234],[-43.89712,-19.84242]]]}},{"id":"37","type":"Feature","properties":{"bairro":"Bela Vitória","distrito":"Venda Nova","regiao":"Nordeste","setores":2,"urbano":2},"geometry":{"type":"Polygon","coordinates":[[[-43.88751,-19.85754],[-43.88833,-19.85727],[-43.88982,-19.85707],[-43.89247,-19.85725],[-43.89232,-19.85655],[-43.89149,-19.85657],[-43.89121,-19.85614],[-43.88991,-19.85528],[-43.88864,-19.85573],[-43.8891,-19.8562],[-43.8873,-19.85672],[-43.88751,-19.85754]]]}},{"id":"38","type":"Feature","properties":{"bairro":"Belmonte","distrito":"Venda Nova","regiao":"Nordeste","setores":6,"urbano":6},"geometry":{"type":"Polygon","coordinates":[[[-43.90224,-19.85145],[-43.90365,-19.85166],[-43.90559,-19.85097],[-43.90554,-19.84991],[-43.90483,-19.84777],[-43.90307,-19.84728],[-43.90235,-19.84525],[-43.9026,-19.84467],[-43.90321,-19.84449],[-43.90355,-19.84395],[-43.90344,-19.84309],[-43.90234,-19.84254],[-43.90206,-19.84206],[-43.9022,-19.84154],[-43.89761,-19.84222],[-43.89791,-19.84395],[-43.89829,-19.84386],[-43.89924,-19.8445],[-43.89913,-19.84504],[-43.89964,-19.84582],[-43.89971,-19.84622],[-43.89951,-19.84632],[-43.89978,-19.84766],[-43.90001,-19.84761],[-43.90013,-19.84778],[-43.90076,-19.85022],[-43.90161,-19.85115],[-43.90224,-19.85145]]]}},{"id":"39","type":"Feature","properties":{"bairro":"Belvedere","distrito":"Belo Horizonte","regiao":"Centro-Sul","setores":19,"urbano":19},"geometry":{"type":"Polygon","coordinates":[[[-43.94721,-19.98325],[-43.94761,-19.98442],[-43.94742,-19.98512],[-43.94761,-19.98525],[-43.94852,-19.98509],[-43.94899,-19.98522],[-43.94906,-19.9855],[-43.94854,-19.98657],[-43.94889,-19.98698],[-43.94996,-19.98733],[-43.95031,-19.98873],[-43.95273,-19.99031],[-43.95452,-19.99072],[-43.95494,-19.99174],[-43.95584,-19.9928],[-43.95689,-19.99306],[-43.95735,-19.99405],[-43.95734,-19.99457],[-43.95908,-19.99676],[-43.95954,-19.99837],[-43.96104,-20.00016],[-43.96206,-20.00087],[-43.96277,-20.00204],[-43.96379,-20.00294],[-43.96496,-20.0034],[-43.96513,-20.0026],[-43.96506,-20.00183],[-43.9648,-20.00129],[-43.96148,-19.99676],[-43.95841,-19.99189],[-43.94977,-19.9822],[-43.94908,-19.98119],[-43.94344,-19.967],[-43.94289,-19.96662],[-43.93973,-19.96551],[-43.9392,-19.96485],[-43.93913,-19.96418],[-43.93968,-19.96325],[-43.94042,-19.96295],[-43.94382,-19.96246],[-43.94433,-19.96209],[-43.94467,-19.96153],[-43.94459,-19.96059],[-43.94349,-19.95921],[-43.94256,-19.9582],[-43.9423,-19.95836],[-43.94124,-19.95762],[-43.94068,-19.95888],[-43.94074,-19.96125],[-43.94039,-19.96163],[-43.93836,-19.96143],[-43.93704,-19.96195],[-43.9355,-19.96185],[-43.93515,-19.96154],[-43.93403,-19.96233],[-43.93394,-19.96325],[-43.93433,-19.96317],[-43.93428,-19.96509],[-43.9347,-19.9675],[-43.9337,-19.96743],[-43.93353,-19.96779],[-43.93403,-19.96882],[-43.9333,-19.96877],[-43.93272,-19.96978],[-43.93259,-19.97083],[-43.93305,-19.97186],[-43.93079,-19.97231],[-43.93082,-19.97263],[-43.931,-19.97288],[-43.93199,-19.97272],[-43.93245,-19.97284],[-43.93292,-19.97387],[-43.93355,-19.97412],[-43.93365,-19.97503],[-43.9384,-19.97476],[-43.93971,-19.97537],[-43.94771,-19.98248],[-43.94721,-19.98325]]]}},{"id":"40","type":"Feature","properties":{"bairro":"Belém","distrito":"Belo Horizonte","regiao":"Leste","setores":1,"urbano":1},"geometry":{"type":"Polygon","coordinates":[[[-43.90107,-19.91366],[-43.90104,-19.91332],[-43.90062,-19.91325],[-43.90065,-19.91356],[-43.90107,-19.91366]]]}},{"id":"41","type":"Feature","properties":{"bairro":"Bernadete","distrito":"Barreiro","regiao":"Barreiro","setores":3,"urbano":3},"geometry":{"type":"Polygon","coordinates":[[[-43.98342,-19.98515],[-43.98421,-19.98529],[-43.98464,-19.986],[-43.98451,-19.98661],[-43.98461,-19.98675],[-43.98507,-19.98666],[-43.9852,-19.98707],[-43.98571,-19.98687],[-43.98608,-19.98606],[-43.98652,-19.98558],[-43.98451,-19.98478],[-43.98439,-19.98448],[-43.98481,-19.98335],[-43.98466,-19.98296],[-43.9839,-19.98355],[-43.98278,-19.98253],[-43.98196,-19.9836],[-43.98018,-19.98454],[-43.98102,-19.98572],[-43.98137,-19.98504],[-43.982,-19.98511],[-43.98228,-19.9849],[-43.98203,-19.98453],[-43.98265,-19.98464],[-43.98275,-19.98451],[-43.98342,-19.98515]]]}},{"id":"42","type":"Feature","properties":{"bairro":"Betânia","distrito":"Belo Horizonte","regiao":"Oeste","setores":22,"urbano":22},"geometry":{"type":"Polygon","coordinates":[[[-43.99189,-19.96606],[-43.99215,-19.96898],[-43.99273,-19.96935],[-43.99716,-19.96586],[-43.99806,-19.96473],[-43.99961,-19.96205],[-43.99833,-19.96234],[-43.99779,-19.96277],[-43.99785,-19.96225],[-43.99752,-19.96115],[-43.99796,-19.95974],[-43.99678,-19.95934],[-43.99664,-19.95859],[-43.99854,-19.95859],[-43.99814,-19.95779],[-43.99714,-19.95793],[-43.99614,-19.95772],[-43.99307,-19.95544],[-43.98937,-19.95503],[-43.98818,-19.95458],[-43.98735,-19.95402],[-43.98542,-19.95231],[-43.98502,-19.95113],[-43.98536,-19.94995],[-43.98727,-19.94842],[-43.98714,-19.94787],[-43.98528,-19.94846],[-43.98463,-19.94882],[-43.983,-19.95027],[-43.98278,-19.9512],[-43.98321,-19.95187],[-43.98522,-19.95303],[-43.98612,-19.95512],[-43.98644,-19.95543],[-43.98572,-19.95818],[-43.98478,-19.95947],[-43.98322,-19.95989],[-43.98264,-19.96103],[-43.98337,-19.96169],[-43.98671,-19.95819],[-43.98814,-19.95882],[-43.98896,-19.9594],[-43.98939,-19.95999],[-43.99069,-19.96267],[-43.99189,-19.96606]]]}},{"id":"43","type":"Feature","properties":{"bairro":"Biquinhas","distrito":"Venda Nova","regiao":"Norte","setores":4,"urbano":4},"geometry":{"type":"Polygon","coordinates":[[[-43.94408,-19.84293],[-43.94411,-19.84225],[-43.9438,-19.84217],[-43.94371,-19.84236],[-43.94324,-19.84241],[-43.94304,-19.8421],[-43.94275,-19.84208],[-43.94236,-19.8416],[-43.94216,-19.84159],[-43.94224,-19.84135],[-43.94173,-19.8412],[-43.94199,-19.83986],[-43.94206,-19.83966],[-43.94229,-19.83968],[-43.9423,-19.83948],[-43.94159,-19.8394],[-43.94145,-19.83845],[-43.9408,-19.83704],[-43.94103,-19.83637],[-43.94004,-19.83618],[-43.93999,-19.83631],[-43.94041,-19.83649],[-43.9402,-19.8374],[-43.94036,-19.83776],[-43.94003,-19.83801],[-43.94064,-19.83886],[-43.94092,-19.83869],[-43.94134,-19.83914],[-43.94114,-19.8393],[-43.94148,-19.84107],[-43.94111,-19.84166],[-43.94135,-19.8425],[-43.94219,-19.84194],[-43.94229,-19.84211],[-43.94274,-19.84211],[-43.94234,-19.84236],[-43.94242,-19.8425],[-43.94268,-19.84236],[-43.94307,-19.84247],[-43.94303,-19.84309],[-43.94319,-19.84334],[-43.94345,-19.84324],[-43.94361,-19.84352],[-43.94469,-19.84331],[-43.94487,-19.84252],[-43.94408,-19.84293]]]}},{"id":"44","type":"Feature","properties":{"bairro":"Boa Esperança","distrito":"Venda Nova","regiao":"Nordeste","setores":1,"urbano":1},"geometry":{"type":"Polygon","coordinates":[[[-43.9021,-19.85282],[-43.90252,-19.85299],[-43.90376,-19.85425],[-43.90347,-19.85248],[-43.90356,-19.852],[-43.90308,-19.85214],[-43.90288,-19.85201],[-43.9021,-19.85282]]]}},{"id":"45","type":"Feature","properties":{"bairro":"Boa União I","distrito":"Venda Nova","regiao":"Norte","setores":1,"urbano":1},"geometry":{"type":"Polygon","coordinates":[[[-43.92675,-19.86186],[-43.92733,-19.86281],[-43.9278,-19.86313],[-43.92806,-19.86297],[-43.92775,-19.86257],[-43.9275,-19.86258],[-43.9275,-19.86193],[-43.92675,-19.86186]]]}},{"id":"46","type":"Feature","properties":{"bairro":"Boa União II","distrito":"Venda Nova","regiao":"Norte","setores":1,"urbano":1},"geometry":{"type":"Polygon","coordinates":[[[-43.92414,-19.85723],[-43.92587,-19.86043],[-43.92631,-19.86109],[-43.92662,-19.86118],[-43.92663,-19.86057],[-43.92692,-19.86059],[-43.92694,-19.86026],[-43.92649,-19.86022],[-43.92652,-19.85989],[-43.92631,-19.86015],[-43.9259,-19.86013],[-43.92552,-19.85943],[-43.92568,-19.85894],[-43.92558,-19.85857],[-43.92507,-19.85854],[-43.92451,-19.85715],[-43.92414,-19.85723]]]}},{"id":"47","type":"Feature","properties":{"bairro":"Boa Viagem","distrito":"Belo Horizonte","regiao":"Centro-Sul","setores":12,"urbano":12},"geometry":{"type":"Polygon","coordinates":[[[-43.93389,-19.93204],[-43.93775,-19.93111],[-43.93609,-19.92497],[-43.93512,-19.92652],[-43.93387,-19.92678],[-43.93288,-19.92837],[-43.93389,-19.93204]]]}},{"id":"48","type":"Feature","properties":{"bairro":"Boa Vista","distrito":"Belo Horizonte","regiao":"Leste","setores":33,"urbano":33},"geometry":{"type":"Polygon","coordinates":[[[-43.90451,-19.89935],[-43.90633,-19.89843],[-43.90733,-19.89722],[-43.91005,-19.89553],[-43.91067,-19.89423],[-43.90799,-19.89223],[-43.90598,-19.88985],[-43.90381,-19.89047],[-43.90397,-19.89119],[-43.90054,-19.89064],[-43.89062,-19.88858],[-43.8903,-19.8911],[-43.88992,-19.89137],[-43.88983,-19.89186],[-43.89009,-19.89308],[-43.89031,-19.89317],[-43.89104,-19.89507],[-43.89189,-19.89487],[-43.89222,-19.89578],[-43.89253,-19.89605],[-43.89305,-19.89579],[-43.89297,-19.89558],[-43.89323,-19.89551],[-43.8939,-19.89419],[-43.89384,-19.89391],[-43.89438,-19.89336],[-43.90128,-19.8951],[-43.90451,-19.89935]]]}},{"id":"49","type":"Feature","properties":{"bairro":"Bom Jesus","distrito":"Belo Horizonte","regiao":"Noroeste","setores":7,"urbano":7},"geometry":{"type":"Polygon","coordinates":[[[-43.95313,-19.89848],[-43.95706,-19.89912],[-43.95779,-19.8957],[-43.95338,-19.89496],[-43.95345,-19.89402],[-43.95167,-19.89324],[-43.95091,-19.89664],[-43.95099,-19.89755],[-43.95316,-19.89767],[-43.95313,-19.89848]]]}},{"id":"50","type":"Feature","properties":{"bairro":"Bonfim","distrito":"Belo Horizonte","regiao":"Noroeste","setores":10,"urbano":10},"geometry":{"type":"Polygon","coordinates":[[[-43.94212,-19.91151],[-43.94359,-19.9133],[-43.94422,-19.91289],[-43.94796,-19.91281],[-43.9516,-19.91411],[-43.95299,-19.91406],[-43.95369,-19.91389],[-43.95421,-19.91349],[-43.95638,-19.90976],[-43.9588,-19.90841],[-43.95713,-19.90592],[-43.95152,-19.90583],[-43.95149,-19.90708],[-43.95101,-19.90707],[-43.94212,-19.91151]]]}},{"id":"51","type":"Feature","properties":{"bairro":"Bonsucesso","distrito":"Barreiro","regiao":"Barreiro","setores":17,"urbano":17},"geometry":{"type":"Polygon","coordinates":[[[-43.98769,-19.98913],[-43.98842,-19.98848],[-43.98908,-19.98706],[-43.98964,-19.98748],[-43.99122,-19.98614],[-43.99029,-19.98597],[-43.99328,-19.98309],[-43.99484,-19.98344],[-43.99524,-19.98176],[-43.99546,-19.98157],[-43.99431,-19.98129],[-43.9943,-19.98101],[-43.99479,-19.98063],[-43.99481,-19.98036],[-43.99343,-19.97983],[-43.99317,-19.97861],[-43.99202,-19.97894],[-43.99097,-19.97843],[-43.99041,-19.97872],[-43.99044,-19.97812],[-43.99083,-19.97779],[-43.99121,-19.9778],[-43.99073,-19.97704],[-43.99121,-19.97663],[-43.99081,-19.97539],[-43.99133,-19.97477],[-43.99143,-19.97407],[-43.9923,-19.9731],[-43.99177,-19.97271],[-43.99116,-19.97324],[-43.99136,-19.97268],[-43.99063,-19.97178],[-43.98906,-19.97411],[-43.98846,-19.97655],[-43.98796,-19.97765],[-43.98733,-19.97818],[-43.98505,-19.97907],[-43.98406,-19.9797],[-43.98278,-19.98253],[-43.9839,-19.98355],[-43.98466,-19.98296],[-43.98481,-19.98335],[-43.98439,-19.98448],[-43.98451,-19.98478],[-43.98652,-19.98558],[-43.98608,-19.98606],[-43.98571,-19.98687],[-43.9852,-19.98707],[-43.98507,-19.98666],[-43.98461,-19.98675],[-43.98464,-19.986],[-43.98421,-19.98529],[-43.98342,-19.98515],[-43.98275,-19.98451],[-43.98265,-19.98464],[-43.98203,-19.98453],[-43.98228,-19.9849],[-43.982,-19.98511],[-43.98137,-19.98504],[-43.98102,-19.98572],[-43.98018,-19.98454],[-43.97237,-19.98835],[-43.97187,-19.98874],[-43.9709,-19.99019],[-43.97217,-19.99132],[-43.97187,-19.9919],[-43.97196,-19.99239],[-43.97151,-19.99317],[-43.97214,-19.99376],[-43.97251,-19.99473],[-43.97284,-19.99473],[-43.97306,-19.99571],[-43.9742,-19.9973],[-43.974,-19.99781],[-43.97412,-19.99833],[-43.97824,-19.9976],[-43.97912,-19.99761],[-43.98386,-20.00011],[-43.98829,-20.00176],[-43.98927,-20.00126],[-43.98972,-20.00035],[-43.98932,-19.99943],[-43.98783,-19.99818],[-43.98709,-19.99782],[-43.98728,-19.99716],[-43.98694,-19.99685],[-43.98692,-19.99626],[-43.98734,-19.99548],[-43.98741,-19.99456],[-43.98727,-19.99432],[-43.98746,-19.99398],[-43.98727,-19.99257],[-43.98773,-19.99197],[-43.98801,-19.99188],[-43.98856,-19.99061],[-43.98827,-19.99011],[-43.98839,-19.98995],[-43.98811,-19.9899],[-43.98769,-19.98913]]]}},{"id":"52","type":"Feature","properties":{"bairro":"Brasil Industrial","distrito":"Barreiro","regiao":"Barreiro","setores":10,"urbano":10},"geometry":{"type":"Polygon","coordinates":[[[-44.01019,-20.00212],[-44.01573,-20.00374],[-44.01897,-20.00206],[-44.01925,-20.00127],[-44.01904,-19.99967],[-44.01988,-19.99774],[-44.01377,-19.99615],[-44.01313,-19.99825],[-44.00923,-19.99704],[-44.01019,-20.00212]]]}},{"id":"53","type":"Feature","properties":{"bairro":"Braúnas","distrito":"Belo Horizonte","regiao":"Pampulha","setores":6,"urbano":6},"geometry":{"type":"Polygon","coordinates":[[[-44.00608,-19.85376],[-44.00597,-19.85422],[-44.0057,-19.85446],[-44.00613,-19.85493],[-44.00628,-19.85569],[-44.00771,-19.85669],[-44.00984,-19.85753],[-44.01096,-19.85732],[-44.0112,-19.85746],[-44.01389,-19.85458],[-44.01352,-19.85437],[-44.01049,-19.85414],[-44.00853,-19.8537],[-44.01455,-19.84865],[-44.01333,-19.84754],[-44.01243,-19.84591],[-44.01321,-19.84535],[-44.01335,-19.84434],[-44.0137,-19.84423],[-44.01412,-19.8432],[-44.01486,-19.84218],[-44.01506,-19.841],[-44.01337,-19.8399],[-44.01367,-19.83949],[-44.01273,-19.83893],[-44.01111,-19.84117],[-44.01053,-19.84082],[-44.01,-19.84142],[-44.00972,-19.84149],[-44.00309,-19.84261],[-44.00263,-19.84245],[-44.00163,-19.84101],[-44.00061,-19.84387],[-43.99945,-19.84592],[-43.99795,-19.8472],[-43.99575,-19.8484],[-43.99565,-19.84894],[-43.99614,-19.85013],[-43.99639,-19.85066],[-43.99691,-19.85101],[-43.99732,-19.85102],[-43.99858,-19.85044],[-44.00033,-19.85022],[-44.00275,-19.85058],[-44.00432,-19.85104],[-44.0054,-19.85085],[-44.0057,-19.85112],[-44.00571,-19.85137],[-44.00526,-19.85232],[-44.00608,-19.85376]]]}},{"id":"54","type":"Feature","properties":{"bairro":"Buritis","distrito":"Belo Horizonte","regiao":"Oeste","setores":92,"urbano":92},"geometry":{"type":"Polygon","coordinates":[[[-43.97468,-19.98586],[-43.97657,-19.98553],[-43.97723,-19.98595],[-43.98152,-19.98387],[-43.9802,-19.98151],[-43.97887,-19.97529],[-43.97378,-19.96722],[-43.97347,-19.96654],[-43.97359,-19.96606],[-43.97312,-19.96662],[-43.96566,-19.96613],[-43.9652,-19.9671],[-43.96398,-19.96718],[-43.96328,-19.96783],[-43.96158,-19.96707],[-43.96045,-19.96931],[-43.95906,-19.97145],[-43.95951,-19.97182],[-43.95925,-19.97272],[-43.95946,-19.97508],[-43.9585,-19.97884],[-43.95876,-19.97922],[-43.95886,-19.97971],[-43.95873,-19.98021],[-43.95913,-19.98166],[-43.95981,-19.98208],[-43.9609,-19.98229],[-43.96147,-19.98156],[-43.96168,-19.98158],[-43.96549,-19.98366],[-43.96881,-19.98497],[-43.97332,-19.98583],[-43.97468,-19.98586]]]}},{"id":"55","type":"Feature","properties":{"bairro":"CDI Jatobá","distrito":"Barreiro","regiao":"Barreiro","setores":3,"urbano":3},"geometry":{"type":"Polygon","coordinates":[[[-44.042,-20.00003],[-44.0432,-20.0015],[-44.04433,-20.00445],[-44.04451,-20.00482],[-44.04464,-20.00476],[-44.04612,-20.00127],[-44.04612,-20.00009],[-44.04299,-19.99942],[-44.04477,-19.9964],[-44.04277,-19.99442],[-44.0407,-19.9937],[-44.03937,-19.99371],[-44.03723,-19.99625],[-44.03539,-19.99489],[-44.03469,-19.99412],[-44.03435,-19.99424],[-44.03481,-19.9951],[-44.03598,-19.99857],[-44.03566,-20.00273],[-44.03936,-20.00315],[-44.04057,-20.00367],[-44.04137,-20.00372],[-44.04189,-20.00335],[-44.04268,-20.00223],[-44.04271,-20.00145],[-44.04251,-20.00146],[-44.04232,-20.00088],[-44.04202,-20.00064],[-44.04041,-20.00132],[-44.04029,-20.00112],[-44.042,-20.00003]]]}},{"id":"56","type":"Feature","properties":{"bairro":"Cabana do Pai Tomás","distrito":"Belo Horizonte","regiao":"Oeste","setores":37,"urbano":37},"geometry":{"type":"Polygon","coordinates":[[[-43.9992,-19.95096],[-43.99922,-19.94996],[-43.99972,-19.95019],[-43.99987,-19.95],[-44.00059,-19.95013],[-44.00107,-19.94985],[-44.00225,-19.94997],[-44.00134,-19.94737],[-44.00141,-19.94704],[-44.00154,-19.94676],[-44.00329,-19.94648],[-44.00339,-19.9462],[-44.00306,-19.94579],[-44.00382,-19.94501],[-44.004,-19.94515],[-44.00434,-19.94466],[-44.0039,-19.94405],[-44.00305,-19.94391],[-44.00345,-19.94334],[-44.00311,-19.94298],[-44.00287,-19.94329],[-44.00235,-19.94327],[-44.00215,-19.94195],[-44.0023,-19.94184],[-44.00201,-19.94172],[-44.00115,-19.94056],[-44.00126,-19.94051],[-44.00087,-19.93944],[-44.00118,-19.93932],[-44.00064,-19.93863],[-44.00047,-19.9389],[-44.00103,-19.94078],[-44.00199,-19.94211],[-44.00206,-19.94295],[-44.00041,-19.94471],[-43.99983,-19.94429],[-44.00006,-19.94405],[-43.99973,-19.94388],[-43.99975,-19.94369],[-43.99933,-19.94393],[-43.99863,-19.94335],[-43.99749,-19.94389],[-43.99703,-19.9435],[-43.99667,-19.94377],[-43.99589,-19.94379],[-43.9958,-19.94424],[-43.99607,-19.94418],[-43.9974,-19.9458],[-43.99728,-19.9461],[-43.99654,-19.94629],[-43.99688,-19.94688],[-43.9963,-19.94702],[-43.99647,-19.94767],[-43.9977,-19.94742],[-43.99774,-19.94754],[-43.99824,-19.94748],[-43.9985,-19.9479],[-43.99833,-19.94901],[-43.99722,-19.9508],[-43.99577,-19.95127],[-43.9942,-19.95263],[-43.99471,-19.95318],[-43.99531,-19.95346],[-43.99551,-19.95322],[-43.99588,-19.95341],[-43.99614,-19.95313],[-43.99709,-19.95284],[-43.99886,-19.95176],[-43.9992,-19.95096]]]}},{"id":"57","type":"Feature","properties":{"bairro":"Cachoeirinha","distrito":"Belo Horizonte","regiao":"Nordeste","setores":18,"urbano":18},"geometry":{"type":"Polygon","coordinates":[[[-43.9474,-19.89745],[-43.94733,-19.8984],[-43.94886,-19.89643],[-43.94996,-19.89331],[-43.94999,-19.89217],[-43.94963,-19.89046],[-43.9497,-19.88962],[-43.95126,-19.88687],[-43.95123,-19.88588],[-43.95063,-19.88308],[-43.95224,-19.87845],[-43.94991,-19.87543],[-43.94956,-19.87574],[-43.94976,-19.87598],[-43.94932,-19.87632],[-43.94841,-19.87576],[-43.94829,-19.87599],[-43.94787,-19.87779],[-43.94798,-19.87805],[-43.94834,-19.87814],[-43.94866,-19.87851],[-43.948,-19.87928],[-43.94742,-19.88177],[-43.94688,-19.88298],[-43.94741,-19.88293],[-43.94752,-19.88337],[-43.94825,-19.88301],[-43.94832,-19.88383],[-43.94749,-19.88393],[-43.94744,-19.88428],[-43.94696,-19.88423],[-43.94695,-19.88389],[-43.94654,-19.88376],[-43.94603,-19.88476],[-43.94591,-19.88604],[-43.94543,-19.88683],[-43.94453,-19.88682],[-43.94196,-19.88435],[-43.94002,-19.88331],[-43.94001,-19.88344],[-43.93997,-19.88542],[-43.94162,-19.88579],[-43.94366,-19.88746],[-43.94279,-19.88947],[-43.94326,-19.88971],[-43.94349,-19.89185],[-43.94385,-19.89273],[-43.94371,-19.89386],[-43.9434,-19.8943],[-43.94302,-19.89436],[-43.94323,-19.89607],[-43.94451,-19.89484],[-43.94509,-19.89585],[-43.94546,-19.89489],[-43.94657,-19.89658],[-43.94655,-19.89748],[-43.9474,-19.89745]]]}},{"id":"58","type":"Feature","properties":{"bairro":"Caetano Furquim","distrito":"Belo Horizonte","regiao":"Leste","setores":1,"urbano":1},"geometry":{"type":"Polygon","coordinates":[[[-43.88647,-19.9019],[-43.887,-19.90375],[-43.8875,-19.9043],[-43.88824,-19.9044],[-43.88869,-19.90423],[-43.88973,-19.90365],[-43.89019,-19.9031],[-43.88972,-19.90288],[-43.88948,-19.90307],[-43.88964,-19.90343],[-43.88846,-19.90412],[-43.88766,-19.90411],[-43.88739,-19.90395],[-43.88764,-19.90318],[-43.88737,-19.9031],[-43.88753,-19.9026],[-43.88769,-19.90265],[-43.887,-19.90163],[-43.88647,-19.9019]]]}},{"id":"59","type":"Feature","properties":{"bairro":"Caiçara-Adelaide","distrito":"Belo Horizonte","regiao":"Noroeste","setores":22,"urbano":22},"geometry":{"type":"Polygon","coordinates":[[[-43.97525,-19.90802],[-43.97804,-19.90798],[-43.97809,-19.90521],[-43.97905,-19.90435],[-43.98043,-19.90355],[-43.98082,-19.90273],[-43.98115,-19.90279],[-43.98204,-19.90238],[-43.98232,-19.90283],[-43.98338,-19.90271],[-43.98261,-19.90169],[-43.98273,-19.90102],[-43.98168,-19.89897],[-43.98144,-19.89917],[-43.98143,-19.89992],[-43.98038,-19.89999],[-43.98024,-19.90019],[-43.9802,-19.89911],[-43.97999,-19.89898],[-43.97862,-19.8998],[-43.97881,-19.90037],[-43.97673,-19.90142],[-43.9755,-19.90234],[-43.97499,-19.90185],[-43.97475,-19.90202],[-43.97201,-19.90178],[-43.97194,-19.90474],[-43.9711,-19.90784],[-43.9727,-19.90823],[-43.97191,-19.91093],[-43.97328,-19.91128],[-43.97432,-19.91121],[-43.97452,-19.91055],[-43.97533,-19.91056],[-43.97525,-19.90802]]]}},{"id":"60","type":"Feature","properties":{"bairro":"Caiçaras","distrito":"Belo Horizonte","regiao":"Noroeste","setores":31,"urbano":31},"geometry":{"type":"Polygon","coordinates":[[[-43.97151,-19.91233],[-43.9727,-19.90823],[-43.9711,-19.90784],[-43.97194,-19.90474],[-43.97196,-19.90401],[-43.96996,-19.90126],[-43.96823,-19.90007],[-43.96879,-19.89967],[-43.96904,-19.89822],[-43.9706,-19.89691],[-43.97159,-19.89564],[-43.97132,-19.89313],[-43.97242,-19.89122],[-43.97444,-19.8919],[-43.9759,-19.89183],[-43.97339,-19.89038],[-43.96914,-19.88711],[-43.96745,-19.88891],[-43.96649,-19.8908],[-43.96497,-19.8919],[-43.96453,-19.89315],[-43.96454,-19.89383],[-43.96252,-19.89414],[-43.96046,-19.89526],[-43.96098,-19.89632],[-43.96113,-19.89715],[-43.96204,-19.89811],[-43.96212,-19.8988],[-43.96168,-19.89959],[-43.96229,-19.90029],[-43.9629,-19.90065],[-43.96287,-19.90173],[-43.96152,-19.90168],[-43.96189,-19.90454],[-43.96018,-19.90456],[-43.96016,-19.90656],[-43.95977,-19.90655],[-43.96012,-19.908],[-43.96161,-19.90807],[-43.96358,-19.90871],[-43.96732,-19.91087],[-43.97151,-19.91233]]]}},{"id":"61","type":"Feature","properties":{"bairro":"Calafate","distrito":"Belo Horizonte","regiao":"Oeste","setores":21,"urbano":21},"geometry":{"type":"Polygon","coordinates":[[[-43.98215,-19.9292],[-43.98249,-19.92974],[-43.98315,-19.92957],[-43.98333,-19.93005],[-43.98332,-19.92904],[-43.98285,-19.92723],[-43.98321,-19.92644],[-43.9841,-19.92593],[-43.9844,-19.92512],[-43.98424,-19.92453],[-43.98321,-19.92429],[-43.98278,-19.92371],[-43.98274,-19.92323],[-43.98295,-19.92276],[-43.98369,-19.92239],[-43.9821,-19.92239],[-43.98102,-19.92294],[-43.97809,-19.92371],[-43.97711,-19.92364],[-43.97412,-19.92293],[-43.97251,-19.92239],[-43.97018,-19.92126],[-43.9689,-19.91921],[-43.96822,-19.91866],[-43.96761,-19.92105],[-43.96736,-19.92149],[-43.9669,-19.92144],[-43.96724,-19.92258],[-43.96715,-19.92298],[-43.9667,-19.92309],[-43.96687,-19.92369],[-43.9661,-19.92657],[-43.96709,-19.92678],[-43.96642,-19.92794],[-43.96772,-19.92824],[-43.96772,-19.92763],[-43.96915,-19.92804],[-43.96934,-19.92739],[-43.97087,-19.9268],[-43.97178,-19.92702],[-43.97171,-19.92865],[-43.97222,-19.92796],[-43.97241,-19.92735],[-43.97266,-19.92728],[-43.97305,-19.92797],[-43.97655,-19.92734],[-43.97982,-19.92798],[-43.98215,-19.9292]],[[-43.97487,-19.92533],[-43.97424,-19.92522],[-43.97345,-19.92475],[-43.97335,-19.92436],[-43.97351,-19.92419],[-43.9736,-19.92439],[-43.97393,-19.92447],[-43.97572,-19.92422],[-43.97568,-19.9248],[-43.97487,-19.92533]],[[-43.97845,-19.92403],[-43.98238,-19.92399],[-43.98229,-19.92441],[-43.98269,-19.92458],[-43.98265,-19.92476],[-43.98305,-19.92485],[-43.98304,-19.92521],[-43.98192,-19.92462],[-43.98028,-19.92419],[-43.97925,-19.92427],[-43.97846,-19.92457],[-43.97845,-19.92403]]]}},{"id":"62","type":"Feature","properties":{"bairro":"Califórnia","distrito":"Belo Horizonte","regiao":"Noroeste","setores":13,"urbano":13},"geometry":{"type":"Polygon","coordinates":[[[-44.025,-19.93131],[-44.02527,-19.92911],[-44.02481,-19.92741],[-44.02391,-19.92568],[-44.02365,-19.92528],[-44.02333,-19.92516],[-44.02113,-19.9253],[-44.02074,-19.92437],[-44.02163,-19.9242],[-44.02198,-19.92392],[-44.02297,-19.92194],[-44.02355,-19.92127],[-44.02234,-19.91994],[-44.02089,-19.91996],[-44.02035,-19.91963],[-44.02001,-19.91761],[-44.01858,-19.91634],[-44.01824,-19.91565],[-44.01843,-19.91489],[-44.01516,-19.90996],[-44.01177,-19.90806],[-44.01029,-19.90757],[-44.00902,-19.91151],[-44.00719,-19.91162],[-44.00906,-19.91627],[-44.00954,-19.91705],[-44.00997,-19.91737],[-44.00994,-19.91768],[-44.01028,-19.91795],[-44.01335,-19.91886],[-44.01343,-19.91906],[-44.01311,-19.9204],[-44.01017,-19.92062],[-44.00955,-19.92078],[-44.00959,-19.92093],[-44.00932,-19.92109],[-44.00994,-19.92186],[-44.01042,-19.92386],[-44.01025,-19.92453],[-44.00907,-19.92523],[-44.00968,-19.92586],[-44.00808,-19.92629],[-44.00607,-19.92636],[-44.00731,-19.93042],[-44.00743,-19.93277],[-44.01132,-19.93322],[-44.01278,-19.93275],[-44.01471,-19.93156],[-44.01553,-19.93129],[-44.01702,-19.9313],[-44.02141,-19.93346],[-44.0231,-19.93476],[-44.02705,-19.93709],[-44.02675,-19.93504],[-44.0244,-19.93345],[-44.025,-19.93131]]]}},{"id":"63","type":"Feature","properties":{"bairro":"Camargos","distrito":"Belo Horizonte","regiao":"Oeste","setores":35,"urbano":35},"geometry":{"type":"Polygon","coordinates":[[[-44.01875,-19.94527],[-44.02301,-19.94363],[-44.02382,-19.94352],[-44.02574,-19.93792],[-44.02614,-19.93746],[-44.02643,-19.9376],[-44.02658,-19.93724],[-44.02703,-19.93729],[-44.02705,-19.93714],[-44.0231,-19.93476],[-44.02141,-19.93346],[-44.01847,-19.93195],[-44.01784,-19.93291],[-44.0177,-19.9347],[-44.01612,-19.93864],[-44.01629,-19.93876],[-44.01588,-19.93943],[-44.01392,-19.93867],[-44.01254,-19.9389],[-44.01089,-19.93859],[-44.01008,-19.93865],[-44.01008,-19.93851],[-44.00768,-19.939],[-44.00799,-19.9467],[-44.00811,-19.94766],[-44.00918,-19.94815],[-44.00897,-19.94836],[-44.00885,-19.94909],[-44.0094,-19.94911],[-44.00995,-19.94942],[-44.01054,-19.94871],[-44.0098,-19.94839],[-44.01105,-19.94585],[-44.01102,-19.94563],[-44.01078,-19.94563],[-44.01147,-19.94517],[-44.01157,-19.94473],[-44.01127,-19.94473],[-44.01127,-19.94424],[-44.01167,-19.94418],[-44.01288,-19.94518],[-44.0137,-19.94554],[-44.01354,-19.94597],[-44.01294,-19.94601],[-44.01303,-19.94628],[-44.01257,-19.94653],[-44.0154,-19.94702],[-44.01614,-19.9469],[-44.01652,-19.94664],[-44.01689,-19.94597],[-44.01691,-19.94548],[-44.01875,-19.94527]]]}},{"id":"64","type":"Feature","properties":{"bairro":"Campo Alegre","distrito":"Venda Nova","regiao":"Norte","setores":4,"urbano":4},"geometry":{"type":"Polygon","coordinates":[[[-43.94548,-19.83164],[-43.94631,-19.83388],[-43.9489,-19.83305],[-43.94933,-19.83227],[-43.94931,-19.8312],[-43.94906,-19.83041],[-43.94735,-19.82908],[-43.94699,-19.82825],[-43.94566,-19.82684],[-43.94511,-19.82761],[-43.94488,-19.82925],[-43.94548,-19.83164]]]}},{"id":"65","type":"Feature","properties":{"bairro":"Campus UFMG","distrito":"Belo Horizonte","regiao":"Pampulha","setores":1,"urbano":1},"geometry":{"type":"Polygon","coordinates":[[[-43.96551,-19.88389],[-43.96527,-19.88427],[-43.96914,-19.88711],[-43.9711,-19.88522],[-43.97414,-19.88412],[-43.97495,-19.8834],[-43.97532,-19.8826],[-43.97656,-19.87809],[-43.9769,-19.87579],[-43.97691,-19.8737],[-43.97648,-19.87117],[-43.97615,-19.87026],[-43.96977,-19.86901],[-43.96911,-19.86818],[-43.96884,-19.86724],[-43.9704,-19.86297],[-43.95945,-19.85934],[-43.9548,-19.87163],[-43.95613,-19.87171],[-43.95789,-19.87066],[-43.95866,-19.87159],[-43.95754,-19.87253],[-43.96238,-19.87757],[-43.96412,-19.87651],[-43.9647,-19.87733],[-43.96486,-19.87861],[-43.9646,-19.87864],[-43.96465,-19.87905],[-43.96408,-19.87986],[-43.96422,-19.88147],[-43.96441,-19.88165],[-43.96431,-19.88289],[-43.96551,-19.88389]]]}},{"id":"66","type":"Feature","properties":{"bairro":"Canadá","distrito":"Belo Horizonte","regiao":"Nordeste","setores":1,"urbano":1},"geometry":{"type":"Polygon","coordinates":[[[-43.94323,-19.89607],[-43.94361,-19.89807],[-43.94449,-19.89831],[-43.94463,-19.89857],[-43.94558,-19.89814],[-43.9465,-19.89694],[-43.9465,-19.89644],[-43.94546,-19.89489],[-43.94509,-19.89585],[-43.94451,-19.89484],[-43.94323,-19.89607]]]}},{"id":"67","type":"Feature","properties":{"bairro":"Canaã","distrito":"Venda Nova","regiao":"Venda Nova","setores":4,"urbano":4},"geometry":{"type":"Polygon","coordinates":[[[-43.94347,-19.79786],[-43.94656,-19.79954],[-43.94986,-19.8002],[-43.94957,-19.79405],[-43.94913,-19.79089],[-43.94886,-19.78584],[-43.94774,-19.78507],[-43.94747,-19.78559],[-43.94834,-19.78631],[-43.94833,-19.78726],[-43.94804,-19.78769],[-43.94741,-19.78806],[-43.94784,-19.78977],[-43.94759,-19.79079],[-43.9479,-19.79255],[-43.94784,-19.7928],[-43.94742,-19.79292],[-43.94712,-19.79351],[-43.94648,-19.79399],[-43.94621,-19.79455],[-43.94532,-19.79552],[-43.9458,-19.79582],[-43.94527,-19.79597],[-43.94499,-19.79648],[-43.94515,-19.79695],[-43.94465,-19.79696],[-43.94442,-19.79732],[-43.94347,-19.79786]]]}},{"id":"68","type":"Feature","properties":{"bairro":"Candelária","distrito":"Venda Nova","regiao":"Venda Nova","setores":15,"urbano":15},"geometry":{"type":"Polygon","coordinates":[[[-43.97646,-19.81425],[-43.97771,-19.81367],[-43.97924,-19.81043],[-43.97364,-19.80721],[-43.97284,-19.80693],[-43.97074,-19.80696],[-43.97101,-19.80662],[-43.97031,-19.80644],[-43.96981,-19.80713],[-43.96866,-19.80798],[-43.96782,-19.80907],[-43.96861,-19.80962],[-43.96748,-19.81049],[-43.96617,-19.81098],[-43.96623,-19.8121],[-43.9639,-19.81471],[-43.96348,-19.81473],[-43.96326,-19.81507],[-43.96369,-19.81542],[-43.9649,-19.81572],[-43.96711,-19.81672],[-43.96797,-19.81602],[-43.97049,-19.81491],[-43.97198,-19.81463],[-43.97657,-19.81454],[-43.97646,-19.81425]]]}},{"id":"69","type":"Feature","properties":{"bairro":"Canto do Sabiá","distrito":"Venda Nova","regiao":"Venda Nova","setores":1,"urbano":1},"geometry":{"type":"Polygon","coordinates":[[[-43.95661,-19.82433],[-43.95728,-19.82503],[-43.95795,-19.82519],[-43.95822,-19.82518],[-43.9586,-19.8244],[-43.95816,-19.82446],[-43.95781,-19.82416],[-43.95752,-19.82428],[-43.95729,-19.82417],[-43.95741,-19.82394],[-43.95661,-19.82433]]]}},{"id":"70","type":"Feature","properties":{"bairro":"Capitão Eduardo","distrito":"Venda Nova","regiao":"Nordeste","setores":11,"urbano":11},"geometry":{"type":"Polygon","coordinates":[[[-43.88967,-19.82933],[-43.88955,-19.83208],[-43.89086,-19.83219],[-43.89219,-19.83097],[-43.89383,-19.83073],[-43.89437,-19.82967],[-43.89479,-19.82926],[-43.89595,-19.82912],[-43.89639,-19.82888],[-43.89689,-19.82742],[-43.89807,-19.82673],[-43.89838,-19.82632],[-43.89841,-19.82561],[-43.89739,-19.82474],[-43.89723,-19.82417],[-43.89774,-19.82341],[-43.89936,-19.82278],[-43.89898,-19.82159],[-43.89777,-19.82209],[-43.89642,-19.82188],[-43.89181,-19.82227],[-43.89012,-19.82204],[-43.88913,-19.82141],[-43.88818,-19.82117],[-43.88673,-19.82156],[-43.88595,-19.82153],[-43.8856,-19.82173],[-43.88432,-19.82171],[-43.88317,-19.82248],[-43.88272,-19.82322],[-43.88076,-19.82314],[-43.8801,-19.82293],[-43.87908,-19.82168],[-43.88047,-19.82092],[-43.88118,-19.82007],[-43.88113,-19.81988],[-43.87949,-19.81929],[-43.87898,-19.81703],[-43.87907,-19.81565],[-43.87842,-19.81516],[-43.87921,-19.81399],[-43.87897,-19.8137],[-43.87836,-19.81395],[-43.87784,-19.81375],[-43.87703,-19.81313],[-43.87655,-19.81328],[-43.87641,-19.81385],[-43.87616,-19.81804],[-43.8756,-19.81921],[-43.87444,-19.82022],[-43.87343,-19.82037],[-43.8712,-19.82029],[-43.87004,-19.81974],[-43.86937,-19.82021],[-43.86901,-19.82081],[-43.86885,-19.82149],[-43.86892,-19.82435],[-43.86873,-19.82516],[-43.86823,-19.82564],[-43.86332,-19.82577],[-43.86194,-19.82626],[-43.8617,-19.82692],[-43.8618,-19.82752],[-43.86236,-19.82844],[-43.86519,-19.83118],[-43.8656,-19.83081],[-43.86618,-19.83136],[-43.86688,-19.83265],[-43.86717,-19.83254],[-43.86609,-19.83045],[-43.86611,-19.82924],[-43.8667,-19.8281],[-43.86843,-19.82691],[-43.86961,-19.82891],[-43.86972,-19.8295],[-43.87006,-19.8298],[-43.86998,-19.8303],[-43.86971,-19.83038],[-43.86976,-19.83084],[-43.87051,-19.82999],[-43.8733,-19.83189],[-43.87353,-19.83268],[-43.87391,-19.8332],[-43.87389,-19.8338],[-43.87448,-19.83411],[-43.87458,-19.83445],[-43.87318,-19.83589],[-43.87247,-19.8363],[-43.87121,-19.83864],[-43.87196,-19.84],[-43.87295,-19.84039],[-43.87371,-19.84112],[-43.88187,-19.83787],[-43.88307,-19.83799],[-43.88463,-19.83847],[-43.88504,-19.83885],[-43.88548,-19.8397],[-43.88514,-19.83817],[-43.88613,-19.83705],[-43.88604,-19.83689],[-43.88647,-19.83658],[-43.88659,-19.83668],[-43.88696,-19.83602],[-43.88691,-19.83579],[-43.88616,-19.83569],[-43.88581,-19.83542],[-43.88673,-19.83373],[-43.88613,-19.83298],[-43.88382,-19.83377],[-43.88273,-19.83366],[-43.88185,-19.83384],[-43.88154,-19.83361],[-43.88172,-19.83339],[-43.88203,-19.83347],[-43.88469,-19.83032],[-43.88586,-19.83057],[-43.88694,-19.83056],[-43.8895,-19.82912],[-43.88967,-19.82933]]]}},{"id":"71","type":"Feature","properties":{"bairro":"Cardoso","distrito":"Barreiro","regiao":"Barreiro","setores":17,"urbano":17},"geometry":{"type":"Polygon","coordinates":[[[-44.01178,-20.00829],[-44.0137,-20.00519],[-44.01573,-20.00374],[-44.01019,-20.00212],[-44.00923,-19.99704],[-44.00695,-19.99632],[-44.00617,-19.99632],[-44.00582,-19.99724],[-44.00651,-19.99729],[-44.0064,-19.99763],[-44.00551,-19.99832],[-44.00492,-19.99792],[-44.0045,-19.99828],[-44.00393,-19.99801],[-44.00362,-19.99817],[-44.00387,-19.99847],[-44.00339,-19.99892],[-44.00343,-19.99925],[-44.00385,-19.99911],[-44.00535,-19.99933],[-44.00521,-20.00008],[-44.00499,-20.00004],[-44.00486,-20.00057],[-44.00348,-20.00015],[-44.00255,-20.00333],[-44.0029,-20.0047],[-44.00297,-20.00605],[-44.00329,-20.0059],[-44.01178,-20.00829]]]}},{"id":"72","type":"Feature","properties":{"bairro":"Carlos Prates","distrito":"Belo Horizonte","regiao":"Noroeste","setores":26,"urbano":26},"geometry":{"type":"Polygon","coordinates":[[[-43.96746,-19.9182],[-43.96853,-19.91429],[-43.9693,-19.91458],[-43.97003,-19.91182],[-43.96732,-19.91087],[-43.96374,-19.90878],[-43.9611,-19.90799],[-43.96012,-19.908],[-43.95908,-19.90827],[-43.95662,-19.90955],[-43.95605,-19.91014],[-43.9543,-19.91338],[-43.95356,-19.91395],[-43.9516,-19.91411],[-43.94796,-19.91281],[-43.94422,-19.91289],[-43.94345,-19.91351],[-43.94425,-19.91403],[-43.94678,-19.91676],[-43.94757,-19.9172],[-43.94847,-19.91738],[-43.95382,-19.9167],[-43.95456,-19.9168],[-43.95487,-19.91796],[-43.95776,-19.91914],[-43.96039,-19.91878],[-43.96178,-19.91731],[-43.96327,-19.91674],[-43.966,-19.91738],[-43.96746,-19.9182]],[[-43.96045,-19.91305],[-43.96094,-19.91256],[-43.96132,-19.91267],[-43.96187,-19.91349],[-43.96223,-19.91453],[-43.96291,-19.9144],[-43.96335,-19.9145],[-43.96229,-19.9146],[-43.96257,-19.91527],[-43.96136,-19.91589],[-43.96118,-19.91568],[-43.96151,-19.91551],[-43.96131,-19.91522],[-43.96185,-19.91463],[-43.96122,-19.91353],[-43.96088,-19.91375],[-43.96074,-19.91355],[-43.96105,-19.91335],[-43.96099,-19.91323],[-43.96067,-19.91343],[-43.96045,-19.91305]]]}},{"id":"73","type":"Feature","properties":{"bairro":"Carmo","distrito":"Belo Horizonte","regiao":"Centro-Sul","setores":9,"urbano":9},"geometry":{"type":"Polygon","coordinates":[[[-43.93112,-19.94699],[-43.93479,-19.94615],[-43.93308,-19.93988],[-43.92901,-19.93945],[-43.93112,-19.94699]]]}},{"id":"74","type":"Feature","properties":{"bairro":"Casa Branca","distrito":"Belo Horizonte","regiao":"Leste","setores":11,"urbano":11},"geometry":{"type":"Polygon","coordinates":[[[-43.88822,-19.90411],[-43.88964,-19.90343],[-43.88948,-19.90307],[-43.88993,-19.90278],[-43.89124,-19.89792],[-43.88963,-19.89714],[-43.88801,-19.89217],[-43.88769,-19.89213],[-43.88707,-19.8923],[-43.88607,-19.89337],[-43.88572,-19.8949],[-43.88589,-19.89556],[-43.88546,-19.89708],[-43.8854,-19.89812],[-43.88493,-19.89878],[-43.88435,-19.89913],[-43.88458,-19.89945],[-43.88443,-19.89974],[-43.88455,-19.90005],[-43.88398,-19.90116],[-43.88477,-19.9029],[-43.88474,-19.90445],[-43.88582,-19.90512],[-43.88658,-19.90594],[-43.88715,-19.90622],[-43.88792,-19.90619],[-43.88934,-19.90488],[-43.88869,-19.90423],[-43.88782,-19.9044],[-43.8872,-19.90404],[-43.88647,-19.9019],[-43.887,-19.90163],[-43.88769,-19.90265],[-43.88753,-19.9026],[-43.88744,-19.90279],[-43.88737,-19.9031],[-43.88764,-19.90318],[-43.88739,-19.90395],[-43.88822,-19.90411]]]}},{"id":"75","type":"Feature","properties":{"bairro":"Castanheira","distrito":"Barreiro","regiao":"Barreiro","setores":10,"urbano":10},"geometry":{"type":"Polygon","coordinates":[[[-44.0298,-19.99734],[-44.02949,-19.99772],[-44.02952,-19.99819],[-44.03097,-19.99916],[-44.03103,-19.99938],[-44.03126,-19.99909],[-44.03202,-19.9994],[-44.03195,-20.0001],[-44.03219,-20.00029],[-44.03239,-19.99778],[-44.03249,-19.99802],[-44.033,-19.99805],[-44.03307,-19.99786],[-44.03317,-19.99807],[-44.03372,-19.99812],[-44.03384,-19.99794],[-44.03386,-19.99814],[-44.03435,-19.99818],[-44.03449,-19.99795],[-44.03448,-19.99818],[-44.03591,-19.99828],[-44.03481,-19.9951],[-44.03435,-19.99424],[-44.03375,-19.99402],[-44.02773,-19.99391],[-44.02649,-19.99504],[-44.02687,-19.99528],[-44.02639,-19.99567],[-44.02803,-19.99704],[-44.0281,-19.99729],[-44.02783,-19.99779],[-44.02851,-19.99814],[-44.02932,-19.99697],[-44.0298,-19.99734]]]}},{"id":"76","type":"Feature","properties":{"bairro":"Castelo","distrito":"Belo Horizonte","regiao":"Pampulha","setores":61,"urbano":61},"geometry":{"type":"Polygon","coordinates":[[[-43.99961,-19.89112],[-44.00643,-19.88544],[-44.00592,-19.88292],[-44.00587,-19.87956],[-44.00559,-19.87875],[-44.00433,-19.87676],[-44.00386,-19.87632],[-44.00018,-19.87482],[-43.99944,-19.8743],[-43.99889,-19.87306],[-43.99912,-19.871],[-43.99852,-19.87188],[-43.99671,-19.87254],[-43.9953,-19.87159],[-43.99488,-19.87183],[-43.99309,-19.87421],[-43.99238,-19.8756],[-43.99229,-19.87668],[-43.99271,-19.88048],[-43.99395,-19.88695],[-43.99325,-19.88969],[-43.99325,-19.89281],[-43.99304,-19.89392],[-43.99495,-19.89289],[-43.99961,-19.89112]]]}},{"id":"77","type":"Feature","properties":{"bairro":"Centro","distrito":"Belo Horizonte","regiao":"Centro-Sul","setores":49,"urbano":49},"geometry":{"type":"Polygon","coordinates":[[[-43.94385,-19.92435],[-43.9441,-19.92443],[-43.94471,-19.92346],[-43.94537,-19.92353],[-43.94592,-19.9232],[-43.94599,-19.9225],[-43.9456,-19.92203],[-43.94847,-19.91738],[-43.94757,-19.9172],[-43.94678,-19.91676],[-43.94399,-19.91381],[-43.9403,-19.91193],[-43.93946,-19.9119],[-43.93698,-19.91304],[-43.93343,-19.91315],[-43.93296,-19.91342],[-43.93304,-19.91362],[-43.93277,-19.91415],[-43.93155,-19.91347],[-43.93301,-19.9191],[-43.93404,-19.91968],[-43.93344,-19.92071],[-43.93297,-19.92114],[-43.93224,-19.9214],[-43.93145,-19.92135],[-43.93107,-19.92199],[-43.93128,-19.92208],[-43.93255,-19.92714],[-43.93512,-19.92652],[-43.93609,-19.92497],[-43.93642,-19.92621],[-43.94385,-19.92435]]]}},{"id":"78","type":"Feature","properties":{"bairro":"Cenáculo","distrito":"Venda Nova","regiao":"Venda Nova","setores":6,"urbano":6},"geometry":{"type":"Polygon","coordinates":[[[-43.96657,-19.80988],[-43.96749,-19.80942],[-43.96808,-19.80873],[-43.96523,-19.80598],[-43.9649,-19.80513],[-43.96418,-19.80515],[-43.96359,-19.80489],[-43.96235,-19.80328],[-43.96112,-19.80395],[-43.96008,-19.80529],[-43.96346,-19.80988],[-43.96413,-19.81055],[-43.96657,-19.80988]]]}},{"id":"79","type":"Feature","properties":{"bairro":"Chácara Leonina","distrito":"Belo Horizonte","regiao":"Oeste","setores":2,"urbano":2},"geometry":{"type":"Polygon","coordinates":[[[-43.95976,-19.95594],[-43.95946,-19.95645],[-43.96017,-19.95694],[-43.96077,-19.9567],[-43.96091,-19.95634],[-43.96046,-19.95591],[-43.96104,-19.95489],[-43.96056,-19.9548],[-43.96089,-19.95373],[-43.9606,-19.9537],[-43.9598,-19.95558],[-43.95948,-19.95571],[-43.95976,-19.95594]]]}},{"id":"80","type":"Feature","properties":{"bairro":"Cidade Jardim","distrito":"Belo Horizonte","regiao":"Centro-Sul","setores":3,"urbano":3},"geometry":{"type":"Polygon","coordinates":[[[-43.94798,-19.94048],[-43.94913,-19.94205],[-43.95143,-19.94192],[-43.95177,-19.94222],[-43.95273,-19.94243],[-43.95258,-19.94217],[-43.95282,-19.94202],[-43.95295,-19.94159],[-43.95316,-19.94141],[-43.95351,-19.94148],[-43.95365,-19.94104],[-43.95382,-19.94101],[-43.95395,-19.9395],[-43.95332,-19.93618],[-43.95233,-19.93406],[-43.94656,-19.93548],[-43.94768,-19.93883],[-43.94798,-19.94048]]]}},{"id":"81","type":"Feature","properties":{"bairro":"Cidade Jardim Taquaril","distrito":"Belo Horizonte","regiao":"Leste","setores":4,"urbano":4},"geometry":{"type":"Polygon","coordinates":[[[-43.86946,-19.92395],[-43.86925,-19.92461],[-43.8694,-19.92555],[-43.86995,-19.92588],[-43.8698,-19.92733],[-43.87027,-19.92807],[-43.87127,-19.92866],[-43.87126,-19.92909],[-43.87159,-19.92987],[-43.8727,-19.9301],[-43.87332,-19.93068],[-43.87375,-19.93081],[-43.87393,-19.9314],[-43.87554,-19.93269],[-43.8763,-19.93379],[-43.87677,-19.93395],[-43.87711,-19.93464],[-43.8787,-19.9357],[-43.87957,-19.93729],[-43.88073,-19.93755],[-43.88114,-19.93702],[-43.88216,-19.93713],[-43.88233,-19.93338],[-43.88458,-19.93356],[-43.88449,-19.93287],[-43.88484,-19.93214],[-43.88604,-19.93175],[-43.88641,-19.93098],[-43.8864,-19.92989],[-43.88678,-19.92823],[-43.88607,-19.92898],[-43.88612,-19.92715],[-43.8855,-19.92587],[-43.88551,-19.92548],[-43.88415,-19.92544],[-43.88364,-19.92518],[-43.88359,-19.92482],[-43.88371,-19.92424],[-43.88456,-19.92312],[-43.88561,-19.92232],[-43.88569,-19.92163],[-43.88679,-19.91996],[-43.88799,-19.91945],[-43.88683,-19.91901],[-43.88457,-19.92121],[-43.88219,-19.92166],[-43.87915,-19.92168],[-43.87822,-19.9214],[-43.87778,-19.92162],[-43.87498,-19.92155],[-43.87464,-19.92279],[-43.87424,-19.9229],[-43.8738,-19.92336],[-43.87346,-19.92323],[-43.87292,-19.92222],[-43.87264,-19.92215],[-43.87213,-19.92266],[-43.8713,-19.92252],[-43.87103,-19.92264],[-43.87045,-19.92341],[-43.86946,-19.92395]]]}},{"id":"82","type":"Feature","properties":{"bairro":"Cidade Nova","distrito":"Belo Horizonte","regiao":"Nordeste","setores":25,"urbano":25},"geometry":{"type":"Polygon","coordinates":[[[-43.92754,-19.89465],[-43.92923,-19.88917],[-43.92941,-19.8847],[-43.92891,-19.88352],[-43.92789,-19.88369],[-43.92685,-19.88307],[-43.9267,-19.88346],[-43.92586,-19.8841],[-43.92408,-19.88457],[-43.92338,-19.88504],[-43.92275,-19.88584],[-43.91921,-19.88805],[-43.91958,-19.88933],[-43.91945,-19.88952],[-43.92106,-19.89259],[-43.92154,-19.89316],[-43.92234,-19.89358],[-43.92398,-19.8937],[-43.92754,-19.89465]]]}},{"id":"83","type":"Feature","properties":{"bairro":"Cinquentenário","distrito":"Belo Horizonte","regiao":"Oeste","setores":14,"urbano":14},"geometry":{"type":"Polygon","coordinates":[[[-43.98412,-19.96673],[-43.98477,-19.9645],[-43.98554,-19.96369],[-43.98262,-19.96094],[-43.98322,-19.95989],[-43.98465,-19.95954],[-43.98497,-19.95926],[-43.98572,-19.95818],[-43.98644,-19.95543],[-43.98612,-19.95512],[-43.98522,-19.95303],[-43.98295,-19.95159],[-43.98275,-19.95102],[-43.983,-19.95027],[-43.982,-19.94923],[-43.9813,-19.94977],[-43.98142,-19.95087],[-43.982,-19.95127],[-43.98193,-19.95144],[-43.98142,-19.95153],[-43.98136,-19.95182],[-43.98039,-19.95237],[-43.9804,-19.9533],[-43.97964,-19.95496],[-43.98253,-19.95823],[-43.98166,-19.9594],[-43.98024,-19.96235],[-43.98029,-19.96358],[-43.98066,-19.96436],[-43.9818,-19.96529],[-43.98188,-19.96553],[-43.98207,-19.96548],[-43.98412,-19.96673]]]}},{"id":"84","type":"Feature","properties":{"bairro":"Colégio Batista","distrito":"Belo Horizonte","regiao":"Leste","setores":21,"urbano":21},"geometry":{"type":"Polygon","coordinates":[[[-43.93698,-19.91304],[-43.93928,-19.91206],[-43.94037,-19.91108],[-43.9403,-19.91054],[-43.93978,-19.90983],[-43.93991,-19.90947],[-43.9413,-19.908],[-43.94,-19.9079],[-43.94186,-19.90599],[-43.94001,-19.90452],[-43.93631,-19.90507],[-43.93254,-19.90381],[-43.93205,-19.90519],[-43.9324,-19.91148],[-43.93296,-19.91342],[-43.9338,-19.91306],[-43.93698,-19.91304]]]}},{"id":"85","type":"Feature","properties":{"bairro":"Comiteco","distrito":"Belo Horizonte","regiao":"Centro-Sul","setores":4,"urbano":4},"geometry":{"type":"Polygon","coordinates":[[[-43.92719,-19.95775],[-43.92704,-19.95811],[-43.92731,-19.95895],[-43.92724,-19.95929],[-43.92603,-19.96007],[-43.92742,-19.96072],[-43.92779,-19.96062],[-43.928,-19.96014],[-43.92832,-19.96023],[-43.92831,-19.95985],[-43.92867,-19.95982],[-43.9298,-19.95807],[-43.92995,-19.95677],[-43.92962,-19.95445],[-43.92936,-19.95404],[-43.92896,-19.95385],[-43.92652,-19.95411],[-43.92396,-19.95266],[-43.92277,-19.95237],[-43.92229,-19.95172],[-43.92222,-19.95049],[-43.922,-19.95013],[-43.92035,-19.94923],[-43.91985,-19.94939],[-43.91927,-19.9502],[-43.91861,-19.95059],[-43.91915,-19.95091],[-43.91885,-19.9515],[-43.91978,-19.95202],[-43.91969,-19.9524],[-43.91928,-19.95211],[-43.91871,-19.9522],[-43.91851,-19.95361],[-43.9185,-19.9548],[-43.91916,-19.95703],[-43.92115,-19.95773],[-43.92719,-19.95775]]]}},{"id":"86","type":"Feature","properties":{"bairro":"Concórdia","distrito":"Belo Horizonte","regiao":"Nordeste","setores":20,"urbano":20},"geometry":{"type":"Polygon","coordinates":[[[-43.94063,-19.90438],[-43.94463,-19.89857],[-43.94449,-19.89831],[-43.94361,-19.89807],[-43.94312,-19.89546],[-43.94279,-19.89566],[-43.93975,-19.89595],[-43.93975,-19.89676],[-43.9392,-19.89641],[-43.93934,-19.89625],[-43.93911,-19.89602],[-43.9388,-19.89607],[-43.93828,-19.89576],[-43.93848,-19.89477],[-43.93632,-19.89385],[-43.9363,-19.89518],[-43.93538,-19.89608],[-43.93405,-19.89869],[-43.93393,-19.8999],[-43.93254,-19.90381],[-43.93631,-19.90507],[-43.94063,-19.90438]],[[-43.94292,-19.89784],[-43.94099,-19.89987],[-43.9403,-19.89861],[-43.94099,-19.89826],[-43.94068,-19.89771],[-43.94018,-19.89763],[-43.94107,-19.89677],[-43.94138,-19.89698],[-43.94133,-19.89725],[-43.94292,-19.89784]]]}},{"id":"87","type":"Feature","properties":{"bairro":"Confisco","distrito":"Belo Horizonte","regiao":"Pampulha","setores":7,"urbano":7},"geometry":{"type":"Polygon","coordinates":[[[-44.01542,-19.86799],[-44.0184,-19.86935],[-44.01892,-19.86872],[-44.02078,-19.86786],[-44.02172,-19.8679],[-44.02172,-19.86805],[-44.02223,-19.86792],[-44.02205,-19.86737],[-44.02225,-19.86701],[-44.02096,-19.86636],[-44.02139,-19.86557],[-44.02016,-19.86494],[-44.0205,-19.86423],[-44.02005,-19.86401],[-44.02027,-19.8636],[-44.01944,-19.86317],[-44.01957,-19.86295],[-44.0193,-19.86272],[-44.01941,-19.86246],[-44.01904,-19.86243],[-44.019,-19.86301],[-44.01867,-19.86354],[-44.01643,-19.86559],[-44.01493,-19.86668],[-44.01541,-19.86722],[-44.01542,-19.86799]]]}},{"id":"88","type":"Feature","properties":{"bairro":"Conjunto Bonsucesso","distrito":"Barreiro","regiao":"Barreiro","setores":2,"urbano":2},"geometry":{"type":"Polygon","coordinates":[[[-43.99041,-19.97872],[-43.99097,-19.97843],[-43.99202,-19.97894],[-43.99264,-19.97869],[-43.99272,-19.97883],[-43.99321,-19.9785],[-43.99287,-19.97775],[-43.99178,-19.9765],[-43.9908,-19.97688],[-43.99081,-19.9773],[-43.99121,-19.9778],[-43.99083,-19.97779],[-43.99044,-19.97812],[-43.99034,-19.97853],[-43.99041,-19.97872]]]}},{"id":"89","type":"Feature","properties":{"bairro":"Conjunto Califórnia I","distrito":"Belo Horizonte","regiao":"Noroeste","setores":7,"urbano":7},"geometry":{"type":"Polygon","coordinates":[[[-44.00528,-19.92444],[-44.00607,-19.92636],[-44.00808,-19.92629],[-44.00968,-19.92586],[-44.00907,-19.92523],[-44.00999,-19.92474],[-44.01037,-19.92423],[-44.01042,-19.92386],[-44.00987,-19.92206],[-44.00934,-19.92141],[-44.00864,-19.92156],[-44.00807,-19.92067],[-44.00804,-19.92002],[-44.00757,-19.91977],[-44.00711,-19.91893],[-44.00697,-19.91911],[-44.00675,-19.91902],[-44.00581,-19.92069],[-44.00605,-19.92126],[-44.00566,-19.92133],[-44.00544,-19.92212],[-44.00574,-19.92258],[-44.00544,-19.92271],[-44.00556,-19.92331],[-44.00532,-19.92347],[-44.00534,-19.92392],[-44.00579,-19.92416],[-44.00528,-19.92444]]]}},{"id":"90","type":"Feature","properties":{"bairro":"Conjunto Califórnia II","distrito":"Belo Horizonte","regiao":"Noroeste","setores":3,"urbano":3},"geometry":{"type":"Polygon","coordinates":[[[-44.0095,-19.92078],[-44.01311,-19.9204],[-44.01335,-19.91886],[-44.01028,-19.91795],[-44.00903,-19.91865],[-44.00874,-19.91907],[-44.00895,-19.91995],[-44.0095,-19.92078]]]}},{"id":"91","type":"Feature","properties":{"bairro":"Conjunto Capitão Eduardo","distrito":"Venda Nova","regiao":"Nordeste","setores":5,"urbano":5},"geometry":{"type":"Polygon","coordinates":[[[-43.86725,-19.83283],[-43.86835,-19.83265],[-43.86831,-19.83159],[-43.86884,-19.83156],[-43.86983,-19.83106],[-43.86971,-19.83038],[-43.86998,-19.8303],[-43.87006,-19.8298],[-43.86972,-19.8295],[-43.86961,-19.82891],[-43.86843,-19.82691],[-43.8667,-19.8281],[-43.86611,-19.82924],[-43.86609,-19.83045],[-43.86725,-19.83283]]]}},{"id":"92","type":"Feature","properties":{"bairro":"Conjunto Celso Machado","distrito":"Belo Horizonte","regiao":"Pampulha","setores":4,"urbano":4},"geometry":{"type":"Polygon","coordinates":[[[-44.01019,-19.88937],[-44.01009,-19.88745],[-44.01072,-19.88545],[-44.01184,-19.88551],[-44.01123,-19.88288],[-44.01047,-19.88247],[-44.006,-19.88334],[-44.00755,-19.89052],[-44.00844,-19.89031],[-44.00832,-19.88978],[-44.01019,-19.88937]]]}},{"id":"93","type":"Feature","properties":{"bairro":"Conjunto Floramar","distrito":"Venda Nova","regiao":"Norte","setores":1,"urbano":1},"geometry":{"type":"Polygon","coordinates":[[[-43.93112,-19.82892],[-43.93048,-19.8297],[-43.93177,-19.83087],[-43.93225,-19.82899],[-43.93112,-19.82892]]]}},{"id":"94","type":"Feature","properties":{"bairro":"Conjunto Jardim Filadélfia","distrito":"Belo Horizonte","regiao":"Noroeste","setores":3,"urbano":3},"geometry":{"type":"Polygon","coordinates":[[[-44.00572,-19.91179],[-44.00618,-19.91235],[-44.00703,-19.91131],[-44.00734,-19.91158],[-44.00791,-19.91168],[-44.00902,-19.91151],[-44.01029,-19.90757],[-44.0092,-19.90722],[-44.00844,-19.90881],[-44.00733,-19.90955],[-44.00572,-19.91179]]]}},{"id":"95","type":"Feature","properties":{"bairro":"Conjunto Jatobá","distrito":"Barreiro","regiao":"Barreiro","setores":4,"urbano":4},"geometry":{"type":"Polygon","coordinates":[[[-44.04105,-20.00536],[-44.04129,-20.00455],[-44.0438,-20.00483],[-44.04433,-20.00445],[-44.0432,-20.0015],[-44.04269,-20.00073],[-44.04268,-20.00223],[-44.04149,-20.00367],[-44.04104,-20.00377],[-44.03936,-20.00315],[-44.03788,-20.00302],[-44.03763,-20.00501],[-44.04105,-20.00536]]]}},{"id":"96","type":"Feature","properties":{"bairro":"Conjunto Lagoa","distrito":"Belo Horizonte","regiao":"Pampulha","setores":2,"urbano":2},"geometry":{"type":"Polygon","coordinates":[[[-43.99719,-19.86848],[-43.9992,-19.86936],[-43.9992,-19.86755],[-43.99836,-19.86595],[-43.99602,-19.86732],[-43.99719,-19.86848]]]}},{"id":"97","type":"Feature","properties":{"bairro":"Conjunto Minascaixa","distrito":"Venda Nova","regiao":"Venda Nova","setores":8,"urbano":8},"geometry":{"type":"Polygon","coordinates":[[[-43.95947,-19.80646],[-43.96034,-19.80481],[-43.96112,-19.80395],[-43.96235,-19.80328],[-43.96198,-19.8024],[-43.96111,-19.80315],[-43.96075,-19.80256],[-43.96074,-19.80219],[-43.961,-19.80222],[-43.96059,-19.80139],[-43.96104,-19.80104],[-43.95902,-19.80035],[-43.95869,-19.80143],[-43.95641,-19.80302],[-43.9556,-19.8033],[-43.95947,-19.80646]]]}},{"id":"98","type":"Feature","properties":{"bairro":"Conjunto Novo Dom Bosco","distrito":"Belo Horizonte","regiao":"Noroeste","setores":3,"urbano":3},"geometry":{"type":"Polygon","coordinates":[[[-44.00753,-19.91759],[-44.00685,-19.91757],[-44.00649,-19.91794],[-44.00799,-19.91807],[-44.00832,-19.91772],[-44.00855,-19.91787],[-44.00852,-19.91763],[-44.00911,-19.91782],[-44.00907,-19.91767],[-44.00968,-19.91718],[-44.00906,-19.91627],[-44.00778,-19.91718],[-44.00753,-19.91759]]]}},{"id":"99","type":"Feature","properties":{"bairro":"Conjunto Paulo VI","distrito":"Venda Nova","regiao":"Nordeste","setores":6,"urbano":6},"geometry":{"type":"Polygon","coordinates":[[[-43.88398,-19.83372],[-43.88613,-19.83298],[-43.88673,-19.83373],[-43.88785,-19.83261],[-43.88952,-19.83199],[-43.88967,-19.82933],[-43.8895,-19.82912],[-43.88694,-19.83056],[-43.88586,-19.83057],[-43.88469,-19.83032],[-43.88203,-19.83347],[-43.88172,-19.83339],[-43.88154,-19.83361],[-43.88185,-19.83384],[-43.88273,-19.83366],[-43.88398,-19.83372]]]}},{"id":"100","type":"Feature","properties":{"bairro":"Conjunto Providência","distrito":"Venda Nova","regiao":"Norte","setores":1,"urbano":1},"geometry":{"type":"Polygon","coordinates":[[[-43.9263,-19.8536],[-43.92605,-19.85284],[-43.92544,-19.853],[-43.92517,-19.85222],[-43.92452,-19.85244],[-43.92459,-19.85299],[-43.92552,-19.85334],[-43.92564,-19.8538],[-43.9263,-19.8536]]]}},{"id":"101","type":"Feature","properties":{"bairro":"Conjunto Santa Maria","distrito":"Belo Horizonte","regiao":"Centro-Sul","setores":3,"urbano":3},"geometry":{"type":"Polygon","coordinates":[[[-43.9569,-19.95257],[-43.9571,-19.9523],[-43.95758,-19.95224],[-43.95915,-19.95232],[-43.9597,-19.95185],[-43.96051,-19.95213],[-43.96128,-19.95029],[-43.96059,-19.95024],[-43.96039,-19.9507],[-43.96026,-19.95053],[-43.95952,-19.95074],[-43.95915,-19.95132],[-43.95691,-19.95141],[-43.95582,-19.95237],[-43.9546,-19.95205],[-43.9543,-19.95285],[-43.95533,-19.95316],[-43.9569,-19.95257]]]}},{"id":"102","type":"Feature","properties":{"bairro":"Conjunto Serra Verde","distrito":"Venda Nova","regiao":"Venda Nova","setores":1,"urbano":1},"geometry":{"type":"Polygon","coordinates":[[[-43.95321,-19.79367],[-43.9553,-19.79366],[-43.95529,-19.79305],[-43.95328,-19.79302],[-43.95309,-19.79326],[-43.95321,-19.79367]]]}},{"id":"103","type":"Feature","properties":{"bairro":"Conjunto São Francisco de Assis","distrito":"Belo Horizonte","regiao":"Pampulha","setores":1,"urbano":1},"geometry":{"type":"Polygon","coordinates":[[[-44.01052,-19.83099],[-44.01072,-19.83176],[-44.01166,-19.83199],[-44.01197,-19.83079],[-44.01052,-19.83099]]]}},{"id":"104","type":"Feature","properties":{"bairro":"Conjunto Taquaril","distrito":"Belo Horizonte","regiao":"Leste","setores":27,"urbano":27},"geometry":{"type":"Polygon","coordinates":[[[-43.88094,-19.92174],[-43.88174,-19.91817],[-43.88217,-19.91787],[-43.88335,-19.91774],[-43.88354,-19.91701],[-43.88303,-19.91681],[-43.88281,-19.91523],[-43.88341,-19.91383],[-43.88422,-19.91419],[-43.8841,-19.91329],[-43.88289,-19.91282],[-43.88254,-19.91238],[-43.88164,-19.91201],[-43.88159,-19.91155],[-43.88129,-19.91157],[-43.88079,-19.91099],[-43.87954,-19.91135],[-43.87905,-19.91119],[-43.8787,-19.9104],[-43.87886,-19.90962],[-43.87826,-19.90959],[-43.87815,-19.90944],[-43.87756,-19.90989],[-43.87747,-19.91023],[-43.87689,-19.91082],[-43.87647,-19.91104],[-43.87694,-19.912],[-43.87651,-19.91309],[-43.87686,-19.9134],[-43.87679,-19.91433],[-43.87615,-19.91432],[-43.87568,-19.9146],[-43.87521,-19.91571],[-43.87456,-19.9165],[-43.87449,-19.91698],[-43.87384,-19.91731],[-43.87365,-19.91772],[-43.87298,-19.9179],[-43.87258,-19.91848],[-43.87194,-19.91834],[-43.87079,-19.91925],[-43.87045,-19.92035],[-43.87031,-19.92154],[-43.87048,-19.92191],[-43.87013,-19.92337],[-43.8696,-19.92388],[-43.87045,-19.92341],[-43.87103,-19.92264],[-43.8713,-19.92252],[-43.87213,-19.92266],[-43.87271,-19.92214],[-43.87306,-19.92238],[-43.87354,-19.92331],[-43.87395,-19.92329],[-43.87424,-19.9229],[-43.87464,-19.92279],[-43.87498,-19.92155],[-43.87778,-19.92162],[-43.87822,-19.9214],[-43.87863,-19.92162],[-43.88094,-19.92174]]]}},{"id":"105","type":"Feature","properties":{"bairro":"Copacabana","distrito":"Belo Horizonte","regiao":"Pampulha","setores":30,"urbano":30},"geometry":{"type":"Polygon","coordinates":[[[-43.98701,-19.84038],[-43.98898,-19.84184],[-43.99074,-19.83667],[-43.99165,-19.83738],[-43.99393,-19.83854],[-43.99433,-19.83825],[-43.99474,-19.83826],[-43.99556,-19.83528],[-43.99624,-19.83079],[-43.99174,-19.8303],[-43.9917,-19.83059],[-43.98359,-19.82967],[-43.98331,-19.83012],[-43.98301,-19.8301],[-43.98227,-19.83086],[-43.98238,-19.83118],[-43.982,-19.83116],[-43.98173,-19.8315],[-43.98161,-19.83272],[-43.98086,-19.83205],[-43.97973,-19.83278],[-43.98016,-19.8336],[-43.9812,-19.83364],[-43.98143,-19.83385],[-43.98147,-19.83499],[-43.98092,-19.83568],[-43.98078,-19.83618],[-43.98118,-19.83839],[-43.9819,-19.83824],[-43.98268,-19.83855],[-43.98701,-19.84038]],[[-43.98553,-19.83506],[-43.98542,-19.83678],[-43.98472,-19.83672],[-43.98517,-19.83652],[-43.98517,-19.8355],[-43.98491,-19.83498],[-43.98553,-19.83506]],[[-43.98632,-19.83755],[-43.98621,-19.83853],[-43.98654,-19.83857],[-43.98646,-19.83926],[-43.98585,-19.8387],[-43.98583,-19.8389],[-43.98551,-19.83885],[-43.98539,-19.83855],[-43.98515,-19.83851],[-43.98529,-19.83744],[-43.98632,-19.83755]]]}},{"id":"106","type":"Feature","properties":{"bairro":"Coqueiral","distrito":"Belo Horizonte","regiao":"Noroeste","setores":5,"urbano":5},"geometry":{"type":"Polygon","coordinates":[[[-44.02534,-19.91762],[-44.02555,-19.9173],[-44.02609,-19.91715],[-44.0263,-19.91642],[-44.02583,-19.91619],[-44.02592,-19.91585],[-44.02543,-19.91513],[-44.02535,-19.91433],[-44.02512,-19.91436],[-44.02497,-19.91403],[-44.02468,-19.91415],[-44.02459,-19.914],[-44.02427,-19.91417],[-44.0245,-19.9146],[-44.02395,-19.91484],[-44.02358,-19.91465],[-44.02354,-19.91488],[-44.02371,-19.91495],[-44.0238,-19.91599],[-44.02446,-19.91659],[-44.02472,-19.91752],[-44.02495,-19.91769],[-44.02502,-19.91755],[-44.02534,-19.91762]]]}},{"id":"107","type":"Feature","properties":{"bairro":"Coqueiros","distrito":"Belo Horizonte","regiao":"Noroeste","setores":13,"urbano":13},"geometry":{"type":"Polygon","coordinates":[[[-44.01964,-19.90278],[-44.02536,-19.90496],[-44.02636,-19.90258],[-44.02591,-19.90142],[-44.02623,-19.90118],[-44.02562,-19.8999],[-44.0259,-19.89909],[-44.02397,-19.89849],[-44.02423,-19.89772],[-44.02233,-19.89714],[-44.0226,-19.89636],[-44.02068,-19.89577],[-44.02096,-19.89501],[-44.01905,-19.89441],[-44.01609,-19.89737],[-44.0179,-19.8994],[-44.0186,-19.90129],[-44.01953,-19.90238],[-44.01964,-19.90278]]]}},{"id":"108","type":"Feature","properties":{"bairro":"Coração Eucarístico","distrito":"Belo Horizonte","regiao":"Noroeste","setores":20,"urbano":20},"geometry":{"type":"Polygon","coordinates":[[[-43.99271,-19.92978],[-43.99494,-19.92842],[-43.99312,-19.9264],[-43.99584,-19.92426],[-43.99607,-19.92367],[-43.99559,-19.92197],[-43.99431,-19.92196],[-43.99441,-19.92027],[-43.99375,-19.91912],[-43.99409,-19.91884],[-43.99394,-19.91836],[-43.99324,-19.918],[-43.99287,-19.91815],[-43.99278,-19.91794],[-43.99307,-19.91713],[-43.99285,-19.91692],[-43.99115,-19.91926],[-43.9887,-19.92142],[-43.98717,-19.91968],[-43.98713,-19.92013],[-43.9867,-19.9209],[-43.98535,-19.92122],[-43.98524,-19.92223],[-43.98556,-19.92262],[-43.98515,-19.92294],[-43.98455,-19.92258],[-43.98369,-19.92239],[-43.98295,-19.92276],[-43.98274,-19.92323],[-43.98278,-19.92371],[-43.98321,-19.92429],[-43.98424,-19.92453],[-43.98438,-19.92541],[-43.9841,-19.92593],[-43.98611,-19.92673],[-43.98846,-19.92799],[-43.99048,-19.9293],[-43.99138,-19.93018],[-43.99302,-19.93082],[-43.99351,-19.93125],[-43.99349,-19.93091],[-43.99271,-19.92978]]]}},{"id":"109","type":"Feature","properties":{"bairro":"Coração de Jesus","distrito":"Belo Horizonte","regiao":"Centro-Sul","setores":14,"urbano":14},"geometry":{"type":"Polygon","coordinates":[[[-43.95264,-19.9478],[-43.95314,-19.94743],[-43.95282,-19.94708],[-43.95344,-19.94661],[-43.95305,-19.94601],[-43.95313,-19.94506],[-43.95266,-19.94476],[-43.95265,-19.94347],[-43.95143,-19.94332],[-43.95143,-19.94192],[-43.94913,-19.94205],[-43.94905,-19.9419],[-43.94909,-19.94235],[-43.94852,-19.94324],[-43.94843,-19.94382],[-43.94927,-19.94503],[-43.94924,-19.94623],[-43.94854,-19.94737],[-43.94965,-19.94799],[-43.94922,-19.9487],[-43.95015,-19.94981],[-43.95088,-19.94848],[-43.95206,-19.94849],[-43.95253,-19.94889],[-43.95264,-19.9478]]]}},{"id":"110","type":"Feature","properties":{"bairro":"Corumbiara","distrito":"Barreiro","regiao":"Barreiro","setores":2,"urbano":2},"geometry":{"type":"Polygon","coordinates":[[[-44.01377,-20.00801],[-44.01337,-20.00863],[-44.01187,-20.01053],[-44.01403,-20.01093],[-44.01426,-20.01048],[-44.01364,-20.0102],[-44.01374,-20.00987],[-44.01484,-20.00892],[-44.01469,-20.00876],[-44.01534,-20.0082],[-44.01475,-20.00761],[-44.01438,-20.0079],[-44.01377,-20.00801]]]}},{"id":"111","type":"Feature","properties":{"bairro":"Cruzeiro","distrito":"Belo Horizonte","regiao":"Centro-Sul","setores":19,"urbano":19},"geometry":{"type":"Polygon","coordinates":[[[-43.92711,-19.94562],[-43.92895,-19.94453],[-43.92997,-19.94436],[-43.93027,-19.94395],[-43.92901,-19.93945],[-43.9271,-19.93926],[-43.92631,-19.93897],[-43.92022,-19.94874],[-43.92035,-19.94923],[-43.92105,-19.94959],[-43.92146,-19.94915],[-43.92228,-19.94913],[-43.9226,-19.94944],[-43.92266,-19.94856],[-43.92306,-19.94895],[-43.92534,-19.94673],[-43.92682,-19.94596],[-43.92711,-19.94562]],[[-43.92673,-19.94427],[-43.92668,-19.94402],[-43.92642,-19.94392],[-43.92677,-19.94314],[-43.92703,-19.94322],[-43.92687,-19.94377],[-43.92701,-19.9442],[-43.92673,-19.94427]],[[-43.92461,-19.94347],[-43.92481,-19.94428],[-43.92442,-19.94424],[-43.92423,-19.94356],[-43.92461,-19.94347]]]}},{"id":"112","type":"Feature","properties":{"bairro":"Custodinha","distrito":"Belo Horizonte","regiao":"Oeste","setores":1,"urbano":1},"geometry":{"type":"Polygon","coordinates":[[[-44.00725,-19.94909],[-44.00753,-19.94895],[-44.00726,-19.94807],[-44.00755,-19.94805],[-44.00753,-19.94778],[-44.00745,-19.94749],[-44.0071,-19.94731],[-44.00694,-19.94755],[-44.00715,-19.9478],[-44.00666,-19.94846],[-44.00725,-19.94909]]]}},{"id":"113","type":"Feature","properties":{"bairro":"Céu Azul","distrito":"Belo Horizonte","regiao":"Pampulha","setores":41,"urbano":41},"geometry":{"type":"Polygon","coordinates":[[[-44.00568,-19.82877],[-44.00645,-19.82707],[-44.01041,-19.82601],[-44.00968,-19.82343],[-44.00978,-19.82309],[-44.00953,-19.82281],[-44.00925,-19.82289],[-44.00921,-19.82259],[-44.00825,-19.82207],[-44.008,-19.82214],[-44.00681,-19.82149],[-44.00651,-19.8209],[-44.00565,-19.82038],[-44.00619,-19.8188],[-44.00717,-19.81703],[-44.00739,-19.81613],[-44.00734,-19.81504],[-44.00845,-19.81413],[-44.00745,-19.81146],[-44.00623,-19.81062],[-44.00605,-19.81019],[-44.00578,-19.81014],[-44.00513,-19.81044],[-44.0044,-19.81152],[-44.00293,-19.8121],[-44.0014,-19.81231],[-44.0015,-19.81253],[-44.00015,-19.81319],[-44.00077,-19.81387],[-44.00094,-19.81488],[-44.00137,-19.8154],[-43.9993,-19.81557],[-43.9984,-19.81397],[-43.99584,-19.8149],[-43.99474,-19.81735],[-43.99439,-19.81773],[-43.99458,-19.81801],[-43.99431,-19.81843],[-43.9933,-19.8192],[-43.99284,-19.82043],[-43.99349,-19.82048],[-43.99339,-19.82146],[-43.99407,-19.82154],[-43.99457,-19.81967],[-43.99582,-19.8191],[-43.99555,-19.82095],[-43.99462,-19.82183],[-43.99373,-19.8305],[-43.99706,-19.83085],[-43.99694,-19.83192],[-43.99925,-19.83149],[-43.99863,-19.83091],[-44.00043,-19.8308],[-44.00042,-19.83177],[-44.00058,-19.83198],[-44.005,-19.83181],[-44.00568,-19.82877]]]}},{"id":"114","type":"Feature","properties":{"bairro":"Cônego Pinheiro","distrito":"Belo Horizonte","regiao":"Leste","setores":1,"urbano":1},"geometry":{"type":"Polygon","coordinates":[[[-43.90912,-19.91838],[-43.90903,-19.91978],[-43.90955,-19.91994],[-43.91012,-19.91945],[-43.91013,-19.91913],[-43.90977,-19.91919],[-43.9097,-19.91891],[-43.91005,-19.91812],[-43.90912,-19.91838]]]}},{"id":"115","type":"Feature","properties":{"bairro":"Cônego Pinheiro A","distrito":"Belo Horizonte","regiao":"Leste","setores":1,"urbano":1},"geometry":{"type":"Polygon","coordinates":[[[-43.90706,-19.91918],[-43.90695,-19.9201],[-43.90765,-19.92012],[-43.90798,-19.91975],[-43.90785,-19.91941],[-43.90706,-19.91918]]]}},{"id":"116","type":"Feature","properties":{"bairro":"Delta","distrito":"Belo Horizonte","regiao":"Noroeste","setores":2,"urbano":2},"geometry":{"type":"Polygon","coordinates":[[[-44.00305,-19.92393],[-44.00242,-19.92435],[-44.00276,-19.92489],[-44.00332,-19.92449],[-44.00415,-19.92459],[-44.00487,-19.92573],[-44.00568,-19.92523],[-44.00497,-19.92402],[-44.00354,-19.92281],[-44.00318,-19.92314],[-44.00305,-19.92393]]]}},{"id":"117","type":"Feature","properties":{"bairro":"Diamante","distrito":"Barreiro","regiao":"Barreiro","setores":31,"urbano":31},"geometry":{"type":"Polygon","coordinates":[[[-44.02105,-20.00415],[-44.02172,-20.00407],[-44.0225,-20.00346],[-44.02254,-20.00296],[-44.0232,-20.00246],[-44.02321,-20.00221],[-44.02272,-20.00158],[-44.02325,-20.00132],[-44.02366,-20.00045],[-44.02427,-20.00002],[-44.02456,-19.999],[-44.02489,-19.99865],[-44.02506,-19.9978],[-44.0261,-19.99709],[-44.02627,-19.99581],[-44.02687,-19.99528],[-44.02649,-19.99504],[-44.02773,-19.99397],[-44.02097,-19.99258],[-44.0222,-19.9919],[-44.02203,-19.99181],[-44.02247,-19.99057],[-44.02362,-19.98888],[-44.02479,-19.98923],[-44.02718,-19.98852],[-44.02921,-19.98917],[-44.03129,-19.98948],[-44.03223,-19.9901],[-44.03249,-19.99005],[-44.03275,-19.98931],[-44.03225,-19.98784],[-44.03228,-19.98728],[-44.03368,-19.9875],[-44.03414,-19.98696],[-44.03428,-19.98638],[-44.03359,-19.98526],[-44.03376,-19.98423],[-44.0328,-19.98417],[-44.03222,-19.98333],[-44.02912,-19.98061],[-44.02864,-19.98256],[-44.02879,-19.98402],[-44.02609,-19.98423],[-44.02201,-19.98337],[-44.02222,-19.98413],[-44.02131,-19.98702],[-44.02037,-19.98696],[-44.01985,-19.98853],[-44.01939,-19.9886],[-44.01834,-19.98831],[-44.01829,-19.98922],[-44.0167,-19.99457],[-44.01763,-19.99417],[-44.01795,-19.99726],[-44.01988,-19.99774],[-44.01904,-19.99967],[-44.01925,-20.00127],[-44.01897,-20.00206],[-44.01761,-20.00277],[-44.02105,-20.00415]]]}},{"id":"118","type":"Feature","properties":{"bairro":"Distrito Industrial do Jatobá","distrito":"Barreiro","regiao":"Barreiro","setores":14,"urbano":14},"geometry":{"type":"Polygon","coordinates":[[[-44.0262,-20.01207],[-44.02741,-20.01209],[-44.02763,-20.01191],[-44.02758,-20.01172],[-44.03026,-20.00581],[-44.0303,-20.00443],[-44.03137,-20.00304],[-44.0315,-20.00035],[-44.03082,-20.0003],[-44.02851,-19.99814],[-44.02278,-20.0064],[-44.02159,-20.00712],[-44.02091,-20.00699],[-44.02067,-20.00762],[-44.02031,-20.00766],[-44.01989,-20.00894],[-44.02042,-20.01013],[-44.0208,-20.01041],[-44.02081,-20.01083],[-44.0222,-20.01009],[-44.02449,-20.01258],[-44.02463,-20.01249],[-44.02526,-20.01315],[-44.02613,-20.01344],[-44.02632,-20.01323],[-44.02612,-20.0129],[-44.0262,-20.01207]]]}},{"id":"119","type":"Feature","properties":{"bairro":"Dom Bosco","distrito":"Belo Horizonte","regiao":"Noroeste","setores":18,"urbano":18},"geometry":{"type":"Polygon","coordinates":[[[-44.00457,-19.92362],[-44.00528,-19.92444],[-44.00579,-19.92416],[-44.00534,-19.92392],[-44.00532,-19.92347],[-44.00556,-19.92331],[-44.00544,-19.92271],[-44.00574,-19.92258],[-44.00544,-19.92212],[-44.00566,-19.92133],[-44.00605,-19.92126],[-44.00578,-19.92077],[-44.00614,-19.92011],[-44.00576,-19.92012],[-44.00574,-19.91958],[-44.00552,-19.91961],[-44.00565,-19.91887],[-44.00527,-19.91734],[-44.005,-19.91703],[-44.00519,-19.91682],[-44.00397,-19.91554],[-44.0047,-19.91494],[-44.00382,-19.91466],[-44.00192,-19.91127],[-44.00185,-19.91062],[-44.00252,-19.90842],[-44.00166,-19.90789],[-43.9987,-19.90824],[-43.99838,-19.9091],[-43.99842,-19.91022],[-43.99824,-19.91086],[-43.99739,-19.91163],[-43.99415,-19.91196],[-43.99368,-19.9133],[-43.99379,-19.91441],[-43.99419,-19.91507],[-43.99658,-19.91767],[-43.99988,-19.92016],[-44.00149,-19.91871],[-44.00164,-19.92147],[-44.00457,-19.92362]]]}},{"id":"120","type":"Feature","properties":{"bairro":"Dom Cabral","distrito":"Belo Horizonte","regiao":"Noroeste","setores":9,"urbano":9},"geometry":{"type":"Polygon","coordinates":[[[-43.99494,-19.92842],[-43.99645,-19.92711],[-43.99752,-19.92573],[-43.99997,-19.9239],[-44.00099,-19.92237],[-43.99932,-19.92063],[-43.9997,-19.92002],[-43.99693,-19.91799],[-43.99474,-19.91568],[-43.99415,-19.91693],[-43.99342,-19.91615],[-43.99285,-19.91692],[-43.99307,-19.91713],[-43.99278,-19.91794],[-43.99287,-19.91815],[-43.99324,-19.918],[-43.99394,-19.91836],[-43.99409,-19.91884],[-43.99375,-19.91912],[-43.99428,-19.92007],[-43.99486,-19.91979],[-43.99483,-19.92023],[-43.99432,-19.92086],[-43.99431,-19.92196],[-43.99559,-19.92197],[-43.99606,-19.92348],[-43.99584,-19.92426],[-43.99312,-19.9264],[-43.99494,-19.92842]]]}},{"id":"121","type":"Feature","properties":{"bairro":"Dom Joaquim","distrito":"Belo Horizonte","regiao":"Nordeste","setores":8,"urbano":8},"geometry":{"type":"Polygon","coordinates":[[[-43.91337,-19.87801],[-43.91168,-19.8784],[-43.91308,-19.87989],[-43.91441,-19.8818],[-43.91722,-19.88087],[-43.91833,-19.88007],[-43.91921,-19.87873],[-43.91896,-19.87861],[-43.91905,-19.87817],[-43.91948,-19.87778],[-43.91969,-19.87786],[-43.92027,-19.87704],[-43.92199,-19.87623],[-43.92172,-19.8761],[-43.92184,-19.87596],[-43.92262,-19.87579],[-43.92362,-19.87604],[-43.9261,-19.87292],[-43.9255,-19.87249],[-43.92461,-19.87316],[-43.9243,-19.87287],[-43.92472,-19.87241],[-43.92411,-19.87191],[-43.9236,-19.87235],[-43.92227,-19.87264],[-43.92155,-19.87307],[-43.92082,-19.87388],[-43.91934,-19.87458],[-43.91834,-19.87458],[-43.9166,-19.87508],[-43.91562,-19.87611],[-43.91444,-19.87655],[-43.91405,-19.87711],[-43.91427,-19.87748],[-43.91337,-19.87801]]]}},{"id":"122","type":"Feature","properties":{"bairro":"Dom Silvério","distrito":"Venda Nova","regiao":"Nordeste","setores":13,"urbano":13},"geometry":{"type":"Polygon","coordinates":[[[-43.90535,-19.85785],[-43.91035,-19.85831],[-43.91106,-19.85796],[-43.91039,-19.85689],[-43.91015,-19.85597],[-43.90936,-19.85583],[-43.90853,-19.85531],[-43.90713,-19.85392],[-43.90565,-19.854],[-43.90583,-19.85181],[-43.90569,-19.85101],[-43.90365,-19.85166],[-43.90224,-19.85145],[-43.90161,-19.85115],[-43.90079,-19.85163],[-43.90076,-19.85338],[-43.89917,-19.8534],[-43.89973,-19.85422],[-43.90046,-19.85359],[-43.90148,-19.85444],[-43.90037,-19.85578],[-43.90205,-19.8568],[-43.90211,-19.85723],[-43.90535,-19.85785]],[[-43.90356,-19.852],[-43.90347,-19.85248],[-43.90376,-19.85425],[-43.90252,-19.85299],[-43.9021,-19.85282],[-43.90288,-19.85201],[-43.90308,-19.85214],[-43.90356,-19.852]]]}},{"id":"123","type":"Feature","properties":{"bairro":"Dona Clara","distrito":"Belo Horizonte","regiao":"Pampulha","setores":17,"urbano":17},"geometry":{"type":"Polygon","coordinates":[[[-43.94338,-19.86137],[-43.94402,-19.86138],[-43.94739,-19.86012],[-43.94587,-19.85726],[-43.94596,-19.85701],[-43.94528,-19.85524],[-43.94399,-19.85557],[-43.94405,-19.85573],[-43.94011,-19.85714],[-43.93992,-19.85675],[-43.93971,-19.85685],[-43.93985,-19.85719],[-43.93948,-19.85734],[-43.93929,-19.85694],[-43.93866,-19.8572],[-43.93881,-19.8576],[-43.93787,-19.85795],[-43.93638,-19.85423],[-43.93652,-19.85617],[-43.93638,-19.85703],[-43.93567,-19.85804],[-43.93486,-19.85837],[-43.93435,-19.85829],[-43.93343,-19.86042],[-43.93642,-19.8631],[-43.93787,-19.86259],[-43.94127,-19.86292],[-43.94287,-19.86332],[-43.94338,-19.86137]]]}},{"id":"124","type":"Feature","properties":{"bairro":"Engenho Nogueira","distrito":"Belo Horizonte","regiao":"Pampulha","setores":7,"urbano":7},"geometry":{"type":"Polygon","coordinates":[[[-43.98415,-19.89801],[-43.98311,-19.89805],[-43.98329,-19.89835],[-43.98299,-19.89813],[-43.98328,-19.89776],[-43.98425,-19.89776],[-43.98414,-19.89748],[-43.98429,-19.89704],[-43.98504,-19.89691],[-43.98402,-19.89608],[-43.98393,-19.89578],[-43.9835,-19.89586],[-43.98334,-19.89458],[-43.98376,-19.89441],[-43.98386,-19.89327],[-43.98463,-19.89144],[-43.98493,-19.89113],[-43.98619,-19.89059],[-43.98583,-19.8897],[-43.984,-19.89069],[-43.98346,-19.8903],[-43.98423,-19.88888],[-43.98375,-19.88847],[-43.98297,-19.88821],[-43.98156,-19.88801],[-43.98146,-19.88723],[-43.98214,-19.8874],[-43.98214,-19.8855],[-43.98189,-19.88494],[-43.98275,-19.88441],[-43.98272,-19.88262],[-43.98224,-19.88157],[-43.98166,-19.87892],[-43.98155,-19.87751],[-43.98013,-19.8755],[-43.97833,-19.87524],[-43.97831,-19.87601],[-43.9769,-19.87579],[-43.97656,-19.87809],[-43.97532,-19.8826],[-43.97495,-19.8834],[-43.97414,-19.88412],[-43.9711,-19.88522],[-43.96914,-19.88711],[-43.97394,-19.89076],[-43.97795,-19.89302],[-43.97883,-19.89392],[-43.98188,-19.89933],[-43.98394,-19.89865],[-43.98395,-19.89837],[-43.98415,-19.89837],[-43.98415,-19.89801]]]}},{"id":"125","type":"Feature","properties":{"bairro":"Ermelinda","distrito":"Belo Horizonte","regiao":"Noroeste","setores":4,"urbano":4},"geometry":{"type":"Polygon","coordinates":[[[-43.95711,-19.88854],[-43.95621,-19.88957],[-43.95774,-19.89175],[-43.9587,-19.88986],[-43.96527,-19.88427],[-43.95915,-19.88219],[-43.95987,-19.88398],[-43.95928,-19.88405],[-43.95858,-19.88369],[-43.95841,-19.88382],[-43.95855,-19.88448],[-43.95784,-19.88616],[-43.95779,-19.8872],[-43.95711,-19.88854]]]}},{"id":"126","type":"Feature","properties":{"bairro":"Ernesto do Nascimento","distrito":"Barreiro","regiao":"Barreiro","setores":4,"urbano":4},"geometry":{"type":"Polygon","coordinates":[[[-44.03011,-20.01085],[-44.03326,-20.01123],[-44.03477,-20.00603],[-44.03329,-20.00588],[-44.03325,-20.00617],[-44.03241,-20.00611],[-44.03215,-20.00643],[-44.03203,-20.00624],[-44.03005,-20.01022],[-44.03033,-20.01029],[-44.03011,-20.01085]]]}},{"id":"127","type":"Feature","properties":{"bairro":"Esperança","distrito":"Barreiro","regiao":"Barreiro","setores":3,"urbano":3},"geometry":{"type":"Polygon","coordinates":[[[-43.98746,-19.99307],[-43.98833,-19.99414],[-43.98816,-19.99345],[-43.98872,-19.99394],[-43.98955,-19.99387],[-43.99061,-19.99433],[-43.99083,-19.99389],[-43.99041,-19.99358],[-43.99084,-19.99295],[-43.99118,-19.99308],[-43.99123,-19.99296],[-43.99113,-19.99261],[-43.99045,-19.99221],[-43.99058,-19.992],[-43.98903,-19.99157],[-43.98863,-19.99162],[-43.98826,-19.99201],[-43.98773,-19.99197],[-43.98727,-19.99257],[-43.98746,-19.99307]]]}},{"id":"128","type":"Feature","properties":{"bairro":"Esplanada","distrito":"Belo Horizonte","regiao":"Leste","setores":18,"urbano":18},"geometry":{"type":"Polygon","coordinates":[[[-43.90422,-19.90938],[-43.90575,-19.90935],[-43.90575,-19.90905],[-43.90588,-19.90928],[-43.90666,-19.9091],[-43.90672,-19.90938],[-43.90705,-19.90948],[-43.90987,-19.90904],[-43.91032,-19.90804],[-43.91045,-19.90656],[-43.90997,-19.90521],[-43.90921,-19.90429],[-43.9061,-19.9017],[-43.90569,-19.90166],[-43.90388,-19.90249],[-43.90002,-19.90346],[-43.89828,-19.90524],[-43.89896,-19.90853],[-43.90422,-19.90938]]]}},{"id":"129","type":"Feature","properties":{"bairro":"Estoril","distrito":"Belo Horizonte","regiao":"Oeste","setores":10,"urbano":10},"geometry":{"type":"Polygon","coordinates":[[[-43.95586,-19.97062],[-43.9563,-19.97035],[-43.95662,-19.97082],[-43.9583,-19.97097],[-43.95906,-19.97145],[-43.96045,-19.96931],[-43.96158,-19.96707],[-43.96328,-19.96783],[-43.96398,-19.96718],[-43.9652,-19.9671],[-43.96566,-19.96613],[-43.96541,-19.96553],[-43.96628,-19.96431],[-43.96602,-19.96404],[-43.96596,-19.9634],[-43.96618,-19.96278],[-43.96666,-19.96263],[-43.96784,-19.96116],[-43.96711,-19.96037],[-43.96796,-19.95932],[-43.97024,-19.95732],[-43.97054,-19.95651],[-43.97045,-19.9559],[-43.96692,-19.95457],[-43.96629,-19.95635],[-43.96551,-19.95588],[-43.96521,-19.95644],[-43.96407,-19.95562],[-43.96398,-19.95608],[-43.96314,-19.95615],[-43.96227,-19.95671],[-43.96091,-19.95634],[-43.96066,-19.9568],[-43.96017,-19.95694],[-43.95946,-19.95645],[-43.95973,-19.95579],[-43.95854,-19.95528],[-43.9571,-19.95755],[-43.95704,-19.95809],[-43.95749,-19.95981],[-43.95728,-19.96162],[-43.9545,-19.96531],[-43.95428,-19.96592],[-43.95459,-19.96892],[-43.95586,-19.97062]]]}},{"id":"130","type":"Feature","properties":{"bairro":"Estrela","distrito":"Belo Horizonte","regiao":"Centro-Sul","setores":3,"urbano":3},"geometry":{"type":"Polygon","coordinates":[[[-43.9401,-19.95051],[-43.94026,-19.95082],[-43.94102,-19.95094],[-43.94169,-19.95138],[-43.94157,-19.951],[-43.94246,-19.95075],[-43.94141,-19.94996],[-43.94114,-19.94953],[-43.94142,-19.94895],[-43.94247,-19.94946],[-43.94235,-19.94766],[-43.94155,-19.948],[-43.94141,-19.94786],[-43.94075,-19.94824],[-43.94044,-19.94848],[-43.94054,-19.94865],[-43.9401,-19.94923],[-43.9396,-19.94866],[-43.93919,-19.94888],[-43.93884,-19.9485],[-43.93835,-19.9486],[-43.93852,-19.94923],[-43.93882,-19.94941],[-43.93918,-19.94931],[-43.94016,-19.94999],[-43.9401,-19.95051]]]}},{"id":"131","type":"Feature","properties":{"bairro":"Estrela do Oriente","distrito":"Belo Horizonte","regiao":"Oeste","setores":14,"urbano":14},"geometry":{"type":"Polygon","coordinates":[[[-43.98885,-19.9743],[-43.989,-19.97431],[-43.99111,-19.97108],[-43.99273,-19.96935],[-43.99215,-19.96898],[-43.99213,-19.9677],[-43.99171,-19.96524],[-43.98939,-19.95999],[-43.98896,-19.9594],[-43.98814,-19.95882],[-43.98671,-19.95819],[-43.98337,-19.96169],[-43.98554,-19.96369],[-43.98477,-19.9645],[-43.98412,-19.96673],[-43.98435,-19.96732],[-43.98416,-19.96933],[-43.98429,-19.96967],[-43.98628,-19.96919],[-43.98658,-19.97028],[-43.98645,-19.97088],[-43.98592,-19.97102],[-43.98738,-19.97431],[-43.98881,-19.97397],[-43.98885,-19.9743]]]}},{"id":"132","type":"Feature","properties":{"bairro":"Etelvina Carneiro","distrito":"Venda Nova","regiao":"Norte","setores":6,"urbano":6},"geometry":{"type":"Polygon","coordinates":[[[-43.93405,-19.81415],[-43.93479,-19.81414],[-43.93464,-19.81301],[-43.93515,-19.81249],[-43.93581,-19.8127],[-43.93677,-19.81357],[-43.93727,-19.81345],[-43.93707,-19.81322],[-43.93721,-19.81317],[-43.93809,-19.8129],[-43.93879,-19.81291],[-43.93818,-19.81218],[-43.93779,-19.81087],[-43.93746,-19.81054],[-43.93507,-19.80963],[-43.93438,-19.80904],[-43.93154,-19.80909],[-43.93137,-19.81042],[-43.93088,-19.81212],[-43.9308,-19.81367],[-43.93122,-19.81383],[-43.93307,-19.81384],[-43.93397,-19.81357],[-43.93405,-19.81415]]]}},{"id":"133","type":"Feature","properties":{"bairro":"Eymard","distrito":"Belo Horizonte","regiao":"Nordeste","setores":10,"urbano":10},"geometry":{"type":"Polygon","coordinates":[[[-43.92112,-19.86459],[-43.92061,-19.86671],[-43.92148,-19.86704],[-43.92267,-19.86588],[-43.92508,-19.86401],[-43.92515,-19.86376],[-43.92127,-19.86153],[-43.91617,-19.85924],[-43.91428,-19.8587],[-43.91122,-19.8584],[-43.9113,-19.85948],[-43.91167,-19.8598],[-43.91143,-19.86033],[-43.91277,-19.86126],[-43.91242,-19.86152],[-43.91211,-19.86151],[-43.91218,-19.86168],[-43.91604,-19.86425],[-43.92112,-19.86459]]]}},{"id":"134","type":"Feature","properties":{"bairro":"Fazendinha","distrito":"Belo Horizonte","regiao":"Centro-Sul","setores":6,"urbano":6},"geometry":{"type":"Polygon","coordinates":[[[-43.90513,-19.9332],[-43.90532,-19.93373],[-43.90522,-19.9342],[-43.90571,-19.93419],[-43.90575,-19.93386],[-43.90664,-19.93309],[-43.90682,-19.93234],[-43.90807,-19.9307],[-43.90808,-19.92982],[-43.90833,-19.92911],[-43.90805,-19.92949],[-43.90583,-19.92939],[-43.90556,-19.92923],[-43.90553,-19.9289],[-43.90519,-19.92887],[-43.90503,-19.92852],[-43.90303,-19.92812],[-43.90332,-19.92972],[-43.90314,-19.93171],[-43.90513,-19.9332]]]}},{"id":"135","type":"Feature","properties":{"bairro":"Fernão Dias","distrito":"Belo Horizonte","regiao":"Nordeste","setores":12,"urbano":12},"geometry":{"type":"Polygon","coordinates":[[[-43.91919,-19.8746],[-43.92082,-19.87388],[-43.92202,-19.87276],[-43.9231,-19.87079],[-43.92078,-19.86974],[-43.91996,-19.86897],[-43.91916,-19.86939],[-43.91904,-19.86896],[-43.91822,-19.86916],[-43.91745,-19.8688],[-43.9169,-19.86938],[-43.9164,-19.8688],[-43.91624,-19.86954],[-43.91347,-19.87127],[-43.91236,-19.87288],[-43.91402,-19.87398],[-43.91448,-19.87337],[-43.91466,-19.87428],[-43.91573,-19.87601],[-43.91671,-19.87502],[-43.91834,-19.87458],[-43.91919,-19.8746]]]}},{"id":"136","type":"Feature","properties":{"bairro":"Flamengo","distrito":"Venda Nova","regiao":"Venda Nova","setores":1,"urbano":1},"geometry":{"type":"Polygon","coordinates":[[[-43.9904,-19.80578],[-43.99073,-19.80572],[-43.9909,-19.80609],[-43.99121,-19.80598],[-43.99039,-19.80388],[-43.99012,-19.80338],[-43.98984,-19.80338],[-43.9904,-19.80578]]]}},{"id":"137","type":"Feature","properties":{"bairro":"Floramar","distrito":"Venda Nova","regiao":"Norte","setores":16,"urbano":16},"geometry":{"type":"Polygon","coordinates":[[[-43.93339,-19.84385],[-43.93687,-19.83911],[-43.93945,-19.83712],[-43.93983,-19.83663],[-43.94036,-19.83451],[-43.9406,-19.8323],[-43.94097,-19.83129],[-43.93821,-19.83054],[-43.93663,-19.83082],[-43.93657,-19.83222],[-43.9357,-19.8339],[-43.93468,-19.83431],[-43.93117,-19.83267],[-43.9302,-19.83454],[-43.93046,-19.83603],[-43.93018,-19.83784],[-43.92972,-19.83829],[-43.92713,-19.83977],[-43.92677,-19.84066],[-43.92767,-19.84087],[-43.93339,-19.84385]]]}},{"id":"138","type":"Feature","properties":{"bairro":"Floresta","distrito":"Belo Horizonte","regiao":"Centro-Sul","setores":29,"urbano":29},"geometry":{"type":"Polygon","coordinates":[[[-43.92962,-19.92081],[-43.93145,-19.92135],[-43.93224,-19.9214],[-43.93297,-19.92114],[-43.93344,-19.92071],[-43.93404,-19.91968],[-43.93301,-19.9191],[-43.93155,-19.91347],[-43.93277,-19.91415],[-43.93304,-19.91362],[-43.9324,-19.91148],[-43.93205,-19.90519],[-43.93254,-19.90381],[-43.93127,-19.90337],[-43.93073,-19.90503],[-43.92948,-19.90753],[-43.92709,-19.90927],[-43.92612,-19.91095],[-43.92436,-19.91178],[-43.92325,-19.9118],[-43.92333,-19.91244],[-43.92439,-19.9124],[-43.92467,-19.91462],[-43.92552,-19.91451],[-43.92563,-19.91522],[-43.92726,-19.91602],[-43.92413,-19.92105],[-43.92478,-19.92022],[-43.92962,-19.92081]]]}},{"id":"139","type":"Feature","properties":{"bairro":"Flávio Marques Lisboa","distrito":"Barreiro","regiao":"Barreiro","setores":18,"urbano":18},"geometry":{"type":"Polygon","coordinates":[[[-43.99455,-19.9995],[-43.99539,-19.99829],[-43.99615,-19.99772],[-43.99835,-19.99664],[-43.99873,-19.99662],[-43.99952,-19.99692],[-44.00067,-19.99887],[-44.00092,-19.99873],[-44.00153,-19.99958],[-44.00253,-19.99988],[-44.00269,-19.99946],[-44.00343,-19.99925],[-44.00339,-19.99892],[-44.00387,-19.99847],[-44.00362,-19.99817],[-44.00393,-19.99801],[-44.0045,-19.99828],[-44.00502,-19.99793],[-44.00542,-19.99834],[-44.0064,-19.99763],[-44.00651,-19.99729],[-44.00582,-19.99724],[-44.00612,-19.99641],[-44.00695,-19.99632],[-44.0069,-19.99615],[-44.00127,-19.99402],[-44.00088,-19.99281],[-43.99763,-19.98933],[-43.99553,-19.98899],[-43.99416,-19.98968],[-43.99322,-19.98964],[-43.98908,-19.98706],[-43.98842,-19.98848],[-43.98761,-19.98922],[-43.98797,-19.98945],[-43.98811,-19.9899],[-43.98839,-19.98995],[-43.98827,-19.99011],[-43.98856,-19.99061],[-43.98801,-19.99188],[-43.98826,-19.99201],[-43.98863,-19.99162],[-43.98939,-19.99158],[-43.99162,-19.99238],[-43.99269,-19.99253],[-43.99336,-19.993],[-43.9936,-19.99284],[-43.9939,-19.99304],[-43.99411,-19.99296],[-43.99691,-19.99463],[-43.99541,-19.99524],[-43.99554,-19.99548],[-43.9953,-19.9956],[-43.99516,-19.99537],[-43.99335,-19.99645],[-43.9921,-19.9985],[-43.99077,-19.99822],[-43.98927,-20.00126],[-43.99184,-20.00239],[-43.99282,-20.00191],[-43.99403,-19.99936],[-43.99455,-19.9995]]]}},{"id":"140","type":"Feature","properties":{"bairro":"Flávio de Oliveira","distrito":"Barreiro","regiao":"Barreiro","setores":4,"urbano":4},"geometry":{"type":"Polygon","coordinates":[[[-44.00145,-20.00309],[-44.00255,-20.00333],[-44.00348,-20.00015],[-44.00486,-20.00057],[-44.00499,-20.00004],[-44.00521,-20.00008],[-44.00535,-19.99933],[-44.00371,-19.99911],[-44.00277,-19.99941],[-44.00253,-19.99988],[-44.00153,-19.99958],[-44.00117,-20.00065],[-44.00068,-20.00071],[-44.00044,-20.00146],[-44.00139,-20.00246],[-44.00145,-20.00309]]]}},{"id":"141","type":"Feature","properties":{"bairro":"Frei Leopoldo","distrito":"Venda Nova","regiao":"Norte","setores":5,"urbano":5},"geometry":{"type":"Polygon","coordinates":[[[-43.93772,-19.81075],[-43.93808,-19.81199],[-43.93841,-19.81243],[-43.93972,-19.81137],[-43.93985,-19.80981],[-43.9394,-19.80836],[-43.93934,-19.80745],[-43.93986,-19.80646],[-43.93862,-19.80306],[-43.93835,-19.80331],[-43.9385,-19.80529],[-43.93828,-19.80581],[-43.93789,-19.80563],[-43.93706,-19.80639],[-43.93574,-19.8086],[-43.93551,-19.80786],[-43.93438,-19.80904],[-43.93507,-19.80963],[-43.93772,-19.81075]]]}},{"id":"142","type":"Feature","properties":{"bairro":"Funcionários","distrito":"Belo Horizonte","regiao":"Centro-Sul","setores":24,"urbano":24},"geometry":{"type":"Polygon","coordinates":[[[-43.92631,-19.93897],[-43.93192,-19.92991],[-43.93355,-19.9308],[-43.93288,-19.92837],[-43.93387,-19.92678],[-43.92223,-19.92974],[-43.92414,-19.9318],[-43.92597,-19.9386],[-43.92631,-19.93897]]]}},{"id":"143","type":"Feature","properties":{"bairro":"Gameleira","distrito":"Belo Horizonte","regiao":"Oeste","setores":3,"urbano":3},"geometry":{"type":"Polygon","coordinates":[[[-43.98596,-19.93881],[-43.9861,-19.93922],[-43.98637,-19.93919],[-43.98811,-19.93856],[-43.98774,-19.93807],[-43.98778,-19.93757],[-43.98819,-19.93698],[-43.98873,-19.93664],[-43.99005,-19.93661],[-43.99095,-19.93745],[-43.99464,-19.93586],[-43.99453,-19.93541],[-43.99397,-19.93568],[-43.99323,-19.93402],[-43.99236,-19.93313],[-43.9907,-19.93261],[-43.99279,-19.93206],[-43.99097,-19.92972],[-43.99007,-19.929],[-43.98665,-19.92698],[-43.9841,-19.92593],[-43.98321,-19.92644],[-43.98285,-19.92723],[-43.98337,-19.92977],[-43.98272,-19.93299],[-43.98365,-19.93285],[-43.98383,-19.93184],[-43.98329,-19.93179],[-43.98374,-19.9315],[-43.98392,-19.93158],[-43.98396,-19.93203],[-43.98415,-19.93207],[-43.98398,-19.93376],[-43.98442,-19.93563],[-43.98453,-19.93598],[-43.98472,-19.93595],[-43.98596,-19.93758],[-43.98628,-19.9387],[-43.98596,-19.93881]]]}},{"id":"144","type":"Feature","properties":{"bairro":"Garças","distrito":"Belo Horizonte","regiao":"Pampulha","setores":4,"urbano":4},"geometry":{"type":"Polygon","coordinates":[[[-43.99474,-19.83826],[-43.99493,-19.83862],[-43.99432,-19.84078],[-43.99447,-19.84118],[-43.99508,-19.84173],[-43.99528,-19.84238],[-43.99498,-19.84288],[-43.99434,-19.84334],[-43.99404,-19.84392],[-43.99489,-19.84611],[-43.99535,-19.84643],[-43.99646,-19.84649],[-43.99909,-19.84532],[-43.99963,-19.84553],[-44.00061,-19.84387],[-44.0019,-19.84008],[-44.0025,-19.83964],[-44.00347,-19.83982],[-44.0031,-19.83907],[-44.00336,-19.83861],[-44.00168,-19.83807],[-44.00065,-19.83929],[-43.99994,-19.84056],[-43.9996,-19.83891],[-44.00178,-19.83632],[-44.00201,-19.83634],[-44.00235,-19.83695],[-44.00293,-19.83744],[-44.0049,-19.8377],[-44.00477,-19.83728],[-44.00492,-19.83634],[-44.00478,-19.83287],[-44.005,-19.83181],[-44.00058,-19.83198],[-44.00042,-19.83177],[-44.00043,-19.8308],[-43.99863,-19.83091],[-43.99925,-19.83149],[-43.99694,-19.83192],[-43.99706,-19.83085],[-43.99624,-19.83079],[-43.99556,-19.83528],[-43.99474,-19.83826]]]}},{"id":"145","type":"Feature","properties":{"bairro":"Glória","distrito":"Belo Horizonte","regiao":"Noroeste","setores":31,"urbano":31},"geometry":{"type":"Polygon","coordinates":[[[-44.00908,-19.90759],[-44.01029,-19.90299],[-44.01144,-19.90294],[-44.01045,-19.90223],[-44.00983,-19.90087],[-44.01516,-19.9011],[-44.01589,-19.90188],[-44.01836,-19.90078],[-44.0179,-19.8994],[-44.01609,-19.89737],[-44.01283,-19.89557],[-44.01013,-19.89499],[-44.0089,-19.89372],[-44.00812,-19.89689],[-44.00764,-19.89728],[-44.00654,-19.89772],[-44.00595,-19.89822],[-44.00324,-19.90378],[-44.00283,-19.90418],[-44.00039,-19.9053],[-43.99973,-19.9061],[-43.9987,-19.90824],[-44.00166,-19.90789],[-44.00252,-19.90842],[-44.00185,-19.91062],[-44.00192,-19.91127],[-44.00382,-19.91466],[-44.0047,-19.91494],[-44.00526,-19.91445],[-44.00442,-19.9143],[-44.00606,-19.91283],[-44.00618,-19.91235],[-44.00572,-19.91179],[-44.00733,-19.90955],[-44.00844,-19.90881],[-44.00908,-19.90759]]]}},{"id":"146","type":"Feature","properties":{"bairro":"Goiânia","distrito":"Venda Nova","regiao":"Nordeste","setores":33,"urbano":33},"geometry":{"type":"Polygon","coordinates":[[[-43.90169,-19.87601],[-43.90191,-19.87571],[-43.90251,-19.87571],[-43.90243,-19.87542],[-43.90282,-19.87565],[-43.90323,-19.87553],[-43.90313,-19.87508],[-43.90343,-19.87531],[-43.90403,-19.87523],[-43.90336,-19.87239],[-43.90337,-19.87095],[-43.90576,-19.85788],[-43.89898,-19.85656],[-43.8989,-19.85676],[-43.89659,-19.85716],[-43.89457,-19.85628],[-43.89396,-19.857],[-43.89255,-19.85617],[-43.89282,-19.85593],[-43.89338,-19.85585],[-43.89242,-19.85535],[-43.89257,-19.85487],[-43.89104,-19.85433],[-43.89201,-19.85564],[-43.89376,-19.86194],[-43.89377,-19.86253],[-43.89139,-19.86538],[-43.89229,-19.86572],[-43.89371,-19.86529],[-43.89376,-19.86507],[-43.89462,-19.86459],[-43.89473,-19.86479],[-43.89514,-19.86478],[-43.89594,-19.86565],[-43.89655,-19.86702],[-43.89617,-19.86761],[-43.8964,-19.86891],[-43.89682,-19.86925],[-43.89846,-19.86981],[-43.89946,-19.87095],[-43.89952,-19.87118],[-43.89748,-19.87165],[-43.89735,-19.87186],[-43.8975,-19.87221],[-43.89721,-19.87235],[-43.89705,-19.87268],[-43.89715,-19.87293],[-43.89804,-19.87347],[-43.8985,-19.87416],[-43.89833,-19.87429],[-43.8985,-19.87458],[-43.89833,-19.87483],[-43.89973,-19.87619],[-43.90043,-19.87657],[-43.90184,-19.87627],[-43.90169,-19.87601]],[[-43.89826,-19.86109],[-43.89854,-19.86171],[-43.89814,-19.86175],[-43.89807,-19.86127],[-43.89826,-19.86109]]]}},{"id":"147","type":"Feature","properties":{"bairro":"Grajaú","distrito":"Belo Horizonte","regiao":"Oeste","setores":18,"urbano":18},"geometry":{"type":"Polygon","coordinates":[[[-43.9648,-19.94239],[-43.9676,-19.93987],[-43.96893,-19.93775],[-43.97013,-19.93667],[-43.96204,-19.93476],[-43.9634,-19.93978],[-43.96125,-19.9403],[-43.9616,-19.94109],[-43.96184,-19.94108],[-43.96177,-19.94125],[-43.96209,-19.94147],[-43.96265,-19.94136],[-43.96316,-19.94332],[-43.9648,-19.94239]]]}},{"id":"148","type":"Feature","properties":{"bairro":"Granja Werneck","distrito":"Venda Nova","regiao":"Norte","setores":28,"urbano":28},"geometry":{"type":"Polygon","coordinates":[[[-43.93009,-19.82139],[-43.93172,-19.8206],[-43.93317,-19.82044],[-43.93332,-19.82018],[-43.93318,-19.81985],[-43.9337,-19.81953],[-43.93431,-19.81972],[-43.93504,-19.82042],[-43.93606,-19.82042],[-43.93687,-19.81946],[-43.93696,-19.81846],[-43.93729,-19.81834],[-43.93687,-19.81755],[-43.937,-19.81699],[-43.93669,-19.81708],[-43.93651,-19.81626],[-43.93478,-19.81645],[-43.93459,-19.81524],[-43.93482,-19.81511],[-43.93479,-19.81414],[-43.93398,-19.81413],[-43.93397,-19.81357],[-43.93307,-19.81384],[-43.93122,-19.81383],[-43.9308,-19.81367],[-43.93088,-19.81212],[-43.93137,-19.81042],[-43.93154,-19.80909],[-43.92951,-19.80892],[-43.92776,-19.80836],[-43.92738,-19.80854],[-43.92731,-19.80836],[-43.92654,-19.80806],[-43.92678,-19.80754],[-43.92692,-19.80474],[-43.92657,-19.80379],[-43.92627,-19.80371],[-43.9262,-19.80386],[-43.92479,-19.80272],[-43.92499,-19.80237],[-43.92533,-19.80232],[-43.92614,-19.80277],[-43.92621,-19.80222],[-43.92531,-19.80088],[-43.92506,-19.80163],[-43.92416,-19.80127],[-43.92373,-19.80073],[-43.92299,-19.80134],[-43.92263,-19.80106],[-43.92168,-19.80208],[-43.92094,-19.80219],[-43.92022,-19.80182],[-43.91968,-19.80087],[-43.91948,-19.79981],[-43.91799,-19.79839],[-43.91631,-19.79791],[-43.91586,-19.79748],[-43.91295,-19.79706],[-43.91288,-19.7975],[-43.91206,-19.79817],[-43.91155,-19.79893],[-43.91136,-19.7997],[-43.91034,-19.80106],[-43.91012,-19.80214],[-43.90968,-19.8026],[-43.90941,-19.80269],[-43.90942,-19.8023],[-43.90898,-19.80262],[-43.90705,-19.80322],[-43.90516,-19.80282],[-43.90523,-19.80231],[-43.90506,-19.80235],[-43.9043,-19.80274],[-43.90233,-19.80435],[-43.90074,-19.80369],[-43.90032,-19.80325],[-43.90019,-19.80273],[-43.89945,-19.80243],[-43.89907,-19.80239],[-43.89773,-19.80304],[-43.89741,-19.80344],[-43.89733,-19.80424],[-43.89776,-19.8055],[-43.89783,-19.80685],[-43.89824,-19.80715],[-43.89815,-19.80784],[-43.89849,-19.80829],[-43.89804,-19.80885],[-43.89798,-19.80935],[-43.89601,-19.80957],[-43.89564,-19.81058],[-43.89552,-19.81213],[-43.89608,-19.81408],[-43.89578,-19.81511],[-43.89493,-19.81643],[-43.89476,-19.81751],[-43.89459,-19.81757],[-43.89473,-19.81893],[-43.89509,-19.81962],[-43.89557,-19.81969],[-43.89635,-19.82026],[-43.89889,-19.82042],[-43.90066,-19.81991],[-43.90131,-19.82016],[-43.9021,-19.82107],[-43.90214,-19.82058],[-43.90108,-19.81929],[-43.9003,-19.8172],[-43.90094,-19.81666],[-43.90332,-19.81613],[-43.90456,-19.82034],[-43.90397,-19.8208],[-43.9042,-19.82147],[-43.90412,-19.8221],[-43.90312,-19.82227],[-43.90492,-19.82451],[-43.90523,-19.82581],[-43.9049,-19.82691],[-43.90353,-19.82869],[-43.90331,-19.82994],[-43.90393,-19.82994],[-43.90455,-19.8296],[-43.90444,-19.82944],[-43.90465,-19.82922],[-43.90521,-19.82914],[-43.90583,-19.8296],[-43.90635,-19.83117],[-43.90605,-19.832],[-43.90504,-19.83264],[-43.90687,-19.83436],[-43.90716,-19.83514],[-43.90915,-19.83585],[-43.90975,-19.83516],[-43.90967,-19.83491],[-43.91004,-19.83467],[-43.90991,-19.83368],[-43.90969,-19.8336],[-43.90987,-19.83327],[-43.9098,-19.83253],[-43.90902,-19.83029],[-43.90895,-19.82945],[-43.90907,-19.82826],[-43.90946,-19.82743],[-43.90939,-19.82702],[-43.91058,-19.82754],[-43.91088,-19.82789],[-43.91109,-19.82853],[-43.91094,-19.83013],[-43.91184,-19.83014],[-43.91188,-19.82981],[-43.91226,-19.82945],[-43.91257,-19.8298],[-43.91234,-19.82999],[-43.91318,-19.83033],[-43.91356,-19.83104],[-43.91399,-19.83127],[-43.91486,-19.83027],[-43.91521,-19.83018],[-43.91475,-19.82872],[-43.91451,-19.82855],[-43.91426,-19.82676],[-43.91393,-19.82643],[-43.91371,-19.82581],[-43.91433,-19.82464],[-43.91539,-19.82325],[-43.91621,-19.82448],[-43.918,-19.8257],[-43.91791,-19.82581],[-43.91871,-19.82642],[-43.91947,-19.82649],[-43.91948,-19.82669],[-43.91752,-19.82814],[-43.91843,-19.82911],[-43.91893,-19.82906],[-43.92064,-19.83042],[-43.92129,-19.83144],[-43.92237,-19.83074],[-43.92265,-19.82952],[-43.92301,-19.82908],[-43.92321,-19.82831],[-43.92412,-19.82654],[-43.92429,-19.82552],[-43.92354,-19.82489],[-43.92336,-19.82451],[-43.92365,-19.82379],[-43.92351,-19.82247],[-43.92427,-19.82193],[-43.92409,-19.82156],[-43.92383,-19.82154],[-43.92383,-19.8211],[-43.92504,-19.82111],[-43.92568,-19.81833],[-43.92623,-19.81808],[-43.92687,-19.81857],[-43.92808,-19.82051],[-43.93013,-19.82243],[-43.93009,-19.82139]]]}},{"id":"149","type":"Feature","properties":{"bairro":"Granja de Freitas","distrito":"Belo Horizonte","regiao":"Leste","setores":12,"urbano":12},"geometry":{"type":"Polygon","coordinates":[[[-43.88656,-19.91443],[-43.88771,-19.91628],[-43.88799,-19.9157],[-43.88812,-19.91368],[-43.88848,-19.91292],[-43.88857,-19.91216],[-43.88848,-19.91125],[-43.88792,-19.91033],[-43.88736,-19.908],[-43.88828,-19.90686],[-43.88831,-19.90657],[-43.88781,-19.90607],[-43.88715,-19.90622],[-43.88658,-19.90594],[-43.88582,-19.90512],[-43.88474,-19.90445],[-43.88477,-19.9029],[-43.88403,-19.9015],[-43.88341,-19.90163],[-43.88158,-19.90134],[-43.88122,-19.90178],[-43.88141,-19.90229],[-43.88132,-19.90278],[-43.8819,-19.90406],[-43.88192,-19.90488],[-43.88167,-19.90505],[-43.88189,-19.90521],[-43.88182,-19.90567],[-43.88092,-19.90645],[-43.88083,-19.9074],[-43.88047,-19.90719],[-43.87969,-19.90774],[-43.8801,-19.90837],[-43.87945,-19.90871],[-43.87927,-19.90907],[-43.87887,-19.909],[-43.8785,-19.90951],[-43.87886,-19.90962],[-43.87878,-19.91073],[-43.87905,-19.91119],[-43.87954,-19.91135],[-43.88079,-19.91099],[-43.88129,-19.91157],[-43.88159,-19.91155],[-43.88164,-19.91201],[-43.88254,-19.91238],[-43.88289,-19.91282],[-43.88656,-19.91443]]]}},{"id":"150","type":"Feature","properties":{"bairro":"Graça","distrito":"Belo Horizonte","regiao":"Nordeste","setores":11,"urbano":11},"geometry":{"type":"Polygon","coordinates":[[[-43.92912,-19.90256],[-43.93254,-19.90381],[-43.93393,-19.8999],[-43.93405,-19.89869],[-43.93478,-19.8974],[-43.93243,-19.8972],[-43.93073,-19.89628],[-43.92873,-19.89576],[-43.92813,-19.89637],[-43.92808,-19.89696],[-43.92824,-19.89735],[-43.9277,-19.89756],[-43.92832,-19.90133],[-43.92851,-19.90187],[-43.92912,-19.90256]]]}},{"id":"151","type":"Feature","properties":{"bairro":"Grota","distrito":"Belo Horizonte","regiao":"Leste","setores":1,"urbano":1},"geometry":{"type":"Polygon","coordinates":[[[-43.89938,-19.90044],[-43.89976,-19.90099],[-43.90026,-19.90079],[-43.90044,-19.9005],[-43.89991,-19.89991],[-43.89938,-19.90044]]]}},{"id":"152","type":"Feature","properties":{"bairro":"Grotinha","distrito":"Venda Nova","regiao":"Nordeste","setores":1,"urbano":1},"geometry":{"type":"Polygon","coordinates":[[[-43.8914,-19.85064],[-43.89176,-19.85062],[-43.89179,-19.85088],[-43.89228,-19.85103],[-43.89229,-19.85133],[-43.8938,-19.85112],[-43.89377,-19.85059],[-43.89222,-19.85059],[-43.89169,-19.85042],[-43.8914,-19.85064]]]}},{"id":"153","type":"Feature","properties":{"bairro":"Guanabara","distrito":"Venda Nova","regiao":"Nordeste","setores":1,"urbano":1},"geometry":{"type":"Polygon","coordinates":[[[-43.89807,-19.86127],[-43.89814,-19.86175],[-43.89854,-19.86171],[-43.89826,-19.86109],[-43.89807,-19.86127]]]}},{"id":"154","type":"Feature","properties":{"bairro":"Guarani","distrito":"Venda Nova","regiao":"Norte","setores":13,"urbano":13},"geometry":{"type":"Polygon","coordinates":[[[-43.93043,-19.84648],[-43.93191,-19.84647],[-43.93277,-19.8468],[-43.93276,-19.84571],[-43.93339,-19.84385],[-43.92746,-19.84079],[-43.92501,-19.84053],[-43.92092,-19.84175],[-43.91903,-19.84281],[-43.91804,-19.84397],[-43.9172,-19.84447],[-43.91458,-19.84361],[-43.91396,-19.84457],[-43.9132,-19.84463],[-43.91271,-19.84531],[-43.91287,-19.84585],[-43.91412,-19.84613],[-43.91578,-19.8471],[-43.91603,-19.84672],[-43.91717,-19.84759],[-43.91753,-19.84723],[-43.91795,-19.84619],[-43.91864,-19.84615],[-43.91905,-19.8468],[-43.92334,-19.84438],[-43.92434,-19.84414],[-43.92831,-19.84449],[-43.93043,-19.84648]]]}},{"id":"155","type":"Feature","properties":{"bairro":"Guaratã","distrito":"Belo Horizonte","regiao":"Oeste","setores":2,"urbano":2},"geometry":{"type":"MultiPolygon","coordinates":[[[[-43.98272,-19.93299],[-43.98279,-19.93422],[-43.98336,-19.93573],[-43.98513,-19.93784],[-43.98564,-19.94009],[-43.98624,-19.93976],[-43.9867,-19.94024],[-43.98686,-19.93997],[-43.98637,-19.93919],[-43.9861,-19.93922],[-43.98596,-19.93881],[-43.98628,-19.9387],[-43.98596,-19.93758],[-43.98472,-19.93595],[-43.98453,-19.93598],[-43.98398,-19.93376],[-43.98415,-19.93207],[-43.98396,-19.93203],[-43.98386,-19.93153],[-43.98329,-19.93179],[-43.98383,-19.93184],[-43.98365,-19.93285],[-43.98272,-19.93299]]],[[[-43.98305,-19.93139],[-43.98316,-19.93087],[-43.98265,-19.93075],[-43.98241,-19.93152],[-43.98255,-19.93176],[-43.98305,-19.93139]]]]}},{"id":"156","type":"Feature","properties":{"bairro":"Gutierrez","distrito":"Belo Horizonte","regiao":"Oeste","setores":42,"urbano":42},"geometry":{"type":"Polygon","coordinates":[[[-43.96071,-19.94043],[-43.9634,-19.93978],[-43.96125,-19.93188],[-43.96155,-19.93039],[-43.95719,-19.92945],[-43.95686,-19.93032],[-43.95366,-19.93371],[-43.95233,-19.93406],[-43.95317,-19.9357],[-43.9534,-19.9366],[-43.95395,-19.9395],[-43.95384,-19.9414],[-43.95405,-19.94188],[-43.95447,-19.94221],[-43.95607,-19.94262],[-43.95659,-19.94299],[-43.95681,-19.94354],[-43.95676,-19.94445],[-43.95692,-19.94497],[-43.95895,-19.94629],[-43.96064,-19.94779],[-43.96096,-19.94826],[-43.9613,-19.94966],[-43.96148,-19.94973],[-43.96162,-19.94788],[-43.96131,-19.94758],[-43.9616,-19.94728],[-43.96133,-19.94708],[-43.9612,-19.94645],[-43.96098,-19.94647],[-43.95936,-19.945],[-43.95948,-19.9442],[-43.95834,-19.94238],[-43.95855,-19.94228],[-43.95844,-19.94192],[-43.95989,-19.94145],[-43.96071,-19.94043]]]}},{"id":"157","type":"Feature","properties":{"bairro":"Havaí","distrito":"Belo Horizonte","regiao":"Oeste","setores":35,"urbano":35},"geometry":{"type":"Polygon","coordinates":[[[-43.97385,-19.96704],[-43.97455,-19.96716],[-43.97608,-19.96703],[-43.9771,-19.96728],[-43.97707,-19.96571],[-43.97663,-19.96425],[-43.97609,-19.96072],[-43.97613,-19.9594],[-43.9764,-19.95885],[-43.97632,-19.95836],[-43.97668,-19.95816],[-43.97748,-19.95829],[-43.97814,-19.95769],[-43.97793,-19.95763],[-43.97796,-19.95679],[-43.97877,-19.95628],[-43.97933,-19.95564],[-43.9804,-19.9533],[-43.98039,-19.95237],[-43.98136,-19.95182],[-43.98142,-19.95153],[-43.98193,-19.95144],[-43.982,-19.95127],[-43.98142,-19.95087],[-43.97786,-19.95054],[-43.97765,-19.95103],[-43.9759,-19.95046],[-43.97567,-19.95075],[-43.97516,-19.95015],[-43.97504,-19.95074],[-43.97473,-19.95068],[-43.97426,-19.95283],[-43.97311,-19.95375],[-43.9716,-19.95431],[-43.97157,-19.95453],[-43.97188,-19.95454],[-43.97201,-19.95496],[-43.97166,-19.95508],[-43.97162,-19.95563],[-43.97198,-19.95602],[-43.97191,-19.95617],[-43.9714,-19.95601],[-43.97113,-19.95583],[-43.97128,-19.95557],[-43.97066,-19.95534],[-43.97055,-19.95568],[-43.97089,-19.95601],[-43.97024,-19.95732],[-43.96796,-19.95932],[-43.96711,-19.96037],[-43.96784,-19.96116],[-43.96666,-19.96263],[-43.96618,-19.96278],[-43.96596,-19.9634],[-43.96602,-19.96404],[-43.96628,-19.96431],[-43.96541,-19.96553],[-43.96566,-19.96613],[-43.97312,-19.96662],[-43.97359,-19.96606],[-43.97347,-19.96654],[-43.97385,-19.96704]],[[-43.97078,-19.96238],[-43.97047,-19.96166],[-43.97069,-19.96147],[-43.97148,-19.9612],[-43.97202,-19.96155],[-43.9719,-19.9617],[-43.97139,-19.96147],[-43.97114,-19.96173],[-43.97133,-19.96189],[-43.97078,-19.96238]]]}},{"id":"158","type":"Feature","properties":{"bairro":"Heliópolis","distrito":"Venda Nova","regiao":"Norte","setores":16,"urbano":16},"geometry":{"type":"Polygon","coordinates":[[[-43.9396,-19.84556],[-43.94187,-19.84467],[-43.94224,-19.84475],[-43.9425,-19.84461],[-43.94112,-19.84195],[-43.94148,-19.84107],[-43.94114,-19.8393],[-43.94134,-19.83914],[-43.94092,-19.83869],[-43.94064,-19.83886],[-43.94003,-19.83801],[-43.94036,-19.83776],[-43.9402,-19.8374],[-43.94041,-19.83649],[-43.93999,-19.83631],[-43.93945,-19.83712],[-43.93687,-19.83911],[-43.93541,-19.84125],[-43.93382,-19.84313],[-43.93285,-19.84527],[-43.93277,-19.8468],[-43.93337,-19.84633],[-43.93467,-19.84618],[-43.93546,-19.84632],[-43.9372,-19.84707],[-43.93842,-19.84716],[-43.93979,-19.84681],[-43.93942,-19.84596],[-43.9396,-19.84556]]]}},{"id":"159","type":"Feature","properties":{"bairro":"Horto","distrito":"Belo Horizonte","regiao":"Leste","setores":13,"urbano":13},"geometry":{"type":"Polygon","coordinates":[[[-43.91841,-19.91304],[-43.92047,-19.91262],[-43.92333,-19.91244],[-43.92325,-19.9118],[-43.92018,-19.91162],[-43.91947,-19.90761],[-43.91503,-19.90828],[-43.91499,-19.90775],[-43.91571,-19.90644],[-43.91531,-19.90621],[-43.91462,-19.90727],[-43.91362,-19.90773],[-43.91374,-19.90852],[-43.91314,-19.90825],[-43.913,-19.90755],[-43.91218,-19.90704],[-43.91191,-19.90616],[-43.91106,-19.90665],[-43.91109,-19.90742],[-43.91047,-19.90735],[-43.9101,-19.90857],[-43.90895,-19.91078],[-43.90952,-19.91102],[-43.90971,-19.91066],[-43.91042,-19.91087],[-43.91208,-19.91039],[-43.91279,-19.90981],[-43.91334,-19.90889],[-43.91581,-19.90975],[-43.91654,-19.91028],[-43.91774,-19.91257],[-43.91841,-19.91304]],[[-43.91253,-19.90906],[-43.91278,-19.90947],[-43.91201,-19.91025],[-43.91194,-19.90948],[-43.91153,-19.90931],[-43.91143,-19.90995],[-43.91119,-19.90994],[-43.91109,-19.90917],[-43.9106,-19.90891],[-43.91276,-19.9086],[-43.91253,-19.90906]]]}},{"id":"160","type":"Feature","properties":{"bairro":"Horto Florestal","distrito":"Belo Horizonte","regiao":"Leste","setores":14,"urbano":14},"geometry":{"type":"Polygon","coordinates":[[[-43.91462,-19.90727],[-43.91531,-19.90621],[-43.91461,-19.90578],[-43.9151,-19.90477],[-43.9156,-19.90256],[-43.91494,-19.89827],[-43.91659,-19.89742],[-43.91958,-19.89686],[-43.92141,-19.89637],[-43.92185,-19.89603],[-43.92129,-19.89446],[-43.92135,-19.89422],[-43.92095,-19.89351],[-43.92072,-19.89247],[-43.92083,-19.89214],[-43.91914,-19.88906],[-43.91767,-19.88576],[-43.91552,-19.88346],[-43.91488,-19.8825],[-43.91413,-19.88255],[-43.9138,-19.88275],[-43.91296,-19.88503],[-43.91269,-19.88849],[-43.91334,-19.89083],[-43.91216,-19.89553],[-43.91067,-19.89423],[-43.91005,-19.89553],[-43.90733,-19.89722],[-43.90633,-19.89843],[-43.90508,-19.89895],[-43.90455,-19.8994],[-43.90549,-19.90076],[-43.90569,-19.90166],[-43.90671,-19.90205],[-43.90973,-19.90488],[-43.91036,-19.90606],[-43.91047,-19.90735],[-43.91109,-19.90742],[-43.91106,-19.90665],[-43.91191,-19.90616],[-43.91218,-19.90704],[-43.913,-19.90755],[-43.91314,-19.90825],[-43.91374,-19.90852],[-43.91362,-19.90773],[-43.91462,-19.90727]]]}},{"id":"161","type":"Feature","properties":{"bairro":"Imbaúbas","distrito":"Belo Horizonte","regiao":"Oeste","setores":5,"urbano":5},"geometry":{"type":"Polygon","coordinates":[[[-43.9919,-19.94624],[-43.99204,-19.94604],[-43.9927,-19.94647],[-43.99298,-19.94612],[-43.99198,-19.94554],[-43.99323,-19.94375],[-43.99282,-19.94299],[-43.9904,-19.94533],[-43.9919,-19.94624]]]}},{"id":"162","type":"Feature","properties":{"bairro":"Inconfidência","distrito":"Belo Horizonte","regiao":"Noroeste","setores":7,"urbano":7},"geometry":{"type":"Polygon","coordinates":[[[-43.99423,-19.9102],[-43.99435,-19.91127],[-43.99415,-19.91196],[-43.99739,-19.91163],[-43.99824,-19.91086],[-43.99842,-19.90893],[-43.99973,-19.9061],[-44.0007,-19.90508],[-44.00207,-19.90449],[-44.0023,-19.904],[-43.99978,-19.9016],[-43.99766,-19.90365],[-43.9969,-19.90653],[-43.9972,-19.90796],[-43.99687,-19.90904],[-43.99587,-19.90879],[-43.9947,-19.90953],[-43.99471,-19.91001],[-43.99423,-19.9102]]]}},{"id":"163","type":"Feature","properties":{"bairro":"Indaiá","distrito":"Belo Horizonte","regiao":"Pampulha","setores":6,"urbano":6},"geometry":{"type":"Polygon","coordinates":[[[-43.9517,-19.86869],[-43.95319,-19.86834],[-43.95521,-19.87055],[-43.95685,-19.86619],[-43.95534,-19.86567],[-43.95566,-19.86542],[-43.95588,-19.86465],[-43.95416,-19.86376],[-43.95057,-19.86095],[-43.95031,-19.86097],[-43.95003,-19.86601],[-43.95055,-19.86805],[-43.94955,-19.86958],[-43.94948,-19.87004],[-43.9517,-19.86869]]]}},{"id":"164","type":"Feature","properties":{"bairro":"Independência","distrito":"Barreiro","regiao":"Barreiro","setores":15,"urbano":15},"geometry":{"type":"MultiPolygon","coordinates":[[[[-44.02943,-20.02259],[-44.03152,-20.02424],[-44.03177,-20.02386],[-44.03142,-20.0236],[-44.03141,-20.0231],[-44.03189,-20.02339],[-44.03187,-20.02302],[-44.03222,-20.02287],[-44.03199,-20.02272],[-44.03209,-20.02256],[-44.03282,-20.02208],[-44.03454,-20.02155],[-44.0368,-20.02127],[-44.03661,-20.01952],[-44.0368,-20.01835],[-44.03851,-20.01629],[-44.03621,-20.01664],[-44.0318,-20.0186],[-44.03194,-20.01875],[-44.03,-20.01946],[-44.02934,-20.01953],[-44.02891,-20.01956],[-44.03057,-20.01799],[-44.02455,-20.01745],[-44.02454,-20.01769],[-44.02482,-20.01787],[-44.02464,-20.01804],[-44.02675,-20.0192],[-44.02754,-20.01943],[-44.02748,-20.01984],[-44.02668,-20.01972],[-44.02541,-20.01885],[-44.02522,-20.01914],[-44.02429,-20.01828],[-44.02389,-20.01864],[-44.02348,-20.01813],[-44.02189,-20.01738],[-44.02152,-20.01734],[-44.02095,-20.01774],[-44.02407,-20.02201],[-44.0257,-20.02114],[-44.02542,-20.02073],[-44.02638,-20.02088],[-44.02736,-20.02168],[-44.0274,-20.02148],[-44.02896,-20.02296],[-44.02943,-20.02259]]],[[[-44.03164,-20.0167],[-44.03143,-20.01796],[-44.0318,-20.0186],[-44.03197,-20.01825],[-44.03197,-20.01736],[-44.03216,-20.01714],[-44.03194,-20.01665],[-44.0321,-20.01644],[-44.02632,-20.01494],[-44.02601,-20.01456],[-44.02623,-20.01439],[-44.02588,-20.01424],[-44.02314,-20.01611],[-44.0257,-20.01638],[-44.02657,-20.01601],[-44.02676,-20.0161],[-44.02677,-20.01646],[-44.02993,-20.01675],[-44.03069,-20.01664],[-44.03062,-20.01687],[-44.03164,-20.0167]]]]}},{"id":"165","type":"Feature","properties":{"bairro":"Ipiranga","distrito":"Belo Horizonte","regiao":"Nordeste","setores":22,"urbano":22},"geometry":{"type":"Polygon","coordinates":[[[-43.93066,-19.88783],[-43.93604,-19.88951],[-43.93594,-19.88864],[-43.93631,-19.88807],[-43.9363,-19.88702],[-43.9369,-19.88636],[-43.9374,-19.8852],[-43.93742,-19.88396],[-43.93699,-19.88285],[-43.93434,-19.87784],[-43.93367,-19.8774],[-43.92836,-19.87533],[-43.92976,-19.8801],[-43.93018,-19.88221],[-43.92927,-19.88557],[-43.93066,-19.88783]],[[-43.93421,-19.88709],[-43.93346,-19.88754],[-43.93313,-19.88716],[-43.93326,-19.88679],[-43.93356,-19.88669],[-43.93363,-19.88704],[-43.93421,-19.88709]]]}},{"id":"166","type":"Feature","properties":{"bairro":"Ipê","distrito":"Venda Nova","regiao":"Nordeste","setores":9,"urbano":9},"geometry":{"type":"Polygon","coordinates":[[[-43.90496,-19.87561],[-43.90575,-19.8755],[-43.90717,-19.87571],[-43.90787,-19.87488],[-43.90804,-19.87392],[-43.90711,-19.87096],[-43.90755,-19.86857],[-43.90944,-19.86713],[-43.90983,-19.86658],[-43.9063,-19.86614],[-43.90676,-19.8649],[-43.90595,-19.86543],[-43.90548,-19.86441],[-43.90557,-19.86416],[-43.90464,-19.86374],[-43.90332,-19.87183],[-43.90413,-19.8756],[-43.90492,-19.87541],[-43.90496,-19.87561]]]}},{"id":"167","type":"Feature","properties":{"bairro":"Itaipu","distrito":"Barreiro","regiao":"Barreiro","setores":13,"urbano":13},"geometry":{"type":"Polygon","coordinates":[[[-44.05116,-19.99724],[-44.0519,-19.99707],[-44.05195,-19.99659],[-44.05166,-19.9966],[-44.05157,-19.99612],[-44.05194,-19.99416],[-44.05176,-19.99411],[-44.05183,-19.99346],[-44.05206,-19.9935],[-44.05221,-19.9933],[-44.05281,-19.98975],[-44.05238,-19.98969],[-44.05244,-19.98943],[-44.05221,-19.98939],[-44.05228,-19.98903],[-44.05196,-19.98875],[-44.05166,-19.98871],[-44.05157,-19.98889],[-44.05071,-19.98859],[-44.05055,-19.98893],[-44.05023,-19.9887],[-44.05065,-19.98828],[-44.05061,-19.98795],[-44.05159,-19.98699],[-44.05244,-19.9878],[-44.05254,-19.98819],[-44.05322,-19.98782],[-44.05109,-19.98406],[-44.05014,-19.98323],[-44.04886,-19.98456],[-44.04811,-19.98693],[-44.04685,-19.98974],[-44.04686,-19.9907],[-44.04586,-19.99189],[-44.04589,-19.99345],[-44.04663,-19.99488],[-44.04763,-19.99537],[-44.04939,-19.9956],[-44.0506,-19.99699],[-44.05116,-19.99724]]]}},{"id":"168","type":"Feature","properties":{"bairro":"Itapoã","distrito":"Venda Nova","regiao":"Pampulha","setores":22,"urbano":22},"geometry":{"type":"Polygon","coordinates":[[[-43.95615,-19.84444],[-43.96758,-19.84167],[-43.96752,-19.84131],[-43.96229,-19.83046],[-43.96077,-19.82849],[-43.95412,-19.83702],[-43.95097,-19.84012],[-43.9534,-19.84373],[-43.95406,-19.84421],[-43.9549,-19.84449],[-43.95615,-19.84444]]]}},{"id":"169","type":"Feature","properties":{"bairro":"Itatiaia","distrito":"Belo Horizonte","regiao":"Pampulha","setores":4,"urbano":4},"geometry":{"type":"Polygon","coordinates":[[[-44.0111,-19.86855],[-44.01175,-19.86964],[-44.01454,-19.87093],[-44.01536,-19.86827],[-44.01541,-19.86722],[-44.01493,-19.86668],[-44.01373,-19.86688],[-44.01155,-19.86676],[-44.00997,-19.86563],[-44.00897,-19.86694],[-44.0111,-19.86855]]]}},{"id":"170","type":"Feature","properties":{"bairro":"Jaqueline","distrito":"Venda Nova","regiao":"Norte","setores":28,"urbano":28},"geometry":{"type":"Polygon","coordinates":[[[-43.94154,-19.81031],[-43.94315,-19.81087],[-43.94463,-19.80906],[-43.94599,-19.81078],[-43.94606,-19.81139],[-43.94636,-19.81097],[-43.94676,-19.81128],[-43.94708,-19.81127],[-43.94727,-19.81081],[-43.94756,-19.8107],[-43.9488,-19.81084],[-43.9497,-19.80965],[-43.94982,-19.80985],[-43.95016,-19.80948],[-43.95028,-19.80955],[-43.94986,-19.8002],[-43.94656,-19.79954],[-43.94347,-19.79786],[-43.94238,-19.79818],[-43.94228,-19.79874],[-43.9411,-19.79824],[-43.94133,-19.79853],[-43.94117,-19.79886],[-43.94041,-19.79939],[-43.93834,-19.79843],[-43.93734,-19.79758],[-43.93773,-19.79709],[-43.93685,-19.79619],[-43.93697,-19.7958],[-43.93629,-19.79522],[-43.93592,-19.79515],[-43.93548,-19.79611],[-43.93531,-19.79574],[-43.93476,-19.79579],[-43.93497,-19.79535],[-43.93372,-19.79524],[-43.93373,-19.7958],[-43.93263,-19.79589],[-43.9325,-19.79613],[-43.93265,-19.79641],[-43.93228,-19.79647],[-43.93213,-19.79675],[-43.93232,-19.79697],[-43.9314,-19.79735],[-43.93139,-19.79758],[-43.93038,-19.79785],[-43.9304,-19.79808],[-43.9287,-19.79868],[-43.92658,-19.79906],[-43.92614,-19.80277],[-43.92657,-19.80309],[-43.92605,-19.80374],[-43.92657,-19.80379],[-43.92692,-19.80474],[-43.92678,-19.80754],[-43.92654,-19.80806],[-43.92731,-19.80836],[-43.92738,-19.80854],[-43.92776,-19.80836],[-43.92951,-19.80892],[-43.93109,-19.80914],[-43.93438,-19.80904],[-43.93551,-19.80786],[-43.93574,-19.8086],[-43.93706,-19.80639],[-43.93789,-19.80563],[-43.93828,-19.80581],[-43.93841,-19.80556],[-43.93835,-19.80331],[-43.93862,-19.80306],[-43.93986,-19.80646],[-43.93934,-19.80745],[-43.93949,-19.80868],[-43.93974,-19.8091],[-43.93994,-19.80903],[-43.94013,-19.80957],[-43.94154,-19.81031]],[[-43.94681,-19.80322],[-43.94597,-19.80285],[-43.94587,-19.8031],[-43.94559,-19.80299],[-43.94583,-19.80245],[-43.94563,-19.80193],[-43.94714,-19.80245],[-43.94774,-19.803],[-43.94681,-19.80322]]]}},{"id":"171","type":"Feature","properties":{"bairro":"Jaraguá","distrito":"Belo Horizonte","regiao":"Pampulha","setores":10,"urbano":10},"geometry":{"type":"Polygon","coordinates":[[[-43.95023,-19.85844],[-43.95036,-19.86035],[-43.95415,-19.85873],[-43.95432,-19.85887],[-43.95731,-19.8577],[-43.95552,-19.85599],[-43.95481,-19.85567],[-43.95434,-19.85661],[-43.95354,-19.85621],[-43.95329,-19.85625],[-43.95274,-19.85577],[-43.95254,-19.85582],[-43.95261,-19.85567],[-43.95218,-19.85527],[-43.95304,-19.85474],[-43.95263,-19.85417],[-43.95219,-19.8528],[-43.95031,-19.85398],[-43.94873,-19.85465],[-43.9483,-19.85475],[-43.94772,-19.85433],[-43.94528,-19.85524],[-43.94596,-19.85701],[-43.94587,-19.85726],[-43.94739,-19.86012],[-43.94878,-19.859],[-43.9494,-19.85804],[-43.94993,-19.85765],[-43.95023,-19.85844]]]}},{"id":"172","type":"Feature","properties":{"bairro":"Jardim Alvorada","distrito":"Belo Horizonte","regiao":"Pampulha","setores":17,"urbano":17},"geometry":{"type":"MultiPolygon","coordinates":[[[[-43.9838,-19.90231],[-43.98813,-19.90528],[-43.98846,-19.90424],[-43.99069,-19.90265],[-43.99042,-19.9025],[-43.9903,-19.90216],[-43.99244,-19.8994],[-43.99183,-19.89623],[-43.99304,-19.89392],[-43.99325,-19.89281],[-43.99091,-19.8918],[-43.99054,-19.89347],[-43.98955,-19.89334],[-43.9901,-19.89215],[-43.98966,-19.89209],[-43.98971,-19.89238],[-43.98902,-19.89271],[-43.98819,-19.89227],[-43.98787,-19.89291],[-43.98802,-19.89297],[-43.98787,-19.89328],[-43.98806,-19.89338],[-43.98789,-19.89393],[-43.98726,-19.89429],[-43.98831,-19.89444],[-43.98744,-19.89508],[-43.98784,-19.89513],[-43.9879,-19.89533],[-43.9877,-19.8961],[-43.98735,-19.89595],[-43.98717,-19.89628],[-43.98627,-19.8965],[-43.9859,-19.89678],[-43.98552,-19.89758],[-43.9853,-19.89709],[-43.98544,-19.89786],[-43.98523,-19.89795],[-43.98474,-19.89911],[-43.9844,-19.89916],[-43.98391,-19.90054],[-43.98367,-19.9005],[-43.98324,-19.89951],[-43.98314,-19.89917],[-43.98336,-19.89885],[-43.98188,-19.89933],[-43.98273,-19.90102],[-43.9838,-19.90231]]],[[[-43.98398,-19.893],[-43.98376,-19.89441],[-43.98334,-19.89458],[-43.9835,-19.89586],[-43.98393,-19.89578],[-43.98416,-19.89621],[-43.9849,-19.8952],[-43.98465,-19.89506],[-43.98483,-19.89486],[-43.98402,-19.89385],[-43.984,-19.89356],[-43.98475,-19.89168],[-43.98651,-19.89085],[-43.98688,-19.89049],[-43.98679,-19.8903],[-43.98479,-19.89124],[-43.98398,-19.893]]]]}},{"id":"173","type":"Feature","properties":{"bairro":"Jardim América","distrito":"Belo Horizonte","regiao":"Oeste","setores":28,"urbano":28},"geometry":{"type":"Polygon","coordinates":[[[-43.97425,-19.94695],[-43.9754,-19.94523],[-43.97698,-19.94533],[-43.9775,-19.94488],[-43.97865,-19.9449],[-43.97918,-19.94462],[-43.97801,-19.94388],[-43.97751,-19.94173],[-43.97791,-19.94023],[-43.9741,-19.93824],[-43.9734,-19.93834],[-43.97338,-19.93882],[-43.97266,-19.93893],[-43.97226,-19.94018],[-43.97012,-19.94321],[-43.97109,-19.94363],[-43.97097,-19.94386],[-43.97176,-19.94412],[-43.97129,-19.94493],[-43.9717,-19.94549],[-43.97117,-19.94564],[-43.97033,-19.94519],[-43.97011,-19.94586],[-43.97032,-19.94597],[-43.97015,-19.94665],[-43.96997,-19.94582],[-43.96979,-19.94574],[-43.96998,-19.9451],[-43.96954,-19.94496],[-43.96929,-19.94895],[-43.96802,-19.95094],[-43.96692,-19.95457],[-43.97045,-19.9559],[-43.97056,-19.95513],[-43.97011,-19.95502],[-43.9705,-19.95411],[-43.96999,-19.95392],[-43.97023,-19.95334],[-43.9712,-19.95132],[-43.97276,-19.95176],[-43.97307,-19.95143],[-43.97307,-19.9512],[-43.97279,-19.95102],[-43.97311,-19.95025],[-43.97293,-19.94992],[-43.97368,-19.94995],[-43.97389,-19.94926],[-43.97373,-19.94919],[-43.97369,-19.94869],[-43.97386,-19.94844],[-43.97334,-19.94775],[-43.97374,-19.94786],[-43.97404,-19.94706],[-43.97382,-19.94694],[-43.97391,-19.94679],[-43.97425,-19.94695]],[[-43.97265,-19.948],[-43.97305,-19.94754],[-43.97265,-19.94733],[-43.97295,-19.94701],[-43.97334,-19.94775],[-43.97297,-19.94781],[-43.97282,-19.9481],[-43.97265,-19.948]],[[-43.97278,-19.94702],[-43.9723,-19.94643],[-43.97231,-19.94628],[-43.97281,-19.9469],[-43.97278,-19.94702]],[[-43.9706,-19.94691],[-43.97056,-19.94774],[-43.97008,-19.94778],[-43.97034,-19.94687],[-43.97021,-19.9467],[-43.9706,-19.94607],[-43.97097,-19.94626],[-43.9706,-19.94691]],[[-43.97164,-19.94184],[-43.97206,-19.94242],[-43.97173,-19.94297],[-43.97101,-19.94258],[-43.97164,-19.94184]]]}},{"id":"174","type":"Feature","properties":{"bairro":"Jardim Atlântico","distrito":"Belo Horizonte","regiao":"Pampulha","setores":5,"urbano":5},"geometry":{"type":"Polygon","coordinates":[[[-43.96755,-19.84428],[-43.9691,-19.84353],[-43.96962,-19.84366],[-43.97028,-19.84432],[-43.97004,-19.84615],[-43.97183,-19.84794],[-43.97205,-19.8486],[-43.97222,-19.8507],[-43.97251,-19.85099],[-43.97317,-19.85103],[-43.97445,-19.84984],[-43.97449,-19.84936],[-43.97399,-19.84828],[-43.97427,-19.8478],[-43.97476,-19.84765],[-43.97522,-19.84781],[-43.97592,-19.84882],[-43.97823,-19.8485],[-43.98032,-19.84941],[-43.98097,-19.85028],[-43.98163,-19.85071],[-43.98211,-19.85076],[-43.98254,-19.85063],[-43.98454,-19.84912],[-43.98556,-19.84794],[-43.98688,-19.84685],[-43.98813,-19.84531],[-43.99062,-19.84376],[-43.99233,-19.84298],[-43.99278,-19.84252],[-43.99319,-19.84182],[-43.99322,-19.84011],[-43.99393,-19.83854],[-43.99165,-19.83738],[-43.99074,-19.83667],[-43.98898,-19.84184],[-43.98979,-19.84257],[-43.98736,-19.84418],[-43.9856,-19.84654],[-43.98361,-19.84798],[-43.98298,-19.84819],[-43.98234,-19.84816],[-43.97796,-19.84586],[-43.97708,-19.84592],[-43.97549,-19.84655],[-43.97481,-19.84659],[-43.97381,-19.84632],[-43.97256,-19.84573],[-43.97189,-19.8452],[-43.97106,-19.84343],[-43.97044,-19.84285],[-43.96758,-19.84167],[-43.95693,-19.84426],[-43.95577,-19.84528],[-43.95561,-19.84574],[-43.95579,-19.8461],[-43.96545,-19.84397],[-43.9661,-19.84475],[-43.96612,-19.84515],[-43.96716,-19.84508],[-43.96755,-19.84428]]]}},{"id":"175","type":"Feature","properties":{"bairro":"Jardim Europa","distrito":"Venda Nova","regiao":"Venda Nova","setores":22,"urbano":22},"geometry":{"type":"Polygon","coordinates":[[[-43.96523,-19.80598],[-43.96808,-19.80873],[-43.96866,-19.80798],[-43.97008,-19.80682],[-43.97087,-19.80476],[-43.97243,-19.80351],[-43.97149,-19.80217],[-43.97137,-19.80156],[-43.97236,-19.79867],[-43.97148,-19.79757],[-43.96938,-19.79599],[-43.96962,-19.79744],[-43.96805,-19.79764],[-43.96698,-19.79845],[-43.96661,-19.79809],[-43.96628,-19.79818],[-43.96596,-19.79803],[-43.96565,-19.79748],[-43.9649,-19.79854],[-43.96415,-19.79776],[-43.96394,-19.79783],[-43.96386,-19.79858],[-43.96258,-19.79977],[-43.96141,-19.80133],[-43.96104,-19.80104],[-43.96059,-19.80139],[-43.961,-19.80222],[-43.96074,-19.80219],[-43.96075,-19.80256],[-43.96111,-19.80315],[-43.96198,-19.8024],[-43.96235,-19.80328],[-43.96337,-19.80469],[-43.96418,-19.80515],[-43.9649,-19.80513],[-43.96523,-19.80598]]]}},{"id":"176","type":"Feature","properties":{"bairro":"Jardim Felicidade","distrito":"Venda Nova","regiao":"Norte","setores":21,"urbano":21},"geometry":{"type":"Polygon","coordinates":[[[-43.9224,-19.83214],[-43.93098,-19.83301],[-43.9314,-19.83216],[-43.93177,-19.83087],[-43.93048,-19.8297],[-43.93112,-19.82892],[-43.92972,-19.82808],[-43.92996,-19.82748],[-43.93036,-19.82724],[-43.93103,-19.82623],[-43.93162,-19.82601],[-43.9313,-19.82586],[-43.93232,-19.8244],[-43.9325,-19.82148],[-43.93099,-19.82225],[-43.93013,-19.82243],[-43.92929,-19.82172],[-43.9287,-19.82294],[-43.9275,-19.82453],[-43.92694,-19.82478],[-43.92521,-19.82501],[-43.92432,-19.8256],[-43.92408,-19.82661],[-43.92321,-19.82831],[-43.92301,-19.82908],[-43.92265,-19.82952],[-43.92237,-19.83074],[-43.92214,-19.83091],[-43.92222,-19.83187],[-43.9224,-19.83214]]]}},{"id":"177","type":"Feature","properties":{"bairro":"Jardim Guanabara","distrito":"Venda Nova","regiao":"Norte","setores":23,"urbano":23},"geometry":{"type":"Polygon","coordinates":[[[-43.93654,-19.83231],[-43.93663,-19.83082],[-43.93821,-19.83054],[-43.94097,-19.83129],[-43.94234,-19.8284],[-43.94201,-19.82797],[-43.94208,-19.82704],[-43.94267,-19.82579],[-43.94074,-19.8251],[-43.93709,-19.82206],[-43.9359,-19.82167],[-43.93492,-19.82107],[-43.9336,-19.82101],[-43.9325,-19.82148],[-43.93232,-19.8244],[-43.9313,-19.82586],[-43.93162,-19.82601],[-43.93103,-19.82623],[-43.93036,-19.82724],[-43.92996,-19.82748],[-43.92972,-19.82808],[-43.93081,-19.82885],[-43.93225,-19.82899],[-43.93117,-19.83267],[-43.93468,-19.83431],[-43.9357,-19.8339],[-43.93654,-19.83231]]]}},{"id":"178","type":"Feature","properties":{"bairro":"Jardim Leblon","distrito":"Venda Nova","regiao":"Venda Nova","setores":25,"urbano":25},"geometry":{"type":"Polygon","coordinates":[[[-43.99174,-19.8303],[-43.99373,-19.8305],[-43.99462,-19.82183],[-43.99431,-19.8216],[-43.99339,-19.82146],[-43.99349,-19.82048],[-43.98982,-19.82013],[-43.98995,-19.82057],[-43.99039,-19.8209],[-43.99031,-19.82174],[-43.99066,-19.82177],[-43.99093,-19.82232],[-43.99065,-19.82228],[-43.99063,-19.82245],[-43.98937,-19.82232],[-43.9894,-19.82203],[-43.98918,-19.82191],[-43.98845,-19.82186],[-43.98815,-19.82199],[-43.98816,-19.82228],[-43.98716,-19.82221],[-43.98715,-19.82239],[-43.98686,-19.82237],[-43.98575,-19.82416],[-43.98641,-19.82444],[-43.98633,-19.82505],[-43.98608,-19.82487],[-43.98473,-19.82469],[-43.98457,-19.82491],[-43.98433,-19.82686],[-43.98457,-19.82722],[-43.98505,-19.82728],[-43.9851,-19.82798],[-43.98474,-19.82793],[-43.98478,-19.82762],[-43.98392,-19.8276],[-43.98335,-19.8293],[-43.9836,-19.82933],[-43.98367,-19.82968],[-43.98405,-19.82976],[-43.9917,-19.83059],[-43.99174,-19.8303]],[[-43.9898,-19.82395],[-43.98906,-19.82388],[-43.98935,-19.82357],[-43.98992,-19.82363],[-43.9898,-19.82395]],[[-43.98899,-19.82387],[-43.98917,-19.82516],[-43.9903,-19.82527],[-43.99034,-19.82498],[-43.99064,-19.82503],[-43.99067,-19.82466],[-43.99093,-19.82469],[-43.9909,-19.82501],[-43.99231,-19.8252],[-43.99214,-19.82669],[-43.99286,-19.82691],[-43.99284,-19.82714],[-43.99343,-19.8272],[-43.99334,-19.82802],[-43.993,-19.82801],[-43.99297,-19.82829],[-43.99364,-19.82849],[-43.9936,-19.8288],[-43.99223,-19.82896],[-43.99213,-19.82987],[-43.99186,-19.82985],[-43.99183,-19.83],[-43.98935,-19.82971],[-43.98957,-19.82905],[-43.98954,-19.82813],[-43.98756,-19.82793],[-43.98761,-19.82757],[-43.98848,-19.82768],[-43.98852,-19.82737],[-43.98794,-19.82731],[-43.98797,-19.82698],[-43.98856,-19.82703],[-43.98869,-19.82577],[-43.98748,-19.82469],[-43.98751,-19.82435],[-43.98797,-19.82439],[-43.98798,-19.8249],[-43.98852,-19.82507],[-43.98859,-19.82446],[-43.98895,-19.8245],[-43.98899,-19.82387]]]}},{"id":"179","type":"Feature","properties":{"bairro":"Jardim Montanhês","distrito":"Belo Horizonte","regiao":"Noroeste","setores":12,"urbano":12},"geometry":{"type":"Polygon","coordinates":[[[-43.98071,-19.91234],[-43.98149,-19.91133],[-43.98381,-19.91103],[-43.98515,-19.90874],[-43.98482,-19.9086],[-43.98545,-19.90662],[-43.98608,-19.90687],[-43.98709,-19.90518],[-43.98675,-19.90487],[-43.98724,-19.90467],[-43.98415,-19.90263],[-43.98273,-19.90102],[-43.98261,-19.90169],[-43.98338,-19.90271],[-43.98232,-19.90283],[-43.98204,-19.90238],[-43.98115,-19.90279],[-43.98082,-19.90273],[-43.98043,-19.90355],[-43.97905,-19.90435],[-43.97809,-19.90521],[-43.97804,-19.90805],[-43.98055,-19.90772],[-43.98071,-19.91234]]]}},{"id":"180","type":"Feature","properties":{"bairro":"Jardim São José","distrito":"Belo Horizonte","regiao":"Pampulha","setores":16,"urbano":16},"geometry":{"type":"Polygon","coordinates":[[[-43.99367,-19.9092],[-43.99423,-19.9102],[-43.99471,-19.91001],[-43.9947,-19.90953],[-43.99587,-19.90879],[-43.99687,-19.90904],[-43.9972,-19.90796],[-43.9969,-19.90653],[-43.99766,-19.90365],[-43.99969,-19.90177],[-44.00006,-19.8995],[-43.99372,-19.90106],[-43.99273,-19.90086],[-43.99275,-19.89953],[-43.99244,-19.8994],[-43.9903,-19.90216],[-43.99042,-19.9025],[-43.99069,-19.90265],[-43.98846,-19.90424],[-43.98813,-19.90528],[-43.99367,-19.9092]]]}},{"id":"181","type":"Feature","properties":{"bairro":"Jardim Vitória","distrito":"Venda Nova","regiao":"Nordeste","setores":40,"urbano":40},"geometry":{"type":"Polygon","coordinates":[[[-43.88171,-19.85907],[-43.88257,-19.8573],[-43.88311,-19.85755],[-43.88488,-19.85779],[-43.8851,-19.85727],[-43.88751,-19.85754],[-43.8873,-19.85672],[-43.8891,-19.8562],[-43.88864,-19.85573],[-43.88976,-19.8553],[-43.89121,-19.85614],[-43.89149,-19.85657],[-43.89232,-19.85655],[-43.89201,-19.85564],[-43.89104,-19.85433],[-43.88886,-19.85246],[-43.88814,-19.85131],[-43.8877,-19.84729],[-43.88569,-19.84295],[-43.8852,-19.8391],[-43.88463,-19.83847],[-43.88228,-19.83786],[-43.88143,-19.83797],[-43.87371,-19.84112],[-43.86794,-19.84164],[-43.86738,-19.84565],[-43.86615,-19.84731],[-43.86467,-19.85048],[-43.86409,-19.85109],[-43.86184,-19.85216],[-43.85977,-19.85412],[-43.85848,-19.85493],[-43.85755,-19.85578],[-43.85722,-19.85633],[-43.85802,-19.85684],[-43.85867,-19.85669],[-43.85968,-19.85732],[-43.86042,-19.85739],[-43.86203,-19.85589],[-43.86262,-19.85574],[-43.86315,-19.8559],[-43.86538,-19.85747],[-43.86669,-19.85744],[-43.86683,-19.85765],[-43.86667,-19.85798],[-43.86704,-19.85841],[-43.86663,-19.85864],[-43.86824,-19.85991],[-43.86828,-19.86043],[-43.86885,-19.86079],[-43.86913,-19.86133],[-43.87027,-19.86211],[-43.87027,-19.86257],[-43.87127,-19.86303],[-43.87182,-19.86369],[-43.87369,-19.86483],[-43.87417,-19.86532],[-43.87473,-19.86665],[-43.87585,-19.86732],[-43.87648,-19.86743],[-43.87679,-19.86797],[-43.87752,-19.8685],[-43.87788,-19.86832],[-43.87822,-19.86746],[-43.87892,-19.86662],[-43.88011,-19.86598],[-43.88031,-19.86568],[-43.8802,-19.86444],[-43.88033,-19.86354],[-43.88166,-19.86242],[-43.88179,-19.86247],[-43.882,-19.86175],[-43.88191,-19.86117],[-43.88072,-19.85965],[-43.88111,-19.85885],[-43.88171,-19.85907]],[[-43.88462,-19.84299],[-43.88488,-19.84378],[-43.88467,-19.844],[-43.88419,-19.84357],[-43.88406,-19.84365],[-43.8838,-19.84251],[-43.88463,-19.84224],[-43.88462,-19.84299]],[[-43.88802,-19.85229],[-43.88776,-19.85208],[-43.88705,-19.8526],[-43.8868,-19.8532],[-43.88713,-19.8535],[-43.88642,-19.85431],[-43.886,-19.8539],[-43.88616,-19.85347],[-43.8842,-19.85407],[-43.88359,-19.85388],[-43.88368,-19.85222],[-43.88399,-19.85279],[-43.88467,-19.85291],[-43.88476,-19.85174],[-43.8843,-19.85098],[-43.88486,-19.8507],[-43.88511,-19.84981],[-43.88554,-19.8495],[-43.88686,-19.85041],[-43.88762,-19.85121],[-43.88824,-19.85222],[-43.88802,-19.85229]]]}},{"id":"182","type":"Feature","properties":{"bairro":"Jardim do Vale","distrito":"Barreiro","regiao":"Barreiro","setores":2,"urbano":2},"geometry":{"type":"Polygon","coordinates":[[[-44.0329,-20.00578],[-44.03291,-20.00546],[-44.03335,-20.00534],[-44.03267,-20.0052],[-44.03277,-20.00433],[-44.03123,-20.00413],[-44.03051,-20.00625],[-44.03088,-20.00635],[-44.03102,-20.00591],[-44.03193,-20.00611],[-44.03215,-20.00643],[-44.03241,-20.00611],[-44.03325,-20.00617],[-44.03329,-20.00588],[-44.0329,-20.00578]]]}},{"id":"183","type":"Feature","properties":{"bairro":"Jardim dos Comerciários","distrito":"Venda Nova","regiao":"Venda Nova","setores":32,"urbano":32},"geometry":{"type":"Polygon","coordinates":[[[-43.97243,-19.80351],[-43.97341,-19.80315],[-43.97369,-19.80258],[-43.97628,-19.80204],[-43.97724,-19.80158],[-43.97778,-19.80007],[-43.97609,-19.79864],[-43.97535,-19.79891],[-43.97536,-19.79842],[-43.97732,-19.79711],[-43.97511,-19.79498],[-43.97557,-19.79393],[-43.97595,-19.79373],[-43.97519,-19.79289],[-43.97558,-19.79234],[-43.97604,-19.79218],[-43.97652,-19.79266],[-43.97694,-19.79217],[-43.97704,-19.79137],[-43.97743,-19.79089],[-43.97741,-19.79035],[-43.97808,-19.78922],[-43.9779,-19.78905],[-43.97829,-19.78904],[-43.97834,-19.78888],[-43.97669,-19.78772],[-43.97678,-19.78745],[-43.97718,-19.78769],[-43.97753,-19.78736],[-43.97786,-19.7859],[-43.97827,-19.78495],[-43.97869,-19.78452],[-43.97847,-19.78315],[-43.97736,-19.78221],[-43.97529,-19.78223],[-43.97519,-19.78243],[-43.9754,-19.78287],[-43.97524,-19.78314],[-43.97494,-19.78305],[-43.97343,-19.78393],[-43.97234,-19.78527],[-43.97094,-19.78612],[-43.96953,-19.78819],[-43.96861,-19.78839],[-43.96655,-19.79158],[-43.96475,-19.79161],[-43.96404,-19.79155],[-43.96403,-19.7914],[-43.96288,-19.79289],[-43.96228,-19.79433],[-43.96233,-19.79501],[-43.96286,-19.79645],[-43.96274,-19.79692],[-43.96371,-19.79874],[-43.96393,-19.79838],[-43.96394,-19.79783],[-43.96415,-19.79776],[-43.9649,-19.79854],[-43.96565,-19.79748],[-43.96596,-19.79803],[-43.96628,-19.79818],[-43.96661,-19.79809],[-43.96698,-19.79845],[-43.96805,-19.79764],[-43.96962,-19.79744],[-43.96938,-19.79599],[-43.97148,-19.79757],[-43.97236,-19.79867],[-43.9714,-19.80127],[-43.97142,-19.80197],[-43.97243,-19.80351]]]}},{"id":"184","type":"Feature","properties":{"bairro":"Jardinópolis","distrito":"Belo Horizonte","regiao":"Oeste","setores":6,"urbano":6},"geometry":{"type":"MultiPolygon","coordinates":[[[[-44.00619,-19.94649],[-44.00811,-19.94766],[-44.00784,-19.94289],[-44.00702,-19.94255],[-44.00417,-19.94054],[-44.00369,-19.94004],[-44.00265,-19.93822],[-44.00157,-19.93738],[-44.00138,-19.93798],[-44.0017,-19.93921],[-44.00087,-19.93944],[-44.00126,-19.94051],[-44.00115,-19.94056],[-44.00201,-19.94172],[-44.0023,-19.94184],[-44.00215,-19.94195],[-44.00235,-19.94327],[-44.00287,-19.94329],[-44.00311,-19.94298],[-44.00345,-19.94334],[-44.00305,-19.94391],[-44.00372,-19.94399],[-44.00416,-19.9437],[-44.00619,-19.94649]]],[[[-43.99983,-19.94429],[-44.00041,-19.94471],[-44.00182,-19.94332],[-44.00213,-19.94272],[-44.00199,-19.94211],[-44.00069,-19.94018],[-43.9991,-19.94105],[-43.99872,-19.94158],[-43.99756,-19.9414],[-43.9978,-19.94157],[-43.99767,-19.94182],[-43.99848,-19.94215],[-43.99887,-19.94262],[-43.9981,-19.94319],[-43.99674,-19.94302],[-43.99749,-19.94389],[-43.99863,-19.94335],[-43.99933,-19.94393],[-43.99975,-19.94369],[-43.99973,-19.94388],[-44.00006,-19.94405],[-43.99983,-19.94429]]]]}},{"id":"185","type":"Feature","properties":{"bairro":"Jatobá","distrito":"Barreiro","regiao":"Barreiro","setores":5,"urbano":5},"geometry":{"type":"Polygon","coordinates":[[[-44.05208,-19.99637],[-44.0519,-19.99707],[-44.05245,-19.99688],[-44.05231,-19.99711],[-44.0525,-19.99729],[-44.05367,-19.99736],[-44.05394,-19.99691],[-44.05386,-19.99639],[-44.05526,-19.99589],[-44.05501,-19.99527],[-44.05527,-19.99431],[-44.05511,-19.99343],[-44.05602,-19.99188],[-44.05582,-19.99148],[-44.05597,-19.99096],[-44.05695,-19.99044],[-44.05651,-19.98948],[-44.05611,-19.98929],[-44.05652,-19.989],[-44.05676,-19.98914],[-44.05597,-19.98674],[-44.05507,-19.98783],[-44.05427,-19.98597],[-44.05366,-19.98612],[-44.05356,-19.98576],[-44.05279,-19.98699],[-44.05322,-19.98782],[-44.05332,-19.98867],[-44.05187,-19.9963],[-44.05208,-19.99637]]]}},{"id":"186","type":"Feature","properties":{"bairro":"Jonas Veiga","distrito":"Belo Horizonte","regiao":"Leste","setores":7,"urbano":7},"geometry":{"type":"Polygon","coordinates":[[[-43.89793,-19.92333],[-43.89805,-19.92281],[-43.89859,-19.92212],[-43.89913,-19.92092],[-43.8995,-19.9205],[-43.89964,-19.92081],[-43.90007,-19.9208],[-43.90076,-19.91988],[-43.90165,-19.91909],[-43.90191,-19.91858],[-43.90244,-19.91859],[-43.90247,-19.918],[-43.9021,-19.91798],[-43.90072,-19.91926],[-43.89706,-19.9196],[-43.89415,-19.91826],[-43.89324,-19.91818],[-43.89381,-19.91574],[-43.89239,-19.9154],[-43.89213,-19.91663],[-43.89189,-19.91693],[-43.89127,-19.91708],[-43.89107,-19.91745],[-43.88985,-19.91697],[-43.88858,-19.91737],[-43.88802,-19.91946],[-43.88904,-19.91971],[-43.88925,-19.91995],[-43.8912,-19.92076],[-43.89235,-19.9228],[-43.89374,-19.92242],[-43.89454,-19.92278],[-43.89604,-19.9223],[-43.89793,-19.92333]]]}},{"id":"187","type":"Feature","properties":{"bairro":"João Alfredo","distrito":"Belo Horizonte","regiao":"Leste","setores":1,"urbano":1},"geometry":{"type":"Polygon","coordinates":[[[-43.91065,-19.90895],[-43.91109,-19.90917],[-43.91119,-19.90994],[-43.91143,-19.90995],[-43.91153,-19.90931],[-43.91194,-19.90948],[-43.91201,-19.91025],[-43.9128,-19.90941],[-43.91253,-19.90906],[-43.91276,-19.9086],[-43.91065,-19.90895]]]}},{"id":"188","type":"Feature","properties":{"bairro":"João Paulo II","distrito":"Barreiro","regiao":"Barreiro","setores":3,"urbano":3},"geometry":{"type":"Polygon","coordinates":[[[-44.0328,-19.98417],[-44.03497,-19.98438],[-44.03512,-19.98405],[-44.03463,-19.98325],[-44.03474,-19.98308],[-44.03424,-19.98268],[-44.03267,-19.98023],[-44.03173,-19.98089],[-44.03121,-19.97936],[-44.03017,-19.97871],[-44.02874,-19.98026],[-44.03222,-19.98333],[-44.0328,-19.98417]]]}},{"id":"189","type":"Feature","properties":{"bairro":"João Pinheiro","distrito":"Belo Horizonte","regiao":"Noroeste","setores":22,"urbano":22},"geometry":{"type":"Polygon","coordinates":[[[-43.99778,-19.93278],[-44.00503,-19.92795],[-44.00428,-19.92693],[-44.00492,-19.9265],[-44.00477,-19.92625],[-44.00607,-19.92636],[-44.00568,-19.92523],[-44.00487,-19.92573],[-44.00439,-19.92479],[-44.00392,-19.92448],[-44.00332,-19.92449],[-44.00276,-19.92489],[-44.00242,-19.92435],[-44.00305,-19.92393],[-44.00318,-19.92314],[-44.00354,-19.92281],[-44.00164,-19.92147],[-44.00165,-19.92205],[-44.00152,-19.92196],[-44.00108,-19.92249],[-44.00099,-19.92237],[-43.99997,-19.9239],[-43.99752,-19.92573],[-43.99553,-19.92801],[-43.99271,-19.92978],[-43.99385,-19.93174],[-43.99597,-19.93448],[-43.99709,-19.93546],[-43.99778,-19.93278]]]}},{"id":"190","type":"Feature","properties":{"bairro":"Juliana","distrito":"Venda Nova","regiao":"Norte","setores":14,"urbano":14},"geometry":{"type":"Polygon","coordinates":[[[-43.94266,-19.81812],[-43.94322,-19.82075],[-43.9437,-19.82219],[-43.94332,-19.82298],[-43.9433,-19.82355],[-43.94478,-19.82333],[-43.94823,-19.81613],[-43.94685,-19.81389],[-43.94696,-19.81263],[-43.9488,-19.81084],[-43.94756,-19.8107],[-43.94727,-19.81081],[-43.94708,-19.81127],[-43.94676,-19.81128],[-43.94636,-19.81097],[-43.94606,-19.81139],[-43.94599,-19.81078],[-43.94463,-19.80906],[-43.94315,-19.81087],[-43.94154,-19.81031],[-43.94013,-19.80957],[-43.93994,-19.80903],[-43.93974,-19.8091],[-43.93972,-19.81137],[-43.93841,-19.81243],[-43.93879,-19.81291],[-43.93947,-19.81204],[-43.94182,-19.81256],[-43.94186,-19.81304],[-43.94226,-19.8131],[-43.94245,-19.81355],[-43.94284,-19.81339],[-43.9431,-19.81368],[-43.94374,-19.81378],[-43.94355,-19.8141],[-43.94331,-19.81414],[-43.94255,-19.81378],[-43.94206,-19.81402],[-43.94184,-19.81421],[-43.9418,-19.81502],[-43.9406,-19.81501],[-43.94037,-19.81574],[-43.93974,-19.81583],[-43.93952,-19.81567],[-43.93931,-19.81587],[-43.93969,-19.81618],[-43.937,-19.81699],[-43.93687,-19.81755],[-43.93729,-19.81834],[-43.93793,-19.81874],[-43.93838,-19.8193],[-43.9388,-19.81945],[-43.94266,-19.81812]]]}},{"id":"191","type":"Feature","properties":{"bairro":"Lagoa","distrito":"Venda Nova","regiao":"Venda Nova","setores":16,"urbano":16},"geometry":{"type":"Polygon","coordinates":[[[-44.00015,-19.81319],[-44.0015,-19.81253],[-44.0014,-19.81231],[-44.00293,-19.8121],[-44.0044,-19.81152],[-44.00491,-19.81067],[-44.00468,-19.81001],[-44.00402,-19.80972],[-44.00372,-19.80982],[-44.00386,-19.8095],[-44.0032,-19.80829],[-44.00283,-19.80824],[-44.00266,-19.80788],[-44.00253,-19.8068],[-44.00075,-19.80544],[-43.99881,-19.80557],[-43.99885,-19.80617],[-43.99759,-19.80747],[-43.99756,-19.80725],[-43.99691,-19.8073],[-43.99693,-19.80797],[-43.99627,-19.80858],[-43.9963,-19.80896],[-43.9965,-19.8091],[-43.99544,-19.80973],[-43.99653,-19.81056],[-43.99625,-19.81078],[-43.99753,-19.81231],[-43.99529,-19.81379],[-43.99552,-19.81424],[-43.99637,-19.81417],[-43.99651,-19.81462],[-43.9984,-19.81397],[-43.9993,-19.81557],[-44.00137,-19.8154],[-44.00094,-19.81488],[-44.00077,-19.81387],[-44.00015,-19.81319]]]}},{"id":"192","type":"Feature","properties":{"bairro":"Lagoa da Pampulha","distrito":"Belo Horizonte","regiao":"Pampulha","setores":1,"urbano":1},"geometry":{"type":"Polygon","coordinates":[[[-43.99393,-19.83854],[-43.99322,-19.84011],[-43.99319,-19.84182],[-43.99278,-19.84252],[-43.99233,-19.84298],[-43.99062,-19.84376],[-43.98813,-19.84531],[-43.98688,-19.84685],[-43.98556,-19.84794],[-43.98454,-19.84912],[-43.98254,-19.85063],[-43.98211,-19.85076],[-43.98163,-19.85071],[-43.98097,-19.85028],[-43.98032,-19.84941],[-43.97823,-19.8485],[-43.97592,-19.84882],[-43.97522,-19.84781],[-43.97476,-19.84765],[-43.97427,-19.8478],[-43.97399,-19.84828],[-43.97449,-19.84936],[-43.97445,-19.84984],[-43.97317,-19.85103],[-43.97251,-19.85099],[-43.97222,-19.8507],[-43.97205,-19.8486],[-43.97183,-19.84794],[-43.97004,-19.84615],[-43.97028,-19.84432],[-43.96962,-19.84366],[-43.9691,-19.84353],[-43.96755,-19.84428],[-43.9672,-19.84479],[-43.96664,-19.8486],[-43.96674,-19.8492],[-43.96727,-19.84974],[-43.96756,-19.85038],[-43.96856,-19.85428],[-43.96917,-19.85466],[-43.97097,-19.85505],[-43.97603,-19.85473],[-43.97709,-19.85622],[-43.97723,-19.85705],[-43.97665,-19.85847],[-43.97522,-19.86073],[-43.97494,-19.86081],[-43.97503,-19.86103],[-43.97448,-19.86189],[-43.9743,-19.86283],[-43.97524,-19.86308],[-43.97599,-19.86292],[-43.97674,-19.86114],[-43.97811,-19.85955],[-43.97874,-19.85939],[-43.98003,-19.85945],[-43.98121,-19.85992],[-43.98183,-19.85954],[-43.98154,-19.85825],[-43.97994,-19.85525],[-43.97994,-19.85474],[-43.98032,-19.85416],[-43.98191,-19.85318],[-43.98242,-19.85324],[-43.98349,-19.85407],[-43.98409,-19.85398],[-43.98449,-19.85345],[-43.98471,-19.85235],[-43.986,-19.85149],[-43.9865,-19.85144],[-43.98924,-19.85199],[-43.9898,-19.85192],[-43.9905,-19.85138],[-43.99082,-19.85026],[-43.99118,-19.84992],[-43.99181,-19.85014],[-43.99235,-19.85187],[-43.99279,-19.85262],[-43.99467,-19.85412],[-43.9949,-19.85714],[-43.99521,-19.85818],[-43.99493,-19.85879],[-43.99411,-19.85952],[-43.99434,-19.85952],[-43.99442,-19.86002],[-43.99467,-19.86027],[-43.99633,-19.86111],[-43.99674,-19.86118],[-43.99773,-19.86065],[-43.99857,-19.85699],[-43.99812,-19.85404],[-43.99862,-19.85252],[-43.99905,-19.85208],[-43.9998,-19.85199],[-44.00231,-19.85238],[-44.00357,-19.85407],[-44.00435,-19.85453],[-44.00523,-19.85469],[-44.00597,-19.85422],[-44.00608,-19.85376],[-44.00526,-19.85232],[-44.00571,-19.85137],[-44.0057,-19.85112],[-44.0054,-19.85085],[-44.00432,-19.85104],[-44.00275,-19.85058],[-44.00033,-19.85022],[-43.99858,-19.85044],[-43.99711,-19.85104],[-43.99639,-19.85066],[-43.99565,-19.84894],[-43.99575,-19.8484],[-43.99795,-19.8472],[-43.99945,-19.84592],[-43.99963,-19.84553],[-43.99909,-19.84532],[-43.99646,-19.84649],[-43.99535,-19.84643],[-43.99489,-19.84611],[-43.99404,-19.84392],[-43.99434,-19.84334],[-43.99498,-19.84288],[-43.99528,-19.84238],[-43.99508,-19.84173],[-43.99447,-19.84118],[-43.99432,-19.84078],[-43.99492,-19.83847],[-43.99452,-19.83822],[-43.99393,-19.83854]]]}},{"id":"193","type":"Feature","properties":{"bairro":"Lagoinha","distrito":"Belo Horizonte","regiao":"Nordeste","setores":9,"urbano":9},"geometry":{"type":"Polygon","coordinates":[[[-43.93946,-19.9119],[-43.94071,-19.91205],[-43.94345,-19.91351],[-43.94359,-19.9133],[-43.94204,-19.91156],[-43.9497,-19.90774],[-43.94897,-19.9078],[-43.94878,-19.90765],[-43.94822,-19.90798],[-43.9483,-19.90816],[-43.94765,-19.90834],[-43.94698,-19.90751],[-43.94713,-19.90733],[-43.94699,-19.90719],[-43.94709,-19.90539],[-43.94645,-19.90497],[-43.94612,-19.90513],[-43.94529,-19.90428],[-43.9421,-19.90234],[-43.94063,-19.90438],[-43.94001,-19.90452],[-43.94186,-19.90599],[-43.94,-19.9079],[-43.9413,-19.908],[-43.93991,-19.90947],[-43.93978,-19.90996],[-43.9403,-19.91054],[-43.94037,-19.91108],[-43.93946,-19.9119]]]}},{"id":"194","type":"Feature","properties":{"bairro":"Lagoinha Leblon","distrito":"Venda Nova","regiao":"Venda Nova","setores":10,"urbano":10},"geometry":{"type":"Polygon","coordinates":[[[-43.99274,-19.80802],[-43.99391,-19.80895],[-43.99409,-19.80873],[-43.99544,-19.80973],[-43.9965,-19.8091],[-43.9963,-19.80896],[-43.99627,-19.80858],[-43.99693,-19.80797],[-43.99691,-19.8073],[-43.99756,-19.80725],[-43.99759,-19.80747],[-43.99885,-19.80617],[-43.99881,-19.80557],[-44.00063,-19.80545],[-44.00047,-19.8029],[-43.99012,-19.80338],[-43.99121,-19.80598],[-43.9909,-19.80609],[-43.99073,-19.80572],[-43.9904,-19.80578],[-43.99051,-19.8067],[-43.99218,-19.80805],[-43.99274,-19.80802]]]}},{"id":"195","type":"Feature","properties":{"bairro":"Lajedo","distrito":"Venda Nova","regiao":"Norte","setores":8,"urbano":8},"geometry":{"type":"Polygon","coordinates":[[[-43.91171,-19.83872],[-43.91216,-19.83923],[-43.91229,-19.8402],[-43.91324,-19.83531],[-43.91372,-19.83549],[-43.91553,-19.83503],[-43.91567,-19.8354],[-43.91571,-19.83488],[-43.91601,-19.83457],[-43.91596,-19.8341],[-43.91529,-19.83228],[-43.91465,-19.83159],[-43.91356,-19.83104],[-43.91318,-19.83033],[-43.91234,-19.82999],[-43.91257,-19.8298],[-43.91226,-19.82945],[-43.91188,-19.82981],[-43.91184,-19.83014],[-43.91094,-19.83013],[-43.91109,-19.82853],[-43.91088,-19.82789],[-43.91058,-19.82754],[-43.90939,-19.82702],[-43.90946,-19.82743],[-43.90907,-19.82826],[-43.90895,-19.82945],[-43.90902,-19.83029],[-43.9098,-19.83253],[-43.90987,-19.83327],[-43.90969,-19.8336],[-43.90991,-19.83368],[-43.91004,-19.83467],[-43.90967,-19.83491],[-43.90975,-19.83516],[-43.90915,-19.83585],[-43.90962,-19.83761],[-43.91145,-19.83799],[-43.91171,-19.83872]]]}},{"id":"196","type":"Feature","properties":{"bairro":"Leonina","distrito":"Belo Horizonte","regiao":"Oeste","setores":6,"urbano":6},"geometry":{"type":"Polygon","coordinates":[[[-43.96157,-19.95297],[-43.96127,-19.95411],[-43.9618,-19.95424],[-43.96184,-19.95396],[-43.96234,-19.95406],[-43.96241,-19.95378],[-43.96347,-19.95386],[-43.96358,-19.95345],[-43.96559,-19.95393],[-43.96576,-19.9532],[-43.9653,-19.95313],[-43.96552,-19.95208],[-43.96435,-19.95158],[-43.96384,-19.95155],[-43.96459,-19.95118],[-43.96458,-19.95074],[-43.96439,-19.95034],[-43.96345,-19.9495],[-43.96338,-19.95023],[-43.9618,-19.95008],[-43.9613,-19.94966],[-43.96126,-19.95044],[-43.96048,-19.95218],[-43.96083,-19.95225],[-43.96075,-19.95262],[-43.96101,-19.95267],[-43.96095,-19.95283],[-43.96157,-19.95297]]]}},{"id":"197","type":"Feature","properties":{"bairro":"Letícia","distrito":"Venda Nova","regiao":"Venda Nova","setores":13,"urbano":13},"geometry":{"type":"Polygon","coordinates":[[[-43.98053,-19.81249],[-43.98243,-19.81178],[-43.98239,-19.81141],[-43.98396,-19.8099],[-43.98344,-19.80949],[-43.98374,-19.80916],[-43.98276,-19.80829],[-43.98319,-19.80784],[-43.98195,-19.8069],[-43.98128,-19.80407],[-43.98009,-19.8038],[-43.97777,-19.80391],[-43.97673,-19.80315],[-43.97713,-19.80263],[-43.97685,-19.80226],[-43.97289,-19.80328],[-43.97127,-19.80431],[-43.97087,-19.80476],[-43.97031,-19.80644],[-43.97101,-19.80662],[-43.97074,-19.80696],[-43.97284,-19.80693],[-43.97396,-19.80736],[-43.9798,-19.81076],[-43.98034,-19.81151],[-43.98053,-19.81249]]]}},{"id":"198","type":"Feature","properties":{"bairro":"Liberdade","distrito":"Belo Horizonte","regiao":"Pampulha","setores":12,"urbano":12},"geometry":{"type":"Polygon","coordinates":[[[-43.95566,-19.86542],[-43.95534,-19.86567],[-43.95685,-19.86619],[-43.95823,-19.86252],[-43.95748,-19.86187],[-43.9581,-19.86134],[-43.95851,-19.86182],[-43.95956,-19.85898],[-43.95864,-19.85789],[-43.95738,-19.85838],[-43.95731,-19.8577],[-43.95432,-19.85887],[-43.95415,-19.85873],[-43.95036,-19.86035],[-43.95031,-19.86097],[-43.95057,-19.86095],[-43.95416,-19.86376],[-43.95588,-19.86465],[-43.95566,-19.86542]]]}},{"id":"199","type":"Feature","properties":{"bairro":"Lindéia","distrito":"Barreiro","regiao":"Barreiro","setores":45,"urbano":45},"geometry":{"type":"Polygon","coordinates":[[[-44.05597,-19.98674],[-44.05595,-19.98596],[-44.05621,-19.9854],[-44.0565,-19.98495],[-44.05681,-19.98493],[-44.05641,-19.98365],[-44.05712,-19.98345],[-44.0573,-19.98303],[-44.05701,-19.98203],[-44.05722,-19.9817],[-44.05786,-19.98147],[-44.05755,-19.98108],[-44.0575,-19.98048],[-44.05942,-19.9782],[-44.0597,-19.97755],[-44.0601,-19.9774],[-44.06049,-19.9764],[-44.0604,-19.97617],[-44.06099,-19.97617],[-44.06287,-19.97683],[-44.06302,-19.97668],[-44.06266,-19.97563],[-44.06334,-19.97541],[-44.06271,-19.97364],[-44.05683,-19.97473],[-44.05505,-19.97424],[-44.05415,-19.97362],[-44.0537,-19.97304],[-44.05216,-19.97306],[-44.05058,-19.9727],[-44.04904,-19.97292],[-44.0469,-19.97383],[-44.04467,-19.97422],[-44.04471,-19.97456],[-44.04518,-19.97478],[-44.04511,-19.97539],[-44.03847,-19.98281],[-44.03858,-19.98311],[-44.04063,-19.98179],[-44.04179,-19.9815],[-44.04308,-19.98167],[-44.04468,-19.98286],[-44.04556,-19.98318],[-44.0464,-19.9832],[-44.04811,-19.98267],[-44.04909,-19.98262],[-44.04919,-19.98285],[-44.05014,-19.98323],[-44.05104,-19.984],[-44.05279,-19.98699],[-44.05356,-19.98576],[-44.05366,-19.98612],[-44.05427,-19.98597],[-44.05507,-19.98783],[-44.05597,-19.98674]]]}},{"id":"200","type":"Feature","properties":{"bairro":"Lorena","distrito":"Belo Horizonte","regiao":"Noroeste","setores":1,"urbano":1},"geometry":{"type":"Polygon","coordinates":[[[-43.98464,-19.91668],[-43.98489,-19.91699],[-43.98502,-19.91637],[-43.98445,-19.91554],[-43.98464,-19.91668]]]}},{"id":"201","type":"Feature","properties":{"bairro":"Lourdes","distrito":"Belo Horizonte","regiao":"Centro-Sul","setores":48,"urbano":48},"geometry":{"type":"Polygon","coordinates":[[[-43.94396,-19.93874],[-43.94589,-19.93567],[-43.94849,-19.935],[-43.94537,-19.92353],[-43.94471,-19.92346],[-43.9441,-19.92443],[-43.94385,-19.92435],[-43.93642,-19.92621],[-43.93775,-19.93111],[-43.93907,-19.93078],[-43.94143,-19.93939],[-43.94396,-19.93874]]]}},{"id":"202","type":"Feature","properties":{"bairro":"Luxemburgo","distrito":"Belo Horizonte","regiao":"Centro-Sul","setores":16,"urbano":16},"geometry":{"type":"Polygon","coordinates":[[[-43.95366,-19.95181],[-43.95582,-19.95237],[-43.95698,-19.95139],[-43.95915,-19.95132],[-43.95945,-19.94992],[-43.95978,-19.94993],[-43.96034,-19.94918],[-43.96049,-19.94951],[-43.96128,-19.9495],[-43.96096,-19.94826],[-43.96064,-19.94779],[-43.95895,-19.94629],[-43.95692,-19.94497],[-43.95676,-19.94445],[-43.95681,-19.94354],[-43.95659,-19.94299],[-43.95607,-19.94262],[-43.95447,-19.94221],[-43.95392,-19.94167],[-43.95382,-19.94101],[-43.95365,-19.94104],[-43.95353,-19.94166],[-43.95407,-19.94232],[-43.95375,-19.94259],[-43.95377,-19.94282],[-43.95265,-19.94347],[-43.95262,-19.94366],[-43.95266,-19.94476],[-43.95313,-19.94506],[-43.95305,-19.94601],[-43.95344,-19.94661],[-43.95282,-19.94708],[-43.95349,-19.9481],[-43.95343,-19.94872],[-43.95282,-19.94959],[-43.95272,-19.9501],[-43.9529,-19.95074],[-43.95366,-19.95181]]]}},{"id":"203","type":"Feature","properties":{"bairro":"Madre Gertrudes","distrito":"Belo Horizonte","regiao":"Oeste","setores":12,"urbano":12},"geometry":{"type":"MultiPolygon","coordinates":[[[[-44.00302,-19.95252],[-44.00329,-19.95329],[-44.00538,-19.95354],[-44.00556,-19.95373],[-44.00705,-19.95295],[-44.00732,-19.95341],[-44.00927,-19.95264],[-44.00917,-19.95157],[-44.00892,-19.9516],[-44.00842,-19.95079],[-44.00897,-19.94836],[-44.00918,-19.94815],[-44.00702,-19.94711],[-44.00619,-19.94649],[-44.00416,-19.9437],[-44.00371,-19.94412],[-44.0039,-19.94405],[-44.00434,-19.94466],[-44.004,-19.94515],[-44.00382,-19.94501],[-44.00306,-19.94579],[-44.00339,-19.9462],[-44.00329,-19.94648],[-44.00154,-19.94676],[-44.00141,-19.94704],[-44.00134,-19.94737],[-44.00199,-19.94887],[-44.0022,-19.94992],[-44.0032,-19.94925],[-44.00348,-19.94982],[-44.0041,-19.95002],[-44.00416,-19.95047],[-44.00474,-19.94973],[-44.00506,-19.95057],[-44.00554,-19.94999],[-44.0062,-19.95043],[-44.00663,-19.95],[-44.00607,-19.95077],[-44.00626,-19.95104],[-44.00529,-19.95089],[-44.00511,-19.95106],[-44.00536,-19.95199],[-44.00443,-19.95199],[-44.00445,-19.95217],[-44.0038,-19.95202],[-44.00363,-19.95271],[-44.00351,-19.95242],[-44.00309,-19.9524],[-44.00352,-19.95158],[-44.00294,-19.9516],[-44.00271,-19.95054],[-44.00205,-19.95008],[-44.00081,-19.95087],[-44.00196,-19.95258],[-44.00302,-19.95252]],[[-44.00673,-19.9485],[-44.00715,-19.9478],[-44.00694,-19.94755],[-44.0071,-19.94731],[-44.00745,-19.94749],[-44.00753,-19.94778],[-44.00755,-19.94805],[-44.00726,-19.94807],[-44.00753,-19.94895],[-44.0073,-19.94914],[-44.00673,-19.9485]]],[[[-44.00395,-19.95474],[-44.00292,-19.95625],[-44.00671,-19.95512],[-44.00543,-19.95504],[-44.00577,-19.95464],[-44.00513,-19.95449],[-44.0052,-19.95393],[-44.00395,-19.95474]]]]}},{"id":"204","type":"Feature","properties":{"bairro":"Madri","distrito":"Venda Nova","regiao":"Norte","setores":2,"urbano":2},"geometry":{"type":"Polygon","coordinates":[[[-43.93669,-19.81708],[-43.93969,-19.81618],[-43.9389,-19.81551],[-43.93834,-19.81448],[-43.93713,-19.81389],[-43.93581,-19.8127],[-43.93515,-19.81249],[-43.93464,-19.81301],[-43.93482,-19.81511],[-43.93459,-19.81524],[-43.93478,-19.81645],[-43.93651,-19.81626],[-43.93669,-19.81708]]]}},{"id":"205","type":"Feature","properties":{"bairro":"Mala e Cuia","distrito":"Belo Horizonte","regiao":"Centro-Sul","setores":1,"urbano":1},"geometry":{"type":"Polygon","coordinates":[[[-43.93485,-19.94808],[-43.93477,-19.94888],[-43.93502,-19.94881],[-43.93529,-19.9492],[-43.93485,-19.94808]]]}},{"id":"206","type":"Feature","properties":{"bairro":"Manacás","distrito":"Belo Horizonte","regiao":"Pampulha","setores":23,"urbano":23},"geometry":{"type":"Polygon","coordinates":[[[-43.99372,-19.90106],[-44.00178,-19.89899],[-44.00207,-19.89815],[-44.00129,-19.89779],[-44.00088,-19.89739],[-43.99963,-19.89328],[-43.99874,-19.89152],[-43.99495,-19.89289],[-43.99304,-19.89392],[-43.99183,-19.89623],[-43.99244,-19.8994],[-43.99275,-19.89953],[-43.99281,-19.89986],[-43.99262,-19.90062],[-43.9929,-19.90097],[-43.99372,-19.90106]]]}},{"id":"207","type":"Feature","properties":{"bairro":"Mangabeiras","distrito":"Belo Horizonte","regiao":"Centro-Sul","setores":7,"urbano":7},"geometry":{"type":"Polygon","coordinates":[[[-43.93013,-19.96256],[-43.92941,-19.96272],[-43.92906,-19.96195],[-43.92847,-19.96161],[-43.92808,-19.96184],[-43.92764,-19.96179],[-43.92734,-19.96126],[-43.92742,-19.96072],[-43.92606,-19.96018],[-43.92698,-19.95933],[-43.92724,-19.95929],[-43.92731,-19.95895],[-43.92704,-19.95811],[-43.92719,-19.95775],[-43.92115,-19.95773],[-43.91916,-19.95703],[-43.9185,-19.9548],[-43.91851,-19.95361],[-43.91871,-19.9522],[-43.91928,-19.95211],[-43.91969,-19.9524],[-43.91978,-19.95202],[-43.91885,-19.9515],[-43.91915,-19.95091],[-43.91861,-19.95059],[-43.91927,-19.9502],[-43.91985,-19.94939],[-43.91963,-19.94898],[-43.91856,-19.94871],[-43.91817,-19.94822],[-43.91762,-19.94628],[-43.91641,-19.94518],[-43.91674,-19.94464],[-43.91519,-19.94372],[-43.91504,-19.94437],[-43.91448,-19.94429],[-43.91456,-19.94361],[-43.9133,-19.9433],[-43.91063,-19.94373],[-43.90974,-19.94439],[-43.90943,-19.94439],[-43.90756,-19.94316],[-43.90657,-19.94311],[-43.90592,-19.94277],[-43.905,-19.94186],[-43.9043,-19.94168],[-43.90324,-19.94089],[-43.90273,-19.94099],[-43.90176,-19.9407],[-43.89982,-19.94061],[-43.89877,-19.94004],[-43.89764,-19.93977],[-43.89689,-19.94057],[-43.89722,-19.94099],[-43.89703,-19.94197],[-43.89663,-19.94243],[-43.89567,-19.94269],[-43.89441,-19.94251],[-43.89405,-19.94287],[-43.89298,-19.94295],[-43.89276,-19.94317],[-43.89317,-19.94381],[-43.89275,-19.94434],[-43.89084,-19.94372],[-43.89045,-19.94381],[-43.89022,-19.94411],[-43.89291,-19.94598],[-43.89397,-19.9457],[-43.8942,-19.94676],[-43.89472,-19.94722],[-43.89455,-19.94747],[-43.89475,-19.94821],[-43.89553,-19.94871],[-43.89561,-19.94968],[-43.8963,-19.95015],[-43.89722,-19.95124],[-43.89782,-19.95144],[-43.89835,-19.95139],[-43.90029,-19.95254],[-43.90084,-19.95239],[-43.90145,-19.95261],[-43.90181,-19.95325],[-43.90227,-19.95359],[-43.90241,-19.95422],[-43.90311,-19.9546],[-43.90353,-19.95542],[-43.90508,-19.9563],[-43.90622,-19.95647],[-43.9064,-19.95681],[-43.90709,-19.95716],[-43.90799,-19.95815],[-43.90812,-19.95862],[-43.90883,-19.95957],[-43.90991,-19.96018],[-43.9103,-19.9607],[-43.91083,-19.96102],[-43.91205,-19.96129],[-43.91273,-19.96186],[-43.9147,-19.96244],[-43.91581,-19.96366],[-43.91801,-19.96451],[-43.9183,-19.9648],[-43.91842,-19.96541],[-43.91971,-19.96552],[-43.92024,-19.966],[-43.92074,-19.96603],[-43.92145,-19.96654],[-43.92289,-19.96714],[-43.92538,-19.96905],[-43.92719,-19.96963],[-43.92743,-19.96998],[-43.92811,-19.97036],[-43.92914,-19.97072],[-43.93058,-19.97076],[-43.93079,-19.97231],[-43.93305,-19.97186],[-43.93259,-19.97083],[-43.93272,-19.96978],[-43.9333,-19.96877],[-43.93403,-19.96882],[-43.93353,-19.96779],[-43.9337,-19.96743],[-43.9347,-19.9675],[-43.93428,-19.96509],[-43.93433,-19.96317],[-43.93394,-19.96325],[-43.93403,-19.96233],[-43.93515,-19.96154],[-43.9355,-19.96185],[-43.93704,-19.96195],[-43.93836,-19.96143],[-43.94039,-19.96163],[-43.94074,-19.96125],[-43.94068,-19.95888],[-43.94124,-19.95762],[-43.93988,-19.95844],[-43.93928,-19.95849],[-43.93757,-19.9596],[-43.93737,-19.95934],[-43.93607,-19.95989],[-43.93458,-19.95893],[-43.93382,-19.9575],[-43.93238,-19.95779],[-43.93244,-19.95807],[-43.93211,-19.95835],[-43.93188,-19.95789],[-43.93171,-19.95795],[-43.93125,-19.95852],[-43.93085,-19.95954],[-43.92993,-19.96058],[-43.92991,-19.96103],[-43.93045,-19.96284],[-43.93013,-19.96256]]]}},{"id":"208","type":"Feature","properties":{"bairro":"Mangueiras","distrito":"Barreiro","regiao":"Barreiro","setores":8,"urbano":8},"geometry":{"type":"Polygon","coordinates":[[[-44.03176,-20.01635],[-44.03499,-20.01717],[-44.03536,-20.01638],[-44.03559,-20.01512],[-44.03611,-20.01494],[-44.0361,-20.01522],[-44.03693,-20.01529],[-44.03703,-20.01553],[-44.03705,-20.01507],[-44.03898,-20.01472],[-44.03998,-20.01357],[-44.04017,-20.0119],[-44.0333,-20.01106],[-44.03176,-20.01635]]]}},{"id":"209","type":"Feature","properties":{"bairro":"Mantiqueira","distrito":"Venda Nova","regiao":"Venda Nova","setores":40,"urbano":40},"geometry":{"type":"Polygon","coordinates":[[[-43.98598,-19.80318],[-43.98647,-19.80257],[-43.98989,-19.80244],[-43.99114,-19.80186],[-43.98981,-19.79624],[-43.99018,-19.79619],[-43.98978,-19.79432],[-43.99045,-19.79421],[-43.99025,-19.7932],[-43.99034,-19.79249],[-43.99002,-19.79186],[-43.99026,-19.79154],[-43.98984,-19.79009],[-43.99018,-19.78999],[-43.99022,-19.78842],[-43.99051,-19.78818],[-43.99049,-19.78791],[-43.99019,-19.78778],[-43.99012,-19.78712],[-43.98983,-19.78694],[-43.98956,-19.78527],[-43.98936,-19.78514],[-43.98956,-19.78471],[-43.98933,-19.78447],[-43.98929,-19.78473],[-43.98755,-19.78535],[-43.98625,-19.78522],[-43.98607,-19.78491],[-43.9842,-19.78434],[-43.9844,-19.78383],[-43.98384,-19.78388],[-43.98368,-19.78363],[-43.98327,-19.78373],[-43.98354,-19.78255],[-43.98286,-19.78247],[-43.98263,-19.7831],[-43.98236,-19.78274],[-43.98018,-19.78244],[-43.97998,-19.78209],[-43.9797,-19.78237],[-43.97983,-19.7827],[-43.97859,-19.78254],[-43.97843,-19.78363],[-43.97869,-19.78452],[-43.97827,-19.78495],[-43.97786,-19.7859],[-43.97753,-19.78736],[-43.97718,-19.78769],[-43.97678,-19.78745],[-43.97669,-19.78772],[-43.97848,-19.78894],[-43.97881,-19.7884],[-43.97912,-19.78852],[-43.97969,-19.78794],[-43.97955,-19.78771],[-43.97979,-19.78752],[-43.98004,-19.78632],[-43.97962,-19.78566],[-43.97969,-19.78551],[-43.98025,-19.78565],[-43.98024,-19.78676],[-43.98039,-19.78686],[-43.98,-19.78773],[-43.98004,-19.78808],[-43.97963,-19.78853],[-43.9798,-19.78893],[-43.98015,-19.78909],[-43.98002,-19.78925],[-43.97948,-19.78926],[-43.97902,-19.78895],[-43.97867,-19.78934],[-43.97826,-19.78935],[-43.97813,-19.78954],[-43.97796,-19.78944],[-43.97741,-19.79035],[-43.97743,-19.79089],[-43.97704,-19.79137],[-43.97694,-19.79217],[-43.97652,-19.79266],[-43.97604,-19.79218],[-43.97558,-19.79234],[-43.97519,-19.79289],[-43.97595,-19.79373],[-43.97557,-19.79393],[-43.97511,-19.79498],[-43.97732,-19.79711],[-43.97536,-19.79842],[-43.97535,-19.79891],[-43.97609,-19.79864],[-43.97778,-19.80007],[-43.97724,-19.80158],[-43.97748,-19.80184],[-43.97685,-19.80226],[-43.97713,-19.80263],[-43.97673,-19.80315],[-43.97777,-19.80391],[-43.98591,-19.80356],[-43.98598,-19.80318]],[[-43.98921,-19.79583],[-43.98923,-19.79633],[-43.98903,-19.79633],[-43.98923,-19.79697],[-43.98896,-19.79701],[-43.98895,-19.79677],[-43.9883,-19.79668],[-43.98905,-19.79595],[-43.98879,-19.79587],[-43.98874,-19.79536],[-43.98921,-19.79583]]]}},{"id":"210","type":"Feature","properties":{"bairro":"Marajó","distrito":"Belo Horizonte","regiao":"Oeste","setores":7,"urbano":7},"geometry":{"type":"Polygon","coordinates":[[[-43.97617,-19.96],[-43.97931,-19.96164],[-43.97962,-19.96112],[-43.9806,-19.96162],[-43.98166,-19.9594],[-43.98253,-19.95823],[-43.97964,-19.95502],[-43.97895,-19.95613],[-43.97796,-19.95679],[-43.97793,-19.95763],[-43.97814,-19.95769],[-43.97768,-19.95819],[-43.97716,-19.95834],[-43.97668,-19.95816],[-43.97632,-19.95836],[-43.9764,-19.95885],[-43.97613,-19.9594],[-43.97617,-19.96]]]}},{"id":"211","type":"Feature","properties":{"bairro":"Maravilha","distrito":"Belo Horizonte","regiao":"Oeste","setores":1,"urbano":1},"geometry":{"type":"Polygon","coordinates":[[[-44.01671,-19.93669],[-44.01693,-19.93681],[-44.0174,-19.93553],[-44.01727,-19.93541],[-44.01712,-19.93544],[-44.01725,-19.93554],[-44.01685,-19.93609],[-44.01701,-19.93619],[-44.01671,-19.93669]]]}},{"id":"212","type":"Feature","properties":{"bairro":"Maria Goretti","distrito":"Venda Nova","regiao":"Nordeste","setores":18,"urbano":18},"geometry":{"type":"Polygon","coordinates":[[[-43.91031,-19.86683],[-43.91212,-19.86741],[-43.91443,-19.86693],[-43.91495,-19.86698],[-43.91502,-19.86619],[-43.91398,-19.86289],[-43.91208,-19.86159],[-43.91277,-19.86126],[-43.91143,-19.86033],[-43.91167,-19.8598],[-43.9113,-19.85948],[-43.91122,-19.8584],[-43.90576,-19.85788],[-43.90464,-19.86374],[-43.90557,-19.86416],[-43.90548,-19.86441],[-43.90595,-19.86543],[-43.90676,-19.8649],[-43.9063,-19.86614],[-43.90983,-19.86658],[-43.90951,-19.86717],[-43.91031,-19.86683]]]}},{"id":"213","type":"Feature","properties":{"bairro":"Maria Helena","distrito":"Venda Nova","regiao":"Venda Nova","setores":12,"urbano":12},"geometry":{"type":"Polygon","coordinates":[[[-43.98591,-19.80356],[-44.00047,-19.8029],[-44.00034,-19.80037],[-44.00067,-19.80071],[-44.00115,-19.80023],[-44.00116,-19.79977],[-44.00049,-19.79923],[-43.99988,-19.79926],[-43.99896,-19.79877],[-43.99801,-19.79853],[-43.99761,-19.79792],[-43.99685,-19.79779],[-43.99656,-19.79692],[-43.99614,-19.79726],[-43.9959,-19.79708],[-43.99527,-19.79728],[-43.99532,-19.79693],[-43.99509,-19.79678],[-43.99539,-19.79629],[-43.99263,-19.79659],[-43.9925,-19.79594],[-43.99085,-19.79613],[-43.99101,-19.79563],[-43.99074,-19.7955],[-43.99086,-19.79501],[-43.9906,-19.79485],[-43.99082,-19.79463],[-43.99075,-19.79433],[-43.99045,-19.79421],[-43.98978,-19.79432],[-43.99018,-19.79619],[-43.98981,-19.79624],[-43.99114,-19.80186],[-43.98989,-19.80244],[-43.98647,-19.80257],[-43.98608,-19.80293],[-43.98591,-19.80356]]]}},{"id":"214","type":"Feature","properties":{"bairro":"Maria Teresa","distrito":"Venda Nova","regiao":"Norte","setores":4,"urbano":4},"geometry":{"type":"Polygon","coordinates":[[[-43.88673,-19.82156],[-43.88847,-19.82123],[-43.88943,-19.82155],[-43.89012,-19.82204],[-43.89181,-19.82227],[-43.89642,-19.82188],[-43.89777,-19.82209],[-43.89988,-19.82122],[-43.90005,-19.82049],[-43.90033,-19.8202],[-43.90062,-19.82019],[-43.90133,-19.82103],[-43.90151,-19.82038],[-43.90098,-19.81998],[-43.90056,-19.81991],[-43.89913,-19.82038],[-43.89738,-19.82044],[-43.89635,-19.82026],[-43.89557,-19.81969],[-43.89485,-19.81949],[-43.89291,-19.82138],[-43.89195,-19.82154],[-43.88992,-19.81903],[-43.88737,-19.81833],[-43.8851,-19.81558],[-43.88367,-19.81603],[-43.88354,-19.81487],[-43.88321,-19.81425],[-43.8815,-19.81427],[-43.88067,-19.81397],[-43.88008,-19.81422],[-43.87922,-19.81394],[-43.87842,-19.81516],[-43.87907,-19.81565],[-43.87898,-19.81703],[-43.87949,-19.81929],[-43.8808,-19.8197],[-43.88118,-19.82007],[-43.88047,-19.82092],[-43.87908,-19.82168],[-43.8801,-19.82293],[-43.88076,-19.82314],[-43.88272,-19.82322],[-43.88317,-19.82248],[-43.88432,-19.82171],[-43.8856,-19.82173],[-43.88595,-19.82153],[-43.88673,-19.82156]]]}},{"id":"215","type":"Feature","properties":{"bairro":"Maria Virgínia","distrito":"Belo Horizonte","regiao":"Nordeste","setores":6,"urbano":6},"geometry":{"type":"MultiPolygon","coordinates":[[[[-43.94271,-19.87165],[-43.94394,-19.87119],[-43.94791,-19.87191],[-43.94853,-19.87221],[-43.94753,-19.87086],[-43.94635,-19.87025],[-43.94458,-19.87013],[-43.9445,-19.87047],[-43.94348,-19.87107],[-43.94238,-19.87079],[-43.94271,-19.87165]]],[[[-43.9411,-19.87052],[-43.94119,-19.87072],[-43.94238,-19.87079],[-43.94299,-19.87059],[-43.94265,-19.86973],[-43.93123,-19.86665],[-43.92729,-19.86483],[-43.9274,-19.86592],[-43.9283,-19.86829],[-43.92829,-19.86938],[-43.93181,-19.87055],[-43.93271,-19.87007],[-43.93436,-19.87056],[-43.93514,-19.87117],[-43.93545,-19.87223],[-43.93634,-19.87195],[-43.93686,-19.87248],[-43.93766,-19.87278],[-43.93788,-19.87001],[-43.9411,-19.87052]]]]}},{"id":"216","type":"Feature","properties":{"bairro":"Mariano de Abreu","distrito":"Belo Horizonte","regiao":"Leste","setores":5,"urbano":5},"geometry":{"type":"Polygon","coordinates":[[[-43.88972,-19.89724],[-43.89094,-19.89774],[-43.89165,-19.89826],[-43.89295,-19.89864],[-43.89363,-19.89656],[-43.89317,-19.89641],[-43.89305,-19.89579],[-43.89253,-19.89605],[-43.89222,-19.89578],[-43.89189,-19.89487],[-43.89104,-19.89507],[-43.89031,-19.89317],[-43.89009,-19.89308],[-43.88882,-19.89466],[-43.88972,-19.89724]]]}},{"id":"217","type":"Feature","properties":{"bairro":"Marieta 3ª Seção","distrito":"Barreiro","regiao":"Barreiro","setores":1,"urbano":1},"geometry":{"type":"Polygon","coordinates":[[[-44.03824,-19.99233],[-44.03955,-19.99266],[-44.0396,-19.99256],[-44.0383,-19.99197],[-44.03824,-19.99233]]]}},{"id":"218","type":"Feature","properties":{"bairro":"Marieta I","distrito":"Barreiro","regiao":"Barreiro","setores":2,"urbano":2},"geometry":{"type":"Polygon","coordinates":[[[-44.03391,-19.99287],[-44.03532,-19.99256],[-44.03616,-19.99156],[-44.03498,-19.99113],[-44.03449,-19.99118],[-44.03441,-19.99056],[-44.03414,-19.9904],[-44.03355,-19.99047],[-44.0336,-19.99149],[-44.033,-19.99217],[-44.03391,-19.99287]]]}},{"id":"219","type":"Feature","properties":{"bairro":"Marieta II","distrito":"Barreiro","regiao":"Barreiro","setores":1,"urbano":1},"geometry":{"type":"Polygon","coordinates":[[[-44.03697,-19.99159],[-44.03737,-19.99178],[-44.03776,-19.99139],[-44.03709,-19.99077],[-44.03697,-19.99159]]]}},{"id":"220","type":"Feature","properties":{"bairro":"Marilândia","distrito":"Barreiro","regiao":"Barreiro","setores":2,"urbano":2},"geometry":{"type":"Polygon","coordinates":[[[-44.04622,-20.00046],[-44.04638,-20.00023],[-44.0476,-20.0003],[-44.04768,-19.99971],[-44.0475,-19.99932],[-44.04778,-19.99935],[-44.04795,-19.99906],[-44.04796,-19.99805],[-44.04814,-19.99756],[-44.04954,-19.99749],[-44.04962,-19.99683],[-44.0513,-19.99761],[-44.05235,-19.99723],[-44.05245,-19.99688],[-44.05116,-19.99724],[-44.0506,-19.99699],[-44.04939,-19.9956],[-44.04763,-19.99537],[-44.04663,-19.99488],[-44.0462,-19.99508],[-44.04571,-19.99554],[-44.04668,-19.99602],[-44.04576,-19.9997],[-44.04612,-19.9999],[-44.04622,-20.00046]]]}},{"id":"221","type":"Feature","properties":{"bairro":"Mariquinhas","distrito":"Venda Nova","regiao":"Norte","setores":6,"urbano":6},"geometry":{"type":"Polygon","coordinates":[[[-43.93922,-19.8158],[-43.94037,-19.81574],[-43.9406,-19.81501],[-43.9418,-19.81502],[-43.94184,-19.81421],[-43.94255,-19.81378],[-43.94331,-19.81414],[-43.94355,-19.8141],[-43.94374,-19.81378],[-43.9431,-19.81368],[-43.94284,-19.81339],[-43.94245,-19.81355],[-43.94226,-19.8131],[-43.94186,-19.81304],[-43.94182,-19.81256],[-43.93947,-19.81204],[-43.93879,-19.81291],[-43.93809,-19.8129],[-43.93707,-19.81322],[-43.93727,-19.81345],[-43.93677,-19.81357],[-43.93834,-19.81448],[-43.93922,-19.8158]]]}},{"id":"222","type":"Feature","properties":{"bairro":"Marmiteiros","distrito":"Belo Horizonte","regiao":"Noroeste","setores":2,"urbano":2},"geometry":{"type":"Polygon","coordinates":[[[-43.98325,-19.92077],[-43.98535,-19.92104],[-43.98542,-19.92052],[-43.98517,-19.92004],[-43.98385,-19.91941],[-43.98331,-19.91986],[-43.98325,-19.92077]]]}},{"id":"223","type":"Feature","properties":{"bairro":"Marçola","distrito":"Belo Horizonte","regiao":"Centro-Sul","setores":13,"urbano":13},"geometry":{"type":"Polygon","coordinates":[[[-43.91063,-19.94373],[-43.9133,-19.9433],[-43.91406,-19.94349],[-43.91437,-19.94321],[-43.91238,-19.94204],[-43.91124,-19.94175],[-43.91105,-19.94134],[-43.91127,-19.94121],[-43.91116,-19.94094],[-43.91173,-19.94079],[-43.91196,-19.94105],[-43.91193,-19.94067],[-43.9112,-19.93985],[-43.91141,-19.93795],[-43.91194,-19.938],[-43.91139,-19.93752],[-43.91107,-19.9378],[-43.91064,-19.93888],[-43.9099,-19.9394],[-43.91025,-19.93969],[-43.91012,-19.93987],[-43.90934,-19.94028],[-43.90884,-19.94089],[-43.9078,-19.94102],[-43.90711,-19.94157],[-43.90681,-19.94141],[-43.9069,-19.94085],[-43.90647,-19.94081],[-43.90627,-19.94096],[-43.90646,-19.94174],[-43.90547,-19.94237],[-43.90657,-19.94311],[-43.90756,-19.94316],[-43.90943,-19.94439],[-43.90974,-19.94439],[-43.91063,-19.94373]]]}},{"id":"224","type":"Feature","properties":{"bairro":"Milionários","distrito":"Barreiro","regiao":"Barreiro","setores":21,"urbano":21},"geometry":{"type":"Polygon","coordinates":[[[-44.00647,-19.9874],[-44.0083,-19.98838],[-44.00847,-19.98781],[-44.00824,-19.98732],[-44.00871,-19.98704],[-44.00967,-19.9836],[-44.00876,-19.9832],[-44.00857,-19.98338],[-44.006,-19.98196],[-44.00597,-19.98038],[-44.00627,-19.98036],[-44.00585,-19.97909],[-44.0051,-19.97773],[-44.00429,-19.97742],[-44.00381,-19.97773],[-43.99861,-19.97495],[-43.99834,-19.97482],[-43.99811,-19.97497],[-43.99744,-19.97464],[-43.99407,-19.97718],[-43.9945,-19.97787],[-43.99367,-19.97808],[-43.99361,-19.97833],[-43.99317,-19.97861],[-43.99343,-19.97983],[-43.99481,-19.98036],[-43.99479,-19.98063],[-43.99425,-19.98115],[-43.99442,-19.98137],[-43.99546,-19.98157],[-43.99514,-19.98217],[-43.99601,-19.9824],[-43.99802,-19.98349],[-43.99856,-19.98423],[-43.99861,-19.98393],[-44.00621,-19.98789],[-44.00647,-19.9874]],[[-44.00072,-19.98296],[-43.99985,-19.98251],[-44.00029,-19.98159],[-44.00123,-19.98207],[-44.00072,-19.98296]]]}},{"id":"225","type":"Feature","properties":{"bairro":"Minas Brasil","distrito":"Belo Horizonte","regiao":"Noroeste","setores":8,"urbano":8},"geometry":{"type":"Polygon","coordinates":[[[-43.9887,-19.92142],[-43.99115,-19.91926],[-43.99342,-19.91615],[-43.99415,-19.91693],[-43.99474,-19.91568],[-43.9939,-19.91468],[-43.99364,-19.91373],[-43.98928,-19.91415],[-43.98954,-19.91466],[-43.99142,-19.91548],[-43.99171,-19.91583],[-43.99148,-19.91603],[-43.99083,-19.91586],[-43.99014,-19.91595],[-43.98841,-19.91655],[-43.98785,-19.917],[-43.98763,-19.91809],[-43.98723,-19.91893],[-43.98717,-19.91968],[-43.9887,-19.92142]]]}},{"id":"226","type":"Feature","properties":{"bairro":"Minascaixa","distrito":"Venda Nova","regiao":"Venda Nova","setores":18,"urbano":18},"geometry":{"type":"Polygon","coordinates":[[[-43.95566,-19.81434],[-43.95998,-19.81218],[-43.9621,-19.81197],[-43.96413,-19.81055],[-43.96346,-19.80988],[-43.96008,-19.80529],[-43.95947,-19.80646],[-43.95553,-19.80331],[-43.95497,-19.80428],[-43.95357,-19.80501],[-43.9513,-19.80693],[-43.95069,-19.80895],[-43.95028,-19.80897],[-43.95036,-19.81084],[-43.95065,-19.81083],[-43.95093,-19.81036],[-43.95227,-19.81159],[-43.9539,-19.81243],[-43.95566,-19.81434]]]}},{"id":"227","type":"Feature","properties":{"bairro":"Minaslândia","distrito":"Venda Nova","regiao":"Norte","setores":11,"urbano":11},"geometry":{"type":"Polygon","coordinates":[[[-43.92941,-19.85663],[-43.92993,-19.85857],[-43.9324,-19.85752],[-43.93468,-19.85744],[-43.93512,-19.85601],[-43.93524,-19.85435],[-43.93465,-19.85236],[-43.93286,-19.8489],[-43.9326,-19.84703],[-43.93277,-19.8468],[-43.93191,-19.84647],[-43.93043,-19.84648],[-43.92929,-19.84545],[-43.92871,-19.84764],[-43.9276,-19.84755],[-43.9272,-19.84829],[-43.92724,-19.84852],[-43.92829,-19.84879],[-43.92907,-19.85085],[-43.9278,-19.85075],[-43.92761,-19.85025],[-43.92643,-19.85082],[-43.92705,-19.85188],[-43.92738,-19.85345],[-43.92792,-19.85478],[-43.92852,-19.85457],[-43.92869,-19.85552],[-43.92941,-19.85663]]]}},{"id":"228","type":"Feature","properties":{"bairro":"Mineirão","distrito":"Barreiro","regiao":"Barreiro","setores":8,"urbano":8},"geometry":{"type":"Polygon","coordinates":[[[-44.02682,-20.02911],[-44.02998,-20.02558],[-44.03152,-20.02424],[-44.02943,-20.02259],[-44.02896,-20.02296],[-44.0274,-20.02148],[-44.02736,-20.02168],[-44.02638,-20.02088],[-44.02542,-20.02073],[-44.0257,-20.02114],[-44.02407,-20.02201],[-44.02467,-20.0228],[-44.02295,-20.02413],[-44.02682,-20.02911]]]}},{"id":"229","type":"Feature","properties":{"bairro":"Miramar","distrito":"Barreiro","regiao":"Barreiro","setores":10,"urbano":10},"geometry":{"type":"Polygon","coordinates":[[[-44.01313,-19.99825],[-44.01377,-19.99615],[-44.01795,-19.99726],[-44.01763,-19.99417],[-44.01681,-19.99459],[-44.01639,-19.99443],[-44.00808,-19.98912],[-44.00612,-19.99591],[-44.0069,-19.99615],[-44.00695,-19.99632],[-44.01313,-19.99825]]]}},{"id":"230","type":"Feature","properties":{"bairro":"Mirante","distrito":"Venda Nova","regiao":"Norte","setores":1,"urbano":1},"geometry":{"type":"Polygon","coordinates":[[[-43.91594,-19.83254],[-43.91634,-19.83332],[-43.91744,-19.83278],[-43.9167,-19.83191],[-43.91594,-19.83254]]]}},{"id":"231","type":"Feature","properties":{"bairro":"Mirtes","distrito":"Venda Nova","regiao":"Nordeste","setores":1,"urbano":1},"geometry":{"type":"Polygon","coordinates":[[[-43.88463,-19.84224],[-43.8838,-19.84251],[-43.88406,-19.84365],[-43.88419,-19.84357],[-43.88467,-19.844],[-43.88488,-19.84378],[-43.88483,-19.84333],[-43.88462,-19.84299],[-43.88463,-19.84224]]]}},{"id":"232","type":"Feature","properties":{"bairro":"Monsenhor Messias","distrito":"Belo Horizonte","regiao":"Noroeste","setores":10,"urbano":10},"geometry":{"type":"Polygon","coordinates":[[[-43.97328,-19.91128],[-43.97191,-19.91093],[-43.97151,-19.91233],[-43.97248,-19.91267],[-43.98052,-19.91245],[-43.98071,-19.91234],[-43.98055,-19.90772],[-43.97843,-19.90804],[-43.97525,-19.90802],[-43.97533,-19.91056],[-43.97452,-19.91055],[-43.97432,-19.91121],[-43.97328,-19.91128]]]}},{"id":"233","type":"Feature","properties":{"bairro":"Monte Azul","distrito":"Venda Nova","regiao":"Norte","setores":5,"urbano":5},"geometry":{"type":"Polygon","coordinates":[[[-43.89249,-19.82157],[-43.89315,-19.82117],[-43.89444,-19.81978],[-43.895,-19.8195],[-43.89473,-19.81893],[-43.8948,-19.81866],[-43.8946,-19.81849],[-43.89474,-19.8182],[-43.89459,-19.81757],[-43.89476,-19.81751],[-43.89493,-19.81643],[-43.89578,-19.81511],[-43.89608,-19.81408],[-43.89552,-19.81213],[-43.89564,-19.81058],[-43.89601,-19.80957],[-43.89392,-19.81034],[-43.89323,-19.81242],[-43.89317,-19.81397],[-43.8925,-19.81424],[-43.8923,-19.81402],[-43.89243,-19.81431],[-43.89206,-19.81458],[-43.89107,-19.8146],[-43.89024,-19.8158],[-43.88941,-19.81651],[-43.88879,-19.81665],[-43.88816,-19.81637],[-43.88802,-19.8166],[-43.88779,-19.81646],[-43.8877,-19.81606],[-43.88704,-19.81567],[-43.88668,-19.81565],[-43.88595,-19.81508],[-43.88529,-19.81531],[-43.88581,-19.81578],[-43.8855,-19.81607],[-43.88737,-19.81833],[-43.88992,-19.81903],[-43.89173,-19.82138],[-43.89249,-19.82157]]]}},{"id":"234","type":"Feature","properties":{"bairro":"Monte São José","distrito":"Belo Horizonte","regiao":"Centro-Sul","setores":2,"urbano":2},"geometry":{"type":"Polygon","coordinates":[[[-43.95149,-19.94332],[-43.95192,-19.94332],[-43.95212,-19.94352],[-43.95278,-19.94345],[-43.95377,-19.94282],[-43.95375,-19.94259],[-43.95407,-19.94232],[-43.95363,-19.94191],[-43.95351,-19.94148],[-43.95316,-19.94141],[-43.95258,-19.94217],[-43.95273,-19.94243],[-43.95143,-19.94204],[-43.95149,-19.94332]]]}},{"id":"235","type":"Feature","properties":{"bairro":"Morro dos Macacos","distrito":"Venda Nova","regiao":"Nordeste","setores":1,"urbano":1},"geometry":{"type":"Polygon","coordinates":[[[-43.90243,-19.87542],[-43.90251,-19.87571],[-43.90191,-19.87571],[-43.90169,-19.87601],[-43.90184,-19.87627],[-43.90493,-19.87562],[-43.90492,-19.87541],[-43.90413,-19.8756],[-43.90403,-19.87523],[-43.90343,-19.87531],[-43.90313,-19.87508],[-43.90323,-19.87553],[-43.90282,-19.87565],[-43.90243,-19.87542]]]}},{"id":"236","type":"Feature","properties":{"bairro":"Nazaré","distrito":"Venda Nova","regiao":"Nordeste","setores":20,"urbano":20},"geometry":{"type":"Polygon","coordinates":[[[-43.89156,-19.85458],[-43.90211,-19.85723],[-43.90205,-19.8568],[-43.89886,-19.85493],[-43.89922,-19.85451],[-43.89917,-19.8534],[-43.90076,-19.85338],[-43.90079,-19.85163],[-43.90161,-19.85115],[-43.90076,-19.85022],[-43.90006,-19.84764],[-43.89978,-19.84766],[-43.89939,-19.84707],[-43.89891,-19.84688],[-43.8981,-19.84587],[-43.89702,-19.84737],[-43.89663,-19.84714],[-43.89642,-19.84778],[-43.89495,-19.84901],[-43.89518,-19.84925],[-43.89494,-19.84949],[-43.89477,-19.84937],[-43.89474,-19.85117],[-43.89162,-19.85137],[-43.89163,-19.85181],[-43.89131,-19.85199],[-43.89065,-19.85192],[-43.89044,-19.85214],[-43.8896,-19.85141],[-43.88965,-19.85162],[-43.88886,-19.85246],[-43.89064,-19.85403],[-43.89156,-19.85458]]]}},{"id":"237","type":"Feature","properties":{"bairro":"Nossa Senhora da Aparecida","distrito":"Belo Horizonte","regiao":"Centro-Sul","setores":8,"urbano":8},"geometry":{"type":"Polygon","coordinates":[[[-43.91709,-19.934],[-43.91776,-19.93426],[-43.91807,-19.93414],[-43.91741,-19.93359],[-43.9178,-19.93338],[-43.91808,-19.93271],[-43.91787,-19.93224],[-43.91836,-19.93161],[-43.91905,-19.93131],[-43.91899,-19.931],[-43.9193,-19.93086],[-43.91914,-19.93058],[-43.91946,-19.93032],[-43.91931,-19.93005],[-43.91991,-19.92913],[-43.91953,-19.92823],[-43.91852,-19.92921],[-43.91792,-19.92947],[-43.91801,-19.93009],[-43.91741,-19.93068],[-43.91658,-19.93062],[-43.9162,-19.93113],[-43.91267,-19.93192],[-43.91281,-19.93239],[-43.91375,-19.93265],[-43.91374,-19.93233],[-43.91429,-19.93216],[-43.91522,-19.93227],[-43.91548,-19.93191],[-43.91593,-19.93222],[-43.91584,-19.93297],[-43.91663,-19.9332],[-43.91709,-19.934]]]}},{"id":"238","type":"Feature","properties":{"bairro":"Nossa Senhora da Conceição","distrito":"Belo Horizonte","regiao":"Centro-Sul","setores":11,"urbano":11},"geometry":{"type":"Polygon","coordinates":[[[-43.91524,-19.93797],[-43.91707,-19.93765],[-43.91701,-19.9374],[-43.91765,-19.93692],[-43.91754,-19.93638],[-43.91775,-19.93621],[-43.91772,-19.93579],[-43.91783,-19.93588],[-43.91743,-19.93456],[-43.91778,-19.93449],[-43.91776,-19.93426],[-43.91709,-19.934],[-43.91596,-19.93437],[-43.91532,-19.93374],[-43.91484,-19.93377],[-43.91489,-19.93423],[-43.91446,-19.93532],[-43.912,-19.93655],[-43.91221,-19.93683],[-43.91147,-19.93721],[-43.91139,-19.93752],[-43.91194,-19.938],[-43.91468,-19.93828],[-43.91524,-19.93797]]]}},{"id":"239","type":"Feature","properties":{"bairro":"Nossa Senhora de Fátima","distrito":"Belo Horizonte","regiao":"Centro-Sul","setores":21,"urbano":21},"geometry":{"type":"Polygon","coordinates":[[[-43.90638,-19.94094],[-43.9069,-19.94085],[-43.90681,-19.94141],[-43.90701,-19.94158],[-43.9078,-19.94102],[-43.90884,-19.94089],[-43.90934,-19.94028],[-43.91024,-19.93977],[-43.9099,-19.9394],[-43.91064,-19.93888],[-43.91147,-19.93721],[-43.91078,-19.93654],[-43.91056,-19.9366],[-43.91053,-19.93682],[-43.90892,-19.93663],[-43.90818,-19.93623],[-43.90796,-19.93629],[-43.90784,-19.93608],[-43.90752,-19.93613],[-43.90649,-19.9355],[-43.90583,-19.93466],[-43.90571,-19.93419],[-43.90522,-19.9342],[-43.90532,-19.93373],[-43.90511,-19.9331],[-43.9034,-19.93193],[-43.90314,-19.93171],[-43.90315,-19.93144],[-43.90298,-19.93144],[-43.90254,-19.9336],[-43.90184,-19.93511],[-43.90214,-19.93641],[-43.90152,-19.93701],[-43.90175,-19.93769],[-43.90128,-19.93866],[-43.90172,-19.93859],[-43.90136,-19.93988],[-43.90311,-19.93987],[-43.90428,-19.94083],[-43.90622,-19.94179],[-43.90646,-19.94174],[-43.90638,-19.94094]]]}},{"id":"240","type":"Feature","properties":{"bairro":"Nossa Senhora do Rosário","distrito":"Belo Horizonte","regiao":"Centro-Sul","setores":3,"urbano":3},"geometry":{"type":"Polygon","coordinates":[[[-43.91111,-19.93481],[-43.91109,-19.93602],[-43.91171,-19.93576],[-43.91343,-19.93584],[-43.91446,-19.93532],[-43.91489,-19.93423],[-43.91487,-19.93372],[-43.91532,-19.93374],[-43.91596,-19.93437],[-43.91715,-19.93396],[-43.91663,-19.9332],[-43.91584,-19.93297],[-43.91593,-19.93222],[-43.91548,-19.93191],[-43.91522,-19.93227],[-43.91429,-19.93216],[-43.91374,-19.93233],[-43.91375,-19.93265],[-43.91281,-19.93239],[-43.91263,-19.93174],[-43.91219,-19.93173],[-43.91173,-19.93184],[-43.91132,-19.93231],[-43.91145,-19.93329],[-43.91111,-19.93481]]]}},{"id":"241","type":"Feature","properties":{"bairro":"Nova América","distrito":"Venda Nova","regiao":"Venda Nova","setores":1,"urbano":1},"geometry":{"type":"Polygon","coordinates":[[[-43.98831,-19.79656],[-43.98895,-19.79677],[-43.98896,-19.79701],[-43.98923,-19.79697],[-43.98903,-19.79633],[-43.98923,-19.79633],[-43.98926,-19.79576],[-43.98894,-19.79538],[-43.98874,-19.79536],[-43.98871,-19.79556],[-43.98879,-19.79587],[-43.98905,-19.79595],[-43.98852,-19.79659],[-43.98831,-19.79656]]]}},{"id":"242","type":"Feature","properties":{"bairro":"Nova Cachoeirinha","distrito":"Belo Horizonte","regiao":"Noroeste","setores":8,"urbano":8},"geometry":{"type":"Polygon","coordinates":[[[-43.95063,-19.88308],[-43.95127,-19.88624],[-43.95117,-19.88718],[-43.95184,-19.8871],[-43.95286,-19.88759],[-43.95412,-19.8876],[-43.95555,-19.8888],[-43.95583,-19.88848],[-43.95538,-19.8881],[-43.9557,-19.8878],[-43.95616,-19.88834],[-43.95614,-19.88905],[-43.95591,-19.88919],[-43.95621,-19.88957],[-43.95698,-19.88878],[-43.95779,-19.8872],[-43.95784,-19.88616],[-43.95855,-19.88448],[-43.95841,-19.88382],[-43.95858,-19.88369],[-43.95928,-19.88405],[-43.95987,-19.88398],[-43.95915,-19.88219],[-43.95444,-19.88064],[-43.95337,-19.87987],[-43.95319,-19.88041],[-43.95257,-19.88078],[-43.95223,-19.88069],[-43.95199,-19.88019],[-43.95224,-19.87845],[-43.95063,-19.88308]],[[-43.95465,-19.88493],[-43.95437,-19.88556],[-43.95385,-19.88475],[-43.95356,-19.88473],[-43.95268,-19.88559],[-43.95219,-19.88477],[-43.95181,-19.88463],[-43.95187,-19.88385],[-43.95137,-19.88378],[-43.95187,-19.88331],[-43.95158,-19.88249],[-43.95134,-19.88239],[-43.95139,-19.88193],[-43.95169,-19.88203],[-43.95161,-19.88234],[-43.95259,-19.88269],[-43.95336,-19.88365],[-43.95354,-19.88337],[-43.95384,-19.88417],[-43.95414,-19.88402],[-43.95465,-19.88493]]]}},{"id":"243","type":"Feature","properties":{"bairro":"Nova Cintra","distrito":"Belo Horizonte","regiao":"Oeste","setores":12,"urbano":12},"geometry":{"type":"Polygon","coordinates":[[[-43.98869,-19.9504],[-43.99012,-19.95133],[-43.99091,-19.9504],[-43.99112,-19.95043],[-43.99367,-19.95309],[-43.99577,-19.95127],[-43.99722,-19.9508],[-43.99833,-19.94901],[-43.9985,-19.9479],[-43.99824,-19.94748],[-43.99774,-19.94754],[-43.9977,-19.94742],[-43.99606,-19.94775],[-43.99391,-19.94774],[-43.98986,-19.94501],[-43.98876,-19.94576],[-43.98826,-19.94504],[-43.98797,-19.9458],[-43.98723,-19.94603],[-43.98754,-19.94691],[-43.98714,-19.94787],[-43.98727,-19.94842],[-43.98536,-19.94995],[-43.98505,-19.95071],[-43.98506,-19.95148],[-43.98565,-19.95259],[-43.98776,-19.95422],[-43.98897,-19.95275],[-43.98869,-19.9504]]]}},{"id":"244","type":"Feature","properties":{"bairro":"Nova Esperança","distrito":"Belo Horizonte","regiao":"Noroeste","setores":8,"urbano":8},"geometry":{"type":"Polygon","coordinates":[[[-43.96179,-19.90384],[-43.96152,-19.90168],[-43.96287,-19.90173],[-43.9629,-19.90065],[-43.96229,-19.90029],[-43.96168,-19.89959],[-43.96212,-19.8988],[-43.96212,-19.89834],[-43.9618,-19.89775],[-43.96113,-19.89715],[-43.96098,-19.89632],[-43.95985,-19.89411],[-43.95916,-19.89533],[-43.95868,-19.89716],[-43.95763,-19.89826],[-43.95726,-19.89819],[-43.95641,-19.90149],[-43.95638,-19.90366],[-43.96179,-19.90384]]]}},{"id":"245","type":"Feature","properties":{"bairro":"Nova Floresta","distrito":"Belo Horizonte","regiao":"Nordeste","setores":10,"urbano":10},"geometry":{"type":"Polygon","coordinates":[[[-43.93529,-19.89623],[-43.9363,-19.89518],[-43.93628,-19.89176],[-43.93604,-19.88951],[-43.93287,-19.88857],[-43.93293,-19.88926],[-43.93142,-19.89018],[-43.93094,-19.89163],[-43.93182,-19.89154],[-43.93204,-19.89369],[-43.93142,-19.89489],[-43.93062,-19.89518],[-43.93052,-19.89541],[-43.93073,-19.89628],[-43.93243,-19.8972],[-43.93478,-19.8974],[-43.93529,-19.89623]]]}},{"id":"246","type":"Feature","properties":{"bairro":"Nova Gameleira","distrito":"Belo Horizonte","regiao":"Oeste","setores":21,"urbano":21},"geometry":{"type":"Polygon","coordinates":[[[-43.99646,-19.94764],[-43.9963,-19.94702],[-43.99688,-19.94688],[-43.99654,-19.94629],[-43.99728,-19.9461],[-43.9974,-19.9458],[-43.99607,-19.94418],[-43.9958,-19.94424],[-43.99589,-19.94379],[-43.99667,-19.94377],[-43.99701,-19.94356],[-43.99674,-19.94302],[-43.9981,-19.94319],[-43.99887,-19.94262],[-43.99848,-19.94215],[-43.9964,-19.94143],[-43.99654,-19.94041],[-43.99693,-19.94037],[-43.99746,-19.94064],[-43.99786,-19.94035],[-43.99788,-19.94006],[-43.99742,-19.93982],[-43.99782,-19.9389],[-43.99811,-19.93897],[-43.99803,-19.94001],[-43.99842,-19.94035],[-43.99756,-19.94088],[-43.99756,-19.9414],[-43.99872,-19.94158],[-43.9991,-19.94105],[-44.00069,-19.94018],[-44.00093,-19.94033],[-44.00047,-19.93885],[-44.00064,-19.93863],[-44.00123,-19.93939],[-44.0017,-19.93921],[-44.00138,-19.93798],[-44.00157,-19.93738],[-44.00004,-19.93705],[-43.9977,-19.93755],[-43.99691,-19.93754],[-43.9957,-19.93711],[-43.99464,-19.93586],[-43.99095,-19.93745],[-43.99044,-19.93684],[-43.98984,-19.93655],[-43.98909,-19.93654],[-43.9883,-19.93688],[-43.98773,-19.93775],[-43.98779,-19.93819],[-43.98811,-19.93856],[-43.9864,-19.93914],[-43.98686,-19.93997],[-43.9867,-19.94024],[-43.98624,-19.93976],[-43.98564,-19.94009],[-43.98776,-19.94182],[-43.98814,-19.94235],[-43.98815,-19.94302],[-43.98691,-19.9446],[-43.98723,-19.94603],[-43.98797,-19.9458],[-43.98826,-19.94504],[-43.98876,-19.94576],[-43.98986,-19.94501],[-43.9904,-19.94533],[-43.99282,-19.94299],[-43.99323,-19.94375],[-43.99198,-19.94554],[-43.99298,-19.94612],[-43.9927,-19.94647],[-43.99204,-19.94604],[-43.99183,-19.94633],[-43.99391,-19.94774],[-43.99646,-19.94764]],[[-43.99365,-19.93939],[-43.99225,-19.94132],[-43.99149,-19.94008],[-43.99028,-19.93987],[-43.9904,-19.93958],[-43.99164,-19.93854],[-43.99198,-19.93854],[-43.99241,-19.9382],[-43.99365,-19.93939]]]}},{"id":"247","type":"Feature","properties":{"bairro":"Nova Granada","distrito":"Belo Horizonte","regiao":"Oeste","setores":16,"urbano":16},"geometry":{"type":"Polygon","coordinates":[[[-43.96942,-19.94794],[-43.96946,-19.94539],[-43.97007,-19.9433],[-43.96985,-19.94302],[-43.96952,-19.94352],[-43.96925,-19.94345],[-43.96934,-19.9431],[-43.96972,-19.94281],[-43.97009,-19.94326],[-43.97226,-19.94018],[-43.97269,-19.9388],[-43.97261,-19.93759],[-43.9718,-19.93385],[-43.97054,-19.93613],[-43.96893,-19.93775],[-43.9676,-19.93987],[-43.96504,-19.9422],[-43.96372,-19.94301],[-43.96394,-19.944],[-43.96469,-19.94469],[-43.96459,-19.94484],[-43.96616,-19.94634],[-43.96664,-19.9466],[-43.96662,-19.9468],[-43.9671,-19.94725],[-43.96725,-19.94693],[-43.96788,-19.94725],[-43.96772,-19.9479],[-43.96814,-19.94801],[-43.96805,-19.94835],[-43.96845,-19.94844],[-43.96839,-19.94868],[-43.9692,-19.94913],[-43.96942,-19.94794]]]}},{"id":"248","type":"Feature","properties":{"bairro":"Nova Pampulha","distrito":"Belo Horizonte","regiao":"Pampulha","setores":1,"urbano":1},"geometry":{"type":"Polygon","coordinates":[[[-44.01546,-19.83169],[-44.01706,-19.83369],[-44.01746,-19.83337],[-44.01655,-19.83222],[-44.0173,-19.83163],[-44.01674,-19.83069],[-44.01634,-19.83064],[-44.01627,-19.83091],[-44.01587,-19.83079],[-44.0158,-19.83106],[-44.0154,-19.83095],[-44.01546,-19.83169]]]}},{"id":"249","type":"Feature","properties":{"bairro":"Nova Suíssa","distrito":"Belo Horizonte","regiao":"Oeste","setores":39,"urbano":39},"geometry":{"type":"Polygon","coordinates":[[[-43.97782,-19.94019],[-43.97883,-19.93849],[-43.97952,-19.93823],[-43.98019,-19.93589],[-43.98064,-19.93619],[-43.98082,-19.93544],[-43.98196,-19.93568],[-43.98207,-19.93549],[-43.9819,-19.93528],[-43.982,-19.93492],[-43.98241,-19.93465],[-43.98305,-19.93139],[-43.98255,-19.93176],[-43.98241,-19.93152],[-43.98265,-19.93075],[-43.98316,-19.93087],[-43.98333,-19.93005],[-43.98321,-19.92964],[-43.98294,-19.92954],[-43.98249,-19.92974],[-43.98215,-19.9292],[-43.9812,-19.92859],[-43.97982,-19.92798],[-43.97744,-19.92744],[-43.97635,-19.92734],[-43.97305,-19.92797],[-43.97266,-19.92728],[-43.97241,-19.92735],[-43.97222,-19.92796],[-43.97171,-19.92865],[-43.97167,-19.92917],[-43.97203,-19.93001],[-43.97171,-19.93072],[-43.9717,-19.93131],[-43.9718,-19.93385],[-43.97268,-19.93802],[-43.9734,-19.93834],[-43.9741,-19.93824],[-43.97782,-19.94019]]]}},{"id":"250","type":"Feature","properties":{"bairro":"Nova Vista","distrito":"Belo Horizonte","regiao":"Leste","setores":15,"urbano":15},"geometry":{"type":"Polygon","coordinates":[[[-43.90397,-19.89119],[-43.90381,-19.89047],[-43.90598,-19.88985],[-43.90565,-19.88779],[-43.90593,-19.88648],[-43.90574,-19.88624],[-43.90539,-19.88644],[-43.9051,-19.88624],[-43.90475,-19.88624],[-43.90466,-19.88641],[-43.90407,-19.88621],[-43.90393,-19.88637],[-43.90348,-19.88503],[-43.90274,-19.885],[-43.90254,-19.88522],[-43.90214,-19.88522],[-43.90199,-19.88497],[-43.90175,-19.88516],[-43.90061,-19.88515],[-43.9003,-19.88485],[-43.90013,-19.88524],[-43.89943,-19.88522],[-43.89892,-19.88563],[-43.89707,-19.88551],[-43.89703,-19.88528],[-43.89687,-19.88592],[-43.89615,-19.88588],[-43.89548,-19.88699],[-43.89455,-19.88725],[-43.89393,-19.8878],[-43.89297,-19.88752],[-43.89216,-19.88651],[-43.89171,-19.88622],[-43.89066,-19.88632],[-43.89029,-19.88672],[-43.89032,-19.88815],[-43.89053,-19.88856],[-43.90054,-19.89064],[-43.90397,-19.89119]]]}},{"id":"251","type":"Feature","properties":{"bairro":"Novo Aarão Reis","distrito":"Venda Nova","regiao":"Norte","setores":11,"urbano":11},"geometry":{"type":"Polygon","coordinates":[[[-43.91117,-19.84445],[-43.91161,-19.84471],[-43.91224,-19.84574],[-43.91252,-19.84589],[-43.91285,-19.84578],[-43.91271,-19.84531],[-43.9132,-19.84463],[-43.91396,-19.84457],[-43.91458,-19.84361],[-43.91235,-19.84273],[-43.91185,-19.84235],[-43.90895,-19.83817],[-43.90747,-19.83657],[-43.90699,-19.83513],[-43.90661,-19.83516],[-43.90701,-19.83594],[-43.9067,-19.83649],[-43.90568,-19.83723],[-43.9058,-19.83919],[-43.90498,-19.84012],[-43.90495,-19.84093],[-43.90403,-19.84127],[-43.90354,-19.84124],[-43.90318,-19.84098],[-43.90247,-19.8411],[-43.90206,-19.84206],[-43.90218,-19.84232],[-43.90274,-19.84284],[-43.90344,-19.84309],[-43.90461,-19.84285],[-43.90504,-19.84305],[-43.90646,-19.84313],[-43.90672,-19.84309],[-43.9074,-19.84216],[-43.90767,-19.84214],[-43.90858,-19.84287],[-43.9087,-19.84326],[-43.9083,-19.84412],[-43.9084,-19.84439],[-43.90932,-19.84466],[-43.9106,-19.84466],[-43.91117,-19.84445]]]}},{"id":"252","type":"Feature","properties":{"bairro":"Novo Glória","distrito":"Belo Horizonte","regiao":"Noroeste","setores":15,"urbano":15},"geometry":{"type":"Polygon","coordinates":[[[-44.01516,-19.90996],[-44.01656,-19.90799],[-44.01785,-19.9052],[-44.0195,-19.9033],[-44.01958,-19.90245],[-44.01836,-19.90078],[-44.01589,-19.90188],[-44.01516,-19.9011],[-44.00983,-19.90087],[-44.01045,-19.90223],[-44.01144,-19.90294],[-44.01045,-19.90291],[-44.01025,-19.90306],[-44.0092,-19.90722],[-44.01177,-19.90806],[-44.01516,-19.90996]]]}},{"id":"253","type":"Feature","properties":{"bairro":"Novo Ouro Preto","distrito":"Belo Horizonte","regiao":"Pampulha","setores":1,"urbano":1},"geometry":{"type":"Polygon","coordinates":[[[-43.98466,-19.88308],[-43.98343,-19.88292],[-43.98338,-19.88313],[-43.98359,-19.88404],[-43.98417,-19.8849],[-43.98429,-19.8857],[-43.98481,-19.88547],[-43.98523,-19.88392],[-43.98481,-19.88382],[-43.98466,-19.88308]]]}},{"id":"254","type":"Feature","properties":{"bairro":"Novo Santa Cecília","distrito":"Barreiro","regiao":"Barreiro","setores":5,"urbano":5},"geometry":{"type":"Polygon","coordinates":[[[-44.01267,-20.00676],[-44.01384,-20.00798],[-44.01423,-20.00795],[-44.01483,-20.00756],[-44.01542,-20.00689],[-44.01585,-20.00669],[-44.0162,-20.00587],[-44.01687,-20.00583],[-44.01807,-20.00616],[-44.01933,-20.00609],[-44.01975,-20.00536],[-44.02126,-20.00423],[-44.01761,-20.00277],[-44.01492,-20.00424],[-44.01364,-20.00527],[-44.01267,-20.00676]]]}},{"id":"255","type":"Feature","properties":{"bairro":"Novo São Lucas","distrito":"Belo Horizonte","regiao":"Centro-Sul","setores":10,"urbano":10},"geometry":{"type":"Polygon","coordinates":[[[-43.9133,-19.93183],[-43.9162,-19.93113],[-43.91658,-19.93062],[-43.91708,-19.93073],[-43.91765,-19.93055],[-43.91801,-19.93],[-43.91739,-19.9276],[-43.91366,-19.92851],[-43.9122,-19.92935],[-43.9115,-19.92873],[-43.91163,-19.9295],[-43.91097,-19.92974],[-43.90936,-19.92961],[-43.90943,-19.93055],[-43.90901,-19.93113],[-43.90962,-19.9318],[-43.91001,-19.93152],[-43.91031,-19.93204],[-43.91103,-19.93183],[-43.91132,-19.93231],[-43.91181,-19.93181],[-43.9133,-19.93183]]]}},{"id":"256","type":"Feature","properties":{"bairro":"Novo Tupi","distrito":"Venda Nova","regiao":"Norte","setores":6,"urbano":6},"geometry":{"type":"Polygon","coordinates":[[[-43.9129,-19.84109],[-43.91215,-19.83995],[-43.91216,-19.83923],[-43.91171,-19.83872],[-43.91149,-19.83803],[-43.90962,-19.83761],[-43.90915,-19.83585],[-43.90716,-19.83514],[-43.90687,-19.83436],[-43.90504,-19.83264],[-43.90605,-19.832],[-43.90635,-19.83117],[-43.90583,-19.8296],[-43.90521,-19.82914],[-43.90465,-19.82922],[-43.90444,-19.82944],[-43.90455,-19.8296],[-43.90375,-19.83001],[-43.9025,-19.82982],[-43.90205,-19.83085],[-43.9037,-19.83302],[-43.90578,-19.8339],[-43.9064,-19.83439],[-43.90661,-19.83516],[-43.90699,-19.83513],[-43.90747,-19.83657],[-43.90895,-19.83817],[-43.91185,-19.84235],[-43.91361,-19.84326],[-43.9129,-19.84109]]]}},{"id":"257","type":"Feature","properties":{"bairro":"Oeste","distrito":"Belo Horizonte","regiao":"Noroeste","setores":9,"urbano":9},"geometry":{"type":"Polygon","coordinates":[[[-44.00387,-19.94024],[-44.00702,-19.94255],[-44.00784,-19.94289],[-44.00743,-19.93277],[-44.00601,-19.93318],[-44.0046,-19.9344],[-44.00462,-19.93358],[-44.00333,-19.93311],[-44.00188,-19.93358],[-44.00173,-19.93427],[-44.00035,-19.93398],[-44.00038,-19.93333],[-43.99778,-19.93278],[-43.99709,-19.93546],[-43.99597,-19.93448],[-43.99325,-19.93097],[-43.99138,-19.93018],[-43.99356,-19.93304],[-43.9941,-19.93398],[-43.99467,-19.93595],[-43.99563,-19.93706],[-43.997,-19.93755],[-44.00004,-19.93705],[-44.0013,-19.93726],[-44.00239,-19.93792],[-44.00387,-19.94024]],[[-44.00554,-19.93735],[-44.00541,-19.93695],[-44.00513,-19.93703],[-44.00522,-19.93669],[-44.00479,-19.93628],[-44.0024,-19.93701],[-44.0026,-19.9376],[-44.00227,-19.93771],[-44.00139,-19.93696],[-44.0005,-19.93678],[-44.00049,-19.93637],[-44.00167,-19.93622],[-44.00334,-19.93545],[-44.00521,-19.93615],[-44.00619,-19.93714],[-44.00554,-19.93735]]]}},{"id":"258","type":"Feature","properties":{"bairro":"Olaria","distrito":"Barreiro","regiao":"Barreiro","setores":15,"urbano":15},"geometry":{"type":"Polygon","coordinates":[[[-44.02892,-19.99399],[-44.03319,-19.99389],[-44.03435,-19.99424],[-44.03469,-19.99412],[-44.03481,-19.99259],[-44.03391,-19.99287],[-44.033,-19.99217],[-44.0336,-19.99149],[-44.03359,-19.99041],[-44.03312,-19.98946],[-44.03368,-19.9875],[-44.03228,-19.98728],[-44.03225,-19.98784],[-44.03275,-19.98931],[-44.03249,-19.99005],[-44.03223,-19.9901],[-44.03129,-19.98948],[-44.02921,-19.98917],[-44.02718,-19.98852],[-44.02479,-19.98923],[-44.02362,-19.98888],[-44.02247,-19.99057],[-44.02203,-19.99181],[-44.0222,-19.9919],[-44.02097,-19.99258],[-44.02682,-19.99382],[-44.02892,-19.99399]]]}},{"id":"259","type":"Feature","properties":{"bairro":"Olhos d'Água","distrito":"Belo Horizonte","regiao":"Oeste","setores":6,"urbano":6},"geometry":{"type":"Polygon","coordinates":[[[-43.96814,-19.9985],[-43.96831,-19.99806],[-43.96821,-19.9975],[-43.96838,-19.99581],[-43.96859,-19.99533],[-43.96902,-19.99498],[-43.96936,-19.99409],[-43.96926,-19.99369],[-43.97028,-19.99362],[-43.97099,-19.99309],[-43.97159,-19.99298],[-43.97196,-19.99239],[-43.97187,-19.9919],[-43.97217,-19.99132],[-43.9709,-19.99019],[-43.97161,-19.98909],[-43.97256,-19.98824],[-43.97723,-19.98595],[-43.97657,-19.98553],[-43.97468,-19.98586],[-43.97332,-19.98583],[-43.96977,-19.98524],[-43.9671,-19.98441],[-43.96203,-19.98189],[-43.96183,-19.98162],[-43.96147,-19.98156],[-43.9609,-19.98229],[-43.95946,-19.98193],[-43.95913,-19.98166],[-43.9589,-19.98108],[-43.95873,-19.98021],[-43.95886,-19.97971],[-43.9585,-19.97884],[-43.95946,-19.97508],[-43.95925,-19.97272],[-43.95951,-19.97182],[-43.9583,-19.97097],[-43.95514,-19.97074],[-43.95331,-19.97253],[-43.94933,-19.97503],[-43.94783,-19.9758],[-43.94734,-19.97558],[-43.94685,-19.97567],[-43.94866,-19.98039],[-43.94945,-19.98178],[-43.95801,-19.99138],[-43.96148,-19.99676],[-43.96114,-19.99545],[-43.96112,-19.99374],[-43.96239,-19.99555],[-43.96486,-19.99798],[-43.96746,-19.99858],[-43.96737,-19.99844],[-43.96814,-19.9985]]]}},{"id":"260","type":"Feature","properties":{"bairro":"Ouro Minas","distrito":"Venda Nova","regiao":"Nordeste","setores":11,"urbano":11},"geometry":{"type":"Polygon","coordinates":[[[-43.90559,-19.85097],[-43.90914,-19.8494],[-43.91171,-19.84698],[-43.91144,-19.84681],[-43.9111,-19.8471],[-43.91101,-19.84683],[-43.91011,-19.84663],[-43.90954,-19.84629],[-43.90942,-19.84565],[-43.9096,-19.84536],[-43.90935,-19.84525],[-43.90955,-19.845],[-43.91025,-19.84501],[-43.91136,-19.8454],[-43.91158,-19.84563],[-43.91149,-19.84635],[-43.9117,-19.84655],[-43.91186,-19.846],[-43.91287,-19.84585],[-43.91224,-19.84574],[-43.91143,-19.84453],[-43.91097,-19.84441],[-43.9106,-19.84466],[-43.90932,-19.84466],[-43.9084,-19.84439],[-43.9083,-19.84412],[-43.9087,-19.84326],[-43.90858,-19.84287],[-43.90767,-19.84214],[-43.9074,-19.84216],[-43.90672,-19.84309],[-43.90504,-19.84305],[-43.90461,-19.84285],[-43.90344,-19.84309],[-43.90355,-19.84395],[-43.90321,-19.84449],[-43.9026,-19.84467],[-43.90235,-19.84525],[-43.90307,-19.84728],[-43.90483,-19.84777],[-43.90554,-19.84991],[-43.90559,-19.85097]]]}},{"id":"261","type":"Feature","properties":{"bairro":"Ouro Preto","distrito":"Belo Horizonte","regiao":"Pampulha","setores":50,"urbano":50},"geometry":{"type":"Polygon","coordinates":[[[-43.98782,-19.88489],[-43.98809,-19.88139],[-43.9888,-19.88101],[-43.98903,-19.88055],[-43.9903,-19.87737],[-43.99016,-19.87674],[-43.99168,-19.87665],[-43.99077,-19.87539],[-43.99173,-19.87497],[-43.99044,-19.8712],[-43.99165,-19.87073],[-43.99034,-19.86764],[-43.99164,-19.86732],[-43.99141,-19.86672],[-43.99107,-19.86677],[-43.98907,-19.86569],[-43.98835,-19.86658],[-43.98535,-19.86772],[-43.98468,-19.86582],[-43.98273,-19.86396],[-43.9821,-19.86297],[-43.98185,-19.86368],[-43.98073,-19.86451],[-43.98073,-19.86732],[-43.97968,-19.86738],[-43.97969,-19.86843],[-43.97915,-19.86956],[-43.9796,-19.87072],[-43.97938,-19.87168],[-43.97792,-19.87303],[-43.97742,-19.87382],[-43.97691,-19.8737],[-43.9769,-19.87579],[-43.97831,-19.87601],[-43.97833,-19.87524],[-43.98013,-19.8755],[-43.98155,-19.87751],[-43.98166,-19.87892],[-43.98224,-19.88157],[-43.98272,-19.88262],[-43.98275,-19.88441],[-43.98189,-19.88494],[-43.98214,-19.8855],[-43.98214,-19.8874],[-43.98146,-19.88723],[-43.98156,-19.88801],[-43.98297,-19.88821],[-43.98451,-19.88887],[-43.98451,-19.88912],[-43.98512,-19.88913],[-43.986,-19.88992],[-43.98619,-19.89059],[-43.98686,-19.89027],[-43.98686,-19.88808],[-43.98708,-19.88691],[-43.98691,-19.88632],[-43.98782,-19.88489]],[[-43.98435,-19.88291],[-43.98466,-19.88308],[-43.98481,-19.88382],[-43.98523,-19.88392],[-43.98481,-19.88547],[-43.98429,-19.8857],[-43.98417,-19.8849],[-43.98359,-19.88404],[-43.98338,-19.88313],[-43.98343,-19.88292],[-43.98435,-19.88291]]]}},{"id":"262","type":"Feature","properties":{"bairro":"Padre Eustáquio","distrito":"Belo Horizonte","regiao":"Noroeste","setores":58,"urbano":58},"geometry":{"type":"Polygon","coordinates":[[[-43.9821,-19.92239],[-43.98385,-19.92239],[-43.98515,-19.92294],[-43.98556,-19.92262],[-43.98524,-19.92223],[-43.98535,-19.92122],[-43.98649,-19.92102],[-43.98681,-19.92079],[-43.98713,-19.92013],[-43.98728,-19.91874],[-43.98801,-19.91681],[-43.99014,-19.91595],[-43.99169,-19.91592],[-43.99142,-19.91548],[-43.98954,-19.91466],[-43.98928,-19.91415],[-43.99364,-19.91373],[-43.99424,-19.91173],[-43.99429,-19.91045],[-43.99406,-19.90971],[-43.99367,-19.9092],[-43.98724,-19.90467],[-43.98675,-19.90487],[-43.98709,-19.90518],[-43.98608,-19.90687],[-43.98545,-19.90662],[-43.98482,-19.9086],[-43.98515,-19.90874],[-43.98381,-19.91103],[-43.98149,-19.91133],[-43.98099,-19.91214],[-43.98039,-19.91249],[-43.97248,-19.91267],[-43.97003,-19.91182],[-43.9693,-19.91458],[-43.96853,-19.91429],[-43.96746,-19.9182],[-43.9689,-19.91921],[-43.96979,-19.92079],[-43.97036,-19.92137],[-43.9734,-19.92273],[-43.97769,-19.92371],[-43.97895,-19.92358],[-43.98102,-19.92294],[-43.9821,-19.92239]],[[-43.98475,-19.91701],[-43.98445,-19.91554],[-43.98499,-19.91618],[-43.98489,-19.91699],[-43.98475,-19.91701]],[[-43.98462,-19.92098],[-43.98445,-19.92077],[-43.98325,-19.92077],[-43.98331,-19.91986],[-43.98363,-19.91949],[-43.98393,-19.9194],[-43.98535,-19.92026],[-43.98535,-19.92104],[-43.98462,-19.92098]]]}},{"id":"263","type":"Feature","properties":{"bairro":"Palmares","distrito":"Belo Horizonte","regiao":"Nordeste","setores":14,"urbano":14},"geometry":{"type":"Polygon","coordinates":[[[-43.9338,-19.87531],[-43.93545,-19.87531],[-43.93732,-19.87458],[-43.94271,-19.87165],[-43.94238,-19.87079],[-43.94119,-19.87072],[-43.9411,-19.87052],[-43.93788,-19.87001],[-43.93766,-19.87278],[-43.93686,-19.87248],[-43.93634,-19.87195],[-43.93545,-19.87223],[-43.93514,-19.87117],[-43.93436,-19.87056],[-43.93271,-19.87007],[-43.93181,-19.87055],[-43.92829,-19.86938],[-43.92766,-19.87106],[-43.92753,-19.87212],[-43.92836,-19.87533],[-43.93153,-19.87654],[-43.93273,-19.87568],[-43.9338,-19.87531]]]}},{"id":"264","type":"Feature","properties":{"bairro":"Palmeiras","distrito":"Belo Horizonte","regiao":"Oeste","setores":20,"urbano":20},"geometry":{"type":"Polygon","coordinates":[[[-43.97887,-19.97529],[-43.9802,-19.98151],[-43.98152,-19.98387],[-43.98251,-19.98306],[-43.98406,-19.9797],[-43.98569,-19.97886],[-43.98481,-19.97784],[-43.98511,-19.97706],[-43.9858,-19.97642],[-43.98628,-19.97705],[-43.98624,-19.97733],[-43.98788,-19.97774],[-43.98828,-19.97712],[-43.989,-19.97431],[-43.98885,-19.9743],[-43.98881,-19.97397],[-43.98738,-19.97431],[-43.98592,-19.97102],[-43.98645,-19.97088],[-43.98658,-19.97028],[-43.98628,-19.96919],[-43.98429,-19.96967],[-43.98415,-19.9691],[-43.98433,-19.9676],[-43.98215,-19.9672],[-43.97729,-19.96693],[-43.97706,-19.96695],[-43.9771,-19.96728],[-43.97608,-19.96703],[-43.97455,-19.96716],[-43.97376,-19.96699],[-43.97887,-19.97529]]]}},{"id":"265","type":"Feature","properties":{"bairro":"Pantanal","distrito":"Belo Horizonte","regiao":"Oeste","setores":2,"urbano":2},"geometry":{"type":"Polygon","coordinates":[[[-43.9605,-19.95603],[-43.96136,-19.95651],[-43.96227,-19.95671],[-43.96314,-19.95615],[-43.96398,-19.95608],[-43.96407,-19.95562],[-43.96302,-19.95561],[-43.96312,-19.95525],[-43.96104,-19.95489],[-43.9608,-19.9551],[-43.9605,-19.95603]]]}},{"id":"266","type":"Feature","properties":{"bairro":"Paquetá","distrito":"Belo Horizonte","regiao":"Pampulha","setores":22,"urbano":22},"geometry":{"type":"Polygon","coordinates":[[[-43.99091,-19.8918],[-43.99325,-19.89281],[-43.99325,-19.88969],[-43.99395,-19.88695],[-43.99271,-19.88048],[-43.99229,-19.87668],[-43.99238,-19.8756],[-43.99309,-19.87421],[-43.99488,-19.87183],[-43.9953,-19.87159],[-43.99671,-19.87254],[-43.99852,-19.87188],[-43.99912,-19.871],[-43.9992,-19.86936],[-43.99719,-19.86848],[-43.99602,-19.86745],[-43.99586,-19.8671],[-43.99611,-19.86624],[-43.99603,-19.86579],[-43.99556,-19.86555],[-43.99504,-19.86645],[-43.99466,-19.86625],[-43.99463,-19.86639],[-43.99335,-19.86655],[-43.99369,-19.86732],[-43.99323,-19.86657],[-43.99273,-19.86661],[-43.99262,-19.86643],[-43.99141,-19.86672],[-43.99164,-19.86732],[-43.99034,-19.86764],[-43.99165,-19.87073],[-43.99044,-19.8712],[-43.99173,-19.87497],[-43.99077,-19.87539],[-43.99168,-19.87665],[-43.99016,-19.87674],[-43.9903,-19.87737],[-43.98903,-19.88055],[-43.9888,-19.88101],[-43.98809,-19.88139],[-43.98782,-19.88489],[-43.98691,-19.88632],[-43.98708,-19.88691],[-43.98686,-19.88808],[-43.98686,-19.89027],[-43.98775,-19.89022],[-43.98829,-19.89092],[-43.98854,-19.89088],[-43.98886,-19.89119],[-43.98916,-19.89104],[-43.98951,-19.89116],[-43.98956,-19.89184],[-43.9901,-19.89215],[-43.98955,-19.89334],[-43.99054,-19.89347],[-43.99091,-19.8918]]]}},{"id":"267","type":"Feature","properties":{"bairro":"Paraíso","distrito":"Belo Horizonte","regiao":"Centro-Sul","setores":28,"urbano":28},"geometry":{"type":"Polygon","coordinates":[[[-43.90583,-19.92939],[-43.90805,-19.92949],[-43.90833,-19.92911],[-43.90892,-19.92807],[-43.9091,-19.92726],[-43.90889,-19.92655],[-43.90794,-19.92566],[-43.90787,-19.92509],[-43.90905,-19.92405],[-43.91046,-19.92393],[-43.91111,-19.92356],[-43.91146,-19.9217],[-43.91077,-19.92012],[-43.91012,-19.91945],[-43.90955,-19.91994],[-43.90903,-19.91978],[-43.90912,-19.91838],[-43.91005,-19.91812],[-43.9097,-19.91891],[-43.90977,-19.91919],[-43.91013,-19.91913],[-43.9103,-19.91843],[-43.91088,-19.91779],[-43.91005,-19.91713],[-43.9092,-19.91604],[-43.90521,-19.91523],[-43.90515,-19.91597],[-43.90459,-19.91658],[-43.9035,-19.91699],[-43.90239,-19.91769],[-43.90266,-19.91822],[-43.90471,-19.91883],[-43.90448,-19.91892],[-43.90432,-19.91965],[-43.90371,-19.91939],[-43.90387,-19.91897],[-43.9037,-19.91876],[-43.90276,-19.91847],[-43.90261,-19.91876],[-43.90234,-19.91873],[-43.90163,-19.91932],[-43.9014,-19.92016],[-43.9014,-19.91982],[-43.90114,-19.9198],[-43.90101,-19.92023],[-43.90049,-19.92034],[-43.89995,-19.92086],[-43.89964,-19.92081],[-43.8995,-19.9205],[-43.89795,-19.923],[-43.89792,-19.92408],[-43.89855,-19.92473],[-43.9018,-19.927],[-43.90278,-19.92798],[-43.90503,-19.92852],[-43.90519,-19.92887],[-43.90553,-19.9289],[-43.90556,-19.92923],[-43.90583,-19.92939]],[[-43.90799,-19.91967],[-43.90765,-19.92012],[-43.90695,-19.9201],[-43.90706,-19.91918],[-43.90785,-19.91941],[-43.90782,-19.91965],[-43.90799,-19.91967]]]}},{"id":"268","type":"Feature","properties":{"bairro":"Parque São José","distrito":"Belo Horizonte","regiao":"Oeste","setores":7,"urbano":7},"geometry":{"type":"Polygon","coordinates":[[[-43.98423,-19.96762],[-43.98434,-19.96707],[-43.98412,-19.96673],[-43.98207,-19.96548],[-43.98188,-19.96553],[-43.98047,-19.96406],[-43.9802,-19.96289],[-43.98024,-19.96235],[-43.9806,-19.96162],[-43.97962,-19.96112],[-43.97931,-19.96164],[-43.97617,-19.96],[-43.97611,-19.96088],[-43.97663,-19.96425],[-43.97707,-19.96571],[-43.97706,-19.96695],[-43.98215,-19.9672],[-43.98423,-19.96762]]]}},{"id":"269","type":"Feature","properties":{"bairro":"Parque São Pedro","distrito":"Venda Nova","regiao":"Venda Nova","setores":7,"urbano":7},"geometry":{"type":"Polygon","coordinates":[[[-43.94824,-19.81606],[-43.95136,-19.81985],[-43.952,-19.81922],[-43.95406,-19.81585],[-43.95566,-19.81434],[-43.9539,-19.81243],[-43.95227,-19.81159],[-43.95088,-19.81033],[-43.95065,-19.81083],[-43.95036,-19.81084],[-43.95,-19.81237],[-43.94824,-19.81606]],[[-43.94966,-19.81711],[-43.9493,-19.81681],[-43.94909,-19.81627],[-43.94959,-19.81585],[-43.95022,-19.81657],[-43.95068,-19.81652],[-43.95073,-19.81685],[-43.95027,-19.81687],[-43.9503,-19.81722],[-43.94966,-19.81711]]]}},{"id":"270","type":"Feature","properties":{"bairro":"Paulo VI","distrito":"Venda Nova","regiao":"Nordeste","setores":29,"urbano":29},"geometry":{"type":"Polygon","coordinates":[[[-43.89175,-19.84723],[-43.89208,-19.84735],[-43.89247,-19.84587],[-43.89196,-19.84563],[-43.89165,-19.8452],[-43.89109,-19.84404],[-43.89109,-19.84344],[-43.8908,-19.84287],[-43.89339,-19.84131],[-43.89691,-19.84319],[-43.89713,-19.84235],[-43.8973,-19.84234],[-43.89724,-19.84126],[-43.89687,-19.84125],[-43.89667,-19.83951],[-43.8968,-19.83939],[-43.89639,-19.83928],[-43.89632,-19.83881],[-43.89605,-19.8388],[-43.89591,-19.83845],[-43.89558,-19.8384],[-43.89516,-19.83776],[-43.89562,-19.83732],[-43.89508,-19.83673],[-43.89442,-19.8355],[-43.89379,-19.83588],[-43.89364,-19.83432],[-43.893,-19.8338],[-43.89289,-19.83409],[-43.89248,-19.83408],[-43.89246,-19.83377],[-43.892,-19.83379],[-43.89191,-19.83323],[-43.89122,-19.83284],[-43.89106,-19.8324],[-43.89027,-19.83283],[-43.88814,-19.83339],[-43.88797,-19.83318],[-43.88709,-19.83422],[-43.88726,-19.8344],[-43.88647,-19.83564],[-43.88691,-19.83579],[-43.88689,-19.83631],[-43.88659,-19.83668],[-43.88647,-19.83658],[-43.88604,-19.83689],[-43.88613,-19.83705],[-43.88514,-19.83817],[-43.88551,-19.83963],[-43.88535,-19.83966],[-43.88535,-19.84006],[-43.88557,-19.84254],[-43.88749,-19.84664],[-43.88781,-19.84804],[-43.89175,-19.84723]]]}},{"id":"271","type":"Feature","properties":{"bairro":"Pedreira Prado Lopes","distrito":"Belo Horizonte","regiao":"Noroeste","setores":9,"urbano":9},"geometry":{"type":"Polygon","coordinates":[[[-43.94982,-19.90454],[-43.95157,-19.90421],[-43.95164,-19.90141],[-43.95053,-19.9014],[-43.94742,-19.89951],[-43.94708,-19.90003],[-43.94739,-19.90012],[-43.94732,-19.9005],[-43.94833,-19.901],[-43.9483,-19.90156],[-43.94745,-19.90314],[-43.94849,-19.90357],[-43.94826,-19.90397],[-43.94867,-19.90408],[-43.94869,-19.90456],[-43.94924,-19.9043],[-43.94982,-19.90454]]]}},{"id":"272","type":"Feature","properties":{"bairro":"Penha","distrito":"Belo Horizonte","regiao":"Nordeste","setores":3,"urbano":3},"geometry":{"type":"Polygon","coordinates":[[[-43.91236,-19.87288],[-43.90978,-19.87634],[-43.91168,-19.8784],[-43.91352,-19.87793],[-43.91427,-19.87748],[-43.91405,-19.87711],[-43.91466,-19.87635],[-43.91527,-19.87628],[-43.91573,-19.87601],[-43.91466,-19.87428],[-43.91448,-19.87337],[-43.91402,-19.87398],[-43.91236,-19.87288]]]}},{"id":"273","type":"Feature","properties":{"bairro":"Petrópolis","distrito":"Barreiro","regiao":"Barreiro","setores":6,"urbano":6},"geometry":{"type":"Polygon","coordinates":[[[-44.02632,-20.01494],[-44.03176,-20.01635],[-44.03326,-20.01123],[-44.0297,-20.01085],[-44.02898,-20.01206],[-44.02763,-20.01191],[-44.02741,-20.01209],[-44.0262,-20.01207],[-44.02612,-20.0129],[-44.02632,-20.01323],[-44.0261,-20.01364],[-44.02632,-20.01373],[-44.02623,-20.01439],[-44.02601,-20.01456],[-44.02632,-20.01494]],[[-44.0295,-20.01377],[-44.02978,-20.01383],[-44.02972,-20.0141],[-44.02827,-20.01386],[-44.02834,-20.01316],[-44.02955,-20.01335],[-44.0295,-20.01377]]]}},{"id":"274","type":"Feature","properties":{"bairro":"Pilar","distrito":"Barreiro","regiao":"Barreiro","setores":9,"urbano":9},"geometry":{"type":"Polygon","coordinates":[[[-43.97243,-19.99833],[-43.97286,-19.99822],[-43.97269,-19.99793],[-43.9731,-19.99748],[-43.9724,-19.99689],[-43.97255,-19.99676],[-43.97148,-19.9955],[-43.97145,-19.99494],[-43.97171,-19.99408],[-43.97217,-19.99393],[-43.9715,-19.99303],[-43.97099,-19.99309],[-43.97028,-19.99362],[-43.96926,-19.99369],[-43.96936,-19.99409],[-43.96902,-19.99498],[-43.96859,-19.99533],[-43.96838,-19.99581],[-43.96821,-19.9975],[-43.96831,-19.99806],[-43.96814,-19.9985],[-43.96737,-19.99844],[-43.96746,-19.99858],[-43.96486,-19.99798],[-43.96239,-19.99555],[-43.96112,-19.99374],[-43.96114,-19.99545],[-43.96148,-19.99676],[-43.96239,-19.99809],[-43.96306,-19.99799],[-43.96499,-19.99896],[-43.96684,-19.99939],[-43.97727,-20.00541],[-43.98049,-20.00457],[-43.97987,-20.00401],[-43.98074,-20.00389],[-43.98111,-20.0035],[-43.9811,-20.00301],[-43.98049,-20.00205],[-43.98047,-20.00167],[-43.98073,-20.00101],[-43.98079,-19.99963],[-43.98117,-19.999],[-43.98106,-19.99856],[-43.97912,-19.99761],[-43.97824,-19.9976],[-43.97412,-19.99833],[-43.97404,-19.99805],[-43.97248,-19.99853],[-43.97243,-19.99833]]]}},{"id":"275","type":"Feature","properties":{"bairro":"Pindorama","distrito":"Belo Horizonte","regiao":"Noroeste","setores":30,"urbano":30},"geometry":{"type":"Polygon","coordinates":[[[-44.02234,-19.91994],[-44.02348,-19.92121],[-44.02675,-19.91863],[-44.02781,-19.91827],[-44.02691,-19.91651],[-44.02809,-19.91598],[-44.02823,-19.91498],[-44.02809,-19.91453],[-44.02738,-19.91376],[-44.02727,-19.91221],[-44.02633,-19.91144],[-44.02557,-19.91042],[-44.02551,-19.90982],[-44.0261,-19.90978],[-44.02573,-19.90963],[-44.02556,-19.90933],[-44.02572,-19.90917],[-44.02549,-19.90899],[-44.02568,-19.90869],[-44.02552,-19.90835],[-44.02569,-19.90812],[-44.02594,-19.90812],[-44.0259,-19.90788],[-44.02619,-19.90762],[-44.02644,-19.90764],[-44.02649,-19.9071],[-44.02673,-19.90706],[-44.02539,-19.90656],[-44.02569,-19.9065],[-44.02579,-19.90622],[-44.02564,-19.90597],[-44.02596,-19.90586],[-44.02614,-19.90545],[-44.02602,-19.90522],[-44.01964,-19.90278],[-44.0195,-19.9033],[-44.01785,-19.9052],[-44.01656,-19.90799],[-44.01516,-19.90996],[-44.01843,-19.91489],[-44.01824,-19.91565],[-44.01858,-19.91634],[-44.02001,-19.91761],[-44.02035,-19.91963],[-44.02089,-19.91996],[-44.02234,-19.91994]],[[-44.02547,-19.91517],[-44.02592,-19.91585],[-44.02583,-19.91619],[-44.0263,-19.91642],[-44.02609,-19.91715],[-44.02555,-19.9173],[-44.02543,-19.91764],[-44.02502,-19.91755],[-44.02495,-19.91769],[-44.02446,-19.91696],[-44.02446,-19.91659],[-44.0238,-19.91599],[-44.02358,-19.91465],[-44.02395,-19.91484],[-44.0245,-19.9146],[-44.02427,-19.91417],[-44.02497,-19.91403],[-44.02512,-19.91436],[-44.02535,-19.91433],[-44.02547,-19.91517]]]}},{"id":"276","type":"Feature","properties":{"bairro":"Pindura Saia","distrito":"Belo Horizonte","regiao":"Centro-Sul","setores":1,"urbano":1},"geometry":{"type":"Polygon","coordinates":[[[-43.92673,-19.94427],[-43.92701,-19.9442],[-43.92687,-19.94377],[-43.92703,-19.94322],[-43.92677,-19.94314],[-43.92642,-19.94392],[-43.92668,-19.94402],[-43.92673,-19.94427]]]}},{"id":"277","type":"Feature","properties":{"bairro":"Pirajá","distrito":"Venda Nova","regiao":"Nordeste","setores":7,"urbano":7},"geometry":{"type":"Polygon","coordinates":[[[-43.91701,-19.86812],[-43.9164,-19.8688],[-43.9169,-19.86938],[-43.91745,-19.8688],[-43.91822,-19.86916],[-43.91904,-19.86896],[-43.91916,-19.86939],[-43.91959,-19.8692],[-43.91937,-19.86777],[-43.92063,-19.86529],[-43.92033,-19.86458],[-43.91604,-19.86425],[-43.91398,-19.86289],[-43.91502,-19.86619],[-43.91495,-19.86698],[-43.91689,-19.86741],[-43.91701,-19.86812]]]}},{"id":"278","type":"Feature","properties":{"bairro":"Piratininga","distrito":"Venda Nova","regiao":"Venda Nova","setores":38,"urbano":38},"geometry":{"type":"Polygon","coordinates":[[[-43.99301,-19.81973],[-43.99182,-19.81959],[-43.99202,-19.82006],[-43.99157,-19.82003],[-43.99151,-19.81889],[-43.99129,-19.81887],[-43.99131,-19.81866],[-43.99175,-19.81856],[-43.99204,-19.81817],[-43.99273,-19.81823],[-43.99298,-19.81856],[-43.99373,-19.81811],[-43.99408,-19.81743],[-43.9947,-19.81703],[-43.99539,-19.81572],[-43.99508,-19.81558],[-43.99559,-19.81462],[-43.99529,-19.81379],[-43.99753,-19.81231],[-43.99625,-19.81078],[-43.99653,-19.81056],[-43.99487,-19.8092],[-43.99409,-19.80873],[-43.99391,-19.80895],[-43.99268,-19.80794],[-43.99218,-19.80805],[-43.99051,-19.8067],[-43.9902,-19.80452],[-43.98984,-19.80338],[-43.98009,-19.8038],[-43.98128,-19.80407],[-43.98195,-19.8069],[-43.98319,-19.80784],[-43.98276,-19.80829],[-43.98374,-19.80916],[-43.98344,-19.80949],[-43.98396,-19.8099],[-43.98239,-19.81141],[-43.98249,-19.81218],[-43.98265,-19.81208],[-43.98439,-19.81366],[-43.98486,-19.81229],[-43.98567,-19.8126],[-43.98847,-19.81259],[-43.98711,-19.81881],[-43.98729,-19.8198],[-43.99284,-19.82043],[-43.99301,-19.81973]],[[-43.99557,-19.81323],[-43.99486,-19.81404],[-43.99465,-19.81368],[-43.99498,-19.81361],[-43.99489,-19.81332],[-43.99522,-19.81282],[-43.99557,-19.81323]],[[-43.99369,-19.81102],[-43.99345,-19.81128],[-43.99294,-19.81082],[-43.99312,-19.8106],[-43.99298,-19.81046],[-43.99315,-19.81026],[-43.99292,-19.81007],[-43.99306,-19.80989],[-43.99398,-19.81057],[-43.9939,-19.81118],[-43.99369,-19.81102]]]}},{"id":"279","type":"Feature","properties":{"bairro":"Pirineus","distrito":"Belo Horizonte","regiao":"Leste","setores":2,"urbano":2},"geometry":{"type":"Polygon","coordinates":[[[-43.88544,-19.92569],[-43.88612,-19.92715],[-43.88607,-19.92898],[-43.88683,-19.92819],[-43.88678,-19.92784],[-43.88917,-19.92676],[-43.89165,-19.92585],[-43.89203,-19.9259],[-43.89195,-19.9228],[-43.89099,-19.92071],[-43.88904,-19.91971],[-43.88799,-19.91945],[-43.88679,-19.91996],[-43.88569,-19.92163],[-43.88561,-19.92232],[-43.88472,-19.92294],[-43.88365,-19.92439],[-43.88364,-19.92518],[-43.88415,-19.92544],[-43.88551,-19.92548],[-43.88544,-19.92569]]]}},{"id":"280","type":"Feature","properties":{"bairro":"Planalto","distrito":"Venda Nova","regiao":"Norte","setores":35,"urbano":35},"geometry":{"type":"Polygon","coordinates":[[[-43.9478,-19.84316],[-43.95412,-19.83702],[-43.96077,-19.82849],[-43.95872,-19.82707],[-43.95622,-19.82582],[-43.95273,-19.82154],[-43.95196,-19.82367],[-43.95126,-19.82677],[-43.95146,-19.82801],[-43.95028,-19.82835],[-43.94891,-19.83022],[-43.94931,-19.8312],[-43.94936,-19.83189],[-43.94897,-19.83301],[-43.94631,-19.83388],[-43.94566,-19.83235],[-43.94488,-19.82925],[-43.94523,-19.82731],[-43.94331,-19.82658],[-43.94097,-19.83129],[-43.94054,-19.8326],[-43.94004,-19.83618],[-43.94103,-19.83637],[-43.9408,-19.83704],[-43.94145,-19.83845],[-43.94159,-19.8394],[-43.9423,-19.83948],[-43.94229,-19.83968],[-43.94206,-19.83966],[-43.94199,-19.83986],[-43.94173,-19.8412],[-43.94224,-19.84135],[-43.94216,-19.84159],[-43.94236,-19.8416],[-43.94275,-19.84208],[-43.94304,-19.8421],[-43.94324,-19.84241],[-43.94371,-19.84236],[-43.9438,-19.84217],[-43.94411,-19.84225],[-43.94398,-19.84294],[-43.94487,-19.84252],[-43.94469,-19.84331],[-43.94361,-19.84352],[-43.94345,-19.84324],[-43.94319,-19.84334],[-43.94303,-19.84309],[-43.94307,-19.84247],[-43.94268,-19.84236],[-43.94242,-19.8425],[-43.94234,-19.84236],[-43.94274,-19.84211],[-43.94229,-19.84211],[-43.94219,-19.84194],[-43.94135,-19.8425],[-43.94271,-19.84497],[-43.94685,-19.84309],[-43.94736,-19.84268],[-43.9478,-19.84316]]]}},{"id":"281","type":"Feature","properties":{"bairro":"Pompéia","distrito":"Belo Horizonte","regiao":"Leste","setores":12,"urbano":12},"geometry":{"type":"Polygon","coordinates":[[[-43.9026,-19.91634],[-43.90196,-19.91711],[-43.90197,-19.91808],[-43.90247,-19.918],[-43.90239,-19.91769],[-43.90304,-19.91723],[-43.90459,-19.91658],[-43.90515,-19.91597],[-43.90521,-19.91523],[-43.9092,-19.91604],[-43.90826,-19.91454],[-43.90804,-19.9131],[-43.90844,-19.91181],[-43.90987,-19.90904],[-43.90705,-19.90948],[-43.90682,-19.91021],[-43.90576,-19.91065],[-43.90582,-19.91029],[-43.9063,-19.9101],[-43.9062,-19.90987],[-43.90577,-19.9102],[-43.90489,-19.91018],[-43.90492,-19.91004],[-43.90472,-19.91],[-43.90481,-19.90941],[-43.89896,-19.90853],[-43.89942,-19.91096],[-43.9009,-19.91229],[-43.9011,-19.91386],[-43.90217,-19.91512],[-43.90266,-19.91599],[-43.9026,-19.91634]],[[-43.90472,-19.9125],[-43.90734,-19.91262],[-43.90733,-19.91232],[-43.90787,-19.91216],[-43.90785,-19.91251],[-43.90752,-19.91259],[-43.90776,-19.91284],[-43.90771,-19.91393],[-43.90721,-19.91419],[-43.90686,-19.91334],[-43.90548,-19.91274],[-43.90493,-19.91287],[-43.90511,-19.91363],[-43.90538,-19.91391],[-43.90513,-19.91386],[-43.90462,-19.91294],[-43.90472,-19.9125]]]}},{"id":"282","type":"Feature","properties":{"bairro":"Pongelupe","distrito":"Barreiro","regiao":"Barreiro","setores":4,"urbano":4},"geometry":{"type":"Polygon","coordinates":[[[-44.00306,-20.00858],[-44.00974,-20.01038],[-44.01018,-20.00952],[-44.01153,-20.00872],[-44.01178,-20.00829],[-44.00309,-20.00587],[-44.00306,-20.00858]]]}},{"id":"283","type":"Feature","properties":{"bairro":"Pousada Santo Antônio","distrito":"Venda Nova","regiao":"Nordeste","setores":6,"urbano":6},"geometry":{"type":"Polygon","coordinates":[[[-43.8881,-19.86131],[-43.88872,-19.86171],[-43.88911,-19.86119],[-43.88938,-19.86111],[-43.89054,-19.86167],[-43.89109,-19.86075],[-43.89155,-19.85924],[-43.89301,-19.85917],[-43.89247,-19.85725],[-43.88982,-19.85707],[-43.88739,-19.85755],[-43.8851,-19.85727],[-43.88488,-19.85779],[-43.88311,-19.85755],[-43.88257,-19.8573],[-43.88171,-19.85907],[-43.88395,-19.86019],[-43.88581,-19.86087],[-43.8881,-19.86131]]]}},{"id":"284","type":"Feature","properties":{"bairro":"Prado","distrito":"Belo Horizonte","regiao":"Oeste","setores":36,"urbano":36},"geometry":{"type":"Polygon","coordinates":[[[-43.96974,-19.93099],[-43.97185,-19.93053],[-43.97203,-19.93011],[-43.97167,-19.92917],[-43.97178,-19.92702],[-43.97087,-19.9268],[-43.96934,-19.92739],[-43.96915,-19.92804],[-43.96772,-19.92763],[-43.96772,-19.92824],[-43.96642,-19.92794],[-43.96709,-19.92678],[-43.9661,-19.92657],[-43.96687,-19.92369],[-43.9667,-19.92309],[-43.96715,-19.92298],[-43.96724,-19.92258],[-43.9669,-19.92144],[-43.96736,-19.92149],[-43.96761,-19.92105],[-43.96822,-19.91866],[-43.96637,-19.91752],[-43.96327,-19.91674],[-43.96178,-19.91731],[-43.96064,-19.9186],[-43.96018,-19.91886],[-43.95776,-19.91914],[-43.95656,-19.91863],[-43.95845,-19.92606],[-43.95719,-19.92945],[-43.96519,-19.93114],[-43.96974,-19.93099]]]}},{"id":"285","type":"Feature","properties":{"bairro":"Primeiro de Maio","distrito":"Venda Nova","regiao":"Norte","setores":5,"urbano":5},"geometry":{"type":"MultiPolygon","coordinates":[[[[-43.92787,-19.86037],[-43.92757,-19.8613],[-43.9275,-19.86258],[-43.92775,-19.86257],[-43.92806,-19.86297],[-43.9278,-19.86313],[-43.92753,-19.86289],[-43.92725,-19.86316],[-43.92768,-19.8633],[-43.92832,-19.86323],[-43.93059,-19.86138],[-43.92982,-19.85899],[-43.92939,-19.85915],[-43.92941,-19.85935],[-43.92913,-19.85942],[-43.92917,-19.85967],[-43.92889,-19.86],[-43.92787,-19.86037]]],[[[-43.9324,-19.85752],[-43.92993,-19.85857],[-43.92982,-19.85899],[-43.93076,-19.85857],[-43.93064,-19.85889],[-43.93082,-19.85904],[-43.9322,-19.85877],[-43.93206,-19.85916],[-43.93308,-19.86006],[-43.93254,-19.8607],[-43.93306,-19.86132],[-43.93468,-19.85744],[-43.9324,-19.85752]]]]}},{"id":"286","type":"Feature","properties":{"bairro":"Providência","distrito":"Venda Nova","regiao":"Norte","setores":16,"urbano":16},"geometry":{"type":"Polygon","coordinates":[[[-43.92686,-19.86182],[-43.9275,-19.86193],[-43.928,-19.86005],[-43.92652,-19.85989],[-43.92659,-19.85928],[-43.92782,-19.85935],[-43.92787,-19.85874],[-43.92828,-19.85873],[-43.92831,-19.85846],[-43.92879,-19.85848],[-43.9288,-19.85815],[-43.92819,-19.85812],[-43.92832,-19.85768],[-43.92938,-19.85851],[-43.92952,-19.85908],[-43.92991,-19.85877],[-43.9295,-19.85691],[-43.92869,-19.85552],[-43.92852,-19.85457],[-43.92792,-19.85478],[-43.92738,-19.85345],[-43.92702,-19.85182],[-43.92626,-19.85061],[-43.92546,-19.84996],[-43.92373,-19.84914],[-43.9216,-19.84913],[-43.9213,-19.84954],[-43.92126,-19.8494],[-43.92026,-19.84945],[-43.92018,-19.85022],[-43.92246,-19.85432],[-43.92427,-19.85813],[-43.92458,-19.86048],[-43.92657,-19.86207],[-43.92725,-19.86316],[-43.92753,-19.86289],[-43.92733,-19.86281],[-43.92686,-19.86182]],[[-43.92649,-19.86022],[-43.92694,-19.86026],[-43.92692,-19.86059],[-43.92663,-19.86057],[-43.92662,-19.86118],[-43.92631,-19.86109],[-43.92587,-19.86043],[-43.92414,-19.85723],[-43.92451,-19.85715],[-43.92507,-19.85854],[-43.92558,-19.85857],[-43.92568,-19.85894],[-43.92552,-19.85943],[-43.9259,-19.86013],[-43.92631,-19.86015],[-43.92652,-19.85989],[-43.92649,-19.86022]],[[-43.92544,-19.853],[-43.92605,-19.85284],[-43.9263,-19.8536],[-43.92564,-19.8538],[-43.92552,-19.85334],[-43.92459,-19.85299],[-43.92452,-19.85244],[-43.92517,-19.85222],[-43.92544,-19.853]]]}},{"id":"287","type":"Feature","properties":{"bairro":"Real I","distrito":"Belo Horizonte","regiao":"Pampulha","setores":1,"urbano":1},"geometry":{"type":"Polygon","coordinates":[[[-43.95365,-19.87853],[-43.95408,-19.87899],[-43.95434,-19.87877],[-43.95391,-19.87833],[-43.95365,-19.87853]]]}},{"id":"288","type":"Feature","properties":{"bairro":"Real II","distrito":"Belo Horizonte","regiao":"Pampulha","setores":1,"urbano":1},"geometry":{"type":"Polygon","coordinates":[[[-43.94966,-19.87471],[-43.94991,-19.87543],[-43.95066,-19.8765],[-43.95175,-19.87653],[-43.95207,-19.87623],[-43.95175,-19.87594],[-43.95131,-19.87603],[-43.95035,-19.87501],[-43.95014,-19.87508],[-43.94982,-19.87463],[-43.94966,-19.87471]]]}},{"id":"289","type":"Feature","properties":{"bairro":"Renascença","distrito":"Belo Horizonte","regiao":"Nordeste","setores":19,"urbano":19},"geometry":{"type":"Polygon","coordinates":[[[-43.9388,-19.89607],[-43.94279,-19.89566],[-43.94312,-19.89546],[-43.94302,-19.89436],[-43.9434,-19.8943],[-43.94371,-19.89386],[-43.94385,-19.89273],[-43.94349,-19.89185],[-43.94326,-19.88971],[-43.94279,-19.88947],[-43.94366,-19.88746],[-43.94162,-19.88579],[-43.93997,-19.88542],[-43.94002,-19.88331],[-43.93755,-19.88307],[-43.93699,-19.88285],[-43.93742,-19.88396],[-43.9374,-19.8852],[-43.9369,-19.88636],[-43.9363,-19.88702],[-43.93631,-19.88807],[-43.93594,-19.88864],[-43.93632,-19.89385],[-43.93848,-19.89477],[-43.93828,-19.89576],[-43.9388,-19.89607]]]}},{"id":"290","type":"Feature","properties":{"bairro":"Ribeiro de Abreu","distrito":"Venda Nova","regiao":"Nordeste","setores":33,"urbano":33},"geometry":{"type":"Polygon","coordinates":[[[-43.9022,-19.84154],[-43.90279,-19.84095],[-43.90403,-19.84127],[-43.90495,-19.84093],[-43.90487,-19.84001],[-43.90525,-19.8396],[-43.90528,-19.83894],[-43.90506,-19.8378],[-43.90462,-19.8377],[-43.90515,-19.83699],[-43.90568,-19.83723],[-43.90642,-19.83672],[-43.90644,-19.83505],[-43.90578,-19.83437],[-43.90399,-19.83395],[-43.90362,-19.83325],[-43.90377,-19.8331],[-43.90304,-19.832],[-43.9023,-19.83132],[-43.90203,-19.83071],[-43.9025,-19.82982],[-43.90338,-19.82984],[-43.90353,-19.82869],[-43.9049,-19.82691],[-43.90523,-19.82581],[-43.90492,-19.82451],[-43.90312,-19.82227],[-43.90412,-19.8221],[-43.9042,-19.82147],[-43.90397,-19.8208],[-43.90456,-19.82034],[-43.90332,-19.81613],[-43.90094,-19.81666],[-43.9003,-19.8172],[-43.90108,-19.81929],[-43.90214,-19.82058],[-43.9021,-19.82107],[-43.90151,-19.82038],[-43.90133,-19.82103],[-43.90062,-19.82019],[-43.90033,-19.8202],[-43.90005,-19.82049],[-43.89988,-19.82122],[-43.89898,-19.82159],[-43.89936,-19.82278],[-43.89744,-19.82366],[-43.89723,-19.82417],[-43.89736,-19.8247],[-43.89816,-19.82529],[-43.89847,-19.82578],[-43.89825,-19.82656],[-43.89698,-19.8273],[-43.89639,-19.82888],[-43.89595,-19.82912],[-43.89479,-19.82926],[-43.89437,-19.82967],[-43.89383,-19.83073],[-43.89337,-19.83092],[-43.89228,-19.83093],[-43.89162,-19.83169],[-43.89267,-19.8323],[-43.89289,-19.83253],[-43.89269,-19.83273],[-43.89333,-19.83325],[-43.89352,-19.83309],[-43.89393,-19.83353],[-43.89413,-19.83335],[-43.89445,-19.83405],[-43.89396,-19.83414],[-43.8941,-19.83433],[-43.89436,-19.83428],[-43.89553,-19.83587],[-43.89605,-19.83701],[-43.89602,-19.8375],[-43.89714,-19.83897],[-43.8977,-19.84018],[-43.89803,-19.84029],[-43.89825,-19.84131],[-43.8977,-19.84141],[-43.8979,-19.84153],[-43.89783,-19.84202],[-43.89761,-19.84222],[-43.9022,-19.84154]],[[-43.90219,-19.82951],[-43.90195,-19.82923],[-43.9023,-19.82889],[-43.90225,-19.82852],[-43.90305,-19.82801],[-43.90318,-19.82812],[-43.90265,-19.82942],[-43.90219,-19.82951]]]}},{"id":"291","type":"Feature","properties":{"bairro":"Rio Branco","distrito":"Venda Nova","regiao":"Venda Nova","setores":21,"urbano":21},"geometry":{"type":"Polygon","coordinates":[[[-43.98068,-19.82424],[-43.98255,-19.82478],[-43.98358,-19.82172],[-43.98507,-19.82123],[-43.98551,-19.82089],[-43.9864,-19.82201],[-43.98837,-19.82183],[-43.99029,-19.82205],[-43.99039,-19.8209],[-43.98995,-19.82057],[-43.98982,-19.82013],[-43.98729,-19.8198],[-43.98711,-19.81881],[-43.98847,-19.81259],[-43.98567,-19.8126],[-43.98486,-19.81229],[-43.98439,-19.81366],[-43.98265,-19.81208],[-43.98249,-19.81218],[-43.98243,-19.81178],[-43.98053,-19.81249],[-43.98027,-19.81138],[-43.9798,-19.81076],[-43.97924,-19.81043],[-43.97771,-19.81367],[-43.97646,-19.81425],[-43.97657,-19.81454],[-43.97238,-19.81463],[-43.9751,-19.81554],[-43.97636,-19.81644],[-43.97699,-19.81742],[-43.97907,-19.8231],[-43.98034,-19.82269],[-43.98072,-19.82382],[-43.98068,-19.82424]]]}},{"id":"292","type":"Feature","properties":{"bairro":"Sagrada Família","distrito":"Belo Horizonte","regiao":"Leste","setores":79,"urbano":79},"geometry":{"type":"Polygon","coordinates":[[[-43.92405,-19.91184],[-43.92628,-19.91078],[-43.92709,-19.90927],[-43.92965,-19.90734],[-43.93073,-19.90503],[-43.93127,-19.90337],[-43.92912,-19.90256],[-43.92841,-19.90168],[-43.92754,-19.89676],[-43.9274,-19.89558],[-43.92754,-19.89465],[-43.92398,-19.8937],[-43.92194,-19.89344],[-43.92154,-19.89316],[-43.92083,-19.89214],[-43.92072,-19.89247],[-43.92095,-19.89351],[-43.92135,-19.89422],[-43.92129,-19.89446],[-43.92185,-19.89603],[-43.92141,-19.89637],[-43.91958,-19.89686],[-43.91659,-19.89742],[-43.91494,-19.89827],[-43.91558,-19.90292],[-43.91507,-19.90487],[-43.91461,-19.90578],[-43.91571,-19.90644],[-43.91499,-19.90775],[-43.91503,-19.90828],[-43.91947,-19.90761],[-43.92018,-19.91162],[-43.92405,-19.91184]]]}},{"id":"293","type":"Feature","properties":{"bairro":"Salgado Filho","distrito":"Belo Horizonte","regiao":"Oeste","setores":32,"urbano":32},"geometry":{"type":"Polygon","coordinates":[[[-43.983,-19.95027],[-43.98494,-19.94861],[-43.98676,-19.94807],[-43.98738,-19.94758],[-43.98754,-19.94691],[-43.98691,-19.9446],[-43.98799,-19.94329],[-43.9882,-19.94272],[-43.98776,-19.94182],[-43.98564,-19.94009],[-43.98518,-19.938],[-43.98434,-19.93829],[-43.9836,-19.93731],[-43.98307,-19.93746],[-43.98319,-19.937],[-43.98234,-19.93682],[-43.9823,-19.93644],[-43.98169,-19.93619],[-43.98166,-19.93561],[-43.98082,-19.93544],[-43.98064,-19.93619],[-43.98019,-19.93589],[-43.97952,-19.93823],[-43.97883,-19.93849],[-43.97821,-19.93946],[-43.97782,-19.94019],[-43.97751,-19.94159],[-43.97801,-19.94388],[-43.97918,-19.94462],[-43.97865,-19.9449],[-43.9775,-19.94488],[-43.97698,-19.94533],[-43.9753,-19.94528],[-43.97429,-19.94682],[-43.97416,-19.94801],[-43.97429,-19.94855],[-43.97457,-19.94883],[-43.97593,-19.94831],[-43.97617,-19.94861],[-43.97611,-19.94884],[-43.97595,-19.94874],[-43.9758,-19.94888],[-43.97592,-19.94912],[-43.97549,-19.94924],[-43.97558,-19.94953],[-43.97626,-19.94939],[-43.97637,-19.9497],[-43.97677,-19.94948],[-43.97709,-19.95013],[-43.97591,-19.95033],[-43.9759,-19.95046],[-43.97765,-19.95103],[-43.97786,-19.95054],[-43.98142,-19.95087],[-43.9813,-19.94977],[-43.982,-19.94923],[-43.98283,-19.95019],[-43.983,-19.95027]]]}},{"id":"294","type":"Feature","properties":{"bairro":"Santa Amélia","distrito":"Venda Nova","regiao":"Pampulha","setores":45,"urbano":45},"geometry":{"type":"Polygon","coordinates":[[[-43.98361,-19.84798],[-43.9856,-19.84654],[-43.98736,-19.84418],[-43.98977,-19.84258],[-43.98976,-19.84239],[-43.98701,-19.84038],[-43.9819,-19.83824],[-43.98118,-19.83839],[-43.98078,-19.83618],[-43.98092,-19.83568],[-43.9815,-19.8349],[-43.98132,-19.83371],[-43.98016,-19.8336],[-43.9797,-19.83271],[-43.97663,-19.83235],[-43.97491,-19.83131],[-43.97402,-19.83045],[-43.97181,-19.82976],[-43.97149,-19.83046],[-43.97101,-19.83326],[-43.97153,-19.83608],[-43.97189,-19.83689],[-43.97175,-19.84074],[-43.9725,-19.84221],[-43.97181,-19.84255],[-43.97108,-19.84197],[-43.97044,-19.84285],[-43.97114,-19.84355],[-43.97175,-19.84501],[-43.97256,-19.84573],[-43.97452,-19.84654],[-43.97549,-19.84655],[-43.97708,-19.84592],[-43.97796,-19.84586],[-43.98234,-19.84816],[-43.98361,-19.84798]]]}},{"id":"295","type":"Feature","properties":{"bairro":"Santa Branca","distrito":"Venda Nova","regiao":"Pampulha","setores":13,"urbano":13},"geometry":{"type":"Polygon","coordinates":[[[-43.96758,-19.84167],[-43.97044,-19.84285],[-43.97108,-19.84197],[-43.97181,-19.84255],[-43.9725,-19.84221],[-43.97175,-19.84074],[-43.97189,-19.83689],[-43.97153,-19.83608],[-43.97102,-19.83291],[-43.96765,-19.83262],[-43.96578,-19.82779],[-43.96436,-19.82878],[-43.96278,-19.82864],[-43.96229,-19.83046],[-43.96758,-19.84167]]]}},{"id":"296","type":"Feature","properties":{"bairro":"Santa Cecília","distrito":"Barreiro","regiao":"Barreiro","setores":7,"urbano":7},"geometry":{"type":"Polygon","coordinates":[[[-44.03331,-20.00527],[-44.03291,-20.00546],[-44.03288,-20.00585],[-44.03477,-20.00603],[-44.03573,-20.00252],[-44.03598,-19.99857],[-44.03591,-19.99828],[-44.03448,-19.99818],[-44.03449,-19.99795],[-44.03435,-19.99818],[-44.03386,-19.99814],[-44.03384,-19.99794],[-44.03372,-19.99812],[-44.03317,-19.99807],[-44.03307,-19.99786],[-44.033,-19.99805],[-44.03249,-19.99802],[-44.03239,-19.99778],[-44.03219,-20.00029],[-44.0315,-20.00035],[-44.03137,-20.00304],[-44.0303,-20.00443],[-44.03017,-20.00606],[-44.03054,-20.00617],[-44.03069,-20.00591],[-44.03123,-20.00413],[-44.03277,-20.00433],[-44.03267,-20.0052],[-44.03331,-20.00527]]]}},{"id":"297","type":"Feature","properties":{"bairro":"Santa Cruz","distrito":"Belo Horizonte","regiao":"Nordeste","setores":34,"urbano":34},"geometry":{"type":"Polygon","coordinates":[[[-43.94543,-19.88683],[-43.94591,-19.88604],[-43.94603,-19.88476],[-43.94742,-19.88177],[-43.94773,-19.88003],[-43.94677,-19.8805],[-43.94615,-19.88123],[-43.94448,-19.88183],[-43.94447,-19.88159],[-43.94418,-19.88147],[-43.94458,-19.88114],[-43.94614,-19.88086],[-43.9464,-19.88064],[-43.94623,-19.88024],[-43.9471,-19.88005],[-43.94705,-19.87978],[-43.94747,-19.87971],[-43.94753,-19.87997],[-43.94775,-19.87995],[-43.94803,-19.87922],[-43.94866,-19.87851],[-43.94834,-19.87814],[-43.94798,-19.87805],[-43.94787,-19.87779],[-43.94829,-19.87599],[-43.94841,-19.87576],[-43.94888,-19.87605],[-43.9491,-19.8758],[-43.94925,-19.87475],[-43.94904,-19.8745],[-43.94916,-19.87414],[-43.94891,-19.87345],[-43.94811,-19.87201],[-43.94394,-19.87119],[-43.94336,-19.87134],[-43.93631,-19.87509],[-43.93545,-19.87531],[-43.93352,-19.87532],[-43.93153,-19.87654],[-43.93367,-19.8774],[-43.93434,-19.87784],[-43.93699,-19.88285],[-43.93755,-19.88307],[-43.94002,-19.88331],[-43.94196,-19.88435],[-43.94453,-19.88682],[-43.94543,-19.88683]]]}},{"id":"298","type":"Feature","properties":{"bairro":"Santa Efigênia","distrito":"Belo Horizonte","regiao":"Centro-Sul","setores":40,"urbano":40},"geometry":{"type":"Polygon","coordinates":[[[-43.91366,-19.92851],[-43.91994,-19.92698],[-43.92024,-19.92778],[-43.92035,-19.92772],[-43.92223,-19.92974],[-43.93255,-19.92714],[-43.93128,-19.92208],[-43.93107,-19.92199],[-43.93145,-19.92135],[-43.92962,-19.92081],[-43.9253,-19.92021],[-43.92478,-19.92022],[-43.92407,-19.92114],[-43.92134,-19.92017],[-43.91934,-19.91985],[-43.91936,-19.92112],[-43.9192,-19.92135],[-43.91915,-19.92112],[-43.91877,-19.92121],[-43.91816,-19.91978],[-43.91596,-19.92009],[-43.91461,-19.91995],[-43.91088,-19.91779],[-43.91015,-19.9187],[-43.91012,-19.91945],[-43.91077,-19.92012],[-43.91146,-19.9217],[-43.91131,-19.92311],[-43.91078,-19.92383],[-43.90905,-19.92405],[-43.90787,-19.92509],[-43.90794,-19.92566],[-43.90889,-19.92655],[-43.9091,-19.92726],[-43.90892,-19.92807],[-43.90808,-19.92982],[-43.90864,-19.92994],[-43.90879,-19.92954],[-43.91097,-19.92974],[-43.91163,-19.9295],[-43.9115,-19.92873],[-43.9122,-19.92935],[-43.91366,-19.92851]]]}},{"id":"299","type":"Feature","properties":{"bairro":"Santa Helena","distrito":"Barreiro","regiao":"Barreiro","setores":12,"urbano":12},"geometry":{"type":"Polygon","coordinates":[[[-44.01296,-19.99224],[-44.01458,-19.98842],[-44.01391,-19.98818],[-44.01586,-19.98242],[-44.01529,-19.98229],[-44.01517,-19.98262],[-44.01047,-19.98126],[-44.00871,-19.98704],[-44.00824,-19.98732],[-44.00847,-19.98781],[-44.00808,-19.98912],[-44.01296,-19.99224]]]}},{"id":"300","type":"Feature","properties":{"bairro":"Santa Inês","distrito":"Belo Horizonte","regiao":"Leste","setores":17,"urbano":17},"geometry":{"type":"Polygon","coordinates":[[[-43.90799,-19.89223],[-43.91216,-19.89553],[-43.91334,-19.89083],[-43.91269,-19.88849],[-43.91296,-19.88503],[-43.9138,-19.88275],[-43.91413,-19.88255],[-43.91488,-19.8825],[-43.91308,-19.87989],[-43.90978,-19.87634],[-43.90904,-19.87743],[-43.90809,-19.8795],[-43.90824,-19.87998],[-43.9086,-19.88018],[-43.90785,-19.88241],[-43.90783,-19.8834],[-43.90684,-19.8842],[-43.90618,-19.88535],[-43.90568,-19.88731],[-43.90567,-19.88841],[-43.90603,-19.89003],[-43.90702,-19.89126],[-43.90799,-19.89223]]]}},{"id":"301","type":"Feature","properties":{"bairro":"Santa Isabel","distrito":"Belo Horizonte","regiao":"Centro-Sul","setores":1,"urbano":1},"geometry":{"type":"Polygon","coordinates":[[[-43.92373,-19.94309],[-43.92427,-19.94222],[-43.92396,-19.94204],[-43.92326,-19.94297],[-43.92373,-19.94309]]]}},{"id":"302","type":"Feature","properties":{"bairro":"Santa Lúcia","distrito":"Belo Horizonte","regiao":"Centro-Sul","setores":18,"urbano":18},"geometry":{"type":"Polygon","coordinates":[[[-43.94344,-19.967],[-43.94685,-19.97567],[-43.94734,-19.97558],[-43.94783,-19.9758],[-43.95266,-19.97299],[-43.95514,-19.97074],[-43.95662,-19.97082],[-43.9563,-19.97035],[-43.95586,-19.97062],[-43.95459,-19.96892],[-43.95424,-19.96642],[-43.9545,-19.96531],[-43.9555,-19.96408],[-43.95479,-19.96348],[-43.95464,-19.96282],[-43.95543,-19.96165],[-43.95427,-19.96083],[-43.95342,-19.96196],[-43.95311,-19.96322],[-43.95102,-19.96409],[-43.95119,-19.96332],[-43.95042,-19.96359],[-43.95073,-19.96226],[-43.95009,-19.96191],[-43.94989,-19.95967],[-43.95019,-19.95833],[-43.94941,-19.95831],[-43.94944,-19.95535],[-43.95022,-19.95535],[-43.95024,-19.95465],[-43.94805,-19.95464],[-43.94767,-19.95486],[-43.94761,-19.95392],[-43.94843,-19.95391],[-43.9488,-19.95307],[-43.94767,-19.9512],[-43.94679,-19.9506],[-43.94644,-19.95105],[-43.94588,-19.9511],[-43.94549,-19.95135],[-43.94524,-19.95203],[-43.94554,-19.95319],[-43.9454,-19.95497],[-43.94568,-19.9552],[-43.94621,-19.95507],[-43.94656,-19.95549],[-43.94628,-19.95562],[-43.94643,-19.95589],[-43.94565,-19.95637],[-43.94629,-19.95685],[-43.94468,-19.95775],[-43.94461,-19.9584],[-43.94503,-19.95856],[-43.94445,-19.95887],[-43.94389,-19.95887],[-43.94349,-19.95921],[-43.94459,-19.96059],[-43.94473,-19.96116],[-43.94453,-19.96186],[-43.94406,-19.96234],[-43.94354,-19.96255],[-43.94011,-19.96303],[-43.93947,-19.96346],[-43.93913,-19.96418],[-43.9392,-19.96485],[-43.93973,-19.96551],[-43.94289,-19.96662],[-43.94344,-19.967]]]}},{"id":"303","type":"Feature","properties":{"bairro":"Santa Margarida","distrito":"Barreiro","regiao":"Barreiro","setores":5,"urbano":5},"geometry":{"type":"Polygon","coordinates":[[[-44.02491,-19.9753],[-44.02618,-19.97592],[-44.02838,-19.97573],[-44.02811,-19.97506],[-44.02635,-19.97443],[-44.02528,-19.97296],[-44.02449,-19.97269],[-44.02365,-19.97206],[-44.02125,-19.97166],[-44.01837,-19.97032],[-44.01579,-19.97031],[-44.01531,-19.97012],[-44.01549,-19.9707],[-44.01542,-19.97156],[-44.0157,-19.97176],[-44.02268,-19.97342],[-44.0234,-19.97385],[-44.02491,-19.9753]]]}},{"id":"304","type":"Feature","properties":{"bairro":"Santa Maria","distrito":"Belo Horizonte","regiao":"Oeste","setores":12,"urbano":12},"geometry":{"type":"Polygon","coordinates":[[[-44.01559,-19.93944],[-44.01588,-19.93943],[-44.01629,-19.93876],[-44.01612,-19.93864],[-44.01693,-19.93681],[-44.01671,-19.93669],[-44.01701,-19.93619],[-44.01685,-19.93609],[-44.01721,-19.93563],[-44.01714,-19.93539],[-44.0174,-19.93553],[-44.0177,-19.9347],[-44.01784,-19.93291],[-44.01847,-19.93195],[-44.01769,-19.93152],[-44.01623,-19.93121],[-44.01471,-19.93156],[-44.01278,-19.93275],[-44.01132,-19.93322],[-44.00743,-19.93277],[-44.00768,-19.939],[-44.01008,-19.93851],[-44.01008,-19.93865],[-44.01089,-19.93859],[-44.01254,-19.9389],[-44.01392,-19.93867],[-44.01488,-19.93897],[-44.01559,-19.93944]]]}},{"id":"305","type":"Feature","properties":{"bairro":"Santa Mônica","distrito":"Venda Nova","regiao":"Pampulha","setores":46,"urbano":46},"geometry":{"type":"Polygon","coordinates":[[[-43.98053,-19.83233],[-43.98132,-19.83144],[-43.98112,-19.83127],[-43.98291,-19.82928],[-43.98304,-19.82883],[-43.98272,-19.82873],[-43.98289,-19.82816],[-43.9832,-19.82827],[-43.98359,-19.82718],[-43.98375,-19.827],[-43.98405,-19.8271],[-43.98422,-19.8266],[-43.98439,-19.8266],[-43.98467,-19.82468],[-43.98549,-19.82478],[-43.98712,-19.82191],[-43.9864,-19.82201],[-43.98551,-19.82089],[-43.98507,-19.82123],[-43.98358,-19.82172],[-43.98255,-19.82478],[-43.98068,-19.82424],[-43.98072,-19.82382],[-43.98034,-19.82269],[-43.97907,-19.8231],[-43.97699,-19.81742],[-43.97636,-19.81644],[-43.97544,-19.81571],[-43.97434,-19.81527],[-43.97238,-19.81463],[-43.97118,-19.81475],[-43.97254,-19.81629],[-43.97259,-19.81929],[-43.96939,-19.82417],[-43.96781,-19.82713],[-43.96672,-19.82717],[-43.96578,-19.82779],[-43.96765,-19.83262],[-43.97102,-19.83291],[-43.9714,-19.83157],[-43.97149,-19.83046],[-43.97181,-19.82976],[-43.97402,-19.83045],[-43.97513,-19.83147],[-43.97709,-19.83246],[-43.97973,-19.83278],[-43.98053,-19.83233]]]}},{"id":"306","type":"Feature","properties":{"bairro":"Santa Rita","distrito":"Barreiro","regiao":"Barreiro","setores":4,"urbano":4},"geometry":{"type":"Polygon","coordinates":[[[-44.02761,-20.01184],[-44.02898,-20.01206],[-44.0297,-20.01085],[-44.03002,-20.01088],[-44.03033,-20.01029],[-44.03005,-20.01022],[-44.03203,-20.00624],[-44.03193,-20.00611],[-44.03102,-20.00591],[-44.03088,-20.00635],[-44.03017,-20.00606],[-44.02761,-20.01184]]]}},{"id":"307","type":"Feature","properties":{"bairro":"Santa Rita de Cássia","distrito":"Belo Horizonte","regiao":"Centro-Sul","setores":10,"urbano":10},"geometry":{"type":"Polygon","coordinates":[[[-43.94043,-19.95552],[-43.94203,-19.9576],[-43.94178,-19.95711],[-43.94191,-19.95674],[-43.94246,-19.95679],[-43.94281,-19.95647],[-43.94276,-19.956],[-43.94215,-19.95497],[-43.94236,-19.95457],[-43.9431,-19.95451],[-43.94303,-19.95427],[-43.94336,-19.95427],[-43.94341,-19.95305],[-43.94223,-19.9525],[-43.94193,-19.95224],[-43.94169,-19.95138],[-43.94102,-19.95094],[-43.94026,-19.95082],[-43.94003,-19.95033],[-43.93954,-19.95081],[-43.94013,-19.95185],[-43.9398,-19.953],[-43.94047,-19.9542],[-43.94043,-19.95552]]]}},{"id":"308","type":"Feature","properties":{"bairro":"Santa Rosa","distrito":"Belo Horizonte","regiao":"Pampulha","setores":13,"urbano":13},"geometry":{"type":"Polygon","coordinates":[[[-43.94714,-19.86814],[-43.94813,-19.86828],[-43.94863,-19.86935],[-43.94955,-19.86958],[-43.95052,-19.8682],[-43.95003,-19.86601],[-43.95036,-19.86035],[-43.95028,-19.85872],[-43.94993,-19.85765],[-43.9494,-19.85804],[-43.94878,-19.859],[-43.94739,-19.86012],[-43.94402,-19.86138],[-43.94338,-19.86137],[-43.94287,-19.86332],[-43.94255,-19.86324],[-43.9418,-19.86587],[-43.94224,-19.86597],[-43.94463,-19.86745],[-43.94593,-19.8674],[-43.94714,-19.86814]]]}},{"id":"309","type":"Feature","properties":{"bairro":"Santa Sofia","distrito":"Belo Horizonte","regiao":"Oeste","setores":4,"urbano":4},"geometry":{"type":"Polygon","coordinates":[[[-43.96459,-19.95118],[-43.96384,-19.95155],[-43.96473,-19.9517],[-43.96525,-19.95205],[-43.96589,-19.95186],[-43.96609,-19.95203],[-43.96699,-19.95209],[-43.96772,-19.95185],[-43.96802,-19.95094],[-43.9692,-19.94913],[-43.96839,-19.94868],[-43.96579,-19.94891],[-43.96513,-19.95003],[-43.96466,-19.95041],[-43.96439,-19.95034],[-43.96459,-19.95118]]]}},{"id":"310","type":"Feature","properties":{"bairro":"Santa Tereza","distrito":"Belo Horizonte","regiao":"Leste","setores":35,"urbano":35},"geometry":{"type":"Polygon","coordinates":[[[-43.92407,-19.92114],[-43.92726,-19.91602],[-43.92563,-19.91522],[-43.92552,-19.91451],[-43.92467,-19.91462],[-43.92439,-19.9124],[-43.92047,-19.91262],[-43.91841,-19.91304],[-43.91774,-19.91257],[-43.91654,-19.91028],[-43.91581,-19.90975],[-43.91334,-19.90889],[-43.91279,-19.90981],[-43.91208,-19.91039],[-43.91042,-19.91087],[-43.90971,-19.91066],[-43.90952,-19.91102],[-43.90895,-19.91078],[-43.90822,-19.91232],[-43.90804,-19.9131],[-43.90813,-19.91416],[-43.9085,-19.91502],[-43.91035,-19.91743],[-43.91331,-19.9193],[-43.91461,-19.91995],[-43.91531,-19.92009],[-43.91831,-19.91977],[-43.9209,-19.92008],[-43.92407,-19.92114]],[[-43.92138,-19.91825],[-43.92276,-19.91912],[-43.92304,-19.91883],[-43.92353,-19.9191],[-43.92369,-19.91883],[-43.92415,-19.91897],[-43.92431,-19.91973],[-43.92397,-19.91998],[-43.923,-19.91964],[-43.92048,-19.91793],[-43.9195,-19.91748],[-43.9201,-19.91738],[-43.9202,-19.91756],[-43.92068,-19.91761],[-43.92148,-19.91746],[-43.92175,-19.91797],[-43.92138,-19.91825]],[[-43.92364,-19.91699],[-43.92307,-19.91724],[-43.92263,-19.91794],[-43.92251,-19.91785],[-43.92238,-19.91803],[-43.92211,-19.91784],[-43.9224,-19.9176],[-43.92215,-19.91708],[-43.92239,-19.91663],[-43.92328,-19.91647],[-43.92373,-19.91675],[-43.92364,-19.91699]]]}},{"id":"311","type":"Feature","properties":{"bairro":"Santa Terezinha","distrito":"Belo Horizonte","regiao":"Pampulha","setores":23,"urbano":23},"geometry":{"type":"Polygon","coordinates":[[[-44.00533,-19.87833],[-44.00837,-19.87628],[-44.00934,-19.87681],[-44.01231,-19.87762],[-44.01238,-19.87462],[-44.01356,-19.87292],[-44.01252,-19.87194],[-44.01202,-19.87095],[-44.01209,-19.87071],[-44.01147,-19.86893],[-44.0111,-19.86855],[-44.00772,-19.866],[-44.00665,-19.86545],[-44.00528,-19.86507],[-44.00434,-19.8669],[-44.00308,-19.86634],[-44.00233,-19.86776],[-44.0011,-19.86719],[-44.00078,-19.86775],[-43.99898,-19.86697],[-43.99924,-19.86832],[-43.99889,-19.87306],[-43.99944,-19.8743],[-44.00018,-19.87482],[-44.00386,-19.87632],[-44.00433,-19.87676],[-44.00533,-19.87833]]]}},{"id":"312","type":"Feature","properties":{"bairro":"Santana do Cafezal","distrito":"Belo Horizonte","regiao":"Centro-Sul","setores":8,"urbano":8},"geometry":{"type":"Polygon","coordinates":[[[-43.91078,-19.93654],[-43.91147,-19.93721],[-43.91221,-19.93683],[-43.912,-19.93655],[-43.91343,-19.93584],[-43.91171,-19.93576],[-43.91109,-19.93602],[-43.91111,-19.93483],[-43.91026,-19.93398],[-43.90878,-19.93402],[-43.90786,-19.93377],[-43.90749,-19.93277],[-43.90676,-19.93286],[-43.90575,-19.93386],[-43.90579,-19.93459],[-43.90637,-19.93541],[-43.90752,-19.93613],[-43.90784,-19.93608],[-43.90845,-19.93649],[-43.90956,-19.93673],[-43.91002,-19.93665],[-43.91053,-19.93682],[-43.91056,-19.9366],[-43.91078,-19.93654]]]}},{"id":"313","type":"Feature","properties":{"bairro":"Santo Agostinho","distrito":"Belo Horizonte","regiao":"Centro-Sul","setores":29,"urbano":29},"geometry":{"type":"Polygon","coordinates":[[[-43.94849,-19.935],[-43.95366,-19.93371],[-43.95686,-19.93032],[-43.95719,-19.92945],[-43.94592,-19.9232],[-43.94537,-19.92353],[-43.94849,-19.935]]]}},{"id":"314","type":"Feature","properties":{"bairro":"Santo André","distrito":"Belo Horizonte","regiao":"Noroeste","setores":16,"urbano":16},"geometry":{"type":"Polygon","coordinates":[[[-43.9588,-19.90841],[-43.96012,-19.908],[-43.95977,-19.90655],[-43.96016,-19.90656],[-43.96018,-19.90456],[-43.96189,-19.90454],[-43.96179,-19.90384],[-43.95638,-19.90366],[-43.95641,-19.90149],[-43.95706,-19.89912],[-43.95313,-19.89848],[-43.95123,-19.90024],[-43.95035,-19.90023],[-43.95053,-19.9014],[-43.95164,-19.90141],[-43.95158,-19.9043],[-43.95156,-19.90452],[-43.95084,-19.90473],[-43.95101,-19.90538],[-43.95009,-19.90573],[-43.95031,-19.90646],[-43.95058,-19.90666],[-43.94966,-19.90756],[-43.94979,-19.9077],[-43.95101,-19.90707],[-43.95149,-19.90708],[-43.95152,-19.90583],[-43.95713,-19.90592],[-43.9588,-19.90841]]]}},{"id":"315","type":"Feature","properties":{"bairro":"Santo Antônio","distrito":"Belo Horizonte","regiao":"Centro-Sul","setores":52,"urbano":52},"geometry":{"type":"Polygon","coordinates":[[[-43.94485,-19.95088],[-43.9463,-19.9511],[-43.94679,-19.9506],[-43.94767,-19.9512],[-43.94759,-19.94881],[-43.94931,-19.946],[-43.94927,-19.94503],[-43.94843,-19.94382],[-43.94852,-19.94324],[-43.94909,-19.94235],[-43.94905,-19.9419],[-43.94798,-19.94048],[-43.94768,-19.93883],[-43.94656,-19.93548],[-43.94589,-19.93567],[-43.94396,-19.93874],[-43.93755,-19.94031],[-43.9394,-19.94708],[-43.94044,-19.94848],[-43.94141,-19.94786],[-43.94155,-19.948],[-43.94235,-19.94766],[-43.94247,-19.94946],[-43.94142,-19.94895],[-43.94114,-19.94953],[-43.94141,-19.94996],[-43.9427,-19.95099],[-43.94485,-19.95088]]]}},{"id":"316","type":"Feature","properties":{"bairro":"Santo Antônio Barroquinha","distrito":"Belo Horizonte","regiao":"Pampulha","setores":1,"urbano":1},"geometry":{"type":"Polygon","coordinates":[[[-44.01088,-19.88907],[-44.01109,-19.88897],[-44.01154,-19.88933],[-44.01037,-19.8902],[-44.01039,-19.89128],[-44.01197,-19.88992],[-44.01183,-19.88962],[-44.01225,-19.88932],[-44.01082,-19.88808],[-44.01037,-19.8884],[-44.01088,-19.88907]]]}},{"id":"317","type":"Feature","properties":{"bairro":"Satélite","distrito":"Venda Nova","regiao":"Norte","setores":1,"urbano":1},"geometry":{"type":"Polygon","coordinates":[[[-43.9488,-19.81084],[-43.94718,-19.81233],[-43.94681,-19.81312],[-43.94699,-19.81424],[-43.94824,-19.81606],[-43.95028,-19.81163],[-43.95028,-19.80955],[-43.95016,-19.80948],[-43.94982,-19.80985],[-43.9497,-19.80965],[-43.9488,-19.81084]]]}},{"id":"318","type":"Feature","properties":{"bairro":"Saudade","distrito":"Belo Horizonte","regiao":"Leste","setores":8,"urbano":8},"geometry":{"type":"Polygon","coordinates":[[[-43.90072,-19.91926],[-43.90197,-19.91808],[-43.90196,-19.91711],[-43.90267,-19.91605],[-43.90107,-19.91366],[-43.90065,-19.91356],[-43.90062,-19.91325],[-43.90104,-19.91332],[-43.9009,-19.91229],[-43.89983,-19.91134],[-43.89787,-19.91103],[-43.89779,-19.91136],[-43.89734,-19.91126],[-43.89743,-19.91094],[-43.89696,-19.91085],[-43.89668,-19.91188],[-43.89692,-19.91221],[-43.89656,-19.91244],[-43.89568,-19.91613],[-43.89381,-19.91574],[-43.89324,-19.91818],[-43.89415,-19.91826],[-43.89733,-19.91965],[-43.90072,-19.91926]]]}},{"id":"319","type":"Feature","properties":{"bairro":"Savassi","distrito":"Belo Horizonte","regiao":"Centro-Sul","setores":39,"urbano":39},"geometry":{"type":"Polygon","coordinates":[[[-43.9271,-19.93926],[-43.93755,-19.94031],[-43.94143,-19.93939],[-43.93907,-19.93078],[-43.93389,-19.93204],[-43.93355,-19.9308],[-43.93192,-19.92991],[-43.92631,-19.93897],[-43.9271,-19.93926]]]}},{"id":"320","type":"Feature","properties":{"bairro":"Senhor dos Passos","distrito":"Belo Horizonte","regiao":"Noroeste","setores":5,"urbano":5},"geometry":{"type":"Polygon","coordinates":[[[-43.94709,-19.90539],[-43.94698,-19.90751],[-43.94716,-19.90782],[-43.9478,-19.90841],[-43.94878,-19.90765],[-43.94897,-19.9078],[-43.94979,-19.9077],[-43.94966,-19.90756],[-43.95058,-19.90666],[-43.95031,-19.90646],[-43.95009,-19.90573],[-43.95101,-19.90538],[-43.95084,-19.90473],[-43.95156,-19.90452],[-43.95157,-19.90421],[-43.95016,-19.90441],[-43.94865,-19.90507],[-43.94724,-19.90471],[-43.94645,-19.90497],[-43.94709,-19.90539]]]}},{"id":"321","type":"Feature","properties":{"bairro":"Serra","distrito":"Belo Horizonte","regiao":"Centro-Sul","setores":46,"urbano":46},"geometry":{"type":"Polygon","coordinates":[[[-43.92022,-19.94874],[-43.92373,-19.94309],[-43.92326,-19.94297],[-43.92335,-19.94267],[-43.92355,-19.94264],[-43.92396,-19.94204],[-43.92427,-19.94222],[-43.92631,-19.93897],[-43.92597,-19.9386],[-43.92407,-19.93176],[-43.92357,-19.93182],[-43.91764,-19.93518],[-43.91783,-19.93588],[-43.91772,-19.93579],[-43.91775,-19.93621],[-43.91754,-19.93638],[-43.91765,-19.93692],[-43.91701,-19.9374],[-43.91707,-19.93765],[-43.91612,-19.93795],[-43.91524,-19.93797],[-43.91468,-19.93828],[-43.91141,-19.93795],[-43.91125,-19.93923],[-43.9112,-19.93985],[-43.91193,-19.94067],[-43.91196,-19.94105],[-43.91173,-19.94079],[-43.91116,-19.94094],[-43.91127,-19.94121],[-43.91105,-19.94134],[-43.91124,-19.94175],[-43.91238,-19.94204],[-43.91437,-19.94321],[-43.91406,-19.94349],[-43.91456,-19.94361],[-43.91448,-19.94429],[-43.91504,-19.94437],[-43.91519,-19.94372],[-43.91674,-19.94464],[-43.91641,-19.94518],[-43.91762,-19.94628],[-43.91817,-19.94822],[-43.91856,-19.94871],[-43.91963,-19.94898],[-43.91979,-19.94936],[-43.92008,-19.94941],[-43.92035,-19.94923],[-43.92022,-19.94874]]]}},{"id":"322","type":"Feature","properties":{"bairro":"Serra Verde","distrito":"Venda Nova","regiao":"Venda Nova","setores":24,"urbano":24},"geometry":{"type":"Polygon","coordinates":[[[-43.95542,-19.80344],[-43.95641,-19.80302],[-43.95869,-19.80143],[-43.95902,-19.80035],[-43.96081,-19.80093],[-43.96141,-19.80133],[-43.96258,-19.79977],[-43.96371,-19.79874],[-43.96274,-19.79692],[-43.96286,-19.79645],[-43.96233,-19.79501],[-43.96228,-19.79433],[-43.96288,-19.79289],[-43.96403,-19.7914],[-43.96421,-19.78941],[-43.96405,-19.78855],[-43.96577,-19.7866],[-43.9659,-19.78615],[-43.9657,-19.78501],[-43.96496,-19.78409],[-43.96394,-19.7838],[-43.96307,-19.7832],[-43.96275,-19.78244],[-43.96204,-19.78168],[-43.96196,-19.78118],[-43.96142,-19.78073],[-43.96079,-19.78062],[-43.96048,-19.78075],[-43.95947,-19.78048],[-43.95917,-19.77902],[-43.95824,-19.77788],[-43.95732,-19.77778],[-43.95636,-19.77795],[-43.95426,-19.77728],[-43.9526,-19.77766],[-43.95179,-19.77762],[-43.95211,-19.77695],[-43.95076,-19.77654],[-43.95001,-19.77668],[-43.94948,-19.77643],[-43.94944,-19.77702],[-43.94913,-19.77718],[-43.94914,-19.77673],[-43.94874,-19.77672],[-43.94861,-19.78037],[-43.949,-19.78915],[-43.94963,-19.79485],[-43.95028,-19.80897],[-43.95069,-19.80895],[-43.9513,-19.80693],[-43.95357,-19.80501],[-43.95497,-19.80428],[-43.95542,-19.80344]],[[-43.95328,-19.79302],[-43.95529,-19.79305],[-43.9553,-19.79366],[-43.95321,-19.79367],[-43.95309,-19.79326],[-43.95328,-19.79302]]]}},{"id":"323","type":"Feature","properties":{"bairro":"Serra do Curral","distrito":"Barreiro","regiao":"Barreiro","setores":2,"urbano":2},"geometry":{"type":"Polygon","coordinates":[[[-44.00374,-20.00961],[-44.00311,-20.0092],[-44.00294,-20.00505],[-44.00255,-20.00333],[-44.00152,-20.00315],[-44.00139,-20.00246],[-44.00044,-20.00146],[-44.00068,-20.00071],[-44.00117,-20.00065],[-44.00153,-19.99958],[-44.00092,-19.99873],[-44.00067,-19.99887],[-43.99952,-19.99692],[-43.99901,-19.9967],[-43.99835,-19.99664],[-43.99615,-19.99772],[-43.99539,-19.99829],[-43.99455,-19.9995],[-43.99403,-19.99936],[-43.99282,-20.00191],[-43.99184,-20.00239],[-43.98927,-20.00126],[-43.98829,-20.00176],[-43.98386,-20.00011],[-43.98106,-19.99856],[-43.98117,-19.999],[-43.98079,-19.99963],[-43.98073,-20.00101],[-43.98047,-20.00167],[-43.98049,-20.00205],[-43.9811,-20.00301],[-43.98111,-20.0035],[-43.98074,-20.00389],[-43.97987,-20.00401],[-43.98049,-20.00457],[-43.97727,-20.00541],[-43.96684,-19.99939],[-43.96499,-19.99896],[-43.96306,-19.99799],[-43.96239,-19.99809],[-43.96506,-20.00183],[-43.96496,-20.0034],[-43.96612,-20.00364],[-43.9678,-20.00515],[-43.96907,-20.00558],[-43.96994,-20.00641],[-43.9709,-20.00683],[-43.9714,-20.00729],[-43.97234,-20.00769],[-43.97336,-20.00779],[-43.9744,-20.0084],[-43.97542,-20.00868],[-43.97561,-20.00915],[-43.977,-20.01082],[-43.97914,-20.01227],[-43.98031,-20.01361],[-43.98133,-20.01394],[-43.98217,-20.01523],[-43.98268,-20.01553],[-43.98288,-20.01596],[-43.98356,-20.01633],[-43.98321,-20.01723],[-43.98348,-20.01812],[-43.98345,-20.01965],[-43.98467,-20.02067],[-43.98509,-20.02202],[-43.98619,-20.02286],[-43.98661,-20.02452],[-43.98729,-20.02559],[-43.98889,-20.02645],[-43.98901,-20.02763],[-43.98924,-20.02799],[-43.99109,-20.02887],[-43.99219,-20.02885],[-43.9929,-20.02936],[-43.99332,-20.02996],[-43.9927,-20.03088],[-43.99261,-20.03156],[-43.9932,-20.03265],[-43.99342,-20.03375],[-43.99406,-20.03432],[-43.99546,-20.03503],[-43.99604,-20.03611],[-43.998,-20.03805],[-43.99841,-20.03883],[-43.99823,-20.03995],[-43.99866,-20.0415],[-43.99846,-20.04196],[-43.99951,-20.04293],[-43.9996,-20.04329],[-43.99877,-20.04397],[-43.99678,-20.04432],[-43.9965,-20.04461],[-43.99654,-20.04511],[-43.99864,-20.04714],[-43.99976,-20.04891],[-43.99984,-20.0495],[-43.99965,-20.05022],[-43.99858,-20.05152],[-43.99912,-20.05207],[-44.00057,-20.05275],[-44.00196,-20.05488],[-44.00229,-20.056],[-44.00113,-20.05666],[-44.00286,-20.05697],[-44.00333,-20.05772],[-44.0056,-20.05775],[-44.00697,-20.05808],[-44.00823,-20.05877],[-44.00973,-20.05913],[-44.01189,-20.05931],[-44.01328,-20.0597],[-44.01415,-20.05892],[-44.01483,-20.05739],[-44.01799,-20.05481],[-44.01865,-20.05449],[-44.01795,-20.05366],[-44.01759,-20.05289],[-44.0178,-20.05188],[-44.01761,-20.05144],[-44.01802,-20.05057],[-44.01746,-20.04962],[-44.01606,-20.0486],[-44.01492,-20.04734],[-44.01395,-20.04676],[-44.01304,-20.04674],[-44.01276,-20.04594],[-44.01203,-20.0456],[-44.01189,-20.04535],[-44.01162,-20.04566],[-44.01129,-20.04549],[-44.01058,-20.04444],[-44.01078,-20.04402],[-44.01066,-20.04346],[-44.00932,-20.04176],[-44.00959,-20.04115],[-44.00952,-20.0405],[-44.00987,-20.04027],[-44.01043,-20.04027],[-44.01012,-20.0391],[-44.0107,-20.03914],[-44.01098,-20.0389],[-44.01112,-20.03838],[-44.01216,-20.03782],[-44.01246,-20.03734],[-44.01362,-20.03645],[-44.01472,-20.03593],[-44.01534,-20.03631],[-44.01563,-20.03602],[-44.01694,-20.03578],[-44.01771,-20.03498],[-44.01754,-20.0342],[-44.01781,-20.0336],[-44.01867,-20.0339],[-44.02007,-20.03374],[-44.02049,-20.03346],[-44.02074,-20.03278],[-44.02176,-20.03224],[-44.0226,-20.03214],[-44.0238,-20.0311],[-44.02518,-20.03051],[-44.02607,-20.02943],[-44.02586,-20.02872],[-44.02633,-20.02851],[-44.02295,-20.02413],[-44.02467,-20.0228],[-44.02095,-20.01774],[-44.02023,-20.01737],[-44.0195,-20.01632],[-44.01882,-20.01613],[-44.01879,-20.01536],[-44.01568,-20.01424],[-44.0106,-20.01376],[-44.00963,-20.01347],[-44.00835,-20.01249],[-44.00808,-20.01205],[-44.0044,-20.01021],[-44.00382,-20.00987],[-44.00374,-20.00961]]]}},{"id":"324","type":"Feature","properties":{"bairro":"Serrano","distrito":"Belo Horizonte","regiao":"Pampulha","setores":20,"urbano":20},"geometry":{"type":"Polygon","coordinates":[[[-44.01012,-19.8873],[-44.01019,-19.88937],[-44.00832,-19.88978],[-44.00844,-19.89031],[-44.00755,-19.89052],[-44.00783,-19.89244],[-44.0089,-19.89372],[-44.00944,-19.89227],[-44.01039,-19.89128],[-44.01037,-19.8902],[-44.01154,-19.88933],[-44.01109,-19.88897],[-44.0109,-19.88911],[-44.01037,-19.8884],[-44.01082,-19.88808],[-44.01216,-19.88918],[-44.01225,-19.88932],[-44.01183,-19.88962],[-44.01197,-19.88992],[-44.01476,-19.88787],[-44.01432,-19.88699],[-44.01441,-19.88675],[-44.01407,-19.88633],[-44.01436,-19.88598],[-44.01415,-19.88377],[-44.01311,-19.88215],[-44.01404,-19.87919],[-44.01499,-19.87942],[-44.01522,-19.87907],[-44.01564,-19.87795],[-44.01553,-19.87776],[-44.01568,-19.87763],[-44.01531,-19.87723],[-44.01556,-19.87677],[-44.01601,-19.87623],[-44.01677,-19.8769],[-44.0173,-19.87662],[-44.01548,-19.87482],[-44.0155,-19.87442],[-44.01629,-19.87462],[-44.01692,-19.87517],[-44.01818,-19.87362],[-44.01527,-19.87386],[-44.01362,-19.87286],[-44.01238,-19.87462],[-44.01231,-19.87762],[-44.00934,-19.87681],[-44.00837,-19.87628],[-44.00533,-19.87833],[-44.00587,-19.87956],[-44.006,-19.88334],[-44.01047,-19.88247],[-44.01123,-19.88288],[-44.01184,-19.88551],[-44.01072,-19.88545],[-44.01012,-19.8873]]]}},{"id":"325","type":"Feature","properties":{"bairro":"Silveira","distrito":"Belo Horizonte","regiao":"Nordeste","setores":13,"urbano":13},"geometry":{"type":"Polygon","coordinates":[[[-43.93062,-19.89518],[-43.93142,-19.89489],[-43.93204,-19.89369],[-43.93182,-19.89154],[-43.93094,-19.89163],[-43.93106,-19.89119],[-43.93165,-19.88994],[-43.93293,-19.88926],[-43.93287,-19.88857],[-43.93066,-19.88783],[-43.92927,-19.88557],[-43.92923,-19.88917],[-43.92741,-19.89523],[-43.9277,-19.89756],[-43.92824,-19.89735],[-43.92808,-19.89696],[-43.92813,-19.89637],[-43.92873,-19.89576],[-43.93073,-19.89628],[-43.93052,-19.89541],[-43.93062,-19.89518]]]}},{"id":"326","type":"Feature","properties":{"bairro":"Sion","distrito":"Belo Horizonte","regiao":"Centro-Sul","setores":43,"urbano":43},"geometry":{"type":"Polygon","coordinates":[[[-43.93585,-19.95985],[-43.93663,-19.95974],[-43.93737,-19.95934],[-43.93757,-19.9596],[-43.93928,-19.95849],[-43.93988,-19.95844],[-43.94077,-19.95796],[-43.94113,-19.95757],[-43.9423,-19.95836],[-43.94256,-19.9582],[-43.94043,-19.95552],[-43.93539,-19.94806],[-43.93479,-19.94615],[-43.93112,-19.94699],[-43.93145,-19.94817],[-43.92914,-19.9539],[-43.92957,-19.95429],[-43.92969,-19.95484],[-43.92995,-19.95677],[-43.9298,-19.95807],[-43.92867,-19.95982],[-43.9287,-19.96002],[-43.92913,-19.9601],[-43.92905,-19.96047],[-43.92922,-19.96063],[-43.92908,-19.96078],[-43.92948,-19.96158],[-43.92996,-19.96122],[-43.92993,-19.96058],[-43.93085,-19.95954],[-43.93155,-19.95808],[-43.93188,-19.95789],[-43.93211,-19.95835],[-43.93244,-19.95807],[-43.93238,-19.95779],[-43.93382,-19.9575],[-43.93449,-19.95883],[-43.93585,-19.95985]],[[-43.93485,-19.94808],[-43.93529,-19.9492],[-43.93521,-19.94922],[-43.93502,-19.94881],[-43.93477,-19.94888],[-43.93485,-19.94808]]]}},{"id":"327","type":"Feature","properties":{"bairro":"Solar do Barreiro","distrito":"Barreiro","regiao":"Barreiro","setores":8,"urbano":8},"geometry":{"type":"Polygon","coordinates":[[[-44.0106,-20.01376],[-44.01638,-20.01446],[-44.01746,-20.01339],[-44.01729,-20.0132],[-44.01849,-20.01223],[-44.01879,-20.01115],[-44.01871,-20.01044],[-44.01821,-20.00908],[-44.01857,-20.0081],[-44.01838,-20.00809],[-44.01834,-20.00728],[-44.02011,-20.0072],[-44.01972,-20.00675],[-44.01966,-20.0061],[-44.0199,-20.00567],[-44.01965,-20.00562],[-44.01933,-20.00609],[-44.01881,-20.00613],[-44.0162,-20.00587],[-44.01585,-20.00669],[-44.01542,-20.00689],[-44.01475,-20.00761],[-44.01534,-20.0082],[-44.01469,-20.00876],[-44.01484,-20.00892],[-44.01374,-20.00987],[-44.01364,-20.0102],[-44.01426,-20.01048],[-44.01403,-20.01093],[-44.01187,-20.01053],[-44.01384,-20.00798],[-44.01267,-20.00676],[-44.01164,-20.00859],[-44.01018,-20.00952],[-44.00974,-20.01038],[-44.00306,-20.00858],[-44.00313,-20.00929],[-44.00374,-20.00961],[-44.00382,-20.00987],[-44.00808,-20.01205],[-44.00835,-20.01249],[-44.00963,-20.01347],[-44.0106,-20.01376]]]}},{"id":"328","type":"Feature","properties":{"bairro":"Solimões","distrito":"Venda Nova","regiao":"Norte","setores":2,"urbano":2},"geometry":{"type":"Polygon","coordinates":[[[-43.92568,-19.81833],[-43.92504,-19.82111],[-43.92383,-19.8211],[-43.92383,-19.82154],[-43.92409,-19.82156],[-43.92427,-19.82193],[-43.92351,-19.82247],[-43.92365,-19.82379],[-43.9234,-19.8247],[-43.92432,-19.8256],[-43.92521,-19.82501],[-43.92694,-19.82478],[-43.9275,-19.82453],[-43.9287,-19.82294],[-43.92929,-19.82172],[-43.92759,-19.81993],[-43.92687,-19.81857],[-43.92623,-19.81808],[-43.92568,-19.81833]]]}},{"id":"329","type":"Feature","properties":{"bairro":"Sport Club","distrito":"Belo Horizonte","regiao":"Oeste","setores":2,"urbano":2},"geometry":{"type":"Polygon","coordinates":[[[-44.01054,-19.94871],[-44.01174,-19.94695],[-44.01303,-19.94628],[-44.01294,-19.94601],[-44.01354,-19.94597],[-44.0137,-19.94554],[-44.01288,-19.94518],[-44.01167,-19.94418],[-44.01127,-19.94424],[-44.01127,-19.94473],[-44.01157,-19.94473],[-44.01147,-19.94517],[-44.01078,-19.94563],[-44.01102,-19.94563],[-44.01105,-19.94585],[-44.0098,-19.94839],[-44.01054,-19.94871]]]}},{"id":"330","type":"Feature","properties":{"bairro":"Sumaré","distrito":"Belo Horizonte","regiao":"Noroeste","setores":1,"urbano":1},"geometry":{"type":"Polygon","coordinates":[[[-43.96296,-19.88623],[-43.96371,-19.88675],[-43.96443,-19.8877],[-43.96529,-19.88775],[-43.96567,-19.88798],[-43.9665,-19.88748],[-43.96759,-19.88877],[-43.96914,-19.88711],[-43.96527,-19.88427],[-43.96296,-19.88623]]]}},{"id":"331","type":"Feature","properties":{"bairro":"Suzana","distrito":"Belo Horizonte","regiao":"Pampulha","setores":4,"urbano":4},"geometry":{"type":"Polygon","coordinates":[[[-43.93123,-19.86665],[-43.93858,-19.86857],[-43.93868,-19.86263],[-43.93787,-19.86259],[-43.93642,-19.8631],[-43.93502,-19.86186],[-43.93428,-19.86314],[-43.93214,-19.86422],[-43.93197,-19.86427],[-43.9316,-19.86368],[-43.93069,-19.86403],[-43.92956,-19.864],[-43.92924,-19.86469],[-43.92882,-19.86458],[-43.92743,-19.86489],[-43.93123,-19.86665]],[[-43.93356,-19.86592],[-43.93341,-19.86602],[-43.93351,-19.86658],[-43.9329,-19.86587],[-43.93319,-19.86569],[-43.93356,-19.86592]]]}},{"id":"332","type":"Feature","properties":{"bairro":"São Benedito","distrito":"Venda Nova","regiao":"Nordeste","setores":3,"urbano":3},"geometry":{"type":"Polygon","coordinates":[[[-43.89748,-19.87165],[-43.89952,-19.87118],[-43.89929,-19.87058],[-43.89846,-19.86981],[-43.89741,-19.86946],[-43.89716,-19.86981],[-43.89702,-19.87093],[-43.89713,-19.87155],[-43.89748,-19.87165]]]}},{"id":"333","type":"Feature","properties":{"bairro":"São Bento","distrito":"Belo Horizonte","regiao":"Centro-Sul","setores":8,"urbano":8},"geometry":{"type":"Polygon","coordinates":[[[-43.95119,-19.96332],[-43.95102,-19.96409],[-43.95311,-19.96322],[-43.95342,-19.96196],[-43.95427,-19.96083],[-43.95543,-19.96165],[-43.95464,-19.96282],[-43.95479,-19.96348],[-43.95543,-19.96403],[-43.95672,-19.96254],[-43.95728,-19.96162],[-43.95749,-19.95981],[-43.95704,-19.95809],[-43.95721,-19.95723],[-43.96051,-19.95213],[-43.9597,-19.95185],[-43.95915,-19.95232],[-43.9571,-19.9523],[-43.95635,-19.95289],[-43.95533,-19.95316],[-43.95439,-19.95299],[-43.9544,-19.95235],[-43.9546,-19.95205],[-43.95366,-19.95181],[-43.9524,-19.95213],[-43.95148,-19.95307],[-43.9522,-19.95353],[-43.95189,-19.95389],[-43.94999,-19.95387],[-43.9488,-19.95307],[-43.94843,-19.95391],[-43.94761,-19.95392],[-43.94767,-19.95486],[-43.94805,-19.95464],[-43.95024,-19.95465],[-43.95022,-19.95535],[-43.94944,-19.95535],[-43.94941,-19.95831],[-43.95019,-19.95833],[-43.94989,-19.95967],[-43.95009,-19.96191],[-43.95073,-19.96226],[-43.95042,-19.96359],[-43.95119,-19.96332]]]}},{"id":"334","type":"Feature","properties":{"bairro":"São Bernardo","distrito":"Venda Nova","regiao":"Norte","setores":14,"urbano":14},"geometry":{"type":"Polygon","coordinates":[[[-43.94199,-19.85079],[-43.94406,-19.84878],[-43.94372,-19.84865],[-43.94387,-19.84826],[-43.9444,-19.84843],[-43.94524,-19.84731],[-43.94753,-19.84638],[-43.94869,-19.8465],[-43.94818,-19.84496],[-43.94645,-19.84456],[-43.94594,-19.84419],[-43.94686,-19.84389],[-43.9478,-19.84316],[-43.94736,-19.84268],[-43.94685,-19.84309],[-43.94281,-19.84494],[-43.9425,-19.84461],[-43.94224,-19.84475],[-43.94187,-19.84467],[-43.94021,-19.84548],[-43.9396,-19.84556],[-43.93942,-19.84596],[-43.93979,-19.84681],[-43.93784,-19.84719],[-43.93467,-19.84618],[-43.93337,-19.84633],[-43.93277,-19.8468],[-43.9326,-19.84703],[-43.93286,-19.8489],[-43.93465,-19.85236],[-43.93521,-19.85414],[-43.93512,-19.85601],[-43.93435,-19.85829],[-43.93486,-19.85837],[-43.93567,-19.85804],[-43.93638,-19.85703],[-43.93652,-19.85617],[-43.93638,-19.85417],[-43.93598,-19.85301],[-43.94199,-19.85079]]]}},{"id":"335","type":"Feature","properties":{"bairro":"São Cristóvão","distrito":"Belo Horizonte","regiao":"Nordeste","setores":8,"urbano":8},"geometry":{"type":"Polygon","coordinates":[[[-43.94865,-19.90507],[-43.94982,-19.90454],[-43.94924,-19.9043],[-43.94869,-19.90456],[-43.94867,-19.90408],[-43.94826,-19.90397],[-43.94849,-19.90357],[-43.94745,-19.90314],[-43.9483,-19.90156],[-43.9482,-19.90128],[-43.94615,-19.9005],[-43.94733,-19.8984],[-43.9474,-19.89745],[-43.94655,-19.89748],[-43.9465,-19.89694],[-43.94558,-19.89814],[-43.94463,-19.89857],[-43.9421,-19.90234],[-43.94529,-19.90428],[-43.94612,-19.90513],[-43.94724,-19.90471],[-43.94865,-19.90507]]]}},{"id":"336","type":"Feature","properties":{"bairro":"São Damião","distrito":"Venda Nova","regiao":"Venda Nova","setores":1,"urbano":1},"geometry":{"type":"Polygon","coordinates":[[[-43.94608,-19.77724],[-43.94564,-19.77776],[-43.94559,-19.77826],[-43.94594,-19.77891],[-43.946,-19.77991],[-43.94639,-19.78065],[-43.94689,-19.78091],[-43.94737,-19.78212],[-43.94744,-19.78331],[-43.94724,-19.78345],[-43.94723,-19.78419],[-43.94774,-19.78507],[-43.94886,-19.78584],[-43.94861,-19.78037],[-43.94874,-19.77672],[-43.9473,-19.77716],[-43.94608,-19.77724]]]}},{"id":"337","type":"Feature","properties":{"bairro":"São Dimas","distrito":"Venda Nova","regiao":"Nordeste","setores":1,"urbano":1},"geometry":{"type":"Polygon","coordinates":[[[-43.91982,-19.86088],[-43.92127,-19.86153],[-43.92134,-19.86135],[-43.92057,-19.86079],[-43.92135,-19.85949],[-43.92088,-19.85972],[-43.92053,-19.86031],[-43.92022,-19.86016],[-43.91982,-19.86088]]]}},{"id":"338","type":"Feature","properties":{"bairro":"São Francisco","distrito":"Belo Horizonte","regiao":"Pampulha","setores":11,"urbano":11},"geometry":{"type":"Polygon","coordinates":[[[-43.9547,-19.88074],[-43.96527,-19.88427],[-43.96552,-19.88401],[-43.96431,-19.88289],[-43.96441,-19.88165],[-43.96422,-19.88147],[-43.96408,-19.87986],[-43.96465,-19.87905],[-43.9646,-19.87864],[-43.96486,-19.87861],[-43.9647,-19.87733],[-43.96412,-19.87651],[-43.96238,-19.87757],[-43.95754,-19.87253],[-43.95866,-19.87159],[-43.95789,-19.87066],[-43.95613,-19.87171],[-43.9548,-19.87163],[-43.95521,-19.87055],[-43.95319,-19.86834],[-43.9517,-19.86869],[-43.94948,-19.87004],[-43.94957,-19.87105],[-43.94853,-19.87221],[-43.94926,-19.87345],[-43.94966,-19.87471],[-43.94982,-19.87463],[-43.95014,-19.87508],[-43.95035,-19.87501],[-43.95131,-19.87603],[-43.95149,-19.87589],[-43.95201,-19.87611],[-43.95175,-19.87653],[-43.95066,-19.8765],[-43.9535,-19.88],[-43.9547,-19.88074]],[[-43.96258,-19.88122],[-43.96252,-19.88087],[-43.96307,-19.8803],[-43.96333,-19.88058],[-43.96258,-19.88122]],[[-43.95369,-19.8785],[-43.95391,-19.87833],[-43.95434,-19.87877],[-43.95408,-19.87899],[-43.95369,-19.8785]],[[-43.95191,-19.87022],[-43.9513,-19.87084],[-43.95111,-19.87078],[-43.95076,-19.87108],[-43.95145,-19.87182],[-43.95108,-19.87212],[-43.95159,-19.87259],[-43.95122,-19.87254],[-43.95042,-19.8732],[-43.95018,-19.87354],[-43.95044,-19.87383],[-43.95009,-19.87406],[-43.94968,-19.87367],[-43.95025,-19.87325],[-43.95018,-19.87206],[-43.94991,-19.87207],[-43.95004,-19.87116],[-43.95037,-19.87135],[-43.95185,-19.87008],[-43.95191,-19.87022]]]}},{"id":"339","type":"Feature","properties":{"bairro":"São Francisco das Chagas","distrito":"Belo Horizonte","regiao":"Noroeste","setores":1,"urbano":1},"geometry":{"type":"Polygon","coordinates":[[[-43.96088,-19.91375],[-43.96122,-19.91353],[-43.96185,-19.91463],[-43.96131,-19.91522],[-43.96151,-19.91551],[-43.96118,-19.91568],[-43.96136,-19.91589],[-43.96257,-19.91527],[-43.96229,-19.9146],[-43.96335,-19.9145],[-43.96223,-19.91453],[-43.96187,-19.91349],[-43.96132,-19.91267],[-43.96094,-19.91256],[-43.96074,-19.91269],[-43.96083,-19.91284],[-43.96041,-19.91307],[-43.96067,-19.91343],[-43.96099,-19.91323],[-43.96105,-19.91335],[-43.96074,-19.91355],[-43.96088,-19.91375]]]}},{"id":"340","type":"Feature","properties":{"bairro":"São Gabriel","distrito":"Venda Nova","regiao":"Nordeste","setores":32,"urbano":32},"geometry":{"type":"Polygon","coordinates":[[[-43.92127,-19.86153],[-43.92533,-19.86386],[-43.92743,-19.86489],[-43.92882,-19.86458],[-43.92924,-19.86469],[-43.92954,-19.86432],[-43.92945,-19.86372],[-43.92905,-19.86372],[-43.92832,-19.86323],[-43.92725,-19.86316],[-43.92657,-19.86207],[-43.92465,-19.86059],[-43.92427,-19.85813],[-43.92246,-19.85432],[-43.92002,-19.84996],[-43.91887,-19.84876],[-43.91603,-19.84672],[-43.91578,-19.8471],[-43.91473,-19.84646],[-43.9144,-19.84674],[-43.91324,-19.84652],[-43.91201,-19.84683],[-43.90897,-19.84952],[-43.90559,-19.85097],[-43.90582,-19.85147],[-43.90565,-19.854],[-43.90713,-19.85392],[-43.90853,-19.85531],[-43.90936,-19.85583],[-43.91015,-19.85597],[-43.91039,-19.85689],[-43.91106,-19.85796],[-43.91035,-19.85831],[-43.91428,-19.8587],[-43.91617,-19.85924],[-43.91982,-19.86088],[-43.92022,-19.86016],[-43.92053,-19.86031],[-43.92123,-19.85944],[-43.92135,-19.85949],[-43.92119,-19.85986],[-43.92105,-19.85985],[-43.92059,-19.86087],[-43.92134,-19.86135],[-43.92127,-19.86153]],[[-43.92149,-19.85707],[-43.9209,-19.85681],[-43.9184,-19.85217],[-43.91877,-19.85169],[-43.92132,-19.85625],[-43.92149,-19.85707]]]}},{"id":"341","type":"Feature","properties":{"bairro":"São Geraldo","distrito":"Belo Horizonte","regiao":"Leste","setores":25,"urbano":25},"geometry":{"type":"Polygon","coordinates":[[[-43.8953,-19.90519],[-43.8982,-19.90527],[-43.89863,-19.90501],[-43.90002,-19.90346],[-43.90388,-19.90249],[-43.90569,-19.90166],[-43.90562,-19.90108],[-43.90507,-19.89998],[-43.90128,-19.8951],[-43.89466,-19.89343],[-43.89401,-19.89577],[-43.89439,-19.89585],[-43.89482,-19.89558],[-43.8948,-19.896],[-43.89439,-19.89588],[-43.89431,-19.8961],[-43.89375,-19.89614],[-43.89295,-19.89864],[-43.89114,-19.89797],[-43.88988,-19.90284],[-43.89019,-19.9031],[-43.88973,-19.90365],[-43.88869,-19.90423],[-43.88934,-19.90488],[-43.88953,-19.90486],[-43.89115,-19.90388],[-43.8928,-19.90345],[-43.89343,-19.90367],[-43.8945,-19.90476],[-43.8953,-19.90519]],[[-43.89929,-19.89543],[-43.89898,-19.89638],[-43.89873,-19.89631],[-43.89866,-19.89542],[-43.89929,-19.89543]],[[-43.89982,-19.90002],[-43.9001,-19.90002],[-43.90044,-19.9005],[-43.90026,-19.90079],[-43.89976,-19.90099],[-43.89938,-19.90044],[-43.89982,-19.90002]]]}},{"id":"342","type":"Feature","properties":{"bairro":"São Gonçalo","distrito":"Venda Nova","regiao":"Norte","setores":4,"urbano":4},"geometry":{"type":"Polygon","coordinates":[[[-43.92761,-19.85025],[-43.9278,-19.85075],[-43.92907,-19.85085],[-43.92829,-19.84879],[-43.92724,-19.84852],[-43.92751,-19.84748],[-43.92532,-19.84661],[-43.92446,-19.84636],[-43.92244,-19.84674],[-43.92152,-19.84721],[-43.92073,-19.84803],[-43.9213,-19.84954],[-43.9216,-19.84913],[-43.92405,-19.84921],[-43.92546,-19.84996],[-43.92643,-19.85082],[-43.92761,-19.85025]]]}},{"id":"343","type":"Feature","properties":{"bairro":"São Jorge I","distrito":"Belo Horizonte","regiao":"Oeste","setores":5,"urbano":5},"geometry":{"type":"Polygon","coordinates":[[[-43.96537,-19.94766],[-43.96657,-19.9469],[-43.96666,-19.94663],[-43.96459,-19.94484],[-43.96469,-19.94469],[-43.96394,-19.944],[-43.96372,-19.94301],[-43.96316,-19.94332],[-43.96352,-19.94428],[-43.96314,-19.94445],[-43.96335,-19.94545],[-43.96364,-19.94563],[-43.96362,-19.94687],[-43.96401,-19.94687],[-43.96537,-19.94766]]]}},{"id":"344","type":"Feature","properties":{"bairro":"São Jorge II","distrito":"Belo Horizonte","regiao":"Oeste","setores":9,"urbano":9},"geometry":{"type":"Polygon","coordinates":[[[-43.95932,-19.94476],[-43.95943,-19.9451],[-43.95997,-19.94558],[-43.96051,-19.94483],[-43.96062,-19.94425],[-43.96138,-19.94439],[-43.96316,-19.94335],[-43.96265,-19.94136],[-43.96209,-19.94147],[-43.96177,-19.94125],[-43.96184,-19.94108],[-43.9616,-19.94109],[-43.96125,-19.9403],[-43.96071,-19.94043],[-43.95989,-19.94145],[-43.95844,-19.94192],[-43.95844,-19.9426],[-43.95948,-19.9442],[-43.95932,-19.94476]]]}},{"id":"345","type":"Feature","properties":{"bairro":"São Jorge III","distrito":"Belo Horizonte","regiao":"Oeste","setores":7,"urbano":7},"geometry":{"type":"Polygon","coordinates":[[[-43.96363,-19.94976],[-43.96466,-19.95041],[-43.96513,-19.95003],[-43.96579,-19.94891],[-43.96673,-19.94872],[-43.96834,-19.94877],[-43.96845,-19.94844],[-43.96805,-19.94835],[-43.96814,-19.94801],[-43.96772,-19.9479],[-43.96788,-19.94725],[-43.96725,-19.94693],[-43.96715,-19.94728],[-43.96662,-19.9468],[-43.96537,-19.94766],[-43.96401,-19.94687],[-43.96362,-19.94687],[-43.96364,-19.94563],[-43.96335,-19.94545],[-43.96314,-19.94445],[-43.96352,-19.94428],[-43.96316,-19.94335],[-43.96138,-19.94439],[-43.96062,-19.94425],[-43.96051,-19.94483],[-43.95997,-19.94558],[-43.96186,-19.94698],[-43.96297,-19.94714],[-43.96375,-19.94771],[-43.96332,-19.94828],[-43.96299,-19.9482],[-43.96308,-19.94887],[-43.96346,-19.9491],[-43.96336,-19.94936],[-43.96363,-19.94976]]]}},{"id":"346","type":"Feature","properties":{"bairro":"São José","distrito":"Belo Horizonte","regiao":"Pampulha","setores":3,"urbano":3},"geometry":{"type":"Polygon","coordinates":[[[-43.95945,-19.85934],[-43.97134,-19.8633],[-43.97141,-19.861],[-43.96019,-19.85725],[-43.95945,-19.85934]]]}},{"id":"347","type":"Feature","properties":{"bairro":"São João","distrito":"Barreiro","regiao":"Barreiro","setores":2,"urbano":2},"geometry":{"type":"Polygon","coordinates":[[[-43.97287,-19.9981],[-43.97243,-19.99833],[-43.97248,-19.99853],[-43.97404,-19.99805],[-43.97423,-19.99743],[-43.97306,-19.99571],[-43.97284,-19.99473],[-43.97251,-19.99473],[-43.97217,-19.99393],[-43.97171,-19.99408],[-43.97145,-19.99494],[-43.97148,-19.9955],[-43.97255,-19.99676],[-43.9724,-19.99689],[-43.9731,-19.99748],[-43.97269,-19.99793],[-43.97287,-19.9981]]]}},{"id":"348","type":"Feature","properties":{"bairro":"São João Batista","distrito":"Venda Nova","regiao":"Venda Nova","setores":35,"urbano":35},"geometry":{"type":"Polygon","coordinates":[[[-43.96445,-19.82875],[-43.96659,-19.82722],[-43.96781,-19.82713],[-43.96985,-19.82344],[-43.96956,-19.82329],[-43.96947,-19.82344],[-43.96916,-19.82319],[-43.96772,-19.82611],[-43.96744,-19.82618],[-43.96714,-19.82573],[-43.96674,-19.82552],[-43.96691,-19.82536],[-43.96696,-19.82486],[-43.96678,-19.82452],[-43.96715,-19.823],[-43.96711,-19.82248],[-43.96768,-19.82226],[-43.96878,-19.82243],[-43.96912,-19.82292],[-43.96989,-19.82306],[-43.96975,-19.82327],[-43.96992,-19.82335],[-43.97259,-19.81929],[-43.97254,-19.81629],[-43.97118,-19.81475],[-43.96797,-19.81602],[-43.96711,-19.81672],[-43.9649,-19.81572],[-43.96375,-19.81543],[-43.96089,-19.81793],[-43.95973,-19.81837],[-43.95923,-19.81898],[-43.95808,-19.81859],[-43.95695,-19.8187],[-43.95543,-19.81783],[-43.95504,-19.8189],[-43.95344,-19.81903],[-43.9529,-19.82036],[-43.95415,-19.82242],[-43.95546,-19.82363],[-43.95554,-19.82392],[-43.95473,-19.82403],[-43.95622,-19.82582],[-43.95872,-19.82707],[-43.96035,-19.82812],[-43.96112,-19.82882],[-43.96229,-19.83046],[-43.96278,-19.82864],[-43.96445,-19.82875]],[[-43.96265,-19.82001],[-43.96297,-19.82036],[-43.96216,-19.82182],[-43.96211,-19.82226],[-43.96407,-19.82137],[-43.96468,-19.82084],[-43.96609,-19.82153],[-43.96522,-19.82223],[-43.96515,-19.82154],[-43.96484,-19.82162],[-43.96247,-19.82338],[-43.9621,-19.82279],[-43.96165,-19.82249],[-43.9615,-19.82258],[-43.96128,-19.82164],[-43.96013,-19.82184],[-43.95994,-19.82151],[-43.95971,-19.82157],[-43.95951,-19.82077],[-43.96098,-19.82084],[-43.96106,-19.82045],[-43.96078,-19.81983],[-43.96098,-19.81967],[-43.96126,-19.81996],[-43.96116,-19.82005],[-43.96161,-19.82101],[-43.96188,-19.82108],[-43.96206,-19.82046],[-43.96265,-19.82001]],[[-43.95729,-19.82417],[-43.95781,-19.82416],[-43.95816,-19.82446],[-43.9586,-19.8244],[-43.95822,-19.82518],[-43.95728,-19.82503],[-43.95661,-19.82433],[-43.95741,-19.82394],[-43.95729,-19.82417]]]}},{"id":"349","type":"Feature","properties":{"bairro":"São Lucas","distrito":"Belo Horizonte","regiao":"Centro-Sul","setores":6,"urbano":6},"geometry":{"type":"Polygon","coordinates":[[[-43.91805,-19.93272],[-43.9178,-19.93338],[-43.91741,-19.93359],[-43.91807,-19.93414],[-43.91776,-19.93426],[-43.91778,-19.93449],[-43.91743,-19.93456],[-43.91768,-19.93516],[-43.92357,-19.93182],[-43.92407,-19.93176],[-43.92035,-19.92772],[-43.92024,-19.92778],[-43.91994,-19.92698],[-43.91739,-19.9276],[-43.91792,-19.92947],[-43.91852,-19.92921],[-43.91953,-19.92823],[-43.91991,-19.92913],[-43.91931,-19.93005],[-43.91946,-19.93032],[-43.91914,-19.93058],[-43.9193,-19.93086],[-43.91899,-19.931],[-43.91905,-19.93131],[-43.91836,-19.93161],[-43.91787,-19.93224],[-43.91805,-19.93272]]]}},{"id":"350","type":"Feature","properties":{"bairro":"São Luíz","distrito":"Belo Horizonte","regiao":"Pampulha","setores":12,"urbano":12},"geometry":{"type":"Polygon","coordinates":[[[-43.97955,-19.87065],[-43.97915,-19.86956],[-43.97969,-19.86843],[-43.97968,-19.86738],[-43.98073,-19.86732],[-43.98073,-19.86451],[-43.98185,-19.86368],[-43.9821,-19.86297],[-43.9806,-19.85967],[-43.97951,-19.8594],[-43.97811,-19.85955],[-43.97674,-19.86114],[-43.97599,-19.86292],[-43.97524,-19.86308],[-43.9743,-19.86283],[-43.97448,-19.86189],[-43.97503,-19.86103],[-43.97494,-19.86081],[-43.97522,-19.86073],[-43.97665,-19.85847],[-43.97723,-19.85705],[-43.97709,-19.85622],[-43.97603,-19.85473],[-43.97097,-19.85505],[-43.96871,-19.85442],[-43.96838,-19.85389],[-43.96756,-19.85038],[-43.96727,-19.84974],[-43.96674,-19.8492],[-43.96664,-19.8486],[-43.96521,-19.8497],[-43.9581,-19.85116],[-43.95754,-19.85098],[-43.95719,-19.85117],[-43.95611,-19.85278],[-43.95724,-19.85354],[-43.95926,-19.85642],[-43.95947,-19.85703],[-43.97141,-19.861],[-43.97134,-19.8633],[-43.9704,-19.86297],[-43.96884,-19.86724],[-43.96911,-19.86818],[-43.96977,-19.86901],[-43.97615,-19.87026],[-43.97648,-19.87117],[-43.97691,-19.8737],[-43.97706,-19.8738],[-43.97742,-19.87382],[-43.97792,-19.87303],[-43.97938,-19.87168],[-43.97955,-19.87065]]]}},{"id":"351","type":"Feature","properties":{"bairro":"São Marcos","distrito":"Venda Nova","regiao":"Nordeste","setores":13,"urbano":13},"geometry":{"type":"Polygon","coordinates":[[[-43.90978,-19.87634],[-43.91347,-19.87127],[-43.91624,-19.86954],[-43.91631,-19.86891],[-43.91701,-19.86812],[-43.91689,-19.86741],[-43.91443,-19.86693],[-43.91212,-19.86741],[-43.91031,-19.86683],[-43.90921,-19.86722],[-43.90755,-19.86857],[-43.90711,-19.87096],[-43.90806,-19.87433],[-43.90787,-19.87488],[-43.90717,-19.87571],[-43.90978,-19.87634]]]}},{"id":"352","type":"Feature","properties":{"bairro":"São Paulo","distrito":"Belo Horizonte","regiao":"Nordeste","setores":8,"urbano":8},"geometry":{"type":"Polygon","coordinates":[[[-43.92202,-19.87276],[-43.9236,-19.87235],[-43.92411,-19.87191],[-43.92472,-19.87241],[-43.9243,-19.87287],[-43.92461,-19.87316],[-43.9255,-19.87249],[-43.9261,-19.87292],[-43.92673,-19.87242],[-43.92756,-19.87243],[-43.92766,-19.87106],[-43.92816,-19.8699],[-43.92835,-19.86856],[-43.9274,-19.86592],[-43.92729,-19.86483],[-43.92561,-19.86399],[-43.9261,-19.86435],[-43.92723,-19.86681],[-43.92644,-19.86701],[-43.92596,-19.86547],[-43.92555,-19.86558],[-43.92533,-19.86486],[-43.92466,-19.86503],[-43.92413,-19.86697],[-43.92279,-19.86667],[-43.92237,-19.86817],[-43.92214,-19.8685],[-43.92178,-19.86849],[-43.92171,-19.86811],[-43.92038,-19.86716],[-43.92088,-19.86595],[-43.92112,-19.86459],[-43.92033,-19.86458],[-43.92063,-19.86529],[-43.91937,-19.86777],[-43.91959,-19.8692],[-43.91996,-19.86897],[-43.92078,-19.86974],[-43.9231,-19.87079],[-43.92202,-19.87276]]]}},{"id":"353","type":"Feature","properties":{"bairro":"São Pedro","distrito":"Belo Horizonte","regiao":"Centro-Sul","setores":17,"urbano":17},"geometry":{"type":"Polygon","coordinates":[[[-43.93526,-19.94779],[-43.94043,-19.95552],[-43.94047,-19.9542],[-43.9398,-19.953],[-43.94013,-19.95185],[-43.93954,-19.95081],[-43.94024,-19.95012],[-43.93918,-19.94931],[-43.93882,-19.94941],[-43.93852,-19.94923],[-43.93835,-19.9486],[-43.93884,-19.9485],[-43.93919,-19.94888],[-43.9396,-19.94866],[-43.9401,-19.94923],[-43.94054,-19.94865],[-43.9394,-19.94708],[-43.93755,-19.94031],[-43.93308,-19.93988],[-43.93526,-19.94779]]]}},{"id":"354","type":"Feature","properties":{"bairro":"São Rafael","distrito":"Belo Horizonte","regiao":"Leste","setores":2,"urbano":2},"geometry":{"type":"Polygon","coordinates":[[[-43.90734,-19.91262],[-43.90475,-19.91242],[-43.90462,-19.91294],[-43.90513,-19.91386],[-43.90538,-19.91391],[-43.90511,-19.91363],[-43.90493,-19.91287],[-43.90548,-19.91274],[-43.90686,-19.91334],[-43.90721,-19.91419],[-43.90771,-19.91393],[-43.90776,-19.91284],[-43.90752,-19.91259],[-43.90785,-19.91251],[-43.90787,-19.91216],[-43.90733,-19.91232],[-43.90734,-19.91262]]]}},{"id":"355","type":"Feature","properties":{"bairro":"São Salvador","distrito":"Belo Horizonte","regiao":"Noroeste","setores":10,"urbano":10},"geometry":{"type":"Polygon","coordinates":[[[-44.01605,-19.89734],[-44.01626,-19.8973],[-44.01898,-19.89455],[-44.01958,-19.89287],[-44.01577,-19.89169],[-44.01598,-19.89092],[-44.01579,-19.89075],[-44.01476,-19.88787],[-44.01197,-19.88992],[-44.00968,-19.8919],[-44.0089,-19.89372],[-44.01013,-19.89499],[-44.01283,-19.89557],[-44.01605,-19.89734]]]}},{"id":"356","type":"Feature","properties":{"bairro":"São Sebastião","distrito":"Belo Horizonte","regiao":"Nordeste","setores":1,"urbano":1},"geometry":{"type":"Polygon","coordinates":[[[-43.94238,-19.87079],[-43.94348,-19.87107],[-43.9445,-19.87047],[-43.94458,-19.87013],[-43.94265,-19.86973],[-43.94299,-19.87059],[-43.94238,-19.87079]]]}},{"id":"357","type":"Feature","properties":{"bairro":"São Tomáz","distrito":"Belo Horizonte","regiao":"Norte","setores":17,"urbano":17},"geometry":{"type":"Polygon","coordinates":[[[-43.95052,-19.84729],[-43.95579,-19.8461],[-43.95561,-19.84574],[-43.95577,-19.84528],[-43.95693,-19.84426],[-43.95523,-19.84453],[-43.95445,-19.84439],[-43.95373,-19.844],[-43.95297,-19.84315],[-43.95097,-19.84012],[-43.94725,-19.84361],[-43.94594,-19.84419],[-43.94645,-19.84456],[-43.94813,-19.84492],[-43.94869,-19.8465],[-43.9495,-19.84662],[-43.95052,-19.84729]]]}},{"id":"358","type":"Feature","properties":{"bairro":"São Vicente","distrito":"Belo Horizonte","regiao":"Leste","setores":1,"urbano":1},"geometry":{"type":"Polygon","coordinates":[[[-43.92328,-19.91647],[-43.92239,-19.91663],[-43.92215,-19.91708],[-43.9224,-19.9176],[-43.92211,-19.91784],[-43.92238,-19.91803],[-43.92251,-19.91785],[-43.92263,-19.91794],[-43.92307,-19.91724],[-43.92364,-19.91699],[-43.92373,-19.91675],[-43.92328,-19.91647]]]}},{"id":"359","type":"Feature","properties":{"bairro":"Taquaril","distrito":"Belo Horizonte","regiao":"Leste","setores":6,"urbano":6},"geometry":{"type":"Polygon","coordinates":[[[-43.88335,-19.91774],[-43.88201,-19.91792],[-43.88174,-19.91817],[-43.88097,-19.92162],[-43.88219,-19.92166],[-43.88457,-19.92121],[-43.88683,-19.91901],[-43.88802,-19.91946],[-43.8886,-19.91716],[-43.88789,-19.91672],[-43.88762,-19.91682],[-43.88771,-19.91628],[-43.88678,-19.91458],[-43.8841,-19.91329],[-43.88422,-19.91419],[-43.88341,-19.91383],[-43.88283,-19.91517],[-43.88303,-19.91681],[-43.88354,-19.91701],[-43.88335,-19.91774]]]}},{"id":"360","type":"Feature","properties":{"bairro":"Teixeira Dias","distrito":"Barreiro","regiao":"Barreiro","setores":15,"urbano":15},"geometry":{"type":"Polygon","coordinates":[[[-44.01829,-19.98922],[-44.01834,-19.98831],[-44.01939,-19.9886],[-44.01985,-19.98853],[-44.02037,-19.98696],[-44.02131,-19.98702],[-44.02222,-19.98413],[-44.02195,-19.98327],[-44.02227,-19.98305],[-44.02258,-19.98222],[-44.01953,-19.98142],[-44.01737,-19.98271],[-44.01586,-19.98242],[-44.01391,-19.98818],[-44.01458,-19.98842],[-44.01296,-19.99224],[-44.0167,-19.99457],[-44.01829,-19.98922]]]}},{"id":"361","type":"Feature","properties":{"bairro":"Tirol","distrito":"Barreiro","regiao":"Barreiro","setores":23,"urbano":23},"geometry":{"type":"Polygon","coordinates":[[[-44.04576,-19.9997],[-44.04668,-19.99602],[-44.04571,-19.99554],[-44.04663,-19.99488],[-44.04595,-19.99367],[-44.04584,-19.99204],[-44.04599,-19.99165],[-44.04681,-19.99084],[-44.04693,-19.99013],[-44.04675,-19.9895],[-44.04509,-19.98766],[-44.04649,-19.98319],[-44.04497,-19.98299],[-44.04308,-19.98167],[-44.04159,-19.98151],[-44.04045,-19.98188],[-44.03804,-19.98354],[-44.03682,-19.98377],[-44.03602,-19.98367],[-44.0359,-19.98437],[-44.03516,-19.9843],[-44.03545,-19.98391],[-44.03508,-19.9836],[-44.03497,-19.98438],[-44.03376,-19.98423],[-44.03359,-19.98526],[-44.03429,-19.98651],[-44.03408,-19.98709],[-44.03368,-19.9875],[-44.03315,-19.98975],[-44.03355,-19.99047],[-44.03414,-19.9904],[-44.03441,-19.99056],[-44.03449,-19.99118],[-44.03498,-19.99113],[-44.03616,-19.99156],[-44.03532,-19.99256],[-44.03481,-19.99259],[-44.03469,-19.99412],[-44.0349,-19.99444],[-44.03723,-19.99625],[-44.03937,-19.99371],[-44.0407,-19.9937],[-44.04261,-19.99435],[-44.04477,-19.9964],[-44.04299,-19.99942],[-44.04612,-20.00009],[-44.04612,-19.9999],[-44.04576,-19.9997]],[[-44.0396,-19.99256],[-44.03824,-19.99233],[-44.0383,-19.99197],[-44.0396,-19.99256]],[[-44.03776,-19.99139],[-44.03737,-19.99178],[-44.03697,-19.99159],[-44.03709,-19.99077],[-44.03776,-19.99139]]]}},{"id":"362","type":"Feature","properties":{"bairro":"Trevo","distrito":"Belo Horizonte","regiao":"Pampulha","setores":18,"urbano":18},"geometry":{"type":"Polygon","coordinates":[[[-44.01111,-19.84117],[-44.01273,-19.83893],[-44.01367,-19.83949],[-44.01337,-19.8399],[-44.01506,-19.841],[-44.01558,-19.83958],[-44.01618,-19.83867],[-44.01634,-19.83721],[-44.01743,-19.83426],[-44.01781,-19.83479],[-44.01781,-19.83433],[-44.01738,-19.83375],[-44.01706,-19.83369],[-44.01546,-19.83169],[-44.01506,-19.83176],[-44.01429,-19.83149],[-44.0123,-19.82982],[-44.01318,-19.82787],[-44.01356,-19.82777],[-44.01335,-19.82706],[-44.01355,-19.82626],[-44.01258,-19.8261],[-44.01208,-19.82575],[-44.011,-19.82575],[-44.00645,-19.82707],[-44.00541,-19.82965],[-44.00479,-19.8328],[-44.00492,-19.83634],[-44.00477,-19.83728],[-44.0049,-19.8377],[-44.00293,-19.83744],[-44.00235,-19.83695],[-44.00201,-19.83634],[-44.00178,-19.83632],[-43.9996,-19.83891],[-43.99994,-19.84056],[-44.00065,-19.83929],[-44.00168,-19.83807],[-44.00336,-19.83861],[-44.0031,-19.83907],[-44.00347,-19.83982],[-44.00295,-19.83964],[-44.00227,-19.83973],[-44.0019,-19.84008],[-44.00164,-19.84085],[-44.00251,-19.84229],[-44.00291,-19.84258],[-44.00972,-19.84149],[-44.01,-19.84142],[-44.01053,-19.84082],[-44.01111,-19.84117]],[[-44.01166,-19.83199],[-44.01072,-19.83176],[-44.01052,-19.83099],[-44.01197,-19.83079],[-44.01166,-19.83199]]]}},{"id":"363","type":"Feature","properties":{"bairro":"Trinta e Um de Março","distrito":"Belo Horizonte","regiao":"Noroeste","setores":3,"urbano":3},"geometry":{"type":"Polygon","coordinates":[[[-44.00104,-19.92244],[-44.00173,-19.92186],[-44.00153,-19.92094],[-44.00149,-19.91871],[-43.99988,-19.92016],[-43.9997,-19.92002],[-43.99932,-19.92063],[-44.00104,-19.92244]]]}},{"id":"364","type":"Feature","properties":{"bairro":"Três Marias","distrito":"Venda Nova","regiao":"Nordeste","setores":2,"urbano":2},"geometry":{"type":"Polygon","coordinates":[[[-43.89973,-19.85422],[-43.89917,-19.8534],[-43.89922,-19.85451],[-43.89886,-19.85493],[-43.90037,-19.85578],[-43.90148,-19.85444],[-43.90046,-19.85359],[-43.89973,-19.85422]]]}},{"id":"365","type":"Feature","properties":{"bairro":"Tupi A","distrito":"Venda Nova","regiao":"Norte","setores":18,"urbano":18},"geometry":{"type":"Polygon","coordinates":[[[-43.92713,-19.83977],[-43.92972,-19.83829],[-43.93018,-19.83784],[-43.93046,-19.83603],[-43.9302,-19.83454],[-43.93098,-19.83301],[-43.92461,-19.83221],[-43.9224,-19.83214],[-43.92214,-19.83091],[-43.92018,-19.83192],[-43.92,-19.8324],[-43.92037,-19.83372],[-43.92012,-19.83413],[-43.92002,-19.83495],[-43.92058,-19.83547],[-43.9208,-19.83599],[-43.92043,-19.83936],[-43.92075,-19.8405],[-43.9218,-19.84141],[-43.92475,-19.84054],[-43.92677,-19.84066],[-43.92713,-19.83977]]]}},{"id":"366","type":"Feature","properties":{"bairro":"Tupi B","distrito":"Venda Nova","regiao":"Norte","setores":23,"urbano":23},"geometry":{"type":"Polygon","coordinates":[[[-43.91792,-19.84403],[-43.91903,-19.84281],[-43.9218,-19.84141],[-43.92059,-19.84032],[-43.92043,-19.83936],[-43.9208,-19.83599],[-43.92058,-19.83547],[-43.92002,-19.83495],[-43.92037,-19.83351],[-43.92,-19.83223],[-43.92018,-19.83192],[-43.92129,-19.83144],[-43.92064,-19.83042],[-43.91893,-19.82906],[-43.91843,-19.82911],[-43.91752,-19.82814],[-43.91948,-19.82669],[-43.91947,-19.82649],[-43.91871,-19.82642],[-43.91791,-19.82581],[-43.918,-19.8257],[-43.91621,-19.82448],[-43.91539,-19.82325],[-43.91433,-19.82464],[-43.91371,-19.82581],[-43.91393,-19.82643],[-43.91426,-19.82676],[-43.91451,-19.82855],[-43.91475,-19.82872],[-43.91521,-19.83018],[-43.91486,-19.83027],[-43.91399,-19.83127],[-43.91465,-19.83159],[-43.91533,-19.83234],[-43.91601,-19.83457],[-43.91571,-19.83488],[-43.91567,-19.8354],[-43.91553,-19.83503],[-43.91372,-19.83549],[-43.91324,-19.83531],[-43.91229,-19.8402],[-43.91305,-19.84138],[-43.91361,-19.84326],[-43.9172,-19.84447],[-43.91792,-19.84403]],[[-43.91594,-19.83254],[-43.9167,-19.83191],[-43.91744,-19.83278],[-43.91634,-19.83332],[-43.91594,-19.83254]]]}},{"id":"367","type":"Feature","properties":{"bairro":"Túnel de Ibirité","distrito":"Barreiro","regiao":"Barreiro","setores":4,"urbano":4},"geometry":{"type":"Polygon","coordinates":[[[-44.04509,-19.98766],[-44.04685,-19.98974],[-44.04811,-19.98693],[-44.04886,-19.98456],[-44.05014,-19.98323],[-44.04887,-19.98261],[-44.04649,-19.98319],[-44.04509,-19.98766]]]}},{"id":"368","type":"Feature","properties":{"bairro":"Universitário","distrito":"Belo Horizonte","regiao":"Pampulha","setores":4,"urbano":4},"geometry":{"type":"Polygon","coordinates":[[[-43.94393,-19.87004],[-43.94695,-19.87045],[-43.94766,-19.87099],[-43.94853,-19.87221],[-43.9496,-19.87092],[-43.94955,-19.86958],[-43.94863,-19.86935],[-43.94813,-19.86828],[-43.94731,-19.86821],[-43.94576,-19.86735],[-43.94463,-19.86745],[-43.94224,-19.86597],[-43.9418,-19.86587],[-43.94255,-19.86324],[-43.93868,-19.86263],[-43.93858,-19.86857],[-43.94393,-19.87004]]]}},{"id":"369","type":"Feature","properties":{"bairro":"Universo","distrito":"Venda Nova","regiao":"Venda Nova","setores":5,"urbano":5},"geometry":{"type":"Polygon","coordinates":[[[-43.98108,-19.83209],[-43.98161,-19.83272],[-43.98173,-19.8315],[-43.982,-19.83116],[-43.98238,-19.83118],[-43.98227,-19.83086],[-43.98367,-19.82968],[-43.9836,-19.82933],[-43.98335,-19.8293],[-43.98392,-19.8276],[-43.98478,-19.82762],[-43.98474,-19.82793],[-43.9851,-19.82798],[-43.98505,-19.82728],[-43.98457,-19.82722],[-43.98433,-19.82686],[-43.98439,-19.8266],[-43.98422,-19.8266],[-43.98405,-19.8271],[-43.98375,-19.827],[-43.98359,-19.82718],[-43.9832,-19.82827],[-43.98289,-19.82816],[-43.98272,-19.82873],[-43.98304,-19.82883],[-43.98279,-19.82947],[-43.98112,-19.83127],[-43.98132,-19.83144],[-43.98086,-19.83205],[-43.98108,-19.83209]]]}},{"id":"370","type":"Feature","properties":{"bairro":"União","distrito":"Belo Horizonte","regiao":"Nordeste","setores":27,"urbano":27},"geometry":{"type":"Polygon","coordinates":[[[-43.92292,-19.88567],[-43.92338,-19.88504],[-43.92408,-19.88457],[-43.92586,-19.8841],[-43.9267,-19.88346],[-43.92685,-19.88307],[-43.92789,-19.88369],[-43.92891,-19.88352],[-43.92941,-19.8847],[-43.92998,-19.88323],[-43.93018,-19.88221],[-43.92976,-19.8801],[-43.92756,-19.87243],[-43.92673,-19.87242],[-43.9261,-19.87292],[-43.92367,-19.87597],[-43.92383,-19.87629],[-43.92333,-19.8765],[-43.92272,-19.8763],[-43.92241,-19.87651],[-43.92222,-19.87615],[-43.92046,-19.87694],[-43.91833,-19.88007],[-43.91776,-19.88058],[-43.91441,-19.8818],[-43.91552,-19.88346],[-43.91767,-19.88576],[-43.91945,-19.88952],[-43.91958,-19.88933],[-43.91923,-19.88791],[-43.92292,-19.88567]]]}},{"id":"371","type":"Feature","properties":{"bairro":"Urca","distrito":"Belo Horizonte","regiao":"Pampulha","setores":8,"urbano":8},"geometry":{"type":"Polygon","coordinates":[[[-44.01905,-19.87327],[-44.01869,-19.87288],[-44.01898,-19.87197],[-44.01932,-19.87194],[-44.019,-19.87165],[-44.01933,-19.87134],[-44.01833,-19.8705],[-44.0184,-19.86935],[-44.01542,-19.86799],[-44.01454,-19.87093],[-44.01175,-19.86964],[-44.01202,-19.87095],[-44.01252,-19.87194],[-44.01297,-19.87249],[-44.01454,-19.87354],[-44.01573,-19.87386],[-44.019,-19.87349],[-44.01905,-19.87327]]]}},{"id":"372","type":"Feature","properties":{"bairro":"Vale do Jatobá","distrito":"Barreiro","regiao":"Barreiro","setores":15,"urbano":15},"geometry":{"type":"Polygon","coordinates":[[[-44.0333,-20.01106],[-44.04017,-20.0119],[-44.03998,-20.01356],[-44.04038,-20.01339],[-44.0407,-20.01088],[-44.04034,-20.01054],[-44.04046,-20.00971],[-44.04084,-20.00912],[-44.04216,-20.00794],[-44.04267,-20.00655],[-44.04451,-20.00482],[-44.04433,-20.00445],[-44.0438,-20.00483],[-44.04129,-20.00455],[-44.04105,-20.00536],[-44.03763,-20.00501],[-44.03788,-20.00302],[-44.03566,-20.00273],[-44.0333,-20.01106]]]}},{"id":"373","type":"Feature","properties":{"bairro":"Venda Nova","distrito":"Venda Nova","regiao":"Venda Nova","setores":8,"urbano":8},"geometry":{"type":"Polygon","coordinates":[[[-43.95554,-19.82392],[-43.95415,-19.82242],[-43.9529,-19.82036],[-43.95344,-19.81903],[-43.95504,-19.8189],[-43.95543,-19.81783],[-43.95695,-19.8187],[-43.95808,-19.81859],[-43.95923,-19.81898],[-43.95973,-19.81837],[-43.96089,-19.81793],[-43.96375,-19.81543],[-43.96326,-19.81507],[-43.96348,-19.81473],[-43.9639,-19.81471],[-43.96623,-19.8121],[-43.96617,-19.81098],[-43.96748,-19.81049],[-43.96861,-19.80962],[-43.96782,-19.80907],[-43.96711,-19.80969],[-43.96394,-19.81064],[-43.9621,-19.81197],[-43.95953,-19.81231],[-43.95625,-19.81393],[-43.95443,-19.81542],[-43.952,-19.81922],[-43.95136,-19.81985],[-43.95473,-19.82403],[-43.95554,-19.82392]]]}},{"id":"374","type":"Feature","properties":{"bairro":"Ventosa","distrito":"Belo Horizonte","regiao":"Oeste","setores":17,"urbano":17},"geometry":{"type":"MultiPolygon","coordinates":[[[[-43.97311,-19.95375],[-43.97426,-19.95283],[-43.97473,-19.95068],[-43.97504,-19.95074],[-43.97516,-19.95015],[-43.97579,-19.95077],[-43.97591,-19.95033],[-43.97709,-19.95013],[-43.97677,-19.94948],[-43.97637,-19.9497],[-43.97626,-19.94939],[-43.97558,-19.94953],[-43.97549,-19.94924],[-43.97592,-19.94912],[-43.9758,-19.94888],[-43.97595,-19.94874],[-43.97611,-19.94884],[-43.97617,-19.94861],[-43.97593,-19.94831],[-43.97457,-19.94883],[-43.97429,-19.94855],[-43.97415,-19.9478],[-43.97425,-19.94695],[-43.97391,-19.94679],[-43.97382,-19.94694],[-43.97404,-19.94706],[-43.97374,-19.94786],[-43.97334,-19.94775],[-43.97386,-19.94844],[-43.97369,-19.94869],[-43.97373,-19.94919],[-43.97389,-19.94926],[-43.97368,-19.94995],[-43.97293,-19.94992],[-43.97311,-19.95025],[-43.97279,-19.95102],[-43.97307,-19.9512],[-43.97307,-19.95143],[-43.97276,-19.95176],[-43.9712,-19.95132],[-43.96999,-19.95392],[-43.9705,-19.95411],[-43.97011,-19.95502],[-43.97056,-19.95513],[-43.97055,-19.95568],[-43.97066,-19.95534],[-43.97128,-19.95557],[-43.97113,-19.95583],[-43.9714,-19.95601],[-43.97191,-19.95617],[-43.97198,-19.95602],[-43.97162,-19.95563],[-43.97166,-19.95508],[-43.97201,-19.95496],[-43.97188,-19.95454],[-43.97157,-19.95453],[-43.9716,-19.95431],[-43.97311,-19.95375]]],[[[-43.97036,-19.95594],[-43.97057,-19.9568],[-43.97089,-19.95601],[-43.97055,-19.95568],[-43.97036,-19.95594]]],[[[-43.97265,-19.948],[-43.97282,-19.9481],[-43.97297,-19.94781],[-43.97334,-19.94775],[-43.97295,-19.94701],[-43.97265,-19.94733],[-43.97305,-19.94754],[-43.97265,-19.948]]],[[[-43.97231,-19.94628],[-43.97269,-19.94704],[-43.97282,-19.94703],[-43.97257,-19.94651],[-43.97231,-19.94628]]]]}},{"id":"375","type":"Feature","properties":{"bairro":"Vera Cruz","distrito":"Belo Horizonte","regiao":"Leste","setores":8,"urbano":8},"geometry":{"type":"Polygon","coordinates":[[[-43.89656,-19.91244],[-43.89692,-19.91221],[-43.89668,-19.91188],[-43.89696,-19.91085],[-43.89983,-19.91134],[-43.89942,-19.91096],[-43.89874,-19.90738],[-43.89822,-19.90729],[-43.89831,-19.90696],[-43.89868,-19.90703],[-43.89828,-19.90524],[-43.89726,-19.90536],[-43.89536,-19.90521],[-43.8932,-19.91419],[-43.89239,-19.9154],[-43.89568,-19.91613],[-43.89656,-19.91244]],[[-43.89728,-19.90728],[-43.89634,-19.90699],[-43.89659,-19.9066],[-43.89733,-19.90676],[-43.89728,-19.90728]],[[-43.89763,-19.9068],[-43.89756,-19.90634],[-43.89799,-19.90644],[-43.89789,-19.90685],[-43.89763,-19.9068]]]}},{"id":"376","type":"Feature","properties":{"bairro":"Vila Aeroporto","distrito":"Belo Horizonte","regiao":"Norte","setores":3,"urbano":3},"geometry":{"type":"Polygon","coordinates":[[[-43.94653,-19.84672],[-43.94485,-19.84765],[-43.9444,-19.84843],[-43.94387,-19.84826],[-43.94372,-19.84865],[-43.94406,-19.84878],[-43.95047,-19.84726],[-43.94932,-19.84656],[-43.94794,-19.84654],[-43.94788,-19.84633],[-43.94653,-19.84672]]]}},{"id":"377","type":"Feature","properties":{"bairro":"Vila Aeroporto Jaraguá","distrito":"Belo Horizonte","regiao":"Pampulha","setores":1,"urbano":1},"geometry":{"type":"Polygon","coordinates":[[[-43.95798,-19.85633],[-43.95787,-19.85693],[-43.95838,-19.8566],[-43.9586,-19.85713],[-43.95905,-19.85687],[-43.9589,-19.85662],[-43.95926,-19.85642],[-43.95888,-19.85588],[-43.95798,-19.85633]]]}},{"id":"378","type":"Feature","properties":{"bairro":"Vila Antena","distrito":"Belo Horizonte","regiao":"Oeste","setores":4,"urbano":4},"geometry":{"type":"Polygon","coordinates":[[[-43.96168,-19.94996],[-43.96274,-19.95027],[-43.96338,-19.95023],[-43.96346,-19.9491],[-43.96308,-19.94887],[-43.96299,-19.9482],[-43.96332,-19.94828],[-43.96375,-19.94771],[-43.96297,-19.94714],[-43.96186,-19.94698],[-43.9612,-19.94645],[-43.96133,-19.94708],[-43.9616,-19.94728],[-43.96131,-19.94758],[-43.96162,-19.94788],[-43.96148,-19.94973],[-43.96168,-19.94996]]]}},{"id":"379","type":"Feature","properties":{"bairro":"Vila Bandeirantes","distrito":"Belo Horizonte","regiao":"Centro-Sul","setores":1,"urbano":1},"geometry":{"type":"Polygon","coordinates":[[[-43.95945,-19.94992],[-43.95926,-19.95093],[-43.96017,-19.95055],[-43.96039,-19.9507],[-43.96059,-19.95024],[-43.96128,-19.95029],[-43.96128,-19.9495],[-43.96049,-19.94951],[-43.96034,-19.94918],[-43.95978,-19.94993],[-43.95945,-19.94992]]]}},{"id":"380","type":"Feature","properties":{"bairro":"Vila Batik","distrito":"Barreiro","regiao":"Barreiro","setores":1,"urbano":1},"geometry":{"type":"Polygon","coordinates":[[[-44.04271,-20.00145],[-44.04269,-20.00073],[-44.042,-20.00003],[-44.04029,-20.00112],[-44.04041,-20.00132],[-44.04202,-20.00064],[-44.04232,-20.00088],[-44.04251,-20.00146],[-44.04271,-20.00145]]]}},{"id":"381","type":"Feature","properties":{"bairro":"Vila Boa Vista","distrito":"Belo Horizonte","regiao":"Leste","setores":2,"urbano":2},"geometry":{"type":"Polygon","coordinates":[[[-43.89297,-19.89558],[-43.89317,-19.89641],[-43.89363,-19.89656],[-43.89391,-19.89605],[-43.89431,-19.8961],[-43.89439,-19.89588],[-43.8948,-19.896],[-43.89482,-19.89558],[-43.89439,-19.89585],[-43.89401,-19.89577],[-43.89466,-19.89343],[-43.89425,-19.89343],[-43.89407,-19.89384],[-43.89384,-19.89391],[-43.8939,-19.89419],[-43.89323,-19.89551],[-43.89297,-19.89558]]]}},{"id":"382","type":"Feature","properties":{"bairro":"Vila CEMIG","distrito":"Barreiro","regiao":"Barreiro","setores":9,"urbano":9},"geometry":{"type":"Polygon","coordinates":[[[-43.99005,-19.99803],[-43.9921,-19.9985],[-43.99335,-19.99645],[-43.99516,-19.99537],[-43.9953,-19.9956],[-43.99554,-19.99548],[-43.99541,-19.99524],[-43.99691,-19.99463],[-43.99411,-19.99296],[-43.9939,-19.99304],[-43.9936,-19.99284],[-43.99336,-19.993],[-43.99269,-19.99253],[-43.99058,-19.992],[-43.99045,-19.99221],[-43.99113,-19.99261],[-43.99123,-19.99296],[-43.99118,-19.99308],[-43.99084,-19.99295],[-43.99041,-19.99358],[-43.99083,-19.99389],[-43.99061,-19.99433],[-43.98955,-19.99387],[-43.98872,-19.99394],[-43.98811,-19.99347],[-43.98845,-19.99429],[-43.98956,-19.99496],[-43.98993,-19.99669],[-43.9902,-19.99711],[-43.99005,-19.99803]]]}},{"id":"383","type":"Feature","properties":{"bairro":"Vila COPASA","distrito":"Barreiro","regiao":"Barreiro","setores":1,"urbano":1},"geometry":{"type":"Polygon","coordinates":[[[-44.00597,-19.98038],[-44.006,-19.98196],[-44.00661,-19.98228],[-44.00627,-19.98036],[-44.00597,-19.98038]]]}},{"id":"384","type":"Feature","properties":{"bairro":"Vila Calafate","distrito":"Belo Horizonte","regiao":"Oeste","setores":1,"urbano":1},"geometry":{"type":"Polygon","coordinates":[[[-43.97424,-19.92522],[-43.97487,-19.92533],[-43.97568,-19.9248],[-43.97572,-19.92422],[-43.97393,-19.92447],[-43.9736,-19.92439],[-43.97351,-19.92419],[-43.97335,-19.92436],[-43.97345,-19.92475],[-43.97424,-19.92522]]]}},{"id":"385","type":"Feature","properties":{"bairro":"Vila Califórnia","distrito":"Belo Horizonte","regiao":"Noroeste","setores":6,"urbano":6},"geometry":{"type":"Polygon","coordinates":[[[-44.00711,-19.91893],[-44.00757,-19.91977],[-44.00804,-19.92002],[-44.00807,-19.92067],[-44.00864,-19.92156],[-44.00934,-19.92141],[-44.00987,-19.92206],[-44.0099,-19.92246],[-44.01007,-19.9224],[-44.00991,-19.92179],[-44.00932,-19.92109],[-44.00959,-19.92093],[-44.00895,-19.91995],[-44.00874,-19.91907],[-44.00903,-19.91865],[-44.01028,-19.91795],[-44.00994,-19.91768],[-44.00997,-19.91737],[-44.00961,-19.9172],[-44.00907,-19.91767],[-44.00911,-19.91782],[-44.00852,-19.91763],[-44.00855,-19.91787],[-44.00832,-19.91772],[-44.00799,-19.91807],[-44.00649,-19.91794],[-44.00603,-19.91719],[-44.00584,-19.91707],[-44.0056,-19.91723],[-44.00519,-19.91682],[-44.005,-19.91703],[-44.00527,-19.91734],[-44.00565,-19.91887],[-44.00552,-19.91961],[-44.00574,-19.91958],[-44.00576,-19.92012],[-44.00614,-19.92011],[-44.00675,-19.91902],[-44.00697,-19.91911],[-44.00711,-19.91893]]]}},{"id":"386","type":"Feature","properties":{"bairro":"Vila Clóris","distrito":"Venda Nova","regiao":"Norte","setores":14,"urbano":14},"geometry":{"type":"Polygon","coordinates":[[[-43.94891,-19.83022],[-43.95028,-19.82835],[-43.95146,-19.82801],[-43.95126,-19.82677],[-43.95196,-19.82367],[-43.95273,-19.82154],[-43.94824,-19.81606],[-43.94478,-19.82333],[-43.9433,-19.82355],[-43.94304,-19.82437],[-43.9417,-19.8254],[-43.94267,-19.82579],[-43.94208,-19.82704],[-43.9421,-19.82825],[-43.94234,-19.8284],[-43.94331,-19.82658],[-43.94523,-19.82731],[-43.94566,-19.82684],[-43.94699,-19.82825],[-43.94735,-19.82908],[-43.94891,-19.83022]],[[-43.94561,-19.82662],[-43.94469,-19.82609],[-43.94471,-19.82585],[-43.94528,-19.82602],[-43.94535,-19.82633],[-43.94579,-19.82647],[-43.94561,-19.82662]]]}},{"id":"387","type":"Feature","properties":{"bairro":"Vila Copacabana","distrito":"Venda Nova","regiao":"Venda Nova","setores":2,"urbano":2},"geometry":{"type":"MultiPolygon","coordinates":[[[[-43.98515,-19.83851],[-43.98539,-19.83855],[-43.98551,-19.83885],[-43.98583,-19.8389],[-43.98585,-19.8387],[-43.98646,-19.83926],[-43.98654,-19.83857],[-43.98621,-19.83853],[-43.98632,-19.83755],[-43.98529,-19.83744],[-43.98515,-19.83851]]],[[[-43.98472,-19.83672],[-43.98542,-19.83678],[-43.98553,-19.83506],[-43.98491,-19.83498],[-43.98517,-19.8355],[-43.98517,-19.83652],[-43.98472,-19.83672]]]]}},{"id":"388","type":"Feature","properties":{"bairro":"Vila Dias","distrito":"Belo Horizonte","regiao":"Leste","setores":2,"urbano":2},"geometry":{"type":"Polygon","coordinates":[[[-43.92262,-19.91943],[-43.92397,-19.91998],[-43.92431,-19.91973],[-43.92415,-19.91897],[-43.92369,-19.91883],[-43.92353,-19.9191],[-43.92304,-19.91883],[-43.92276,-19.91912],[-43.92138,-19.91825],[-43.92175,-19.91797],[-43.92148,-19.91746],[-43.92068,-19.91761],[-43.9202,-19.91756],[-43.9201,-19.91738],[-43.9195,-19.91748],[-43.92048,-19.91793],[-43.92262,-19.91943]]]}},{"id":"389","type":"Feature","properties":{"bairro":"Vila Ecológica","distrito":"Barreiro","regiao":"Barreiro","setores":4,"urbano":4},"geometry":{"type":"Polygon","coordinates":[[[-44.01746,-20.01339],[-44.01638,-20.01446],[-44.02113,-20.01628],[-44.02125,-20.0156],[-44.02028,-20.01357],[-44.02083,-20.01053],[-44.02042,-20.01013],[-44.01989,-20.00894],[-44.02031,-20.00766],[-44.02067,-20.00762],[-44.02074,-20.00718],[-44.01834,-20.00728],[-44.01838,-20.00809],[-44.01857,-20.0081],[-44.01821,-20.00908],[-44.01871,-20.01044],[-44.01879,-20.01142],[-44.01849,-20.01223],[-44.01729,-20.0132],[-44.01746,-20.01339]]]}},{"id":"390","type":"Feature","properties":{"bairro":"Vila Engenho Nogueira","distrito":"Belo Horizonte","regiao":"Pampulha","setores":2,"urbano":2},"geometry":{"type":"Polygon","coordinates":[[[-43.98346,-19.8903],[-43.984,-19.89069],[-43.98583,-19.8897],[-43.98512,-19.88913],[-43.98451,-19.88912],[-43.98451,-19.88887],[-43.98423,-19.88888],[-43.98346,-19.8903]]]}},{"id":"391","type":"Feature","properties":{"bairro":"Vila Esplanada","distrito":"Venda Nova","regiao":"Nordeste","setores":2,"urbano":2},"geometry":{"type":"Polygon","coordinates":[[[-43.9184,-19.85217],[-43.9209,-19.85681],[-43.92149,-19.85707],[-43.92132,-19.85625],[-43.91877,-19.85169],[-43.9184,-19.85217]]]}},{"id":"392","type":"Feature","properties":{"bairro":"Vila FUMEC","distrito":"Belo Horizonte","regiao":"Centro-Sul","setores":1,"urbano":1},"geometry":{"type":"Polygon","coordinates":[[[-43.92442,-19.94424],[-43.92481,-19.94428],[-43.92461,-19.94347],[-43.92423,-19.94356],[-43.92442,-19.94424]]]}},{"id":"393","type":"Feature","properties":{"bairro":"Vila Formosa","distrito":"Barreiro","regiao":"Barreiro","setores":3,"urbano":3},"geometry":{"type":"Polygon","coordinates":[[[-44.03102,-20.00037],[-44.03219,-20.00029],[-44.03195,-20.0001],[-44.03202,-19.9994],[-44.03126,-19.99909],[-44.03103,-19.99938],[-44.03097,-19.99916],[-44.02952,-19.99819],[-44.02949,-19.99772],[-44.02984,-19.9973],[-44.02932,-19.99697],[-44.02851,-19.99814],[-44.03102,-20.00037]]]}},{"id":"394","type":"Feature","properties":{"bairro":"Vila Havaí","distrito":"Belo Horizonte","regiao":"Oeste","setores":1,"urbano":1},"geometry":{"type":"Polygon","coordinates":[[[-43.97047,-19.96166],[-43.97078,-19.96238],[-43.97133,-19.96189],[-43.97114,-19.96173],[-43.97139,-19.96147],[-43.9719,-19.9617],[-43.97202,-19.96155],[-43.9715,-19.9612],[-43.97047,-19.96166]]]}},{"id":"395","type":"Feature","properties":{"bairro":"Vila Independência I","distrito":"Barreiro","regiao":"Barreiro","setores":4,"urbano":4},"geometry":{"type":"Polygon","coordinates":[[[-44.02455,-20.01745],[-44.03076,-20.01792],[-44.03133,-20.01761],[-44.03164,-20.0167],[-44.03062,-20.01687],[-44.03069,-20.01664],[-44.02993,-20.01675],[-44.02677,-20.01646],[-44.02676,-20.0161],[-44.02657,-20.01601],[-44.0257,-20.01638],[-44.02314,-20.01611],[-44.02157,-20.0157],[-44.02094,-20.01477],[-44.02125,-20.0156],[-44.02113,-20.01628],[-44.02464,-20.01804],[-44.02482,-20.01787],[-44.02454,-20.01769],[-44.02455,-20.01745]]]}},{"id":"396","type":"Feature","properties":{"bairro":"Vila Independência II","distrito":"Barreiro","regiao":"Barreiro","setores":2,"urbano":2},"geometry":{"type":"Polygon","coordinates":[[[-44.02429,-20.01828],[-44.02522,-20.01914],[-44.02541,-20.01885],[-44.02668,-20.01972],[-44.02748,-20.01984],[-44.02754,-20.01943],[-44.02606,-20.01885],[-44.02269,-20.01696],[-44.01879,-20.01536],[-44.01882,-20.01613],[-44.0195,-20.01632],[-44.02023,-20.01737],[-44.02095,-20.01774],[-44.02152,-20.01734],[-44.02189,-20.01738],[-44.02348,-20.01813],[-44.02389,-20.01864],[-44.02429,-20.01828]]]}},{"id":"397","type":"Feature","properties":{"bairro":"Vila Independência IV","distrito":"Barreiro","regiao":"Barreiro","setores":1,"urbano":1},"geometry":{"type":"Polygon","coordinates":[[[-44.03057,-20.01799],[-44.02967,-20.01883],[-44.02891,-20.01956],[-44.03,-20.01946],[-44.03194,-20.01875],[-44.03133,-20.01761],[-44.03057,-20.01799]]]}},{"id":"398","type":"Feature","properties":{"bairro":"Vila Inestan","distrito":"Belo Horizonte","regiao":"Nordeste","setores":1,"urbano":1},"geometry":{"type":"Polygon","coordinates":[[[-43.94888,-19.87605],[-43.94932,-19.87632],[-43.94976,-19.87598],[-43.94956,-19.87574],[-43.94991,-19.87543],[-43.94917,-19.87326],[-43.94853,-19.87221],[-43.94811,-19.87201],[-43.94916,-19.87414],[-43.94904,-19.8745],[-43.94925,-19.87475],[-43.94923,-19.87513],[-43.94888,-19.87605]]]}},{"id":"399","type":"Feature","properties":{"bairro":"Vila Ipiranga","distrito":"Belo Horizonte","regiao":"Nordeste","setores":1,"urbano":1},"geometry":{"type":"Polygon","coordinates":[[[-43.93346,-19.88754],[-43.93379,-19.88752],[-43.93427,-19.88718],[-43.93363,-19.88704],[-43.93356,-19.88669],[-43.93326,-19.88679],[-43.93313,-19.88716],[-43.93346,-19.88754]]]}},{"id":"400","type":"Feature","properties":{"bairro":"Vila Jardim Alvorada","distrito":"Belo Horizonte","regiao":"Pampulha","setores":7,"urbano":7},"geometry":{"type":"Polygon","coordinates":[[[-43.98584,-19.89555],[-43.98789,-19.89572],[-43.98784,-19.89513],[-43.98744,-19.89508],[-43.98831,-19.89444],[-43.98726,-19.89429],[-43.98789,-19.89393],[-43.98806,-19.89338],[-43.98787,-19.89328],[-43.98802,-19.89297],[-43.98787,-19.89291],[-43.98793,-19.89266],[-43.98819,-19.89227],[-43.98923,-19.89269],[-43.98971,-19.89238],[-43.98966,-19.89209],[-43.9901,-19.89215],[-43.98956,-19.89184],[-43.98951,-19.89116],[-43.98916,-19.89104],[-43.98886,-19.89119],[-43.98854,-19.89088],[-43.98829,-19.89092],[-43.98775,-19.89022],[-43.98679,-19.8903],[-43.98688,-19.89049],[-43.98651,-19.89085],[-43.98489,-19.89154],[-43.984,-19.89356],[-43.98402,-19.89385],[-43.98483,-19.89486],[-43.98465,-19.89506],[-43.9849,-19.8952],[-43.98416,-19.89621],[-43.98454,-19.8966],[-43.98488,-19.89681],[-43.98584,-19.89555]]]}},{"id":"401","type":"Feature","properties":{"bairro":"Vila Jardim Leblon","distrito":"Venda Nova","regiao":"Venda Nova","setores":2,"urbano":2},"geometry":{"type":"MultiPolygon","coordinates":[[[[-43.98686,-19.82237],[-43.98715,-19.82239],[-43.98716,-19.82221],[-43.98816,-19.82228],[-43.98815,-19.82199],[-43.98845,-19.82186],[-43.98712,-19.82191],[-43.98686,-19.82237]]],[[[-43.98919,-19.82198],[-43.9894,-19.82203],[-43.98937,-19.82232],[-43.99063,-19.82245],[-43.99065,-19.82228],[-43.99093,-19.82232],[-43.99066,-19.82177],[-43.99031,-19.82174],[-43.99029,-19.82205],[-43.98919,-19.82198]]]]}},{"id":"402","type":"Feature","properties":{"bairro":"Vila Jardim Montanhês","distrito":"Belo Horizonte","regiao":"Pampulha","setores":2,"urbano":2},"geometry":{"type":"Polygon","coordinates":[[[-43.98314,-19.89917],[-43.98367,-19.9005],[-43.98391,-19.90054],[-43.9844,-19.89916],[-43.98474,-19.89911],[-43.98523,-19.89795],[-43.98544,-19.89786],[-43.9853,-19.89709],[-43.98504,-19.89691],[-43.98429,-19.89704],[-43.98414,-19.89748],[-43.98425,-19.89776],[-43.9831,-19.89785],[-43.98299,-19.89813],[-43.98324,-19.89835],[-43.98311,-19.89805],[-43.98325,-19.89793],[-43.98415,-19.89801],[-43.98415,-19.89837],[-43.98395,-19.89837],[-43.98394,-19.89865],[-43.98336,-19.89885],[-43.98314,-19.89917]]]}},{"id":"403","type":"Feature","properties":{"bairro":"Vila Madre Gertrudes I","distrito":"Belo Horizonte","regiao":"Oeste","setores":5,"urbano":5},"geometry":{"type":"Polygon","coordinates":[[[-44.00531,-19.95189],[-44.00474,-19.94973],[-44.00416,-19.95047],[-44.0041,-19.95002],[-44.00348,-19.94982],[-44.0032,-19.94925],[-44.00205,-19.95008],[-44.00271,-19.95054],[-44.00294,-19.9516],[-44.00352,-19.95158],[-44.00309,-19.9524],[-44.00351,-19.95242],[-44.00352,-19.9527],[-44.0038,-19.95202],[-44.00445,-19.95217],[-44.00443,-19.95199],[-44.00531,-19.95189]]]}},{"id":"404","type":"Feature","properties":{"bairro":"Vila Madre Gertrudes II","distrito":"Belo Horizonte","regiao":"Oeste","setores":2,"urbano":2},"geometry":{"type":"Polygon","coordinates":[[[-44.005,-19.95072],[-44.00511,-19.95106],[-44.00529,-19.95089],[-44.00626,-19.95104],[-44.00607,-19.95077],[-44.00663,-19.95],[-44.0062,-19.95043],[-44.00554,-19.94999],[-44.005,-19.95072]]]}},{"id":"405","type":"Feature","properties":{"bairro":"Vila Madre Gertrudes III","distrito":"Barreiro","regiao":"Oeste","setores":1,"urbano":1},"geometry":{"type":"Polygon","coordinates":[[[-44.00885,-19.94909],[-44.00842,-19.95079],[-44.00892,-19.9516],[-44.00917,-19.95157],[-44.00916,-19.95068],[-44.00995,-19.94942],[-44.0094,-19.94911],[-44.00885,-19.94909]]]}},{"id":"406","type":"Feature","properties":{"bairro":"Vila Madre Gertrudes V","distrito":"Barreiro","regiao":"Oeste","setores":1,"urbano":1},"geometry":{"type":"Polygon","coordinates":[[[-44.00705,-19.95295],[-44.00518,-19.95395],[-44.00513,-19.95449],[-44.00577,-19.95464],[-44.00732,-19.95341],[-44.00705,-19.95295]]]}},{"id":"407","type":"Feature","properties":{"bairro":"Vila Maloca","distrito":"Belo Horizonte","regiao":"Noroeste","setores":1,"urbano":1},"geometry":{"type":"Polygon","coordinates":[[[-43.95257,-19.88078],[-43.95319,-19.88041],[-43.95337,-19.87987],[-43.95224,-19.87845],[-43.952,-19.88034],[-43.95223,-19.88069],[-43.95257,-19.88078]]]}},{"id":"408","type":"Feature","properties":{"bairro":"Vila Mangueiras","distrito":"Barreiro","regiao":"Barreiro","setores":4,"urbano":4},"geometry":{"type":"MultiPolygon","coordinates":[[[[-44.0318,-20.0186],[-44.03453,-20.01733],[-44.03499,-20.01717],[-44.0321,-20.01644],[-44.03194,-20.01665],[-44.03216,-20.01714],[-44.03197,-20.01736],[-44.03197,-20.01825],[-44.0318,-20.0186]]],[[[-44.03499,-20.01717],[-44.03621,-20.01664],[-44.03873,-20.01618],[-44.03876,-20.01514],[-44.03898,-20.01472],[-44.03705,-20.01507],[-44.03703,-20.01553],[-44.03693,-20.01529],[-44.0361,-20.01522],[-44.03611,-20.01494],[-44.03559,-20.01512],[-44.03536,-20.01638],[-44.03499,-20.01717]]]]}},{"id":"409","type":"Feature","properties":{"bairro":"Vila Mantiqueira","distrito":"Venda Nova","regiao":"Venda Nova","setores":2,"urbano":2},"geometry":{"type":"Polygon","coordinates":[[[-43.97829,-19.78904],[-43.9779,-19.78905],[-43.97813,-19.78954],[-43.97826,-19.78935],[-43.97867,-19.78934],[-43.97902,-19.78895],[-43.97948,-19.78926],[-43.98012,-19.78919],[-43.98016,-19.78898],[-43.9798,-19.78893],[-43.97963,-19.78853],[-43.98004,-19.78808],[-43.98,-19.78773],[-43.98039,-19.78686],[-43.98024,-19.78676],[-43.98025,-19.78565],[-43.97969,-19.78551],[-43.97962,-19.78566],[-43.98004,-19.78632],[-43.97979,-19.78752],[-43.97955,-19.78771],[-43.97969,-19.78794],[-43.97912,-19.78852],[-43.97881,-19.7884],[-43.97829,-19.78904]]]}},{"id":"410","type":"Feature","properties":{"bairro":"Vila Maria","distrito":"Venda Nova","regiao":"Nordeste","setores":10,"urbano":10},"geometry":{"type":"Polygon","coordinates":[[[-43.88616,-19.85347],[-43.886,-19.8539],[-43.88642,-19.85431],[-43.88713,-19.8535],[-43.8868,-19.8532],[-43.88705,-19.8526],[-43.88776,-19.85208],[-43.88809,-19.85237],[-43.88824,-19.85222],[-43.88686,-19.85041],[-43.88554,-19.8495],[-43.88511,-19.84981],[-43.88486,-19.8507],[-43.8843,-19.85098],[-43.88476,-19.85174],[-43.88467,-19.85291],[-43.88399,-19.85279],[-43.88368,-19.85222],[-43.88359,-19.85388],[-43.8842,-19.85407],[-43.88616,-19.85347]]]}},{"id":"411","type":"Feature","properties":{"bairro":"Vila Minaslândia","distrito":"Venda Nova","regiao":"Norte","setores":2,"urbano":2},"geometry":{"type":"Polygon","coordinates":[[[-43.9288,-19.85821],[-43.92879,-19.85848],[-43.92831,-19.85846],[-43.92828,-19.85873],[-43.92787,-19.85874],[-43.92782,-19.85935],[-43.92659,-19.85928],[-43.92652,-19.85989],[-43.928,-19.86005],[-43.928,-19.86027],[-43.92889,-19.86],[-43.92917,-19.85967],[-43.92913,-19.85942],[-43.92941,-19.85935],[-43.92953,-19.85907],[-43.92938,-19.85851],[-43.92832,-19.85768],[-43.92819,-19.85812],[-43.9288,-19.85821]]]}},{"id":"412","type":"Feature","properties":{"bairro":"Vila Nossa Senhora Aparecida","distrito":"Venda Nova","regiao":"Venda Nova","setores":4,"urbano":4},"geometry":{"type":"Polygon","coordinates":[[[-43.96711,-19.82248],[-43.96678,-19.82452],[-43.96696,-19.82486],[-43.96691,-19.82536],[-43.96674,-19.82552],[-43.96714,-19.82573],[-43.96744,-19.82618],[-43.96772,-19.82611],[-43.96916,-19.82319],[-43.96947,-19.82344],[-43.96956,-19.82329],[-43.96992,-19.82335],[-43.96975,-19.82327],[-43.96989,-19.82306],[-43.96912,-19.82292],[-43.96878,-19.82243],[-43.96768,-19.82226],[-43.96711,-19.82248]]]}},{"id":"413","type":"Feature","properties":{"bairro":"Vila Nossa Senhora do Rosário","distrito":"Belo Horizonte","regiao":"Leste","setores":1,"urbano":1},"geometry":{"type":"Polygon","coordinates":[[[-43.90481,-19.90941],[-43.90472,-19.91],[-43.90492,-19.91004],[-43.90489,-19.91018],[-43.90577,-19.9102],[-43.9062,-19.90987],[-43.9063,-19.9101],[-43.90582,-19.91029],[-43.90576,-19.91065],[-43.90682,-19.91021],[-43.90704,-19.90972],[-43.90704,-19.90941],[-43.90672,-19.90938],[-43.90666,-19.9091],[-43.90588,-19.90928],[-43.90575,-19.90905],[-43.90575,-19.90935],[-43.90516,-19.90927],[-43.90481,-19.90941]]]}},{"id":"414","type":"Feature","properties":{"bairro":"Vila Nova","distrito":"Venda Nova","regiao":"Norte","setores":1,"urbano":1},"geometry":{"type":"Polygon","coordinates":[[[-43.94587,-19.8031],[-43.94597,-19.80285],[-43.94677,-19.80322],[-43.94774,-19.803],[-43.94714,-19.80245],[-43.94563,-19.80193],[-43.94583,-19.80245],[-43.94559,-19.80299],[-43.94587,-19.8031]]]}},{"id":"415","type":"Feature","properties":{"bairro":"Vila Nova Cachoeirinha I","distrito":"Belo Horizonte","regiao":"Noroeste","setores":3,"urbano":3},"geometry":{"type":"Polygon","coordinates":[[[-43.95219,-19.88477],[-43.95268,-19.88559],[-43.95356,-19.88473],[-43.95385,-19.88475],[-43.95437,-19.88556],[-43.95467,-19.88489],[-43.95414,-19.88402],[-43.95384,-19.88417],[-43.95354,-19.88337],[-43.95336,-19.88365],[-43.95259,-19.88269],[-43.95161,-19.88234],[-43.95169,-19.88203],[-43.95139,-19.88193],[-43.95134,-19.88239],[-43.95158,-19.88249],[-43.95187,-19.88331],[-43.95137,-19.88378],[-43.95187,-19.88385],[-43.95181,-19.88463],[-43.95219,-19.88477]]]}},{"id":"416","type":"Feature","properties":{"bairro":"Vila Nova Cachoeirinha II","distrito":"Belo Horizonte","regiao":"Noroeste","setores":1,"urbano":1},"geometry":{"type":"Polygon","coordinates":[[[-43.95555,-19.8888],[-43.95591,-19.88919],[-43.95614,-19.88905],[-43.95616,-19.88834],[-43.9557,-19.8878],[-43.95538,-19.8881],[-43.95583,-19.88848],[-43.95555,-19.8888]]]}},{"id":"417","type":"Feature","properties":{"bairro":"Vila Nova Cachoeirinha IV","distrito":"Belo Horizonte","regiao":"Nordeste","setores":1,"urbano":1},"geometry":{"type":"Polygon","coordinates":[[[-43.94688,-19.88298],[-43.94654,-19.88376],[-43.94695,-19.88389],[-43.94696,-19.88423],[-43.94744,-19.88428],[-43.94749,-19.88393],[-43.94832,-19.88383],[-43.94825,-19.88301],[-43.94752,-19.88337],[-43.94741,-19.88293],[-43.94688,-19.88298]]]}},{"id":"418","type":"Feature","properties":{"bairro":"Vila Nova Gameleira I","distrito":"Belo Horizonte","regiao":"Oeste","setores":2,"urbano":2},"geometry":{"type":"Polygon","coordinates":[[[-43.99644,-19.94144],[-43.99767,-19.94182],[-43.9978,-19.94157],[-43.99756,-19.9415],[-43.99756,-19.94088],[-43.99842,-19.94035],[-43.99803,-19.94001],[-43.99811,-19.93897],[-43.99768,-19.93903],[-43.99742,-19.93982],[-43.99788,-19.94006],[-43.99786,-19.94035],[-43.99746,-19.94064],[-43.99664,-19.94032],[-43.99644,-19.94144]]]}},{"id":"419","type":"Feature","properties":{"bairro":"Vila Nova Gameleira II","distrito":"Belo Horizonte","regiao":"Oeste","setores":2,"urbano":2},"geometry":{"type":"Polygon","coordinates":[[[-43.99149,-19.94008],[-43.99225,-19.94132],[-43.99365,-19.93939],[-43.99241,-19.9382],[-43.99198,-19.93854],[-43.99164,-19.93854],[-43.9904,-19.93958],[-43.99028,-19.93987],[-43.99149,-19.94008]]]}},{"id":"420","type":"Feature","properties":{"bairro":"Vila Nova Gameleira III","distrito":"Belo Horizonte","regiao":"Oeste","setores":1,"urbano":1},"geometry":{"type":"Polygon","coordinates":[[[-43.99293,-19.93362],[-43.99397,-19.93568],[-43.99453,-19.93541],[-43.99407,-19.93391],[-43.99279,-19.93206],[-43.99077,-19.9325],[-43.9907,-19.93261],[-43.99236,-19.93313],[-43.99293,-19.93362]]]}},{"id":"421","type":"Feature","properties":{"bairro":"Vila Nova Paraíso","distrito":"Belo Horizonte","regiao":"Oeste","setores":1,"urbano":1},"geometry":{"type":"Polygon","coordinates":[[[-43.98624,-19.97733],[-43.98628,-19.97705],[-43.9858,-19.97642],[-43.98561,-19.97644],[-43.98486,-19.97746],[-43.98481,-19.97784],[-43.98569,-19.97886],[-43.98733,-19.97818],[-43.98788,-19.97774],[-43.98624,-19.97733]]]}},{"id":"422","type":"Feature","properties":{"bairro":"Vila Nova dos Milionários","distrito":"Barreiro","regiao":"Barreiro","setores":1,"urbano":1},"geometry":{"type":"Polygon","coordinates":[[[-43.99985,-19.98251],[-44.00072,-19.98296],[-44.00123,-19.98207],[-44.00029,-19.98159],[-43.99985,-19.98251]]]}},{"id":"423","type":"Feature","properties":{"bairro":"Vila Novo São Lucas","distrito":"Belo Horizonte","regiao":"Centro-Sul","setores":7,"urbano":7},"geometry":{"type":"Polygon","coordinates":[[[-43.90786,-19.93377],[-43.91026,-19.93398],[-43.91111,-19.93483],[-43.91148,-19.93257],[-43.91103,-19.93183],[-43.91031,-19.93204],[-43.91001,-19.93152],[-43.90962,-19.9318],[-43.90929,-19.93155],[-43.90901,-19.93113],[-43.90943,-19.93055],[-43.90936,-19.92961],[-43.90879,-19.92954],[-43.90864,-19.92994],[-43.90808,-19.92982],[-43.90807,-19.9307],[-43.90682,-19.93234],[-43.90676,-19.93286],[-43.90749,-19.93277],[-43.90786,-19.93377]]]}},{"id":"424","type":"Feature","properties":{"bairro":"Vila Oeste","distrito":"Belo Horizonte","regiao":"Oeste","setores":3,"urbano":3},"geometry":{"type":"Polygon","coordinates":[[[-44.00139,-19.93696],[-44.00227,-19.93771],[-44.0026,-19.9376],[-44.0024,-19.93701],[-44.00479,-19.93628],[-44.00522,-19.93669],[-44.00513,-19.93703],[-44.00541,-19.93695],[-44.00554,-19.93735],[-44.00619,-19.93714],[-44.00521,-19.93615],[-44.00334,-19.93545],[-44.00167,-19.93622],[-44.00049,-19.93637],[-44.0005,-19.93678],[-44.00139,-19.93696]]]}},{"id":"425","type":"Feature","properties":{"bairro":"Vila Ouro Minas","distrito":"Venda Nova","regiao":"Nordeste","setores":2,"urbano":2},"geometry":{"type":"Polygon","coordinates":[[[-43.91003,-19.84652],[-43.91101,-19.84683],[-43.9111,-19.8471],[-43.91144,-19.84681],[-43.91165,-19.84692],[-43.9118,-19.84658],[-43.91149,-19.84635],[-43.91158,-19.84563],[-43.91025,-19.84501],[-43.90955,-19.845],[-43.90935,-19.84525],[-43.9096,-19.84536],[-43.90942,-19.84565],[-43.90948,-19.84613],[-43.91003,-19.84652]]]}},{"id":"426","type":"Feature","properties":{"bairro":"Vila PUC","distrito":"Belo Horizonte","regiao":"Noroeste","setores":1,"urbano":1},"geometry":{"type":"Polygon","coordinates":[[[-43.99428,-19.92007],[-43.99443,-19.92039],[-43.99432,-19.92086],[-43.99483,-19.92023],[-43.99486,-19.91979],[-43.99428,-19.92007]]]}},{"id":"427","type":"Feature","properties":{"bairro":"Vila Paquetá","distrito":"Belo Horizonte","regiao":"Pampulha","setores":1,"urbano":1},"geometry":{"type":"Polygon","coordinates":[[[-43.99262,-19.86643],[-43.99273,-19.86661],[-43.99323,-19.86657],[-43.99358,-19.86735],[-43.99335,-19.86655],[-43.99463,-19.86639],[-43.99466,-19.86625],[-43.9929,-19.86585],[-43.99262,-19.86643]]]}},{"id":"428","type":"Feature","properties":{"bairro":"Vila Paraíso","distrito":"Belo Horizonte","regiao":"Leste","setores":1,"urbano":1},"geometry":{"type":"Polygon","coordinates":[[[-43.90474,-19.91892],[-43.90429,-19.91859],[-43.90411,-19.91871],[-43.90266,-19.91822],[-43.90247,-19.918],[-43.90244,-19.91859],[-43.90191,-19.91858],[-43.90059,-19.92029],[-43.90101,-19.92023],[-43.90114,-19.9198],[-43.9014,-19.91982],[-43.9014,-19.92016],[-43.90163,-19.91932],[-43.90234,-19.91873],[-43.90261,-19.91876],[-43.90276,-19.91847],[-43.9037,-19.91876],[-43.90387,-19.91897],[-43.90371,-19.91939],[-43.9041,-19.91965],[-43.90432,-19.91965],[-43.90448,-19.91892],[-43.90474,-19.91892]]]}},{"id":"429","type":"Feature","properties":{"bairro":"Vila Paris","distrito":"Belo Horizonte","regiao":"Centro-Sul","setores":8,"urbano":8},"geometry":{"type":"Polygon","coordinates":[[[-43.94986,-19.9538],[-43.95189,-19.95389],[-43.9522,-19.95353],[-43.95148,-19.95307],[-43.9524,-19.95213],[-43.95371,-19.95175],[-43.95273,-19.95033],[-43.95282,-19.94959],[-43.95343,-19.94872],[-43.95346,-19.94789],[-43.95314,-19.94743],[-43.95261,-19.94782],[-43.95253,-19.94889],[-43.95206,-19.94849],[-43.95088,-19.94848],[-43.95015,-19.94981],[-43.94922,-19.9487],[-43.94965,-19.94799],[-43.94863,-19.94737],[-43.94759,-19.94881],[-43.94775,-19.95153],[-43.9488,-19.95307],[-43.94986,-19.9538]]]}},{"id":"430","type":"Feature","properties":{"bairro":"Vila Petrópolis","distrito":"Barreiro","regiao":"Barreiro","setores":1,"urbano":1},"geometry":{"type":"Polygon","coordinates":[[[-44.02827,-20.01386],[-44.02972,-20.0141],[-44.02978,-20.01383],[-44.0295,-20.01377],[-44.02955,-20.01335],[-44.02834,-20.01316],[-44.02827,-20.01386]]]}},{"id":"431","type":"Feature","properties":{"bairro":"Vila Pinho","distrito":"Barreiro","regiao":"Barreiro","setores":16,"urbano":16},"geometry":{"type":"Polygon","coordinates":[[[-44.02242,-20.00674],[-44.02851,-19.99814],[-44.02783,-19.99779],[-44.0281,-19.99729],[-44.02803,-19.99704],[-44.02639,-19.99567],[-44.0261,-19.99709],[-44.02506,-19.9978],[-44.02489,-19.99865],[-44.02456,-19.999],[-44.02427,-20.00002],[-44.02366,-20.00045],[-44.02325,-20.00132],[-44.02272,-20.00158],[-44.02321,-20.00221],[-44.0232,-20.00246],[-44.02254,-20.00296],[-44.0225,-20.00346],[-44.01975,-20.00536],[-44.01965,-20.00562],[-44.0199,-20.00567],[-44.01966,-20.0061],[-44.01979,-20.00701],[-44.02011,-20.0072],[-44.02074,-20.00718],[-44.02113,-20.00695],[-44.02152,-20.00713],[-44.02242,-20.00674]]]}},{"id":"432","type":"Feature","properties":{"bairro":"Vila Piratininga","distrito":"Barreiro","regiao":"Barreiro","setores":3,"urbano":3},"geometry":{"type":"Polygon","coordinates":[[[-44.05281,-19.98975],[-44.05221,-19.9933],[-44.05206,-19.9935],[-44.05183,-19.99346],[-44.05176,-19.99411],[-44.05194,-19.99416],[-44.05157,-19.99612],[-44.05166,-19.9966],[-44.05195,-19.99659],[-44.05208,-19.99637],[-44.05187,-19.9963],[-44.05332,-19.98867],[-44.05315,-19.98786],[-44.05254,-19.98819],[-44.05244,-19.9878],[-44.05159,-19.98699],[-44.05061,-19.98795],[-44.05065,-19.98828],[-44.05023,-19.9887],[-44.05055,-19.98893],[-44.05071,-19.98859],[-44.05157,-19.98889],[-44.05166,-19.98871],[-44.05196,-19.98875],[-44.05228,-19.98903],[-44.05221,-19.98939],[-44.05244,-19.98943],[-44.05238,-19.98969],[-44.05281,-19.98975]]]}},{"id":"433","type":"Feature","properties":{"bairro":"Vila Piratininga A","distrito":"Venda Nova","regiao":"Venda Nova","setores":1,"urbano":1},"geometry":{"type":"Polygon","coordinates":[[[-43.99292,-19.81007],[-43.99315,-19.81026],[-43.99294,-19.81082],[-43.99345,-19.81128],[-43.99369,-19.81102],[-43.9939,-19.81118],[-43.99398,-19.81057],[-43.99306,-19.80989],[-43.99292,-19.81007]]]}},{"id":"434","type":"Feature","properties":{"bairro":"Vila Ponta Porã","distrito":"Belo Horizonte","regiao":"Leste","setores":2,"urbano":2},"geometry":{"type":"Polygon","coordinates":[[[-43.9192,-19.92135],[-43.91936,-19.92112],[-43.91934,-19.91985],[-43.91816,-19.91978],[-43.91877,-19.92121],[-43.91915,-19.92112],[-43.9192,-19.92135]]]}},{"id":"435","type":"Feature","properties":{"bairro":"Vila Primeiro de Maio","distrito":"Venda Nova","regiao":"Norte","setores":6,"urbano":6},"geometry":{"type":"Polygon","coordinates":[[[-43.93059,-19.86138],[-43.92832,-19.86323],[-43.92905,-19.86372],[-43.92945,-19.86372],[-43.92956,-19.864],[-43.93117,-19.8639],[-43.93217,-19.8632],[-43.93306,-19.86132],[-43.93254,-19.8607],[-43.93308,-19.86006],[-43.93206,-19.85916],[-43.9322,-19.85877],[-43.93082,-19.85904],[-43.93064,-19.85889],[-43.93076,-19.85857],[-43.92982,-19.85899],[-43.93059,-19.86138]]]}},{"id":"436","type":"Feature","properties":{"bairro":"Vila Rica","distrito":"Belo Horizonte","regiao":"Pampulha","setores":1,"urbano":1},"geometry":{"type":"Polygon","coordinates":[[[-43.95218,-19.85527],[-43.95261,-19.85567],[-43.95254,-19.85582],[-43.95274,-19.85577],[-43.95329,-19.85625],[-43.95354,-19.85621],[-43.95434,-19.85661],[-43.95481,-19.85567],[-43.95304,-19.85474],[-43.95218,-19.85527]]]}},{"id":"437","type":"Feature","properties":{"bairro":"Vila SESC","distrito":"Venda Nova","regiao":"Venda Nova","setores":1,"urbano":1},"geometry":{"type":"Polygon","coordinates":[[[-43.97369,-19.80258],[-43.97341,-19.80315],[-43.97685,-19.80226],[-43.97748,-19.80184],[-43.97724,-19.80158],[-43.97628,-19.80204],[-43.97369,-19.80258]]]}},{"id":"438","type":"Feature","properties":{"bairro":"Vila Santa Lúcia","distrito":"Belo Horizonte","regiao":"Centro-Sul","setores":13,"urbano":13},"geometry":{"type":"Polygon","coordinates":[[[-43.94246,-19.95679],[-43.94191,-19.95674],[-43.94178,-19.95711],[-43.94203,-19.9576],[-43.94349,-19.95921],[-43.94389,-19.95887],[-43.94445,-19.95887],[-43.94503,-19.95856],[-43.94461,-19.9584],[-43.94468,-19.95775],[-43.94629,-19.95685],[-43.94565,-19.95637],[-43.94643,-19.95589],[-43.94628,-19.95562],[-43.94656,-19.95549],[-43.94621,-19.95507],[-43.94568,-19.9552],[-43.9454,-19.95497],[-43.94554,-19.95319],[-43.94524,-19.95203],[-43.94549,-19.95135],[-43.94588,-19.9511],[-43.94553,-19.95103],[-43.94553,-19.95088],[-43.9427,-19.95099],[-43.94214,-19.95073],[-43.94157,-19.951],[-43.94193,-19.95224],[-43.94324,-19.95288],[-43.94344,-19.95332],[-43.94336,-19.95427],[-43.94303,-19.95427],[-43.9431,-19.95451],[-43.94236,-19.95457],[-43.94217,-19.95489],[-43.94282,-19.95636],[-43.94246,-19.95679]]]}},{"id":"439","type":"Feature","properties":{"bairro":"Vila Santa Monica 1ª Seção","distrito":"Venda Nova","regiao":"Venda Nova","setores":4,"urbano":4},"geometry":{"type":"Polygon","coordinates":[[[-43.99131,-19.81866],[-43.99151,-19.81889],[-43.99157,-19.82003],[-43.99202,-19.82006],[-43.99182,-19.81959],[-43.99301,-19.81973],[-43.99345,-19.81903],[-43.99431,-19.81843],[-43.99458,-19.81801],[-43.99439,-19.81773],[-43.99474,-19.81735],[-43.99566,-19.81516],[-43.99601,-19.81477],[-43.99651,-19.81462],[-43.99637,-19.81417],[-43.99552,-19.81424],[-43.99559,-19.81462],[-43.99508,-19.81558],[-43.99539,-19.81572],[-43.9947,-19.81703],[-43.99408,-19.81743],[-43.99373,-19.81811],[-43.99298,-19.81856],[-43.99273,-19.81823],[-43.99204,-19.81817],[-43.99175,-19.81856],[-43.99131,-19.81866]]]}},{"id":"440","type":"Feature","properties":{"bairro":"Vila Santa Monica 2ª Seção","distrito":"Venda Nova","regiao":"Venda Nova","setores":1,"urbano":1},"geometry":{"type":"Polygon","coordinates":[[[-43.99486,-19.81404],[-43.99529,-19.81379],[-43.99557,-19.81323],[-43.99522,-19.81282],[-43.99489,-19.81332],[-43.99498,-19.81361],[-43.99465,-19.81368],[-43.99486,-19.81404]]]}},{"id":"441","type":"Feature","properties":{"bairro":"Vila Santa Rosa","distrito":"Belo Horizonte","regiao":"Pampulha","setores":2,"urbano":2},"geometry":{"type":"Polygon","coordinates":[[[-43.95025,-19.87325],[-43.94968,-19.87367],[-43.95009,-19.87406],[-43.95044,-19.87383],[-43.95018,-19.87354],[-43.95042,-19.8732],[-43.95122,-19.87254],[-43.95159,-19.87259],[-43.95108,-19.87212],[-43.95145,-19.87182],[-43.95076,-19.87108],[-43.95148,-19.8707],[-43.95139,-19.8706],[-43.95198,-19.87019],[-43.95185,-19.87008],[-43.95037,-19.87135],[-43.95004,-19.87116],[-43.94991,-19.87207],[-43.95018,-19.87206],[-43.95025,-19.87325]]]}},{"id":"442","type":"Feature","properties":{"bairro":"Vila Santo Antônio","distrito":"Belo Horizonte","regiao":"Pampulha","setores":1,"urbano":1},"geometry":{"type":"Polygon","coordinates":[[[-43.95784,-19.86146],[-43.95748,-19.86187],[-43.95823,-19.86252],[-43.95851,-19.86182],[-43.95826,-19.86139],[-43.95784,-19.86146]]]}},{"id":"443","type":"Feature","properties":{"bairro":"Vila Satélite","distrito":"Venda Nova","regiao":"Venda Nova","setores":1,"urbano":1},"geometry":{"type":"Polygon","coordinates":[[[-43.94948,-19.81698],[-43.9503,-19.81722],[-43.95027,-19.81687],[-43.95073,-19.81685],[-43.95068,-19.81652],[-43.95022,-19.81657],[-43.94959,-19.81585],[-43.94909,-19.81627],[-43.94917,-19.81654],[-43.94948,-19.81698]]]}},{"id":"444","type":"Feature","properties":{"bairro":"Vila Sumaré","distrito":"Belo Horizonte","regiao":"Noroeste","setores":5,"urbano":5},"geometry":{"type":"MultiPolygon","coordinates":[[[[-43.96584,-19.89086],[-43.96544,-19.8907],[-43.96578,-19.8904],[-43.96563,-19.8902],[-43.96507,-19.89056],[-43.96507,-19.89084],[-43.96584,-19.89086]]],[[[-43.96561,-19.88889],[-43.96597,-19.88924],[-43.96627,-19.88901],[-43.96679,-19.88932],[-43.9671,-19.88906],[-43.96733,-19.88913],[-43.96759,-19.88877],[-43.9665,-19.88748],[-43.96567,-19.88798],[-43.96529,-19.88775],[-43.96443,-19.8877],[-43.96371,-19.88675],[-43.96287,-19.88631],[-43.9635,-19.88692],[-43.96303,-19.88737],[-43.96356,-19.8879],[-43.96386,-19.88792],[-43.96348,-19.88823],[-43.96422,-19.88908],[-43.96455,-19.8889],[-43.96503,-19.88934],[-43.96561,-19.88889]]]]}},{"id":"445","type":"Feature","properties":{"bairro":"Vila Suzana I","distrito":"Belo Horizonte","regiao":"Pampulha","setores":1,"urbano":1},"geometry":{"type":"Polygon","coordinates":[[[-43.93343,-19.86042],[-43.93217,-19.8632],[-43.9316,-19.86368],[-43.93197,-19.86427],[-43.93428,-19.86314],[-43.93502,-19.86186],[-43.93343,-19.86042]]]}},{"id":"446","type":"Feature","properties":{"bairro":"Vila Suzana II","distrito":"Belo Horizonte","regiao":"Pampulha","setores":1,"urbano":1},"geometry":{"type":"Polygon","coordinates":[[[-43.93361,-19.86589],[-43.93335,-19.86591],[-43.93319,-19.86569],[-43.9329,-19.86587],[-43.93351,-19.86658],[-43.93341,-19.86602],[-43.93361,-19.86589]]]}},{"id":"447","type":"Feature","properties":{"bairro":"Vila São Francisco","distrito":"Belo Horizonte","regiao":"Pampulha","setores":1,"urbano":1},"geometry":{"type":"Polygon","coordinates":[[[-43.96333,-19.88058],[-43.96307,-19.8803],[-43.96245,-19.88114],[-43.96255,-19.88124],[-43.96333,-19.88058]]]}},{"id":"448","type":"Feature","properties":{"bairro":"Vila São Gabriel","distrito":"Venda Nova","regiao":"Nordeste","setores":1,"urbano":1},"geometry":{"type":"Polygon","coordinates":[[[-43.91186,-19.846],[-43.91171,-19.84698],[-43.91324,-19.84652],[-43.9144,-19.84674],[-43.91473,-19.84646],[-43.91412,-19.84613],[-43.91287,-19.84585],[-43.91186,-19.846]]]}},{"id":"449","type":"Feature","properties":{"bairro":"Vila São Geraldo","distrito":"Belo Horizonte","regiao":"Leste","setores":1,"urbano":1},"geometry":{"type":"Polygon","coordinates":[[[-43.89873,-19.89631],[-43.89898,-19.89638],[-43.89929,-19.89543],[-43.89866,-19.89542],[-43.89873,-19.89631]]]}},{"id":"450","type":"Feature","properties":{"bairro":"Vila São João Batista","distrito":"Venda Nova","regiao":"Venda Nova","setores":4,"urbano":4},"geometry":{"type":"Polygon","coordinates":[[[-43.96247,-19.82338],[-43.96484,-19.82162],[-43.96515,-19.82154],[-43.96522,-19.82223],[-43.96609,-19.82153],[-43.96468,-19.82084],[-43.96407,-19.82137],[-43.96211,-19.82226],[-43.96216,-19.82182],[-43.96297,-19.82036],[-43.96265,-19.82001],[-43.96206,-19.82046],[-43.96188,-19.82108],[-43.96161,-19.82101],[-43.96116,-19.82005],[-43.96126,-19.81996],[-43.96098,-19.81967],[-43.96078,-19.81983],[-43.96106,-19.82045],[-43.96098,-19.82084],[-43.95951,-19.82077],[-43.95971,-19.82157],[-43.95994,-19.82151],[-43.96013,-19.82184],[-43.96128,-19.82164],[-43.9615,-19.82258],[-43.96165,-19.82249],[-43.9621,-19.82279],[-43.96247,-19.82338]]]}},{"id":"451","type":"Feature","properties":{"bairro":"Vila São Paulo","distrito":"Belo Horizonte","regiao":"Nordeste","setores":3,"urbano":3},"geometry":{"type":"Polygon","coordinates":[[[-43.92048,-19.86732],[-43.92093,-19.86745],[-43.92171,-19.86811],[-43.92178,-19.86849],[-43.92214,-19.8685],[-43.92279,-19.86667],[-43.92413,-19.86697],[-43.92466,-19.86503],[-43.92533,-19.86486],[-43.92561,-19.86399],[-43.92515,-19.86376],[-43.92508,-19.86401],[-43.92267,-19.86588],[-43.92148,-19.86704],[-43.92061,-19.86671],[-43.92038,-19.86716],[-43.92057,-19.86719],[-43.92048,-19.86732]]]}},{"id":"452","type":"Feature","properties":{"bairro":"Vila Tiradentes","distrito":"Belo Horizonte","regiao":"Nordeste","setores":2,"urbano":2},"geometry":{"type":"Polygon","coordinates":[[[-43.94099,-19.89987],[-43.94292,-19.89784],[-43.94133,-19.89725],[-43.94138,-19.89698],[-43.94107,-19.89677],[-43.94018,-19.89763],[-43.94068,-19.89771],[-43.94099,-19.89826],[-43.9403,-19.89861],[-43.94099,-19.89987]]]}},{"id":"453","type":"Feature","properties":{"bairro":"Vila Tirol","distrito":"Barreiro","regiao":"Barreiro","setores":1,"urbano":1},"geometry":{"type":"Polygon","coordinates":[[[-44.035,-19.98374],[-44.03508,-19.9836],[-44.03545,-19.98391],[-44.03516,-19.9843],[-44.0359,-19.98437],[-44.03602,-19.98367],[-44.03474,-19.98308],[-44.03463,-19.98325],[-44.035,-19.98374]]]}},{"id":"454","type":"Feature","properties":{"bairro":"Vila Vera Cruz I","distrito":"Belo Horizonte","regiao":"Leste","setores":3,"urbano":3},"geometry":{"type":"MultiPolygon","coordinates":[[[[-43.89868,-19.90703],[-43.89831,-19.90696],[-43.89822,-19.90729],[-43.89874,-19.90738],[-43.89868,-19.90703]]],[[[-43.89634,-19.90699],[-43.89728,-19.90728],[-43.89733,-19.90676],[-43.89659,-19.9066],[-43.89634,-19.90699]]],[[[-43.89799,-19.90644],[-43.89756,-19.90634],[-43.89763,-19.9068],[-43.89789,-19.90685],[-43.89799,-19.90644]]]]}},{"id":"455","type":"Feature","properties":{"bairro":"Vila Vera Cruz II","distrito":"Belo Horizonte","regiao":"Leste","setores":1,"urbano":1},"geometry":{"type":"Polygon","coordinates":[[[-43.89779,-19.91136],[-43.89787,-19.91103],[-43.89743,-19.91094],[-43.89734,-19.91126],[-43.89779,-19.91136]]]}},{"id":"456","type":"Feature","properties":{"bairro":"Vila Vista Alegre","distrito":"Belo Horizonte","regiao":"Oeste","setores":20,"urbano":20},"geometry":{"type":"Polygon","coordinates":[[[-43.99633,-19.95779],[-43.99746,-19.95793],[-43.99814,-19.95779],[-43.99836,-19.95757],[-43.99815,-19.95701],[-43.99716,-19.9571],[-43.9973,-19.95541],[-43.99757,-19.95529],[-43.99748,-19.955],[-43.99691,-19.95494],[-43.99427,-19.9537],[-43.99112,-19.95043],[-43.99091,-19.9504],[-43.99012,-19.95133],[-43.98869,-19.9504],[-43.98897,-19.95275],[-43.98776,-19.95422],[-43.98818,-19.95458],[-43.98937,-19.95503],[-43.99307,-19.95544],[-43.99536,-19.95725],[-43.99633,-19.95779]]]}},{"id":"457","type":"Feature","properties":{"bairro":"Vila da Amizade","distrito":"Belo Horizonte","regiao":"Oeste","setores":1,"urbano":1},"geometry":{"type":"Polygon","coordinates":[[[-43.97845,-19.92403],[-43.97846,-19.92457],[-43.97925,-19.92427],[-43.98028,-19.92419],[-43.98192,-19.92462],[-43.98304,-19.92521],[-43.98312,-19.92509],[-43.98305,-19.92485],[-43.98265,-19.92476],[-43.98269,-19.92458],[-43.98229,-19.92441],[-43.98238,-19.92399],[-43.98224,-19.92395],[-43.97845,-19.92403]]]}},{"id":"458","type":"Feature","properties":{"bairro":"Vila da Luz","distrito":"Venda Nova","regiao":"Nordeste","setores":2,"urbano":2},"geometry":{"type":"Polygon","coordinates":[[[-43.89457,-19.85628],[-43.89659,-19.85716],[-43.8989,-19.85676],[-43.89898,-19.85656],[-43.89257,-19.85487],[-43.89242,-19.85535],[-43.89338,-19.85585],[-43.89282,-19.85593],[-43.89255,-19.85617],[-43.89396,-19.857],[-43.89457,-19.85628]]]}},{"id":"459","type":"Feature","properties":{"bairro":"Vila da Paz","distrito":"Belo Horizonte","regiao":"Nordeste","setores":1,"urbano":1},"geometry":{"type":"Polygon","coordinates":[[[-43.94623,-19.88024],[-43.9464,-19.88064],[-43.94614,-19.88086],[-43.94458,-19.88114],[-43.94418,-19.88147],[-43.94447,-19.88159],[-43.94448,-19.88183],[-43.94615,-19.88123],[-43.94677,-19.8805],[-43.94775,-19.87995],[-43.94753,-19.87997],[-43.94747,-19.87971],[-43.94705,-19.87978],[-43.9471,-19.88005],[-43.94623,-19.88024]]]}},{"id":"460","type":"Feature","properties":{"bairro":"Vila de Sá","distrito":"Belo Horizonte","regiao":"Nordeste","setores":1,"urbano":1},"geometry":{"type":"Polygon","coordinates":[[[-43.92172,-19.8761],[-43.92199,-19.87623],[-43.92039,-19.87694],[-43.92027,-19.87704],[-43.92007,-19.87725],[-43.91969,-19.87786],[-43.91948,-19.87778],[-43.91905,-19.87816],[-43.91896,-19.87861],[-43.91921,-19.87873],[-43.92046,-19.87694],[-43.92222,-19.87615],[-43.92241,-19.87651],[-43.92285,-19.8763],[-43.92333,-19.8765],[-43.92389,-19.87621],[-43.92262,-19.87579],[-43.92184,-19.87596],[-43.92172,-19.8761]]]}},{"id":"461","type":"Feature","properties":{"bairro":"Vila do Pombal","distrito":"Belo Horizonte","regiao":"Nordeste","setores":1,"urbano":1},"geometry":{"type":"Polygon","coordinates":[[[-43.93911,-19.89602],[-43.93934,-19.89625],[-43.9392,-19.89641],[-43.93975,-19.89676],[-43.93975,-19.89595],[-43.93911,-19.89602]]]}},{"id":"462","type":"Feature","properties":{"bairro":"Vila dos Anjos","distrito":"Venda Nova","regiao":"Venda Nova","setores":1,"urbano":1},"geometry":{"type":"Polygon","coordinates":[[[-43.99484,-19.81943],[-43.9945,-19.81979],[-43.99452,-19.82026],[-43.99424,-19.82069],[-43.99407,-19.82154],[-43.99462,-19.82183],[-43.99555,-19.82095],[-43.99582,-19.8191],[-43.99506,-19.8195],[-43.99484,-19.81943]]]}},{"id":"463","type":"Feature","properties":{"bairro":"Vila Átila de Paiva","distrito":"Barreiro","regiao":"Barreiro","setores":2,"urbano":2},"geometry":{"type":"Polygon","coordinates":[[[-44.03017,-19.97871],[-44.03121,-19.97936],[-44.03173,-19.98089],[-44.03267,-19.98023],[-44.032,-19.97919],[-44.03136,-19.9774],[-44.03073,-19.97657],[-44.02983,-19.97605],[-44.02839,-19.9759],[-44.02848,-19.97611],[-44.03008,-19.97642],[-44.03091,-19.97723],[-44.03115,-19.97768],[-44.03017,-19.97871]]]}},{"id":"464","type":"Feature","properties":{"bairro":"Virgínia","distrito":"Belo Horizonte","regiao":"Oeste","setores":1,"urbano":1},"geometry":{"type":"Polygon","coordinates":[[[-44.01887,-19.94523],[-44.01691,-19.94548],[-44.01662,-19.94654],[-44.02072,-19.94566],[-44.02188,-19.94484],[-44.0229,-19.94462],[-44.02303,-19.94408],[-44.02382,-19.94352],[-44.02301,-19.94363],[-44.01887,-19.94523]]]}},{"id":"465","type":"Feature","properties":{"bairro":"Vista Alegre","distrito":"Belo Horizonte","regiao":"Oeste","setores":12,"urbano":12},"geometry":{"type":"Polygon","coordinates":[[[-44.00126,-19.95665],[-44.00292,-19.95625],[-44.00381,-19.95487],[-44.00556,-19.95373],[-44.00538,-19.95354],[-44.00329,-19.95329],[-44.00308,-19.95311],[-44.00302,-19.95252],[-44.00196,-19.95258],[-44.00081,-19.95087],[-44.00225,-19.94997],[-44.00107,-19.94985],[-44.00059,-19.95013],[-43.99987,-19.95],[-43.99972,-19.95019],[-43.99922,-19.94996],[-43.9992,-19.95096],[-43.9987,-19.95195],[-43.99709,-19.95284],[-43.99614,-19.95313],[-43.99588,-19.95341],[-43.99551,-19.95322],[-43.99531,-19.95346],[-43.99471,-19.95318],[-43.9942,-19.95263],[-43.99367,-19.95309],[-43.99427,-19.9537],[-43.99691,-19.95494],[-43.99748,-19.955],[-43.99757,-19.95529],[-43.9973,-19.95541],[-43.99716,-19.9571],[-43.99815,-19.95701],[-43.99836,-19.95757],[-43.99814,-19.95779],[-44.00126,-19.95665]]]}},{"id":"466","type":"Feature","properties":{"bairro":"Vista do Sol","distrito":"Venda Nova","regiao":"Nordeste","setores":12,"urbano":12},"geometry":{"type":"Polygon","coordinates":[[[-43.89146,-19.85054],[-43.89169,-19.85042],[-43.89222,-19.85059],[-43.89377,-19.85059],[-43.8938,-19.85112],[-43.89474,-19.85117],[-43.89477,-19.84937],[-43.89501,-19.84943],[-43.89518,-19.84925],[-43.89495,-19.84901],[-43.89642,-19.84778],[-43.89508,-19.8475],[-43.89414,-19.84783],[-43.89169,-19.84721],[-43.88781,-19.84804],[-43.88814,-19.85131],[-43.88886,-19.85246],[-43.88965,-19.85162],[-43.8896,-19.85141],[-43.89044,-19.85214],[-43.89065,-19.85192],[-43.89131,-19.85199],[-43.89163,-19.85181],[-43.89162,-19.85137],[-43.89229,-19.85133],[-43.89228,-19.85103],[-43.89202,-19.85105],[-43.89176,-19.85062],[-43.89146,-19.85054]]]}},{"id":"467","type":"Feature","properties":{"bairro":"Vitória","distrito":"Venda Nova","regiao":"Nordeste","setores":11,"urbano":11},"geometry":{"type":"Polygon","coordinates":[[[-43.8937,-19.86262],[-43.89376,-19.86194],[-43.89301,-19.85917],[-43.89277,-19.85908],[-43.89226,-19.85927],[-43.89168,-19.85919],[-43.89139,-19.85941],[-43.89109,-19.86075],[-43.89054,-19.86167],[-43.8895,-19.86113],[-43.88911,-19.86119],[-43.88872,-19.86171],[-43.8881,-19.86131],[-43.88581,-19.86087],[-43.88111,-19.85885],[-43.88072,-19.85965],[-43.88191,-19.86117],[-43.882,-19.86175],[-43.88179,-19.86247],[-43.88311,-19.86225],[-43.8842,-19.86238],[-43.8854,-19.86351],[-43.88581,-19.86367],[-43.88763,-19.8635],[-43.88992,-19.86357],[-43.89026,-19.8646],[-43.89139,-19.86538],[-43.8937,-19.86262]]]}},{"id":"468","type":"Feature","properties":{"bairro":"Vitória da Conquista","distrito":"Barreiro","regiao":"Barreiro","setores":2,"urbano":2},"geometry":{"type":"Polygon","coordinates":[[[-44.02113,-20.01499],[-44.02157,-20.0157],[-44.02314,-20.01611],[-44.02588,-20.01424],[-44.02615,-20.01436],[-44.02632,-20.01373],[-44.02471,-20.01326],[-44.02349,-20.0133],[-44.02272,-20.01409],[-44.02113,-20.01499]]]}},{"id":"469","type":"Feature","properties":{"bairro":"Várzea da Palma","distrito":"Venda Nova","regiao":"Venda Nova","setores":1,"urbano":1},"geometry":{"type":"Polygon","coordinates":[[[-43.98549,-19.82478],[-43.98633,-19.82505],[-43.98641,-19.82444],[-43.98578,-19.8242],[-43.98549,-19.82478]]]}},{"id":"470","type":"Feature","properties":{"bairro":"Xangri-lá","distrito":"Belo Horizonte","regiao":"Pampulha","setores":1,"urbano":1},"geometry":{"type":"Polygon","coordinates":[[[-44.01506,-19.841],[-44.01486,-19.84218],[-44.01412,-19.8432],[-44.0137,-19.84423],[-44.01335,-19.84434],[-44.01321,-19.84535],[-44.01243,-19.84591],[-44.01333,-19.84754],[-44.01455,-19.84865],[-44.01628,-19.84704],[-44.02025,-19.83801],[-44.02008,-19.83729],[-44.01894,-19.83658],[-44.01743,-19.83426],[-44.01634,-19.83721],[-44.01618,-19.83867],[-44.01558,-19.83958],[-44.01506,-19.841]]]}},{"id":"471","type":"Feature","properties":{"bairro":"Xodó-Marize","distrito":"Venda Nova","regiao":"Norte","setores":3,"urbano":3},"geometry":{"type":"Polygon","coordinates":[[[-43.94017,-19.82469],[-43.9417,-19.8254],[-43.94304,-19.82437],[-43.94332,-19.82298],[-43.9437,-19.82219],[-43.94266,-19.81812],[-43.9388,-19.81945],[-43.93838,-19.8193],[-43.9377,-19.81853],[-43.93704,-19.81839],[-43.93687,-19.81946],[-43.93606,-19.82042],[-43.93504,-19.82042],[-43.93431,-19.81972],[-43.9337,-19.81953],[-43.93318,-19.81985],[-43.93332,-19.82018],[-43.93317,-19.82044],[-43.93172,-19.8206],[-43.93006,-19.82145],[-43.93019,-19.8224],[-43.93099,-19.82225],[-43.9336,-19.82101],[-43.93492,-19.82107],[-43.9359,-19.82167],[-43.93709,-19.82206],[-43.94017,-19.82469]]]}},{"id":"472","type":"Feature","properties":{"bairro":"Zilah Spósito","distrito":"Venda Nova","regiao":"Norte","setores":5,"urbano":5},"geometry":{"type":"MultiPolygon","coordinates":[[[[-43.92657,-19.80309],[-43.92546,-19.80232],[-43.92505,-19.80234],[-43.92479,-19.80272],[-43.92605,-19.80374],[-43.92657,-19.80309]]],[[[-43.92621,-19.80222],[-43.92658,-19.79906],[-43.92625,-19.7994],[-43.92472,-19.79925],[-43.9244,-19.79938],[-43.92263,-19.80106],[-43.92299,-19.80134],[-43.92384,-19.80074],[-43.92408,-19.80122],[-43.92506,-19.80163],[-43.92531,-19.80088],[-43.92621,-19.80222]]]]}},{"id":"473","type":"Feature","properties":{"bairro":"Águas Claras","distrito":"Barreiro","regiao":"Barreiro","setores":4,"urbano":4},"geometry":{"type":"Polygon","coordinates":[[[-44.02081,-20.01083],[-44.02028,-20.01357],[-44.02113,-20.01499],[-44.02272,-20.01409],[-44.02349,-20.0133],[-44.02471,-20.01326],[-44.0261,-20.01364],[-44.02613,-20.01344],[-44.02526,-20.01315],[-44.02463,-20.01249],[-44.02449,-20.01258],[-44.0222,-20.01009],[-44.02081,-20.01083]]]}},{"id":"474","type":"Feature","properties":{"bairro":"Álvaro Camargos","distrito":"Belo Horizonte","regiao":"Noroeste","setores":4,"urbano":4},"geometry":{"type":"Polygon","coordinates":[[[-44.00397,-19.91554],[-44.0056,-19.91723],[-44.00584,-19.91707],[-44.00603,-19.91719],[-44.00649,-19.91794],[-44.00685,-19.91757],[-44.00753,-19.91759],[-44.00778,-19.91718],[-44.00906,-19.91627],[-44.00746,-19.91237],[-44.00719,-19.91162],[-44.00734,-19.91158],[-44.00703,-19.91131],[-44.0064,-19.91193],[-44.00606,-19.91283],[-44.00442,-19.9143],[-44.00526,-19.91445],[-44.00397,-19.91554]]]}},{"id":"475","type":"Feature","properties":{"bairro":"Átila de Paiva","distrito":"Barreiro","regiao":"Barreiro","setores":2,"urbano":2},"geometry":{"type":"Polygon","coordinates":[[[-44.02638,-19.97816],[-44.02874,-19.98026],[-44.03115,-19.97768],[-44.03057,-19.9768],[-44.03008,-19.97642],[-44.02843,-19.97607],[-44.02638,-19.97816]]]}}]}