{"type":"FeatureCollection","features":[{"id":"0","type":"Feature","properties":{"bairro":"Arcangelo","distrito":"Arcângelo","regiao":"Arcângelo","setores":1,"urbano":1},"geometry":{"type":"Polygon","coordinates":[[[-44.31319,-21.30274],[-44.31258,-21.30342],[-44.31301,-21.30394],[-44.31524,-21.30471],[-44.31344,-21.30748],[-44.31215,-21.30887],[-44.31178,-21.30964],[-44.31227,-21.30986],[-44.31278,-21.31008],[-44.31426,-21.30873],[-44.31601,-21.30763],[-44.31729,-21.30636],[-44.3179,-21.30615],[-44.32076,-21.30713],[-44.32171,-21.30818],[-44.32286,-21.3076],[-44.32171,-21.30598],[-44.32055,-21.30568],[-44.31839,-21.30361],[-44.31804,-21.30349],[-44.31762,-21.30365],[-44.31617,-21.30366],[-44.31319,-21.30274]]]}},{"id":"1","type":"Feature","properties":{"bairro":"Arcângelo — sem bairro declarado","distrito":"Arcângelo","regiao":"Arcângelo","setores":1,"urbano":0},"geometry":{"type":"Polygon","coordinates":[[[-44.44759,-21.39773],[-44.44808,-21.39804],[-44.45095,-21.39896],[-44.45482,-21.40135],[-44.45687,-21.40192],[-44.45729,-21.40165],[-44.45902,-21.39892],[-44.45959,-21.39839],[-44.46004,-21.39819],[-44.46177,-21.39861],[-44.46166,-21.39365],[-44.46088,-21.39151],[-44.46026,-21.39071],[-44.46093,-21.39428],[-44.46073,-21.39674],[-44.45958,-21.39607],[-44.45804,-21.39615],[-44.45741,-21.396],[-44.45768,-21.39682],[-44.45858,-21.39776],[-44.45871,-21.39885],[-44.45856,-21.39943],[-44.4581,-21.39987],[-44.45758,-21.40006],[-44.45598,-21.40009],[-44.45505,-21.40076],[-44.4551,-21.40023],[-44.45487,-21.39982],[-44.45297,-21.39951],[-44.45187,-21.39845],[-44.45073,-21.39867],[-44.45017,-21.39864],[-44.44987,-21.39843],[-44.44872,-21.39628],[-44.44827,-21.39627],[-44.44836,-21.3968],[-44.44803,-21.39748],[-44.44759,-21.39773]]]}},{"id":"2","type":"Feature","properties":{"bairro":"Bahia","distrito":"São Sebastião da Vitória","regiao":"São Sebastião da Vitória","setores":1,"urbano":0},"geometry":{"type":"Polygon","coordinates":[[[-44.51506,-21.40599],[-44.5153,-21.40632],[-44.51579,-21.40626],[-44.51648,-21.40582],[-44.51773,-21.40351],[-44.51796,-21.40104],[-44.51734,-21.39658],[-44.51739,-21.39565],[-44.51832,-21.39445],[-44.5187,-21.39358],[-44.51874,-21.39279],[-44.51842,-21.39179],[-44.51787,-21.3908],[-44.51663,-21.38993],[-44.5165,-21.38941],[-44.51695,-21.38918],[-44.51873,-21.38977],[-44.52005,-21.38927],[-44.52084,-21.38954],[-44.52185,-21.39033],[-44.52264,-21.39047],[-44.52257,-21.39026],[-44.5216,-21.38974],[-44.52132,-21.38933],[-44.52136,-21.3887],[-44.52116,-21.38828],[-44.52024,-21.38816],[-44.51923,-21.38904],[-44.51872,-21.38921],[-44.51817,-21.38904],[-44.51602,-21.38688],[-44.51512,-21.38628],[-44.51505,-21.38851],[-44.51477,-21.39031],[-44.51494,-21.39066],[-44.51584,-21.39113],[-44.51748,-21.3914],[-44.51799,-21.39243],[-44.51807,-21.39308],[-44.51742,-21.39463],[-44.51667,-21.39565],[-44.51655,-21.39651],[-44.51725,-21.4],[-44.51697,-21.40312],[-44.51668,-21.40393],[-44.51506,-21.40599]]]}},{"id":"3","type":"Feature","properties":{"bairro":"Bonfim","distrito":"São João del Rei","regiao":"São João del Rei","setores":14,"urbano":14},"geometry":{"type":"Polygon","coordinates":[[[-44.2637,-21.16287],[-44.2648,-21.16234],[-44.26506,-21.16142],[-44.26477,-21.16071],[-44.26511,-21.16066],[-44.26607,-21.16101],[-44.26638,-21.16081],[-44.26591,-21.15945],[-44.26627,-21.15894],[-44.26697,-21.15564],[-44.26593,-21.15355],[-44.26519,-21.15262],[-44.2648,-21.15235],[-44.26293,-21.15208],[-44.26256,-21.15162],[-44.26272,-21.15088],[-44.26355,-21.1498],[-44.26352,-21.14941],[-44.26328,-21.14934],[-44.26272,-21.1497],[-44.26216,-21.1493],[-44.26213,-21.14887],[-44.26251,-21.14855],[-44.26247,-21.14836],[-44.26216,-21.14832],[-44.26185,-21.14743],[-44.26196,-21.14593],[-44.26401,-21.14345],[-44.26411,-21.14281],[-44.26303,-21.14264],[-44.2631,-21.14285],[-44.26265,-21.14312],[-44.26185,-21.14295],[-44.25923,-21.13994],[-44.25748,-21.14126],[-44.25763,-21.14053],[-44.25678,-21.14007],[-44.25651,-21.14083],[-44.25613,-21.14056],[-44.2558,-21.13979],[-44.25481,-21.13869],[-44.25349,-21.13939],[-44.25191,-21.13933],[-44.25116,-21.13827],[-44.25013,-21.13919],[-44.24961,-21.13871],[-44.25031,-21.13798],[-44.2479,-21.1386],[-44.2463,-21.13962],[-44.24588,-21.14006],[-44.24582,-21.14043],[-44.24608,-21.1411],[-44.24674,-21.14184],[-44.24683,-21.14251],[-44.24665,-21.14316],[-44.24321,-21.14648],[-44.24212,-21.14862],[-44.24203,-21.14936],[-44.24002,-21.14931],[-44.23962,-21.15011],[-44.2403,-21.15008],[-44.2405,-21.15046],[-44.24037,-21.15076],[-44.23964,-21.15128],[-44.24033,-21.15241],[-44.23986,-21.15247],[-44.23934,-21.15214],[-44.23931,-21.15288],[-44.23952,-21.15318],[-44.24021,-21.15345],[-44.24034,-21.15417],[-44.24091,-21.15419],[-44.24136,-21.15503],[-44.24307,-21.15528],[-44.24334,-21.15553],[-44.24443,-21.15573],[-44.24506,-21.15641],[-44.2466,-21.15716],[-44.24697,-21.15704],[-44.24734,-21.15722],[-44.24731,-21.15749],[-44.24865,-21.1581],[-44.2492,-21.15763],[-44.25051,-21.15764],[-44.25216,-21.15726],[-44.25264,-21.15688],[-44.25314,-21.15686],[-44.25337,-21.15669],[-44.25358,-21.15604],[-44.2539,-21.15457],[-44.25387,-21.15362],[-44.25471,-21.15398],[-44.25542,-21.15406],[-44.2557,-21.15524],[-44.25504,-21.15538],[-44.25513,-21.15648],[-44.25667,-21.15744],[-44.25677,-21.1594],[-44.25649,-21.16007],[-44.25677,-21.16067],[-44.25551,-21.16233],[-44.25508,-21.16334],[-44.25431,-21.16391],[-44.25377,-21.16539],[-44.25294,-21.16621],[-44.25278,-21.16663],[-44.25466,-21.16672],[-44.25595,-21.16759],[-44.25637,-21.1681],[-44.25832,-21.16762],[-44.25893,-21.16706],[-44.26094,-21.16624],[-44.26114,-21.16566],[-44.26255,-21.16511],[-44.26289,-21.16453],[-44.2629,-21.16392],[-44.26334,-21.16359],[-44.2637,-21.16287]]]}},{"id":"4","type":"Feature","properties":{"bairro":"Cajuru","distrito":"Arcângelo","regiao":"Arcângelo","setores":1,"urbano":0},"geometry":{"type":"Polygon","coordinates":[[[-44.32791,-21.24129],[-44.3274,-21.24195],[-44.32686,-21.24209],[-44.32692,-21.24268],[-44.32609,-21.24306],[-44.3256,-21.24299],[-44.32563,-21.24357],[-44.32521,-21.2436],[-44.32445,-21.24456],[-44.32382,-21.24435],[-44.32316,-21.24459],[-44.32409,-21.24561],[-44.32429,-21.2463],[-44.32487,-21.2466],[-44.32502,-21.24694],[-44.32462,-21.24731],[-44.32471,-21.24746],[-44.32539,-21.24766],[-44.32548,-21.24798],[-44.32503,-21.24841],[-44.32545,-21.24947],[-44.32531,-21.24972],[-44.3246,-21.24998],[-44.32439,-21.25022],[-44.32444,-21.25064],[-44.32406,-21.25089],[-44.32446,-21.2515],[-44.3245,-21.25243],[-44.32428,-21.25278],[-44.3237,-21.25311],[-44.32369,-21.25337],[-44.32519,-21.25395],[-44.32527,-21.25427],[-44.3247,-21.25446],[-44.32507,-21.25554],[-44.32501,-21.25598],[-44.32382,-21.25698],[-44.32422,-21.25775],[-44.32362,-21.2577],[-44.32318,-21.25709],[-44.32245,-21.25703],[-44.32145,-21.25857],[-44.32048,-21.25812],[-44.31998,-21.25824],[-44.31979,-21.25848],[-44.31997,-21.2587],[-44.32069,-21.25896],[-44.32054,-21.25932],[-44.31879,-21.25958],[-44.31851,-21.25991],[-44.3185,-21.26035],[-44.31888,-21.26142],[-44.3188,-21.26171],[-44.31996,-21.26241],[-44.32004,-21.2628],[-44.31969,-21.26302],[-44.31896,-21.26314],[-44.31814,-21.26242],[-44.31786,-21.26241],[-44.31758,-21.2625],[-44.31699,-21.26355],[-44.31589,-21.26354],[-44.3152,-21.26315],[-44.31467,-21.26327],[-44.31457,-21.26355],[-44.31478,-21.26402],[-44.31516,-21.26434],[-44.31489,-21.26472],[-44.31342,-21.26451],[-44.31306,-21.26468],[-44.31273,-21.26592],[-44.31287,-21.26663],[-44.31206,-21.26758],[-44.31203,-21.26795],[-44.31234,-21.26808],[-44.31252,-21.26844],[-44.31246,-21.26884],[-44.31137,-21.26939],[-44.30923,-21.27254],[-44.30902,-21.27366],[-44.30868,-21.27384],[-44.30811,-21.27348],[-44.30769,-21.27458],[-44.307,-21.27492],[-44.30697,-21.27537],[-44.30777,-21.27602],[-44.30787,-21.27693],[-44.30679,-21.27702],[-44.30641,-21.27722],[-44.30647,-21.27761],[-44.30576,-21.27785],[-44.30559,-21.27857],[-44.30601,-21.27899],[-44.30592,-21.27946],[-44.30537,-21.27968],[-44.30554,-21.28011],[-44.30546,-21.2805],[-44.30513,-21.28088],[-44.3046,-21.28265],[-44.30494,-21.28336],[-44.30501,-21.28441],[-44.30434,-21.2852],[-44.30379,-21.28548],[-44.3035,-21.28596],[-44.30372,-21.2868],[-44.30405,-21.28704],[-44.30383,-21.28749],[-44.30419,-21.28791],[-44.30408,-21.28811],[-44.30272,-21.28791],[-44.30299,-21.28882],[-44.30321,-21.2891],[-44.30343,-21.2891],[-44.30343,-21.28965],[-44.30309,-21.28993],[-44.30356,-21.29082],[-44.30364,-21.29147],[-44.30348,-21.29161],[-44.30272,-21.29141],[-44.30247,-21.29152],[-44.30215,-21.29205],[-44.3023,-21.29305],[-44.3034,-21.29327],[-44.30475,-21.29316],[-44.3059,-21.29408],[-44.30917,-21.29835],[-44.30989,-21.30102],[-44.31014,-21.30161],[-44.31049,-21.30192],[-44.31281,-21.30313],[-44.31319,-21.30274],[-44.31617,-21.30366],[-44.31762,-21.30365],[-44.31804,-21.30349],[-44.31861,-21.30372],[-44.32055,-21.30568],[-44.32171,-21.30598],[-44.32222,-21.30652],[-44.32286,-21.3076],[-44.32225,-21.30793],[-44.32299,-21.30934],[-44.32425,-21.30852],[-44.32516,-21.30758],[-44.32644,-21.30497],[-44.3271,-21.30545],[-44.32842,-21.30564],[-44.3299,-21.30628],[-44.33037,-21.3068],[-44.33143,-21.30737],[-44.33206,-21.30853],[-44.33246,-21.3098],[-44.33402,-21.31214],[-44.33615,-21.31356],[-44.33819,-21.3158],[-44.33872,-21.31671],[-44.33974,-21.31945],[-44.3417,-21.32048],[-44.34255,-21.32175],[-44.34928,-21.32559],[-44.35234,-21.32838],[-44.35253,-21.32897],[-44.35325,-21.33001],[-44.35354,-21.33021],[-44.35417,-21.33018],[-44.3545,-21.33146],[-44.35521,-21.33259],[-44.35579,-21.33408],[-44.35535,-21.33587],[-44.35534,-21.3363],[-44.3556,-21.33652],[-44.35712,-21.33755],[-44.3583,-21.33783],[-44.35898,-21.33847],[-44.35984,-21.33849],[-44.36114,-21.3389],[-44.36141,-21.33935],[-44.36208,-21.33985],[-44.3629,-21.34124],[-44.36591,-21.34171],[-44.36617,-21.34218],[-44.3672,-21.3428],[-44.36828,-21.34261],[-44.3692,-21.34281],[-44.37129,-21.34387],[-44.3719,-21.34498],[-44.37373,-21.34672],[-44.37464,-21.34795],[-44.37527,-21.34822],[-44.37603,-21.3481],[-44.37623,-21.34834],[-44.37657,-21.34838],[-44.37679,-21.34885],[-44.37711,-21.34905],[-44.37733,-21.34977],[-44.37983,-21.35002],[-44.38107,-21.35115],[-44.38162,-21.35116],[-44.3833,-21.35068],[-44.3842,-21.35112],[-44.38489,-21.35105],[-44.3851,-21.35118],[-44.3852,-21.35191],[-44.38581,-21.35193],[-44.38767,-21.35263],[-44.38852,-21.35261],[-44.38877,-21.35217],[-44.38917,-21.35198],[-44.38975,-21.35215],[-44.39156,-21.35184],[-44.39202,-21.35195],[-44.3924,-21.35225],[-44.39155,-21.35398],[-44.3915,-21.35433],[-44.39175,-21.35491],[-44.39221,-21.35531],[-44.3944,-21.35635],[-44.39466,-21.35704],[-44.39572,-21.35795],[-44.39635,-21.35929],[-44.39721,-21.35951],[-44.39767,-21.35985],[-44.39835,-21.36088],[-44.39846,-21.36202],[-44.39929,-21.36223],[-44.39935,-21.36279],[-44.40042,-21.36354],[-44.40062,-21.36423],[-44.40224,-21.36393],[-44.40315,-21.36266],[-44.40396,-21.36258],[-44.40437,-21.3622],[-44.40551,-21.36185],[-44.40589,-21.36204],[-44.40917,-21.36185],[-44.40959,-21.36201],[-44.41037,-21.36284],[-44.41215,-21.36264],[-44.41277,-21.3632],[-44.41448,-21.36364],[-44.41527,-21.36408],[-44.41724,-21.36384],[-44.41853,-21.36309],[-44.41883,-21.36264],[-44.41914,-21.36138],[-44.41949,-21.36083],[-44.42004,-21.36054],[-44.42109,-21.36034],[-44.42271,-21.36056],[-44.42419,-21.35988],[-44.42518,-21.36008],[-44.42566,-21.35963],[-44.42646,-21.35925],[-44.42678,-21.35804],[-44.42735,-21.35767],[-44.42776,-21.35769],[-44.42844,-21.35819],[-44.42926,-21.35775],[-44.43117,-21.35785],[-44.43204,-21.35739],[-44.43323,-21.35624],[-44.43344,-21.35567],[-44.43323,-21.3549],[-44.43347,-21.35445],[-44.43525,-21.35426],[-44.43651,-21.35298],[-44.43691,-21.35285],[-44.4377,-21.35298],[-44.43915,-21.35403],[-44.43978,-21.35394],[-44.44015,-21.35312],[-44.44114,-21.35313],[-44.44221,-21.35251],[-44.44265,-21.35169],[-44.44492,-21.35198],[-44.44557,-21.35162],[-44.44716,-21.35191],[-44.45039,-21.35127],[-44.4519,-21.35048],[-44.45674,-21.35075],[-44.45783,-21.35057],[-44.45859,-21.35019],[-44.46056,-21.34665],[-44.46013,-21.34284],[-44.46072,-21.3405],[-44.46372,-21.33867],[-44.46389,-21.33847],[-44.46372,-21.33775],[-44.46182,-21.33656],[-44.45724,-21.33495],[-44.4565,-21.33458],[-44.45498,-21.33336],[-44.45416,-21.33307],[-44.44946,-21.33264],[-44.44591,-21.33174],[-44.44285,-21.33203],[-44.44129,-21.33184],[-44.44046,-21.33161],[-44.43659,-21.32945],[-44.43507,-21.3276],[-44.43271,-21.3264],[-44.43233,-21.32597],[-44.43182,-21.32449],[-44.43184,-21.32217],[-44.43165,-21.32121],[-44.42806,-21.31751],[-44.42621,-21.31512],[-44.42459,-21.31349],[-44.4241,-21.31318],[-44.4228,-21.3129],[-44.42153,-21.31339],[-44.41927,-21.31503],[-44.41849,-21.31512],[-44.41807,-21.31491],[-44.4177,-21.31423],[-44.41756,-21.31241],[-44.41703,-21.31193],[-44.41578,-21.31152],[-44.41451,-21.31075],[-44.41391,-21.3099],[-44.41239,-21.30686],[-44.41093,-21.30513],[-44.41021,-21.30291],[-44.41013,-21.30115],[-44.40927,-21.29976],[-44.40883,-21.29773],[-44.40826,-21.29663],[-44.40695,-21.29732],[-44.40495,-21.29908],[-44.40386,-21.29979],[-44.40311,-21.30066],[-44.40226,-21.30119],[-44.4013,-21.30147],[-44.4004,-21.30146],[-44.39236,-21.30264],[-44.39049,-21.30333],[-44.38941,-21.30325],[-44.38751,-21.30239],[-44.38507,-21.30182],[-44.38007,-21.30123],[-44.37662,-21.30007],[-44.37538,-21.29944],[-44.37474,-21.29876],[-44.37363,-21.29599],[-44.37379,-21.29505],[-44.37466,-21.29309],[-44.37439,-21.29117],[-44.37459,-21.29057],[-44.37533,-21.28963],[-44.37546,-21.2886],[-44.37503,-21.28796],[-44.37253,-21.2862],[-44.37198,-21.28515],[-44.3716,-21.28386],[-44.37185,-21.28307],[-44.37354,-21.28112],[-44.37441,-21.2798],[-44.37464,-21.27848],[-44.37433,-21.27785],[-44.37238,-21.27693],[-44.37157,-21.2744],[-44.37047,-21.27283],[-44.37031,-21.2716],[-44.36998,-21.27091],[-44.36888,-21.26986],[-44.36733,-21.26934],[-44.3665,-21.26863],[-44.36321,-21.26864],[-44.36142,-21.2692],[-44.35735,-21.26941],[-44.35561,-21.26888],[-44.35477,-21.26829],[-44.35408,-21.26694],[-44.35199,-21.26463],[-44.35152,-21.2631],[-44.35058,-21.26266],[-44.35043,-21.26149],[-44.34994,-21.26093],[-44.3495,-21.25637],[-44.34969,-21.25448],[-44.34942,-21.25407],[-44.34895,-21.25393],[-44.3487,-21.25247],[-44.34811,-21.2514],[-44.3482,-21.25097],[-44.34864,-21.25075],[-44.34866,-21.25053],[-44.34811,-21.2498],[-44.34764,-21.24968],[-44.34681,-21.24881],[-44.34641,-21.24742],[-44.34478,-21.24623],[-44.34411,-21.24535],[-44.34433,-21.2439],[-44.345,-21.24285],[-44.34481,-21.24261],[-44.34331,-21.24282],[-44.34282,-21.24267],[-44.34213,-21.2412],[-44.34188,-21.24005],[-44.34087,-21.23996],[-44.34016,-21.24041],[-44.33881,-21.24052],[-44.3375,-21.24125],[-44.33645,-21.24139],[-44.33599,-21.24323],[-44.3349,-21.24327],[-44.33483,-21.24402],[-44.33474,-21.24425],[-44.33449,-21.24428],[-44.33279,-21.24349],[-44.33223,-21.24351],[-44.3315,-21.24418],[-44.33102,-21.24413],[-44.3302,-21.24307],[-44.32791,-21.24129]]]}},{"id":"5","type":"Feature","properties":{"bairro":"Caquende","distrito":"São Sebastião da Vitória","regiao":"São Sebastião da Vitória","setores":1,"urbano":0},"geometry":{"type":"Polygon","coordinates":[[[-44.53755,-21.33239],[-44.53801,-21.33294],[-44.53884,-21.33317],[-44.5405,-21.33288],[-44.54107,-21.33422],[-44.54157,-21.33485],[-44.54334,-21.33492],[-44.54476,-21.33527],[-44.54507,-21.335],[-44.54502,-21.33462],[-44.54469,-21.33407],[-44.54431,-21.33396],[-44.54393,-21.33317],[-44.54371,-21.33322],[-44.54355,-21.33293],[-44.54494,-21.33149],[-44.54566,-21.33104],[-44.54527,-21.33058],[-44.54423,-21.33029],[-44.54432,-21.33011],[-44.54477,-21.33006],[-44.54483,-21.32986],[-44.54297,-21.32964],[-44.5424,-21.33052],[-44.53976,-21.32965],[-44.53875,-21.33045],[-44.53755,-21.33239]]]}},{"id":"6","type":"Feature","properties":{"bairro":"Centro","distrito":"São João del Rei","regiao":"São João del Rei","setores":16,"urbano":16},"geometry":{"type":"Polygon","coordinates":[[[-44.2631,-21.14285],[-44.26277,-21.14232],[-44.26318,-21.14153],[-44.26175,-21.1403],[-44.26167,-21.13936],[-44.26196,-21.13882],[-44.26307,-21.13779],[-44.2645,-21.13835],[-44.26472,-21.13719],[-44.26395,-21.13718],[-44.26416,-21.13653],[-44.26452,-21.13601],[-44.26548,-21.13618],[-44.26578,-21.13435],[-44.26632,-21.13289],[-44.26358,-21.13294],[-44.26389,-21.13246],[-44.26542,-21.1324],[-44.26546,-21.13191],[-44.26468,-21.13168],[-44.2645,-21.13126],[-44.26348,-21.13103],[-44.26334,-21.13055],[-44.26292,-21.13094],[-44.26221,-21.13105],[-44.25904,-21.1306],[-44.25706,-21.13062],[-44.2573,-21.13042],[-44.25594,-21.12968],[-44.25632,-21.12877],[-44.25591,-21.12864],[-44.25471,-21.12869],[-44.25283,-21.12844],[-44.25216,-21.12879],[-44.252,-21.1293],[-44.25153,-21.12893],[-44.25052,-21.12936],[-44.2509,-21.13002],[-44.25082,-21.1303],[-44.25111,-21.13124],[-44.25081,-21.13119],[-44.25061,-21.13173],[-44.25207,-21.13221],[-44.25266,-21.13315],[-44.25456,-21.1342],[-44.24961,-21.13871],[-44.25013,-21.13919],[-44.25116,-21.13827],[-44.25181,-21.1393],[-44.25349,-21.13939],[-44.25481,-21.13869],[-44.2558,-21.13979],[-44.25613,-21.14056],[-44.25651,-21.14083],[-44.25678,-21.14007],[-44.25763,-21.14053],[-44.25748,-21.14126],[-44.25923,-21.13994],[-44.26185,-21.14295],[-44.26265,-21.14312],[-44.2631,-21.14285]]]}},{"id":"7","type":"Feature","properties":{"bairro":"Chaves","distrito":"Arcângelo","regiao":"Arcângelo","setores":1,"urbano":0},"geometry":{"type":"Polygon","coordinates":[[[-44.32225,-21.30793],[-44.32171,-21.30818],[-44.32076,-21.30713],[-44.3179,-21.30615],[-44.31729,-21.30636],[-44.31601,-21.30763],[-44.31426,-21.30873],[-44.31278,-21.31008],[-44.31227,-21.30986],[-44.31164,-21.31153],[-44.31083,-21.31247],[-44.30977,-21.31313],[-44.30951,-21.31354],[-44.30929,-21.31441],[-44.30947,-21.31526],[-44.30937,-21.31632],[-44.30978,-21.3175],[-44.3092,-21.31835],[-44.30829,-21.31911],[-44.30759,-21.32055],[-44.30637,-21.32133],[-44.30413,-21.32177],[-44.30102,-21.32377],[-44.29937,-21.3261],[-44.29588,-21.32971],[-44.29352,-21.33185],[-44.29473,-21.33249],[-44.2948,-21.33395],[-44.29672,-21.33303],[-44.29789,-21.33203],[-44.29884,-21.33071],[-44.2998,-21.33025],[-44.30136,-21.33019],[-44.30363,-21.32953],[-44.3064,-21.33002],[-44.30719,-21.33068],[-44.30766,-21.33138],[-44.3083,-21.33478],[-44.30894,-21.33555],[-44.31144,-21.33699],[-44.3122,-21.33804],[-44.31251,-21.34002],[-44.31399,-21.34307],[-44.31479,-21.34387],[-44.31515,-21.34528],[-44.31505,-21.34734],[-44.31546,-21.34804],[-44.31525,-21.34863],[-44.31601,-21.34929],[-44.31641,-21.3502],[-44.31823,-21.35167],[-44.31835,-21.35198],[-44.31855,-21.35421],[-44.31807,-21.35454],[-44.31807,-21.35498],[-44.3186,-21.35557],[-44.31851,-21.35678],[-44.31921,-21.35766],[-44.31913,-21.35836],[-44.31982,-21.3595],[-44.3194,-21.36003],[-44.31948,-21.36036],[-44.31927,-21.3609],[-44.31961,-21.36172],[-44.31917,-21.36252],[-44.31925,-21.36354],[-44.31962,-21.36387],[-44.31979,-21.36438],[-44.31948,-21.36626],[-44.31904,-21.36722],[-44.31889,-21.3681],[-44.31954,-21.36948],[-44.31961,-21.37033],[-44.31901,-21.37126],[-44.31934,-21.37396],[-44.31893,-21.37531],[-44.31815,-21.37621],[-44.31784,-21.37768],[-44.3182,-21.38012],[-44.31892,-21.38055],[-44.31945,-21.38051],[-44.31956,-21.38106],[-44.31941,-21.38169],[-44.31889,-21.38237],[-44.31943,-21.38292],[-44.32107,-21.38353],[-44.32061,-21.38437],[-44.31976,-21.3844],[-44.31952,-21.38473],[-44.31933,-21.38558],[-44.31967,-21.38626],[-44.32114,-21.38688],[-44.32283,-21.38731],[-44.32324,-21.38842],[-44.32344,-21.38855],[-44.32497,-21.38829],[-44.32589,-21.38851],[-44.32826,-21.38826],[-44.3312,-21.38848],[-44.3316,-21.38825],[-44.33167,-21.388],[-44.33151,-21.38711],[-44.33342,-21.38692],[-44.33512,-21.3875],[-44.33545,-21.38812],[-44.33522,-21.38929],[-44.33534,-21.38977],[-44.33764,-21.38972],[-44.33935,-21.38993],[-44.34028,-21.39034],[-44.34178,-21.39061],[-44.34242,-21.39097],[-44.34406,-21.39119],[-44.34557,-21.39178],[-44.34632,-21.39192],[-44.34695,-21.39162],[-44.34764,-21.39189],[-44.34816,-21.39186],[-44.349,-21.39273],[-44.34912,-21.39387],[-44.34888,-21.39424],[-44.34888,-21.39595],[-44.34896,-21.39617],[-44.34947,-21.39608],[-44.34963,-21.39624],[-44.34939,-21.39674],[-44.34976,-21.39716],[-44.35155,-21.39773],[-44.35218,-21.39875],[-44.35447,-21.39917],[-44.3553,-21.3997],[-44.35761,-21.40245],[-44.36091,-21.40293],[-44.36126,-21.40328],[-44.36146,-21.4045],[-44.3606,-21.40539],[-44.3605,-21.4062],[-44.36079,-21.40655],[-44.36326,-21.40639],[-44.36377,-21.40689],[-44.36403,-21.40825],[-44.36463,-21.40861],[-44.36582,-21.40834],[-44.36698,-21.4084],[-44.36806,-21.40762],[-44.36932,-21.40752],[-44.36955,-21.40768],[-44.3697,-21.409],[-44.36942,-21.40967],[-44.36954,-21.40989],[-44.37006,-21.40999],[-44.37077,-21.40985],[-44.3716,-21.40929],[-44.37262,-21.40931],[-44.37267,-21.40908],[-44.37227,-21.40845],[-44.37297,-21.40809],[-44.37337,-21.40718],[-44.37363,-21.40715],[-44.37403,-21.40753],[-44.37418,-21.4071],[-44.37465,-21.40686],[-44.37541,-21.40744],[-44.37589,-21.40685],[-44.37658,-21.40647],[-44.37858,-21.40615],[-44.3792,-21.4058],[-44.3795,-21.40595],[-44.38059,-21.40747],[-44.38288,-21.40919],[-44.38346,-21.41041],[-44.38415,-21.41101],[-44.38476,-21.41201],[-44.38505,-21.41354],[-44.38544,-21.41383],[-44.38636,-21.4135],[-44.38668,-21.41313],[-44.38677,-21.41264],[-44.38773,-21.41222],[-44.38753,-21.41175],[-44.387,-21.41156],[-44.38694,-21.41104],[-44.3871,-21.41087],[-44.38652,-21.41013],[-44.38669,-21.40962],[-44.38765,-21.40872],[-44.38866,-21.40867],[-44.38954,-21.40906],[-44.39009,-21.40907],[-44.39046,-21.40936],[-44.39096,-21.40937],[-44.39152,-21.40852],[-44.3925,-21.40809],[-44.39272,-21.40694],[-44.39353,-21.40679],[-44.39461,-21.40618],[-44.39562,-21.40608],[-44.39589,-21.40612],[-44.39584,-21.40665],[-44.39491,-21.40756],[-44.39489,-21.40813],[-44.39521,-21.40877],[-44.39593,-21.40891],[-44.39643,-21.40838],[-44.3969,-21.40827],[-44.39764,-21.40923],[-44.39956,-21.41012],[-44.40145,-21.4101],[-44.40166,-21.40965],[-44.40148,-21.40895],[-44.40159,-21.40802],[-44.4024,-21.4085],[-44.40391,-21.4076],[-44.40489,-21.40748],[-44.40547,-21.407],[-44.40596,-21.4071],[-44.40613,-21.40832],[-44.40651,-21.40866],[-44.40821,-21.40795],[-44.40858,-21.40837],[-44.4091,-21.41016],[-44.40997,-21.4111],[-44.41066,-21.41137],[-44.41174,-21.41143],[-44.41244,-21.41068],[-44.41291,-21.41054],[-44.41319,-21.41068],[-44.41334,-21.41141],[-44.41442,-21.41165],[-44.41453,-21.41209],[-44.41431,-21.41251],[-44.41481,-21.41305],[-44.41514,-21.414],[-44.41587,-21.41469],[-44.41671,-21.41463],[-44.4172,-21.41414],[-44.41726,-21.41391],[-44.41655,-21.41363],[-44.41654,-21.41339],[-44.41727,-21.41278],[-44.41752,-21.41204],[-44.4206,-21.4108],[-44.42221,-21.41094],[-44.42291,-21.41073],[-44.42314,-21.40997],[-44.4227,-21.40887],[-44.4229,-21.40842],[-44.42338,-21.40834],[-44.42468,-21.40865],[-44.42746,-21.40871],[-44.42945,-21.40951],[-44.43028,-21.4104],[-44.43064,-21.41011],[-44.4309,-21.41015],[-44.43237,-21.41177],[-44.43245,-21.41221],[-44.4322,-21.41281],[-44.43291,-21.41296],[-44.4342,-21.41259],[-44.43554,-21.41187],[-44.43484,-21.40928],[-44.43457,-21.40886],[-44.43349,-21.40818],[-44.43337,-21.40718],[-44.43353,-21.40696],[-44.43456,-21.40689],[-44.43572,-21.40576],[-44.43641,-21.40545],[-44.43653,-21.40525],[-44.43641,-21.40503],[-44.43673,-21.40447],[-44.43627,-21.40425],[-44.43637,-21.40402],[-44.43741,-21.40386],[-44.43785,-21.40357],[-44.43852,-21.4025],[-44.43923,-21.40225],[-44.43926,-21.40177],[-44.43844,-21.40111],[-44.43842,-21.40029],[-44.43868,-21.39991],[-44.43937,-21.39972],[-44.43939,-21.39903],[-44.43975,-21.39872],[-44.44019,-21.3988],[-44.44072,-21.39987],[-44.44129,-21.39989],[-44.44197,-21.39898],[-44.44215,-21.39782],[-44.44276,-21.39744],[-44.44318,-21.39684],[-44.44394,-21.39667],[-44.44415,-21.39678],[-44.44399,-21.39744],[-44.44521,-21.39916],[-44.44558,-21.39888],[-44.44547,-21.39798],[-44.4463,-21.39744],[-44.44684,-21.39743],[-44.44759,-21.39773],[-44.44803,-21.39748],[-44.44836,-21.3968],[-44.44827,-21.39627],[-44.44872,-21.39628],[-44.44987,-21.39843],[-44.45017,-21.39864],[-44.45073,-21.39867],[-44.45187,-21.39845],[-44.45297,-21.39951],[-44.45487,-21.39982],[-44.4551,-21.40023],[-44.45505,-21.40076],[-44.45598,-21.40009],[-44.45758,-21.40006],[-44.45856,-21.39943],[-44.45871,-21.39885],[-44.45858,-21.39776],[-44.45768,-21.39682],[-44.45741,-21.396],[-44.45804,-21.39615],[-44.45958,-21.39607],[-44.46073,-21.39674],[-44.46093,-21.39428],[-44.46047,-21.39149],[-44.46011,-21.39028],[-44.45977,-21.38986],[-44.45863,-21.38911],[-44.45801,-21.38822],[-44.45816,-21.38552],[-44.45728,-21.38203],[-44.45571,-21.3811],[-44.45498,-21.38089],[-44.45344,-21.38093],[-44.45143,-21.38152],[-44.45042,-21.38159],[-44.44765,-21.3812],[-44.44687,-21.3809],[-44.44601,-21.37964],[-44.44544,-21.37758],[-44.44419,-21.37538],[-44.44278,-21.37387],[-44.44242,-21.3722],[-44.44242,-21.37139],[-44.44271,-21.37045],[-44.44347,-21.36962],[-44.44484,-21.36888],[-44.4449,-21.36819],[-44.44457,-21.3678],[-44.44345,-21.36719],[-44.44324,-21.36674],[-44.44341,-21.36447],[-44.4439,-21.36283],[-44.44202,-21.35955],[-44.44148,-21.3576],[-44.4402,-21.35584],[-44.43977,-21.3547],[-44.43978,-21.35394],[-44.43915,-21.35403],[-44.43882,-21.35389],[-44.4377,-21.35298],[-44.43691,-21.35285],[-44.43651,-21.35298],[-44.43525,-21.35426],[-44.43347,-21.35445],[-44.43323,-21.3549],[-44.43344,-21.35567],[-44.43323,-21.35624],[-44.43204,-21.35739],[-44.43117,-21.35785],[-44.42926,-21.35775],[-44.42844,-21.35819],[-44.42776,-21.35769],[-44.42735,-21.35767],[-44.42678,-21.35804],[-44.42646,-21.35925],[-44.42566,-21.35963],[-44.42518,-21.36008],[-44.42419,-21.35988],[-44.42271,-21.36056],[-44.42109,-21.36034],[-44.42004,-21.36054],[-44.41949,-21.36083],[-44.41914,-21.36138],[-44.41883,-21.36264],[-44.41853,-21.36309],[-44.41724,-21.36384],[-44.41527,-21.36408],[-44.41448,-21.36364],[-44.41277,-21.3632],[-44.41215,-21.36264],[-44.41037,-21.36284],[-44.40959,-21.36201],[-44.40917,-21.36185],[-44.40589,-21.36204],[-44.40551,-21.36185],[-44.40437,-21.3622],[-44.40396,-21.36258],[-44.40315,-21.36266],[-44.40224,-21.36393],[-44.40062,-21.36423],[-44.40042,-21.36354],[-44.39935,-21.36279],[-44.39929,-21.36223],[-44.39846,-21.36202],[-44.39835,-21.36088],[-44.39767,-21.35985],[-44.39721,-21.35951],[-44.39635,-21.35929],[-44.39572,-21.35795],[-44.39466,-21.35704],[-44.3944,-21.35635],[-44.39221,-21.35531],[-44.39175,-21.35491],[-44.3915,-21.35433],[-44.39155,-21.35398],[-44.3924,-21.35225],[-44.39202,-21.35195],[-44.39156,-21.35184],[-44.38975,-21.35215],[-44.38917,-21.35198],[-44.38877,-21.35217],[-44.38852,-21.35261],[-44.38767,-21.35263],[-44.38581,-21.35193],[-44.3852,-21.35191],[-44.3851,-21.35118],[-44.38489,-21.35105],[-44.3842,-21.35112],[-44.3833,-21.35068],[-44.38162,-21.35116],[-44.38107,-21.35115],[-44.37983,-21.35002],[-44.37733,-21.34977],[-44.37711,-21.34905],[-44.37679,-21.34885],[-44.37657,-21.34838],[-44.37623,-21.34834],[-44.37603,-21.3481],[-44.37527,-21.34822],[-44.37464,-21.34795],[-44.37373,-21.34672],[-44.3719,-21.34498],[-44.37129,-21.34387],[-44.3692,-21.34281],[-44.36828,-21.34261],[-44.3672,-21.3428],[-44.36617,-21.34218],[-44.36591,-21.34171],[-44.3629,-21.34124],[-44.36208,-21.33985],[-44.36141,-21.33935],[-44.36114,-21.3389],[-44.35984,-21.33849],[-44.35898,-21.33847],[-44.3583,-21.33783],[-44.35712,-21.33755],[-44.3556,-21.33652],[-44.35534,-21.3363],[-44.35535,-21.33587],[-44.35579,-21.33408],[-44.35521,-21.33259],[-44.3545,-21.33146],[-44.35417,-21.33018],[-44.35354,-21.33021],[-44.35325,-21.33001],[-44.35253,-21.32897],[-44.35234,-21.32838],[-44.34928,-21.32559],[-44.34255,-21.32175],[-44.3417,-21.32048],[-44.33974,-21.31945],[-44.33872,-21.31671],[-44.33819,-21.3158],[-44.33615,-21.31356],[-44.33402,-21.31214],[-44.33246,-21.3098],[-44.33206,-21.30853],[-44.33143,-21.30737],[-44.33037,-21.3068],[-44.3299,-21.30628],[-44.32842,-21.30564],[-44.3271,-21.30545],[-44.32644,-21.30497],[-44.32516,-21.30758],[-44.32425,-21.30852],[-44.32299,-21.30934],[-44.32225,-21.30793]]]}},{"id":"8","type":"Feature","properties":{"bairro":"Colônia do Marçal","distrito":"São João del Rei","regiao":"São João del Rei","setores":21,"urbano":21},"geometry":{"type":"Polygon","coordinates":[[[-44.22873,-21.11717],[-44.23021,-21.11774],[-44.23212,-21.11925],[-44.23335,-21.11938],[-44.23395,-21.11991],[-44.23498,-21.12007],[-44.23586,-21.12125],[-44.23594,-21.12161],[-44.23992,-21.12175],[-44.24027,-21.12117],[-44.24033,-21.12039],[-44.23994,-21.11874],[-44.23908,-21.11739],[-44.23907,-21.11675],[-44.23943,-21.11584],[-44.2399,-21.11557],[-44.24048,-21.11554],[-44.24206,-21.1158],[-44.24306,-21.11535],[-44.24334,-21.11492],[-44.24319,-21.11375],[-44.24261,-21.11259],[-44.24156,-21.11138],[-44.24146,-21.11097],[-44.24171,-21.11012],[-44.24227,-21.10948],[-44.2439,-21.10839],[-44.2444,-21.10742],[-44.24424,-21.1061],[-44.24445,-21.10494],[-44.24392,-21.10406],[-44.24376,-21.10279],[-44.24411,-21.10247],[-44.24485,-21.10228],[-44.2464,-21.10259],[-44.24679,-21.10238],[-44.24723,-21.10145],[-44.24707,-21.10062],[-44.24644,-21.09976],[-44.24616,-21.10064],[-44.24588,-21.10094],[-44.2449,-21.10126],[-44.24463,-21.10096],[-44.24463,-21.10021],[-44.24403,-21.09963],[-44.24451,-21.09823],[-44.24422,-21.09774],[-44.24322,-21.09782],[-44.24273,-21.09805],[-44.24257,-21.09899],[-44.24203,-21.0995],[-44.24165,-21.09952],[-44.24104,-21.09915],[-44.2411,-21.0984],[-44.24214,-21.09819],[-44.24279,-21.09748],[-44.24262,-21.0973],[-44.24191,-21.09768],[-44.24104,-21.09774],[-44.24017,-21.0973],[-44.24,-21.09678],[-44.24034,-21.0965],[-44.2412,-21.09715],[-44.2419,-21.09717],[-44.24222,-21.09693],[-44.24219,-21.09639],[-44.24192,-21.09606],[-44.24054,-21.09615],[-44.24024,-21.09585],[-44.24024,-21.09539],[-44.24073,-21.09507],[-44.24087,-21.09454],[-44.24035,-21.09372],[-44.24033,-21.09336],[-44.24054,-21.09315],[-44.24114,-21.09319],[-44.24141,-21.09302],[-44.24142,-21.09267],[-44.2411,-21.09213],[-44.24131,-21.09135],[-44.24094,-21.09061],[-44.24102,-21.0903],[-44.24198,-21.08896],[-44.24243,-21.08874],[-44.24243,-21.08845],[-44.24227,-21.08806],[-44.24153,-21.08779],[-44.24129,-21.08796],[-44.24123,-21.08889],[-44.24077,-21.08935],[-44.24027,-21.08938],[-44.23992,-21.08908],[-44.24,-21.08887],[-44.24071,-21.0884],[-44.24083,-21.08799],[-44.24049,-21.08651],[-44.23885,-21.0871],[-44.23851,-21.08686],[-44.23838,-21.08619],[-44.23808,-21.08599],[-44.23685,-21.08643],[-44.23627,-21.08631],[-44.23631,-21.08537],[-44.23595,-21.08461],[-44.23639,-21.08439],[-44.23724,-21.0845],[-44.23764,-21.08427],[-44.23736,-21.08279],[-44.23803,-21.08219],[-44.23774,-21.08159],[-44.23672,-21.08171],[-44.23636,-21.0814],[-44.23674,-21.07991],[-44.23375,-21.07998],[-44.23345,-21.07914],[-44.23296,-21.07875],[-44.23266,-21.07879],[-44.23223,-21.07937],[-44.23077,-21.07898],[-44.23032,-21.07867],[-44.22766,-21.07858],[-44.22688,-21.07811],[-44.22657,-21.07763],[-44.22587,-21.07752],[-44.2254,-21.0772],[-44.22512,-21.07669],[-44.22577,-21.0762],[-44.22584,-21.07588],[-44.22529,-21.07526],[-44.22462,-21.07506],[-44.2242,-21.07524],[-44.22393,-21.07613],[-44.22432,-21.07825],[-44.2238,-21.08241],[-44.22311,-21.08468],[-44.22261,-21.08555],[-44.2215,-21.086],[-44.21943,-21.08738],[-44.21764,-21.08816],[-44.21646,-21.08845],[-44.21382,-21.08877],[-44.21035,-21.08876],[-44.20909,-21.08854],[-44.20824,-21.08879],[-44.20835,-21.08956],[-44.20797,-21.09074],[-44.20674,-21.0928],[-44.20641,-21.09385],[-44.20656,-21.09405],[-44.20622,-21.09452],[-44.20699,-21.09664],[-44.20699,-21.09811],[-44.2068,-21.09891],[-44.20601,-21.09994],[-44.20392,-21.10088],[-44.20339,-21.10145],[-44.2034,-21.10189],[-44.20361,-21.10211],[-44.2043,-21.10251],[-44.20537,-21.10353],[-44.20624,-21.10574],[-44.20581,-21.1069],[-44.20499,-21.10802],[-44.2048,-21.10871],[-44.20551,-21.11017],[-44.20542,-21.11122],[-44.20388,-21.11302],[-44.20373,-21.11401],[-44.20453,-21.11536],[-44.20582,-21.11569],[-44.20747,-21.11556],[-44.21098,-21.11405],[-44.21295,-21.11373],[-44.21441,-21.11412],[-44.21516,-21.11482],[-44.21593,-21.11468],[-44.21621,-21.11497],[-44.21702,-21.11519],[-44.21762,-21.11472],[-44.21728,-21.11454],[-44.21734,-21.11441],[-44.219,-21.11433],[-44.21965,-21.11461],[-44.22082,-21.1147],[-44.22249,-21.11616],[-44.22334,-21.11661],[-44.22391,-21.1167],[-44.22543,-21.11647],[-44.22873,-21.11717]]]}},{"id":"9","type":"Feature","properties":{"bairro":"Cunha","distrito":"São Gonçalo do Amarante","regiao":"São Gonçalo do Amarante","setores":1,"urbano":0},"geometry":{"type":"Polygon","coordinates":[[[-44.27488,-21.09663],[-44.27495,-21.09719],[-44.27665,-21.09875],[-44.2768,-21.09965],[-44.27785,-21.10053],[-44.27807,-21.10196],[-44.27844,-21.10248],[-44.27869,-21.10351],[-44.279,-21.10363],[-44.2798,-21.10454],[-44.27983,-21.10473],[-44.27942,-21.10496],[-44.27971,-21.10563],[-44.27998,-21.10566],[-44.28017,-21.10529],[-44.28039,-21.10538],[-44.28085,-21.10715],[-44.28496,-21.10879],[-44.28549,-21.10936],[-44.28598,-21.11034],[-44.28607,-21.11076],[-44.28556,-21.11128],[-44.28522,-21.11203],[-44.28531,-21.11327],[-44.28364,-21.11592],[-44.28436,-21.11812],[-44.2872,-21.1242],[-44.28739,-21.12523],[-44.28733,-21.12819],[-44.28751,-21.12891],[-44.28817,-21.1292],[-44.29005,-21.12923],[-44.2938,-21.13035],[-44.29639,-21.13185],[-44.29899,-21.13161],[-44.30176,-21.13022],[-44.30261,-21.13009],[-44.30282,-21.13023],[-44.30293,-21.13127],[-44.30252,-21.13254],[-44.30267,-21.13429],[-44.30253,-21.13659],[-44.30194,-21.13859],[-44.30227,-21.13908],[-44.30324,-21.13973],[-44.30404,-21.14005],[-44.30613,-21.1404],[-44.3081,-21.14143],[-44.30886,-21.14197],[-44.30938,-21.14263],[-44.3101,-21.143],[-44.31101,-21.14312],[-44.31274,-21.14261],[-44.31632,-21.14062],[-44.31965,-21.14002],[-44.32069,-21.13954],[-44.32108,-21.13894],[-44.32186,-21.13852],[-44.32405,-21.13813],[-44.32563,-21.13738],[-44.32794,-21.13469],[-44.32943,-21.13379],[-44.32995,-21.13296],[-44.33009,-21.13189],[-44.33129,-21.12983],[-44.33175,-21.12922],[-44.33226,-21.12906],[-44.33355,-21.12933],[-44.33471,-21.12986],[-44.33517,-21.13035],[-44.336,-21.13196],[-44.3368,-21.13269],[-44.33736,-21.13294],[-44.3397,-21.13333],[-44.34075,-21.13284],[-44.34121,-21.13209],[-44.34181,-21.1321],[-44.34315,-21.13261],[-44.34407,-21.1337],[-44.34449,-21.13679],[-44.34543,-21.13865],[-44.34592,-21.13937],[-44.34624,-21.13946],[-44.34703,-21.13909],[-44.34732,-21.14037],[-44.34777,-21.13978],[-44.34767,-21.13795],[-44.34846,-21.13781],[-44.34863,-21.13749],[-44.34771,-21.13723],[-44.347,-21.13665],[-44.34693,-21.13624],[-44.34734,-21.13575],[-44.34783,-21.13403],[-44.34764,-21.13329],[-44.34654,-21.13154],[-44.34488,-21.12987],[-44.34399,-21.1301],[-44.34318,-21.12979],[-44.34194,-21.12995],[-44.34059,-21.1294],[-44.33971,-21.12955],[-44.33944,-21.1292],[-44.33811,-21.12846],[-44.33778,-21.12799],[-44.33615,-21.1276],[-44.33599,-21.12735],[-44.33643,-21.12617],[-44.33634,-21.12586],[-44.33561,-21.12548],[-44.33522,-21.12548],[-44.33467,-21.12489],[-44.33467,-21.12436],[-44.33387,-21.12413],[-44.33374,-21.12386],[-44.33301,-21.1236],[-44.33312,-21.1221],[-44.33284,-21.12193],[-44.33222,-21.12203],[-44.33167,-21.12131],[-44.33105,-21.12082],[-44.33063,-21.12074],[-44.33064,-21.11935],[-44.32832,-21.11847],[-44.32807,-21.11753],[-44.32719,-21.11717],[-44.32705,-21.11679],[-44.32669,-21.11667],[-44.32609,-21.11696],[-44.32539,-21.11658],[-44.32435,-21.11503],[-44.32461,-21.11486],[-44.32529,-21.11512],[-44.32539,-21.11467],[-44.32664,-21.1139],[-44.32498,-21.11236],[-44.32558,-21.11205],[-44.32499,-21.11178],[-44.32454,-21.11198],[-44.32442,-21.11099],[-44.32323,-21.10996],[-44.3237,-21.10918],[-44.32265,-21.10802],[-44.32226,-21.10856],[-44.32197,-21.10858],[-44.32114,-21.10712],[-44.32025,-21.10698],[-44.31939,-21.10656],[-44.3188,-21.10672],[-44.31783,-21.10775],[-44.31682,-21.10795],[-44.31591,-21.10935],[-44.31294,-21.11079],[-44.31205,-21.11051],[-44.31164,-21.10948],[-44.30998,-21.10841],[-44.30928,-21.10737],[-44.30765,-21.10596],[-44.30679,-21.10599],[-44.30634,-21.10679],[-44.30542,-21.1066],[-44.30451,-21.1067],[-44.30417,-21.10651],[-44.30349,-21.10673],[-44.30313,-21.10751],[-44.30264,-21.10765],[-44.30216,-21.10754],[-44.3005,-21.10614],[-44.29992,-21.10612],[-44.29979,-21.10656],[-44.29957,-21.10668],[-44.29751,-21.10574],[-44.29142,-21.10547],[-44.28894,-21.10261],[-44.28747,-21.10125],[-44.28345,-21.09963],[-44.2811,-21.09901],[-44.27488,-21.09663]]]}},{"id":"10","type":"Feature","properties":{"bairro":"Emboabas — sem bairro declarado","distrito":"Emboabas","regiao":"Emboabas","setores":1,"urbano":1},"geometry":{"type":"Polygon","coordinates":[[[-44.12569,-21.2913],[-44.1249,-21.29108],[-44.12502,-21.29058],[-44.12375,-21.29001],[-44.12319,-21.28934],[-44.12308,-21.28887],[-44.12184,-21.28953],[-44.11911,-21.29027],[-44.11889,-21.29112],[-44.11729,-21.29328],[-44.1171,-21.29452],[-44.11997,-21.29648],[-44.12037,-21.29628],[-44.12092,-21.29551],[-44.12189,-21.29488],[-44.12342,-21.29453],[-44.12463,-21.29464],[-44.12547,-21.29409],[-44.12598,-21.29343],[-44.12589,-21.29255],[-44.12531,-21.29229],[-44.12566,-21.29182],[-44.12569,-21.2913]]]}},{"id":"11","type":"Feature","properties":{"bairro":"Fábricas","distrito":"São João del Rei","regiao":"São João del Rei","setores":24,"urbano":24},"geometry":{"type":"Polygon","coordinates":[[[-44.25156,-21.12904],[-44.252,-21.1293],[-44.25216,-21.12879],[-44.25283,-21.12844],[-44.25303,-21.12854],[-44.2534,-21.12733],[-44.25422,-21.12677],[-44.25632,-21.12585],[-44.25768,-21.12574],[-44.2579,-21.12555],[-44.25832,-21.12434],[-44.25872,-21.12384],[-44.25897,-21.12273],[-44.25943,-21.12237],[-44.25861,-21.12201],[-44.25894,-21.12072],[-44.26109,-21.11653],[-44.26079,-21.116],[-44.26125,-21.11543],[-44.2626,-21.11457],[-44.26368,-21.11421],[-44.26471,-21.11322],[-44.26617,-21.11235],[-44.26673,-21.11165],[-44.2709,-21.11122],[-44.27056,-21.10922],[-44.27066,-21.1085],[-44.27201,-21.1062],[-44.27172,-21.10549],[-44.27148,-21.10534],[-44.27141,-21.10254],[-44.27187,-21.10153],[-44.27227,-21.09977],[-44.27295,-21.09898],[-44.27292,-21.09801],[-44.27252,-21.09711],[-44.27249,-21.0958],[-44.27076,-21.09472],[-44.26976,-21.09444],[-44.26787,-21.09508],[-44.2671,-21.09513],[-44.26656,-21.09445],[-44.26422,-21.09433],[-44.26298,-21.09274],[-44.26217,-21.09238],[-44.26162,-21.09266],[-44.26112,-21.09336],[-44.26009,-21.09425],[-44.25871,-21.09337],[-44.25852,-21.09383],[-44.2584,-21.09605],[-44.25779,-21.09708],[-44.25764,-21.09886],[-44.25715,-21.09969],[-44.25613,-21.1002],[-44.25496,-21.10016],[-44.25331,-21.09907],[-44.25246,-21.09894],[-44.25154,-21.09943],[-44.25058,-21.09953],[-44.24996,-21.09923],[-44.24829,-21.09778],[-44.24758,-21.09778],[-44.247,-21.09803],[-44.24642,-21.09865],[-44.24644,-21.09976],[-44.24707,-21.10062],[-44.24723,-21.10145],[-44.24679,-21.10238],[-44.2464,-21.10259],[-44.24485,-21.10228],[-44.24411,-21.10247],[-44.24376,-21.10279],[-44.24392,-21.10406],[-44.24445,-21.10494],[-44.24424,-21.1061],[-44.2444,-21.10742],[-44.2439,-21.10839],[-44.24227,-21.10948],[-44.24171,-21.11012],[-44.24146,-21.11097],[-44.24156,-21.11138],[-44.24261,-21.11259],[-44.24319,-21.11375],[-44.24334,-21.11492],[-44.24306,-21.11535],[-44.24206,-21.1158],[-44.2399,-21.11557],[-44.23943,-21.11584],[-44.23907,-21.11675],[-44.24057,-21.11826],[-44.24105,-21.11927],[-44.24269,-21.11998],[-44.24398,-21.1211],[-44.24496,-21.12327],[-44.24585,-21.12618],[-44.24433,-21.12948],[-44.24508,-21.12956],[-44.24601,-21.12854],[-44.24698,-21.12854],[-44.24886,-21.12943],[-44.25076,-21.13132],[-44.25081,-21.13119],[-44.25111,-21.13124],[-44.25082,-21.1303],[-44.2509,-21.13002],[-44.25052,-21.12936],[-44.25156,-21.12904]]]}},{"id":"12","type":"Feature","properties":{"bairro":"Jardim Central","distrito":"São João del Rei","regiao":"São João del Rei","setores":11,"urbano":11},"geometry":{"type":"Polygon","coordinates":[[[-44.24745,-21.13883],[-44.25031,-21.13798],[-44.25456,-21.1342],[-44.25266,-21.13315],[-44.25207,-21.13221],[-44.25061,-21.13173],[-44.25076,-21.13132],[-44.24886,-21.12943],[-44.24698,-21.12854],[-44.24641,-21.12846],[-44.24581,-21.12865],[-44.24508,-21.12956],[-44.24433,-21.12948],[-44.24412,-21.12993],[-44.24296,-21.13079],[-44.24142,-21.13133],[-44.23956,-21.13237],[-44.23742,-21.13312],[-44.23587,-21.13471],[-44.23422,-21.13557],[-44.23421,-21.13584],[-44.23502,-21.137],[-44.23622,-21.13681],[-44.23654,-21.13714],[-44.23661,-21.1376],[-44.23579,-21.13831],[-44.23416,-21.13914],[-44.23262,-21.14023],[-44.23046,-21.14263],[-44.22971,-21.14299],[-44.2297,-21.14324],[-44.23093,-21.14447],[-44.23114,-21.14523],[-44.23116,-21.14608],[-44.23069,-21.14761],[-44.2291,-21.1471],[-44.22749,-21.14715],[-44.22712,-21.14727],[-44.22726,-21.14769],[-44.22683,-21.14777],[-44.22629,-21.14727],[-44.22541,-21.14715],[-44.22555,-21.1486],[-44.22621,-21.14992],[-44.22548,-21.15067],[-44.22455,-21.15098],[-44.22449,-21.15131],[-44.22534,-21.15176],[-44.22561,-21.15211],[-44.22663,-21.15237],[-44.22608,-21.15313],[-44.22646,-21.15408],[-44.22716,-21.15509],[-44.22965,-21.15452],[-44.23143,-21.15368],[-44.23209,-21.15358],[-44.23299,-21.15378],[-44.23335,-21.1541],[-44.2334,-21.15444],[-44.23256,-21.15569],[-44.23207,-21.15608],[-44.23278,-21.15609],[-44.23522,-21.15481],[-44.23591,-21.15464],[-44.23628,-21.15475],[-44.23774,-21.15426],[-44.23885,-21.15363],[-44.23956,-21.15353],[-44.23982,-21.15333],[-44.23931,-21.15288],[-44.23934,-21.15214],[-44.23986,-21.15247],[-44.24033,-21.15241],[-44.23964,-21.15128],[-44.24037,-21.15076],[-44.2405,-21.15046],[-44.2403,-21.15008],[-44.23962,-21.15011],[-44.23968,-21.14985],[-44.24002,-21.14931],[-44.24203,-21.14936],[-44.24212,-21.14862],[-44.24321,-21.14648],[-44.24654,-21.14334],[-44.24682,-21.14263],[-44.24676,-21.14192],[-44.24598,-21.14095],[-44.24583,-21.14019],[-44.24619,-21.13971],[-44.24745,-21.13883]]]}},{"id":"13","type":"Feature","properties":{"bairro":"Mambengo","distrito":"São João del Rei","regiao":"São João del Rei","setores":1,"urbano":0},"geometry":{"type":"Polygon","coordinates":[[[-44.25471,-21.15398],[-44.25504,-21.15538],[-44.2557,-21.15524],[-44.25542,-21.15406],[-44.25471,-21.15398]]]}},{"id":"14","type":"Feature","properties":{"bairro":"Mata Virgem","distrito":"São Sebastião da Vitória","regiao":"São Sebastião da Vitória","setores":1,"urbano":0},"geometry":{"type":"Polygon","coordinates":[[[-44.49441,-21.3384],[-44.49882,-21.33729],[-44.50009,-21.33677],[-44.50026,-21.33688],[-44.49962,-21.34051],[-44.49879,-21.34062],[-44.49806,-21.3413],[-44.49833,-21.34281],[-44.49802,-21.34298],[-44.49796,-21.34369],[-44.49881,-21.34388],[-44.49874,-21.34545],[-44.49844,-21.34633],[-44.4994,-21.34711],[-44.50037,-21.34721],[-44.50112,-21.34681],[-44.5033,-21.3467],[-44.50354,-21.3463],[-44.50336,-21.34594],[-44.50389,-21.34566],[-44.5043,-21.34512],[-44.50434,-21.34433],[-44.50466,-21.3447],[-44.50509,-21.34609],[-44.50594,-21.34726],[-44.50511,-21.34838],[-44.50491,-21.34898],[-44.50543,-21.3495],[-44.50766,-21.34987],[-44.50905,-21.34989],[-44.50927,-21.34821],[-44.50911,-21.34675],[-44.50932,-21.34602],[-44.50963,-21.34558],[-44.51084,-21.34483],[-44.51196,-21.34297],[-44.51186,-21.34262],[-44.51122,-21.3421],[-44.5094,-21.34127],[-44.50964,-21.34077],[-44.51028,-21.34068],[-44.51171,-21.34101],[-44.51285,-21.33988],[-44.51406,-21.33965],[-44.51425,-21.33946],[-44.51374,-21.33717],[-44.51291,-21.33631],[-44.51165,-21.33587],[-44.51233,-21.33504],[-44.51309,-21.33466],[-44.51403,-21.33448],[-44.51494,-21.33387],[-44.51532,-21.33323],[-44.51592,-21.33328],[-44.51678,-21.33289],[-44.51723,-21.33292],[-44.51789,-21.33209],[-44.51781,-21.3317],[-44.51607,-21.33049],[-44.51206,-21.33039],[-44.51002,-21.33015],[-44.50834,-21.32892],[-44.51032,-21.32953],[-44.51112,-21.3295],[-44.51292,-21.32905],[-44.51411,-21.32898],[-44.51447,-21.32865],[-44.51452,-21.32849],[-44.51337,-21.32697],[-44.51293,-21.32526],[-44.51196,-21.32366],[-44.5117,-21.32216],[-44.51136,-21.32166],[-44.51022,-21.32165],[-44.50747,-21.32074],[-44.50897,-21.32081],[-44.51051,-21.32127],[-44.51082,-21.32115],[-44.51121,-21.32082],[-44.51173,-21.31956],[-44.51262,-21.31835],[-44.51282,-21.31894],[-44.51251,-21.32066],[-44.51334,-21.32137],[-44.51355,-21.32194],[-44.51419,-21.32239],[-44.51446,-21.32315],[-44.51514,-21.32295],[-44.5147,-21.32367],[-44.5148,-21.32426],[-44.51562,-21.32602],[-44.516,-21.32641],[-44.51622,-21.32726],[-44.51774,-21.32849],[-44.51818,-21.32878],[-44.51898,-21.32884],[-44.51982,-21.32863],[-44.52019,-21.32818],[-44.52041,-21.32711],[-44.52101,-21.32646],[-44.52112,-21.32597],[-44.52075,-21.32494],[-44.52202,-21.32556],[-44.52247,-21.32555],[-44.52353,-21.32502],[-44.52417,-21.32416],[-44.52415,-21.32508],[-44.52278,-21.32658],[-44.52146,-21.32981],[-44.52161,-21.32988],[-44.52188,-21.32941],[-44.5222,-21.32926],[-44.52359,-21.32949],[-44.52374,-21.32926],[-44.52426,-21.32912],[-44.52392,-21.32983],[-44.5241,-21.33049],[-44.52454,-21.33074],[-44.52481,-21.33134],[-44.52553,-21.33131],[-44.52603,-21.33074],[-44.5269,-21.33062],[-44.52717,-21.3303],[-44.5272,-21.32946],[-44.52661,-21.32766],[-44.52676,-21.32746],[-44.52768,-21.32796],[-44.52866,-21.32812],[-44.5292,-21.32756],[-44.52971,-21.32646],[-44.53009,-21.32656],[-44.53033,-21.32715],[-44.52994,-21.3276],[-44.52969,-21.3285],[-44.52972,-21.329],[-44.53025,-21.32971],[-44.53265,-21.32822],[-44.53325,-21.32859],[-44.53289,-21.32905],[-44.53309,-21.32936],[-44.53256,-21.32947],[-44.53216,-21.33044],[-44.53281,-21.33088],[-44.53365,-21.33229],[-44.53371,-21.33257],[-44.5334,-21.33308],[-44.53384,-21.33356],[-44.53415,-21.33452],[-44.53463,-21.33509],[-44.53471,-21.33619],[-44.53514,-21.33676],[-44.53537,-21.33675],[-44.53553,-21.33629],[-44.53687,-21.33587],[-44.53733,-21.33579],[-44.53779,-21.3361],[-44.53854,-21.33555],[-44.53884,-21.33489],[-44.53845,-21.33426],[-44.53695,-21.33336],[-44.53595,-21.33231],[-44.53584,-21.33098],[-44.53616,-21.33121],[-44.53642,-21.33191],[-44.53705,-21.33232],[-44.53755,-21.33239],[-44.53875,-21.33045],[-44.53976,-21.32965],[-44.5424,-21.33052],[-44.54297,-21.32964],[-44.54483,-21.32986],[-44.54491,-21.32963],[-44.54539,-21.3297],[-44.546,-21.32941],[-44.54655,-21.32857],[-44.54654,-21.32803],[-44.54682,-21.32767],[-44.54673,-21.32719],[-44.54625,-21.32706],[-44.54577,-21.32727],[-44.54565,-21.3268],[-44.54566,-21.32624],[-44.54604,-21.32562],[-44.54612,-21.32408],[-44.54594,-21.32377],[-44.54388,-21.32356],[-44.54193,-21.32306],[-44.54013,-21.32149],[-44.53986,-21.32102],[-44.54122,-21.3219],[-44.543,-21.3219],[-44.54428,-21.32234],[-44.54554,-21.32218],[-44.54574,-21.32195],[-44.54574,-21.32156],[-44.54531,-21.32089],[-44.54542,-21.31926],[-44.54575,-21.32],[-44.54626,-21.3203],[-44.54673,-21.32089],[-44.54733,-21.32095],[-44.54778,-21.32039],[-44.54797,-21.31959],[-44.54775,-21.31768],[-44.54848,-21.31594],[-44.54849,-21.31538],[-44.54775,-21.31478],[-44.54704,-21.31471],[-44.54491,-21.3158],[-44.54441,-21.31555],[-44.54444,-21.31518],[-44.54524,-21.3145],[-44.54539,-21.31356],[-44.54673,-21.3132],[-44.5469,-21.31288],[-44.5466,-21.31188],[-44.54589,-21.31139],[-44.54595,-21.31097],[-44.54666,-21.31051],[-44.54666,-21.31],[-44.54697,-21.30923],[-44.54647,-21.30848],[-44.54481,-21.30773],[-44.54164,-21.30725],[-44.53906,-21.30754],[-44.53788,-21.30809],[-44.53699,-21.30898],[-44.537,-21.3073],[-44.53509,-21.30638],[-44.53486,-21.30578],[-44.53421,-21.30531],[-44.53513,-21.30504],[-44.53614,-21.30544],[-44.53723,-21.3053],[-44.53824,-21.3057],[-44.53895,-21.30538],[-44.53983,-21.30551],[-44.54084,-21.30515],[-44.54102,-21.30497],[-44.5402,-21.30387],[-44.53998,-21.30265],[-44.53946,-21.3025],[-44.54027,-21.3022],[-44.54063,-21.30161],[-44.54059,-21.30222],[-44.54093,-21.30265],[-44.54177,-21.30303],[-44.5425,-21.30384],[-44.54329,-21.3043],[-44.54486,-21.30471],[-44.54753,-21.30456],[-44.54731,-21.30377],[-44.54659,-21.30307],[-44.54616,-21.30303],[-44.54638,-21.30262],[-44.54755,-21.30265],[-44.5477,-21.30228],[-44.54731,-21.30196],[-44.54764,-21.30179],[-44.54778,-21.30139],[-44.54879,-21.30262],[-44.54964,-21.30261],[-44.54996,-21.30316],[-44.55082,-21.30355],[-44.55117,-21.30431],[-44.55145,-21.3043],[-44.55161,-21.30459],[-44.55146,-21.30494],[-44.5508,-21.30548],[-44.55093,-21.30581],[-44.55251,-21.30611],[-44.55392,-21.3059],[-44.55496,-21.30665],[-44.55596,-21.30688],[-44.55678,-21.30626],[-44.55711,-21.30655],[-44.55815,-21.30675],[-44.55854,-21.30634],[-44.55889,-21.30641],[-44.55911,-21.30598],[-44.5594,-21.30602],[-44.55976,-21.30613],[-44.55981,-21.30681],[-44.56018,-21.30738],[-44.56023,-21.30828],[-44.56164,-21.30895],[-44.56182,-21.30863],[-44.56158,-21.30806],[-44.56151,-21.30703],[-44.56102,-21.30673],[-44.56167,-21.30673],[-44.56177,-21.30642],[-44.56306,-21.30688],[-44.56367,-21.30667],[-44.56392,-21.30619],[-44.56498,-21.30617],[-44.56603,-21.30567],[-44.56635,-21.30625],[-44.5669,-21.30667],[-44.569,-21.30731],[-44.56965,-21.30705],[-44.56912,-21.30577],[-44.56662,-21.3048],[-44.5657,-21.30353],[-44.56606,-21.30141],[-44.56677,-21.29994],[-44.56538,-21.29942],[-44.5647,-21.29945],[-44.56423,-21.29982],[-44.56378,-21.30118],[-44.56322,-21.3015],[-44.56094,-21.3018],[-44.55816,-21.30129],[-44.55703,-21.30181],[-44.55656,-21.30172],[-44.55568,-21.30108],[-44.55467,-21.30069],[-44.55438,-21.30035],[-44.55425,-21.29926],[-44.55281,-21.29978],[-44.55119,-21.3008],[-44.54616,-21.29957],[-44.53976,-21.2976],[-44.53473,-21.29756],[-44.53463,-21.29798],[-44.53416,-21.2982],[-44.53046,-21.29763],[-44.52931,-21.29711],[-44.52812,-21.29619],[-44.52721,-21.29591],[-44.52484,-21.29433],[-44.52348,-21.29262],[-44.52229,-21.29189],[-44.52161,-21.29114],[-44.52104,-21.29108],[-44.52005,-21.29145],[-44.51959,-21.29217],[-44.51882,-21.29423],[-44.51824,-21.29488],[-44.51724,-21.29551],[-44.51481,-21.2944],[-44.51413,-21.29426],[-44.51482,-21.2948],[-44.51362,-21.29551],[-44.51344,-21.29625],[-44.51357,-21.29687],[-44.51338,-21.29761],[-44.51314,-21.29786],[-44.51212,-21.29801],[-44.51164,-21.29834],[-44.5111,-21.29924],[-44.5092,-21.30068],[-44.50788,-21.30095],[-44.50765,-21.30129],[-44.50775,-21.30178],[-44.50564,-21.30243],[-44.50465,-21.30346],[-44.50399,-21.30434],[-44.50341,-21.30558],[-44.5026,-21.30858],[-44.50204,-21.30968],[-44.49937,-21.30956],[-44.4973,-21.31119],[-44.49816,-21.3123],[-44.49888,-21.31444],[-44.49918,-21.31469],[-44.49941,-21.31531],[-44.49944,-21.31599],[-44.49853,-21.31795],[-44.49837,-21.31871],[-44.49885,-21.32241],[-44.49878,-21.32301],[-44.49775,-21.32479],[-44.49557,-21.3268],[-44.49422,-21.32717],[-44.49312,-21.32696],[-44.49359,-21.32843],[-44.49432,-21.32915],[-44.49477,-21.33008],[-44.49474,-21.33125],[-44.49504,-21.33231],[-44.4951,-21.33291],[-44.49419,-21.33361],[-44.49399,-21.33452],[-44.49426,-21.33521],[-44.49354,-21.33667],[-44.49421,-21.33768],[-44.49415,-21.3383],[-44.49441,-21.3384]]]}},{"id":"15","type":"Feature","properties":{"bairro":"Matosinhos","distrito":"São João del Rei","regiao":"São João del Rei","setores":36,"urbano":36},"geometry":{"type":"Polygon","coordinates":[[[-44.23486,-21.1353],[-44.23631,-21.13434],[-44.23742,-21.13312],[-44.23956,-21.13237],[-44.24142,-21.13133],[-44.24251,-21.13101],[-44.24412,-21.12993],[-44.24585,-21.12618],[-44.24524,-21.12393],[-44.24398,-21.1211],[-44.24269,-21.11998],[-44.24105,-21.11927],[-44.24057,-21.11826],[-44.23907,-21.11675],[-44.23908,-21.11739],[-44.23994,-21.11874],[-44.24033,-21.12039],[-44.24027,-21.12117],[-44.23992,-21.12175],[-44.23512,-21.12164],[-44.2329,-21.12245],[-44.23232,-21.12457],[-44.23169,-21.12538],[-44.2301,-21.12633],[-44.22927,-21.12789],[-44.22663,-21.12848],[-44.22614,-21.12822],[-44.22512,-21.1271],[-44.22299,-21.12614],[-44.22212,-21.126],[-44.22216,-21.12631],[-44.22376,-21.12771],[-44.22379,-21.12953],[-44.22341,-21.13031],[-44.2235,-21.13137],[-44.22332,-21.13185],[-44.22261,-21.13244],[-44.22198,-21.13346],[-44.22172,-21.13458],[-44.22128,-21.13547],[-44.22144,-21.13635],[-44.22078,-21.13769],[-44.22106,-21.13811],[-44.22108,-21.13862],[-44.22027,-21.14023],[-44.22029,-21.14121],[-44.2197,-21.14328],[-44.2203,-21.14452],[-44.22153,-21.14451],[-44.22417,-21.14488],[-44.22344,-21.14762],[-44.22207,-21.14747],[-44.22152,-21.15076],[-44.22043,-21.15153],[-44.22034,-21.15255],[-44.21926,-21.15404],[-44.21833,-21.15615],[-44.21888,-21.15648],[-44.21975,-21.15618],[-44.22099,-21.15614],[-44.22165,-21.15592],[-44.22315,-21.15601],[-44.22344,-21.15573],[-44.22564,-21.15498],[-44.2256,-21.15383],[-44.22667,-21.15248],[-44.22561,-21.15211],[-44.22534,-21.15176],[-44.22449,-21.15131],[-44.22455,-21.15098],[-44.22548,-21.15067],[-44.22621,-21.14992],[-44.22555,-21.1486],[-44.22541,-21.14715],[-44.22629,-21.14727],[-44.22683,-21.14777],[-44.22726,-21.14769],[-44.22712,-21.14727],[-44.22749,-21.14715],[-44.2291,-21.1471],[-44.23069,-21.14761],[-44.23116,-21.14608],[-44.23114,-21.14523],[-44.23093,-21.14447],[-44.2297,-21.14324],[-44.22971,-21.14299],[-44.23046,-21.14263],[-44.23262,-21.14023],[-44.23416,-21.13914],[-44.23579,-21.13831],[-44.23661,-21.1376],[-44.23654,-21.13714],[-44.23622,-21.13681],[-44.23502,-21.137],[-44.23419,-21.13578],[-44.23447,-21.13536],[-44.23486,-21.1353]]]}},{"id":"16","type":"Feature","properties":{"bairro":"Morro Grande","distrito":"São João del Rei","regiao":"São João del Rei","setores":1,"urbano":0},"geometry":{"type":"Polygon","coordinates":[[[-44.27651,-21.17887],[-44.27574,-21.17845],[-44.2732,-21.17774],[-44.26186,-21.17338],[-44.26062,-21.17265],[-44.25864,-21.17127],[-44.25808,-21.17063],[-44.25912,-21.16698],[-44.25832,-21.16762],[-44.25637,-21.1681],[-44.25595,-21.16759],[-44.25466,-21.16672],[-44.25278,-21.16663],[-44.25294,-21.16621],[-44.25377,-21.16539],[-44.25431,-21.16391],[-44.25508,-21.16334],[-44.25551,-21.16233],[-44.25677,-21.16067],[-44.25649,-21.16007],[-44.25677,-21.1594],[-44.25667,-21.15744],[-44.25513,-21.15648],[-44.25486,-21.15422],[-44.25432,-21.15372],[-44.25387,-21.15362],[-44.2539,-21.15457],[-44.25337,-21.15669],[-44.25264,-21.15688],[-44.2519,-21.15733],[-44.24977,-21.15775],[-44.2492,-21.15763],[-44.24865,-21.1581],[-44.24731,-21.15749],[-44.24734,-21.15722],[-44.24697,-21.15704],[-44.2466,-21.15716],[-44.24506,-21.15641],[-44.24443,-21.15573],[-44.24334,-21.15553],[-44.24307,-21.15528],[-44.24136,-21.15503],[-44.24091,-21.15419],[-44.24034,-21.15417],[-44.24021,-21.15345],[-44.23982,-21.15333],[-44.23628,-21.15475],[-44.23591,-21.15464],[-44.23522,-21.15481],[-44.23249,-21.15613],[-44.23207,-21.15608],[-44.23256,-21.15569],[-44.2334,-21.15444],[-44.23335,-21.1541],[-44.23299,-21.15378],[-44.23209,-21.15358],[-44.23143,-21.15368],[-44.22965,-21.15452],[-44.22716,-21.15509],[-44.22646,-21.15408],[-44.22608,-21.15313],[-44.22552,-21.15405],[-44.22571,-21.15477],[-44.22548,-21.15516],[-44.22322,-21.15585],[-44.22315,-21.15601],[-44.22371,-21.15655],[-44.22388,-21.15755],[-44.22363,-21.15803],[-44.22291,-21.15847],[-44.22269,-21.1593],[-44.22169,-21.15972],[-44.21998,-21.15995],[-44.21958,-21.16086],[-44.2189,-21.16133],[-44.21783,-21.16117],[-44.21731,-21.16137],[-44.21722,-21.16188],[-44.2176,-21.16243],[-44.2199,-21.16268],[-44.2206,-21.16379],[-44.22227,-21.16431],[-44.22251,-21.16486],[-44.2214,-21.16631],[-44.22109,-21.16651],[-44.22062,-21.16639],[-44.22011,-21.1654],[-44.21842,-21.16647],[-44.2175,-21.16611],[-44.21677,-21.16623],[-44.21442,-21.1694],[-44.21396,-21.17068],[-44.21317,-21.17163],[-44.213,-21.17301],[-44.21232,-21.17349],[-44.21197,-21.17407],[-44.2111,-21.17457],[-44.21081,-21.17454],[-44.20996,-21.1738],[-44.20941,-21.17386],[-44.20864,-21.17443],[-44.20867,-21.17528],[-44.20821,-21.17568],[-44.20761,-21.17552],[-44.207,-21.17562],[-44.20593,-21.17505],[-44.20551,-21.17521],[-44.20515,-21.17576],[-44.2053,-21.17695],[-44.20518,-21.17729],[-44.2047,-21.1776],[-44.20485,-21.17906],[-44.2046,-21.17947],[-44.20475,-21.17979],[-44.20556,-21.18006],[-44.20557,-21.18097],[-44.20613,-21.18206],[-44.20586,-21.18244],[-44.2049,-21.18259],[-44.20473,-21.18282],[-44.20455,-21.18344],[-44.20484,-21.18632],[-44.20463,-21.18667],[-44.20363,-21.18694],[-44.20331,-21.18808],[-44.2037,-21.18868],[-44.20311,-21.18966],[-44.20369,-21.18977],[-44.2041,-21.19024],[-44.20497,-21.19004],[-44.2056,-21.19178],[-44.20583,-21.19194],[-44.20654,-21.19187],[-44.207,-21.19258],[-44.20562,-21.19276],[-44.20512,-21.19256],[-44.20417,-21.19341],[-44.20459,-21.19401],[-44.2054,-21.19382],[-44.20568,-21.19391],[-44.20485,-21.19548],[-44.20415,-21.1959],[-44.20304,-21.19608],[-44.2035,-21.19767],[-44.20436,-21.19779],[-44.20444,-21.19819],[-44.20429,-21.19869],[-44.20404,-21.19879],[-44.2021,-21.19901],[-44.20208,-21.19948],[-44.20271,-21.20007],[-44.20277,-21.20045],[-44.20216,-21.2013],[-44.20192,-21.2015],[-44.20168,-21.20104],[-44.20019,-21.2008],[-44.19951,-21.20122],[-44.19937,-21.20162],[-44.19962,-21.20248],[-44.19941,-21.20383],[-44.19809,-21.20715],[-44.19808,-21.20775],[-44.19747,-21.20904],[-44.19721,-21.20936],[-44.19655,-21.20953],[-44.19596,-21.21054],[-44.19625,-21.21322],[-44.1954,-21.21425],[-44.19463,-21.21482],[-44.19409,-21.21467],[-44.19377,-21.21478],[-44.19317,-21.21543],[-44.19152,-21.21568],[-44.19156,-21.21613],[-44.18974,-21.21779],[-44.18918,-21.21921],[-44.18921,-21.21963],[-44.18841,-21.22048],[-44.18833,-21.22123],[-44.18881,-21.22244],[-44.18861,-21.22386],[-44.18913,-21.22536],[-44.18861,-21.22668],[-44.18839,-21.22832],[-44.18796,-21.22881],[-44.18755,-21.23057],[-44.18693,-21.23179],[-44.1871,-21.23275],[-44.18674,-21.2345],[-44.18637,-21.23518],[-44.18537,-21.23565],[-44.18474,-21.23627],[-44.18447,-21.23686],[-44.18473,-21.23758],[-44.18476,-21.23875],[-44.18469,-21.23922],[-44.18426,-21.23988],[-44.18467,-21.24115],[-44.18447,-21.24325],[-44.18417,-21.24402],[-44.18416,-21.24624],[-44.18327,-21.24927],[-44.1832,-21.24985],[-44.1836,-21.25123],[-44.18322,-21.25326],[-44.1829,-21.25369],[-44.1826,-21.25511],[-44.18259,-21.25747],[-44.18376,-21.25694],[-44.18562,-21.25672],[-44.18624,-21.25711],[-44.18726,-21.25828],[-44.18892,-21.25841],[-44.19096,-21.2581],[-44.19435,-21.2582],[-44.19489,-21.2574],[-44.19591,-21.25707],[-44.19661,-21.25727],[-44.19877,-21.25923],[-44.19922,-21.2594],[-44.19975,-21.25924],[-44.20178,-21.25744],[-44.20346,-21.25503],[-44.20401,-21.25377],[-44.2058,-21.2516],[-44.20626,-21.25042],[-44.20811,-21.24892],[-44.20884,-21.24742],[-44.21101,-21.24481],[-44.21339,-21.24279],[-44.2139,-21.24065],[-44.21573,-21.23769],[-44.2173,-21.23367],[-44.21772,-21.23296],[-44.219,-21.232],[-44.22155,-21.23124],[-44.22301,-21.23116],[-44.22457,-21.2307],[-44.22523,-21.23071],[-44.22633,-21.23119],[-44.22666,-21.23174],[-44.22754,-21.23251],[-44.22845,-21.23271],[-44.22922,-21.23263],[-44.23026,-21.2317],[-44.23186,-21.23098],[-44.23347,-21.23074],[-44.23639,-21.23122],[-44.23988,-21.23051],[-44.24135,-21.23],[-44.2422,-21.2295],[-44.24465,-21.22909],[-44.24588,-21.22823],[-44.24711,-21.22769],[-44.24767,-21.22767],[-44.2481,-21.22714],[-44.24963,-21.22611],[-44.25085,-21.22466],[-44.25287,-21.22421],[-44.25421,-21.22333],[-44.25533,-21.22296],[-44.2564,-21.22221],[-44.25724,-21.22188],[-44.25798,-21.22192],[-44.25834,-21.22138],[-44.25993,-21.22085],[-44.26168,-21.21995],[-44.26438,-21.21986],[-44.26869,-21.2202],[-44.26935,-21.221],[-44.27116,-21.22153],[-44.27151,-21.22149],[-44.27225,-21.22208],[-44.27336,-21.22254],[-44.2733,-21.22157],[-44.27363,-21.22069],[-44.27326,-21.21939],[-44.2728,-21.21894],[-44.27251,-21.21806],[-44.27153,-21.21648],[-44.27148,-21.21491],[-44.27125,-21.21456],[-44.2703,-21.214],[-44.27002,-21.21311],[-44.26962,-21.21284],[-44.26934,-21.21166],[-44.26949,-21.21104],[-44.26893,-21.20937],[-44.26897,-21.20794],[-44.26914,-21.20704],[-44.26993,-21.20537],[-44.26991,-21.20404],[-44.26936,-21.20322],[-44.26892,-21.20292],[-44.26869,-21.20237],[-44.26757,-21.20146],[-44.26757,-21.20114],[-44.26794,-21.20096],[-44.26795,-21.2004],[-44.26687,-21.19957],[-44.26601,-21.19795],[-44.26544,-21.19725],[-44.2658,-21.19592],[-44.26552,-21.19502],[-44.26592,-21.19418],[-44.26594,-21.19355],[-44.26583,-21.19302],[-44.26538,-21.19257],[-44.26438,-21.1902],[-44.26471,-21.18855],[-44.26411,-21.18778],[-44.26055,-21.18562],[-44.26108,-21.18516],[-44.26242,-21.1851],[-44.26356,-21.18437],[-44.267,-21.18288],[-44.27086,-21.18009],[-44.27173,-21.17985],[-44.27418,-21.17995],[-44.27651,-21.17887]]]}},{"id":"17","type":"Feature","properties":{"bairro":"Morro dos Ventos","distrito":"São João del Rei","regiao":"São João del Rei","setores":1,"urbano":0},"geometry":{"type":"Polygon","coordinates":[[[-44.19172,-21.14177],[-44.19275,-21.14723],[-44.19323,-21.14848],[-44.19539,-21.14804],[-44.19769,-21.14696],[-44.19784,-21.14731],[-44.1968,-21.14922],[-44.19674,-21.15107],[-44.19695,-21.1515],[-44.19819,-21.15174],[-44.19906,-21.15256],[-44.20212,-21.15396],[-44.20302,-21.15409],[-44.20408,-21.15354],[-44.20513,-21.15337],[-44.20609,-21.15349],[-44.20636,-21.15248],[-44.20577,-21.15082],[-44.20617,-21.14857],[-44.20564,-21.14726],[-44.20565,-21.1466],[-44.2042,-21.14574],[-44.20249,-21.14545],[-44.20221,-21.14505],[-44.20223,-21.14431],[-44.2016,-21.14333],[-44.20168,-21.14266],[-44.20218,-21.14169],[-44.20166,-21.14071],[-44.20166,-21.14037],[-44.20289,-21.13834],[-44.20296,-21.13764],[-44.19313,-21.13717],[-44.19196,-21.13741],[-44.19172,-21.14177]]]}},{"id":"18","type":"Feature","properties":{"bairro":"Ribeirao Jaguara","distrito":"São Sebastião da Vitória","regiao":"São Sebastião da Vitória","setores":1,"urbano":0},"geometry":{"type":"Polygon","coordinates":[[[-44.41442,-21.20848],[-44.41473,-21.20852],[-44.41517,-21.20907],[-44.41516,-21.20941],[-44.4145,-21.20986],[-44.41424,-21.20981],[-44.41408,-21.21024],[-44.41253,-21.21096],[-44.41244,-21.21175],[-44.41155,-21.21194],[-44.41133,-21.21299],[-44.40977,-21.21448],[-44.40949,-21.21565],[-44.40912,-21.2157],[-44.40889,-21.21608],[-44.40951,-21.21762],[-44.40927,-21.21774],[-44.40899,-21.21751],[-44.40873,-21.21831],[-44.40845,-21.21837],[-44.40828,-21.21892],[-44.40753,-21.2195],[-44.40808,-21.21985],[-44.40846,-21.22044],[-44.40834,-21.22071],[-44.40778,-21.2205],[-44.40784,-21.22094],[-44.40846,-21.22139],[-44.40875,-21.22128],[-44.40883,-21.22089],[-44.40909,-21.22119],[-44.40992,-21.22345],[-44.40955,-21.2238],[-44.40957,-21.22453],[-44.40874,-21.22663],[-44.40895,-21.22891],[-44.40856,-21.22884],[-44.40862,-21.23021],[-44.40877,-21.23044],[-44.40908,-21.23034],[-44.40945,-21.2305],[-44.40979,-21.23174],[-44.40995,-21.232],[-44.41037,-21.23208],[-44.41058,-21.23374],[-44.41081,-21.2339],[-44.41125,-21.23378],[-44.41166,-21.23436],[-44.41164,-21.2357],[-44.4114,-21.23589],[-44.4119,-21.23641],[-44.41287,-21.23672],[-44.41344,-21.23759],[-44.41352,-21.23805],[-44.41403,-21.23836],[-44.41425,-21.23903],[-44.41451,-21.23905],[-44.41513,-21.23966],[-44.41567,-21.24044],[-44.41554,-21.24087],[-44.41592,-21.24121],[-44.41665,-21.24135],[-44.4172,-21.24248],[-44.41826,-21.24247],[-44.41827,-21.24297],[-44.42139,-21.24239],[-44.42382,-21.24055],[-44.42485,-21.24004],[-44.42533,-21.24002],[-44.42669,-21.24016],[-44.42774,-21.24058],[-44.4277,-21.24151],[-44.42797,-21.24279],[-44.42794,-21.24478],[-44.42686,-21.24409],[-44.42484,-21.24392],[-44.42281,-21.24467],[-44.42135,-21.24487],[-44.41911,-21.24606],[-44.41815,-21.24589],[-44.41675,-21.24714],[-44.42353,-21.24709],[-44.4274,-21.24758],[-44.42973,-21.24871],[-44.43378,-21.24971],[-44.43452,-21.25023],[-44.43512,-21.25114],[-44.43577,-21.25284],[-44.43557,-21.25493],[-44.43635,-21.25651],[-44.43867,-21.25745],[-44.44077,-21.2579],[-44.44283,-21.25933],[-44.44358,-21.26077],[-44.44356,-21.2634],[-44.44328,-21.26449],[-44.44394,-21.26506],[-44.44457,-21.26532],[-44.44592,-21.26497],[-44.44721,-21.26501],[-44.45041,-21.26723],[-44.45079,-21.26725],[-44.45344,-21.26642],[-44.45379,-21.26568],[-44.45386,-21.2643],[-44.45435,-21.26361],[-44.45425,-21.26238],[-44.45443,-21.26198],[-44.45494,-21.26157],[-44.46028,-21.25987],[-44.4603,-21.25955],[-44.46206,-21.26002],[-44.46402,-21.26097],[-44.46799,-21.26353],[-44.47147,-21.26666],[-44.47146,-21.26724],[-44.46965,-21.26908],[-44.46941,-21.26986],[-44.46953,-21.27139],[-44.47009,-21.27249],[-44.47086,-21.27333],[-44.47751,-21.27895],[-44.47728,-21.27927],[-44.47679,-21.27945],[-44.47652,-21.27995],[-44.47664,-21.28129],[-44.47614,-21.28193],[-44.47487,-21.28227],[-44.47398,-21.28218],[-44.47296,-21.28256],[-44.47131,-21.28242],[-44.47041,-21.28258],[-44.46963,-21.28304],[-44.46872,-21.28382],[-44.46776,-21.28584],[-44.46703,-21.28627],[-44.46687,-21.28691],[-44.46641,-21.28747],[-44.46545,-21.28806],[-44.46391,-21.28953],[-44.46286,-21.29009],[-44.46154,-21.29059],[-44.461,-21.29046],[-44.46008,-21.2908],[-44.45862,-21.29082],[-44.45403,-21.29017],[-44.4531,-21.29075],[-44.45315,-21.29131],[-44.45065,-21.29233],[-44.45036,-21.29281],[-44.44955,-21.29334],[-44.44671,-21.29429],[-44.44591,-21.29438],[-44.44564,-21.29418],[-44.44473,-21.29526],[-44.44428,-21.29546],[-44.44401,-21.29604],[-44.44375,-21.29607],[-44.44385,-21.29643],[-44.44353,-21.29658],[-44.44357,-21.29672],[-44.44408,-21.29672],[-44.4441,-21.29778],[-44.44354,-21.29797],[-44.44344,-21.29831],[-44.44328,-21.29813],[-44.44294,-21.29841],[-44.44309,-21.29845],[-44.44298,-21.29876],[-44.4432,-21.29878],[-44.44331,-21.29902],[-44.44271,-21.29978],[-44.44292,-21.30065],[-44.44316,-21.30076],[-44.44369,-21.30172],[-44.4442,-21.30168],[-44.44446,-21.30232],[-44.4447,-21.30244],[-44.44458,-21.30299],[-44.44482,-21.303],[-44.44471,-21.30333],[-44.44431,-21.30345],[-44.44454,-21.30371],[-44.44441,-21.30433],[-44.44393,-21.30476],[-44.44384,-21.30562],[-44.44414,-21.30609],[-44.44394,-21.30707],[-44.44481,-21.30741],[-44.44535,-21.30728],[-44.44544,-21.30764],[-44.44569,-21.30755],[-44.446,-21.30776],[-44.44555,-21.30818],[-44.4453,-21.30892],[-44.4459,-21.30907],[-44.44651,-21.30874],[-44.44778,-21.30922],[-44.4476,-21.30996],[-44.44728,-21.31037],[-44.44697,-21.3104],[-44.44694,-21.31064],[-44.4475,-21.31125],[-44.44746,-21.31195],[-44.44764,-21.31222],[-44.44808,-21.31227],[-44.44821,-21.31252],[-44.448,-21.31277],[-44.44811,-21.31312],[-44.44771,-21.31337],[-44.44789,-21.31377],[-44.44772,-21.31388],[-44.4477,-21.31444],[-44.44797,-21.31517],[-44.44824,-21.31525],[-44.44821,-21.31585],[-44.44878,-21.31593],[-44.44895,-21.31641],[-44.44979,-21.31687],[-44.44993,-21.31721],[-44.45019,-21.31724],[-44.4504,-21.31784],[-44.45102,-21.31809],[-44.45121,-21.31867],[-44.45203,-21.31921],[-44.45181,-21.32034],[-44.45269,-21.32091],[-44.4527,-21.32138],[-44.45196,-21.32175],[-44.45211,-21.32235],[-44.45195,-21.32244],[-44.45141,-21.32213],[-44.45089,-21.32267],[-44.45116,-21.3231],[-44.45082,-21.32367],[-44.45108,-21.32457],[-44.45208,-21.32455],[-44.45259,-21.3251],[-44.45254,-21.32569],[-44.45207,-21.32607],[-44.4519,-21.32662],[-44.45149,-21.32643],[-44.45159,-21.32677],[-44.4513,-21.32697],[-44.45095,-21.32689],[-44.45061,-21.32647],[-44.45026,-21.32655],[-44.45023,-21.32605],[-44.44923,-21.32635],[-44.44938,-21.32685],[-44.44904,-21.32694],[-44.44877,-21.32732],[-44.44893,-21.32811],[-44.44878,-21.32829],[-44.44916,-21.32857],[-44.44923,-21.32889],[-44.44987,-21.3288],[-44.45043,-21.32817],[-44.45058,-21.32877],[-44.45105,-21.32888],[-44.4509,-21.3295],[-44.45147,-21.32895],[-44.45114,-21.32836],[-44.45134,-21.32822],[-44.45166,-21.32832],[-44.45221,-21.32893],[-44.45263,-21.32877],[-44.45273,-21.32902],[-44.45239,-21.32965],[-44.45244,-21.33029],[-44.45385,-21.33049],[-44.45373,-21.33006],[-44.45386,-21.32997],[-44.45435,-21.33035],[-44.45457,-21.33027],[-44.45441,-21.32977],[-44.45536,-21.32986],[-44.4556,-21.3296],[-44.45619,-21.32946],[-44.45616,-21.32896],[-44.45636,-21.32887],[-44.45749,-21.32893],[-44.45727,-21.32949],[-44.45757,-21.32952],[-44.45805,-21.32886],[-44.4581,-21.32809],[-44.45792,-21.3278],[-44.45806,-21.32763],[-44.45831,-21.32767],[-44.45872,-21.327],[-44.45905,-21.32705],[-44.46023,-21.32828],[-44.46079,-21.32849],[-44.46173,-21.32924],[-44.4618,-21.32949],[-44.46101,-21.33009],[-44.46045,-21.33097],[-44.46145,-21.33157],[-44.46189,-21.33254],[-44.46233,-21.33291],[-44.46205,-21.3333],[-44.46221,-21.33346],[-44.46263,-21.33329],[-44.46363,-21.3334],[-44.46423,-21.33458],[-44.4652,-21.33446],[-44.46546,-21.33405],[-44.4661,-21.3342],[-44.46646,-21.33375],[-44.46746,-21.33385],[-44.46783,-21.33311],[-44.46772,-21.33275],[-44.46752,-21.33271],[-44.46716,-21.33305],[-44.467,-21.33299],[-44.46696,-21.33263],[-44.46728,-21.33237],[-44.46776,-21.33202],[-44.47043,-21.33144],[-44.4708,-21.33115],[-44.47083,-21.33072],[-44.47039,-21.32974],[-44.47056,-21.3293],[-44.47097,-21.32908],[-44.47221,-21.32961],[-44.47279,-21.32943],[-44.4743,-21.33057],[-44.4753,-21.3321],[-44.47601,-21.33212],[-44.47628,-21.33321],[-44.47629,-21.33487],[-44.47671,-21.33553],[-44.47707,-21.33562],[-44.47724,-21.33544],[-44.47785,-21.33542],[-44.47834,-21.33517],[-44.47879,-21.3345],[-44.4796,-21.33429],[-44.48103,-21.33529],[-44.48187,-21.33533],[-44.48235,-21.33481],[-44.48263,-21.33409],[-44.48314,-21.33376],[-44.48309,-21.33445],[-44.48348,-21.33575],[-44.48471,-21.33629],[-44.48522,-21.33624],[-44.48587,-21.33575],[-44.48728,-21.33574],[-44.48812,-21.33621],[-44.48812,-21.33678],[-44.48775,-21.337],[-44.48746,-21.33754],[-44.48754,-21.33799],[-44.48793,-21.33845],[-44.4895,-21.33847],[-44.48992,-21.33945],[-44.48962,-21.33993],[-44.4899,-21.34033],[-44.49123,-21.34086],[-44.4916,-21.34138],[-44.49148,-21.34216],[-44.4919,-21.34216],[-44.49271,-21.34162],[-44.49412,-21.34168],[-44.49433,-21.34013],[-44.49414,-21.33949],[-44.49431,-21.33893],[-44.49403,-21.33868],[-44.49449,-21.33853],[-44.49415,-21.3383],[-44.49421,-21.33768],[-44.49354,-21.33667],[-44.49426,-21.33521],[-44.49399,-21.33452],[-44.49419,-21.33361],[-44.4951,-21.33291],[-44.49474,-21.33125],[-44.49477,-21.33008],[-44.49432,-21.32915],[-44.49359,-21.32843],[-44.49312,-21.32696],[-44.49422,-21.32717],[-44.49557,-21.3268],[-44.49775,-21.32479],[-44.49878,-21.32301],[-44.49885,-21.32241],[-44.49837,-21.31871],[-44.49853,-21.31795],[-44.49944,-21.31599],[-44.49941,-21.31531],[-44.49918,-21.31469],[-44.49888,-21.31444],[-44.49816,-21.3123],[-44.4973,-21.31119],[-44.49937,-21.30956],[-44.50204,-21.30968],[-44.5026,-21.30858],[-44.50341,-21.30558],[-44.50399,-21.30434],[-44.50465,-21.30346],[-44.50564,-21.30243],[-44.50775,-21.30178],[-44.50765,-21.30129],[-44.50788,-21.30095],[-44.5092,-21.30068],[-44.5111,-21.29924],[-44.51164,-21.29834],[-44.51212,-21.29801],[-44.51314,-21.29786],[-44.51338,-21.29761],[-44.51357,-21.29687],[-44.51344,-21.29625],[-44.51362,-21.29551],[-44.51482,-21.2948],[-44.51413,-21.29426],[-44.51481,-21.2944],[-44.51724,-21.29551],[-44.51824,-21.29488],[-44.51882,-21.29423],[-44.51959,-21.29217],[-44.52005,-21.29145],[-44.52055,-21.29117],[-44.52161,-21.29114],[-44.52229,-21.29189],[-44.52402,-21.29311],[-44.5242,-21.29365],[-44.52484,-21.29433],[-44.52721,-21.29591],[-44.52812,-21.29619],[-44.52931,-21.29711],[-44.53046,-21.29763],[-44.53416,-21.2982],[-44.53463,-21.29798],[-44.53473,-21.29756],[-44.53976,-21.2976],[-44.54616,-21.29957],[-44.55119,-21.3008],[-44.55281,-21.29978],[-44.55425,-21.29926],[-44.55331,-21.29837],[-44.55277,-21.29725],[-44.55215,-21.29682],[-44.55128,-21.29682],[-44.55075,-21.29602],[-44.54997,-21.29588],[-44.5489,-21.29516],[-44.54899,-21.29459],[-44.5485,-21.29442],[-44.54844,-21.29375],[-44.54766,-21.29251],[-44.54716,-21.29198],[-44.54649,-21.29194],[-44.54567,-21.29082],[-44.54219,-21.29097],[-44.5412,-21.29078],[-44.5402,-21.29008],[-44.53962,-21.28904],[-44.53798,-21.28861],[-44.53719,-21.28882],[-44.53513,-21.29016],[-44.53384,-21.28991],[-44.5331,-21.28952],[-44.532,-21.28797],[-44.5317,-21.28635],[-44.53129,-21.28559],[-44.52999,-21.2844],[-44.52927,-21.28344],[-44.52901,-21.28194],[-44.52845,-21.28094],[-44.52561,-21.2819],[-44.52482,-21.28188],[-44.52215,-21.28107],[-44.52135,-21.28006],[-44.52106,-21.28008],[-44.51938,-21.28121],[-44.51884,-21.28183],[-44.51829,-21.28202],[-44.5169,-21.28039],[-44.51591,-21.27981],[-44.51477,-21.27985],[-44.51378,-21.27906],[-44.51138,-21.27896],[-44.50847,-21.27963],[-44.50748,-21.2795],[-44.50588,-21.27665],[-44.50243,-21.27534],[-44.50156,-21.27424],[-44.50039,-21.27361],[-44.50007,-21.27301],[-44.49936,-21.27241],[-44.49892,-21.27154],[-44.49797,-21.27111],[-44.49612,-21.26928],[-44.49499,-21.26791],[-44.49492,-21.26643],[-44.49385,-21.26554],[-44.49239,-21.26483],[-44.49003,-21.26445],[-44.4892,-21.26367],[-44.48873,-21.26275],[-44.48742,-21.26239],[-44.48675,-21.26186],[-44.48551,-21.26157],[-44.48502,-21.2612],[-44.48467,-21.26014],[-44.4836,-21.25862],[-44.48238,-21.25791],[-44.48062,-21.25749],[-44.47994,-21.25599],[-44.47965,-21.25573],[-44.47828,-21.25535],[-44.47745,-21.25428],[-44.47638,-21.25396],[-44.47512,-21.25306],[-44.47449,-21.2523],[-44.47369,-21.25077],[-44.471,-21.24901],[-44.46922,-21.24742],[-44.46792,-21.2468],[-44.4675,-21.2463],[-44.46593,-21.24582],[-44.46493,-21.24501],[-44.46435,-21.24481],[-44.46425,-21.24132],[-44.46457,-21.24058],[-44.4658,-21.23908],[-44.46635,-21.23513],[-44.46696,-21.23426],[-44.46708,-21.23294],[-44.46602,-21.23098],[-44.4647,-21.23105],[-44.46379,-21.22987],[-44.46414,-21.22734],[-44.46391,-21.22495],[-44.46221,-21.2216],[-44.46203,-21.22067],[-44.46217,-21.21949],[-44.46205,-21.21789],[-44.46123,-21.21558],[-44.46134,-21.21411],[-44.46211,-21.21204],[-44.46227,-21.21085],[-44.46161,-21.20557],[-44.46129,-21.20468],[-44.46069,-21.20384],[-44.459,-21.20265],[-44.45792,-21.20203],[-44.45659,-21.20182],[-44.45567,-21.20078],[-44.45345,-21.20081],[-44.45021,-21.19992],[-44.44876,-21.19997],[-44.44732,-21.20062],[-44.44684,-21.20056],[-44.44492,-21.19883],[-44.44286,-21.19791],[-44.44262,-21.19747],[-44.44247,-21.19643],[-44.44196,-21.19585],[-44.43999,-21.19563],[-44.43983,-21.19517],[-44.4399,-21.19379],[-44.43886,-21.19104],[-44.43823,-21.19059],[-44.43728,-21.19094],[-44.4366,-21.18957],[-44.4362,-21.1874],[-44.43675,-21.18606],[-44.43606,-21.18477],[-44.43453,-21.18294],[-44.43383,-21.18299],[-44.43358,-21.18318],[-44.43329,-21.18407],[-44.4328,-21.1841],[-44.43219,-21.18225],[-44.43174,-21.18203],[-44.43093,-21.18113],[-44.42963,-21.18137],[-44.42912,-21.18125],[-44.42739,-21.17998],[-44.42654,-21.17876],[-44.42598,-21.17877],[-44.42568,-21.17859],[-44.42514,-21.1794],[-44.42515,-21.18128],[-44.42453,-21.18212],[-44.42382,-21.18256],[-44.42372,-21.1828],[-44.42278,-21.18316],[-44.42163,-21.18441],[-44.4204,-21.1852],[-44.42028,-21.18576],[-44.42046,-21.18617],[-44.42018,-21.18659],[-44.42014,-21.18709],[-44.42054,-21.1885],[-44.42095,-21.18882],[-44.4213,-21.18962],[-44.42112,-21.1932],[-44.42073,-21.19385],[-44.42068,-21.19464],[-44.42156,-21.1951],[-44.42162,-21.19555],[-44.42133,-21.19626],[-44.42086,-21.19673],[-44.42114,-21.1974],[-44.42096,-21.19754],[-44.42137,-21.19822],[-44.4214,-21.19906],[-44.42217,-21.19971],[-44.42253,-21.20092],[-44.42193,-21.20182],[-44.42191,-21.20251],[-44.41976,-21.20335],[-44.41895,-21.20347],[-44.41726,-21.20452],[-44.41713,-21.20637],[-44.41668,-21.20663],[-44.41612,-21.20747],[-44.41513,-21.20785],[-44.41442,-21.20848]]]}},{"id":"19","type":"Feature","properties":{"bairro":"Rio das Mortes — sem bairro declarado","distrito":"Rio das Mortes","regiao":"Rio das Mortes","setores":3,"urbano":3},"geometry":{"type":"Polygon","coordinates":[[[-44.33086,-21.19309],[-44.33147,-21.19401],[-44.33225,-21.19442],[-44.33274,-21.19513],[-44.33309,-21.19658],[-44.334,-21.1976],[-44.33408,-21.19856],[-44.33423,-21.19878],[-44.33506,-21.19903],[-44.33533,-21.19948],[-44.33535,-21.20027],[-44.33843,-21.19984],[-44.34042,-21.20187],[-44.34279,-21.19988],[-44.33909,-21.19812],[-44.33762,-21.197],[-44.33551,-21.1941],[-44.3324,-21.19067],[-44.33281,-21.19058],[-44.33489,-21.19138],[-44.3353,-21.19138],[-44.33549,-21.19118],[-44.33538,-21.1904],[-44.33561,-21.19021],[-44.33656,-21.1901],[-44.33715,-21.18849],[-44.33854,-21.18868],[-44.33928,-21.18918],[-44.33976,-21.18795],[-44.33932,-21.18735],[-44.33922,-21.18656],[-44.33945,-21.18602],[-44.33976,-21.18602],[-44.34112,-21.18496],[-44.34085,-21.18429],[-44.34139,-21.18377],[-44.34104,-21.18336],[-44.34129,-21.18318],[-44.34166,-21.1831],[-44.34259,-21.18448],[-44.34313,-21.18432],[-44.34337,-21.1845],[-44.34331,-21.18536],[-44.34364,-21.18613],[-44.34398,-21.18621],[-44.3448,-21.18552],[-44.34533,-21.18566],[-44.34575,-21.18534],[-44.34596,-21.18478],[-44.34487,-21.18469],[-44.34432,-21.18383],[-44.34299,-21.18268],[-44.34267,-21.18143],[-44.34285,-21.18014],[-44.34098,-21.1804],[-44.34127,-21.18161],[-44.34034,-21.1817],[-44.3393,-21.18234],[-44.33343,-21.18311],[-44.33237,-21.18354],[-44.3316,-21.18449],[-44.33095,-21.18373],[-44.32885,-21.18414],[-44.32834,-21.18229],[-44.32766,-21.18198],[-44.32724,-21.18211],[-44.32693,-21.18334],[-44.32629,-21.18331],[-44.3256,-21.18421],[-44.32628,-21.18491],[-44.32586,-21.18484],[-44.32537,-21.18509],[-44.32439,-21.18515],[-44.32261,-21.18593],[-44.32225,-21.18591],[-44.32086,-21.18501],[-44.31908,-21.18577],[-44.32185,-21.1878],[-44.32847,-21.19362],[-44.32877,-21.19442],[-44.32865,-21.19589],[-44.3291,-21.1966],[-44.33043,-21.19452],[-44.33086,-21.19309]]]}},{"id":"20","type":"Feature","properties":{"bairro":"Sao Sebastiao da Vitoria","distrito":"São Sebastião da Vitória","regiao":"São Sebastião da Vitória","setores":4,"urbano":3},"geometry":{"type":"Polygon","coordinates":[[[-44.34972,-21.2547],[-44.3495,-21.25637],[-44.34987,-21.26071],[-44.35043,-21.26149],[-44.3505,-21.26246],[-44.35078,-21.26284],[-44.35152,-21.2631],[-44.35199,-21.26463],[-44.35408,-21.26694],[-44.35493,-21.26845],[-44.35583,-21.26897],[-44.35735,-21.26941],[-44.36142,-21.2692],[-44.36321,-21.26864],[-44.3665,-21.26863],[-44.36733,-21.26934],[-44.36888,-21.26986],[-44.36998,-21.27091],[-44.37031,-21.2716],[-44.37047,-21.27283],[-44.37157,-21.2744],[-44.37238,-21.27693],[-44.37449,-21.27801],[-44.37464,-21.27873],[-44.37441,-21.2798],[-44.37354,-21.28112],[-44.37185,-21.28307],[-44.3716,-21.28386],[-44.37198,-21.28515],[-44.37253,-21.2862],[-44.37503,-21.28796],[-44.37546,-21.2886],[-44.37533,-21.28963],[-44.37459,-21.29057],[-44.37439,-21.29117],[-44.37466,-21.29309],[-44.37379,-21.29505],[-44.37363,-21.29599],[-44.37474,-21.29876],[-44.37563,-21.29962],[-44.38007,-21.30123],[-44.38507,-21.30182],[-44.38751,-21.30239],[-44.38941,-21.30325],[-44.39049,-21.30333],[-44.39236,-21.30264],[-44.4004,-21.30146],[-44.4013,-21.30147],[-44.40226,-21.30119],[-44.40311,-21.30066],[-44.40386,-21.29979],[-44.40495,-21.29908],[-44.40695,-21.29732],[-44.40826,-21.29663],[-44.40883,-21.29773],[-44.40927,-21.29976],[-44.41013,-21.30115],[-44.41021,-21.30291],[-44.41093,-21.30513],[-44.41239,-21.30686],[-44.41391,-21.3099],[-44.41451,-21.31075],[-44.41578,-21.31152],[-44.41703,-21.31193],[-44.41756,-21.31241],[-44.4177,-21.31423],[-44.41807,-21.31491],[-44.41849,-21.31512],[-44.41927,-21.31503],[-44.42153,-21.31339],[-44.4228,-21.3129],[-44.4241,-21.31318],[-44.42459,-21.31349],[-44.42621,-21.31512],[-44.42806,-21.31751],[-44.43165,-21.32121],[-44.43184,-21.32217],[-44.43182,-21.32449],[-44.43233,-21.32597],[-44.43271,-21.3264],[-44.43507,-21.3276],[-44.43625,-21.32912],[-44.43759,-21.3301],[-44.44046,-21.33161],[-44.44157,-21.3319],[-44.44285,-21.33203],[-44.44591,-21.33174],[-44.44946,-21.33264],[-44.45416,-21.33307],[-44.45498,-21.33336],[-44.4565,-21.33458],[-44.45724,-21.33495],[-44.46206,-21.33667],[-44.46355,-21.33759],[-44.46387,-21.3381],[-44.46449,-21.33766],[-44.4647,-21.33717],[-44.46556,-21.33659],[-44.46592,-21.33562],[-44.46642,-21.3353],[-44.46746,-21.33609],[-44.46948,-21.33578],[-44.46999,-21.33595],[-44.47024,-21.33635],[-44.4706,-21.33636],[-44.47174,-21.33699],[-44.47263,-21.33662],[-44.47392,-21.33553],[-44.47531,-21.33327],[-44.4753,-21.3321],[-44.4743,-21.33057],[-44.47279,-21.32943],[-44.47221,-21.32961],[-44.47097,-21.32908],[-44.47056,-21.3293],[-44.47039,-21.32974],[-44.47083,-21.33072],[-44.4708,-21.33115],[-44.47043,-21.33144],[-44.46776,-21.33202],[-44.46728,-21.33237],[-44.46696,-21.33263],[-44.467,-21.33299],[-44.46716,-21.33305],[-44.46752,-21.33271],[-44.46772,-21.33275],[-44.46783,-21.33311],[-44.46746,-21.33385],[-44.46646,-21.33375],[-44.4661,-21.3342],[-44.46546,-21.33405],[-44.4652,-21.33446],[-44.46423,-21.33458],[-44.46363,-21.3334],[-44.46263,-21.33329],[-44.46221,-21.33346],[-44.46205,-21.3333],[-44.46233,-21.33291],[-44.46189,-21.33254],[-44.46145,-21.33157],[-44.46045,-21.33097],[-44.46101,-21.33009],[-44.4618,-21.32949],[-44.46173,-21.32924],[-44.46079,-21.32849],[-44.46023,-21.32828],[-44.45905,-21.32705],[-44.45872,-21.327],[-44.45831,-21.32767],[-44.45806,-21.32763],[-44.45792,-21.3278],[-44.4581,-21.32809],[-44.45805,-21.32886],[-44.45757,-21.32952],[-44.45727,-21.32949],[-44.45749,-21.32893],[-44.45636,-21.32887],[-44.45616,-21.32896],[-44.45619,-21.32946],[-44.4556,-21.3296],[-44.45536,-21.32986],[-44.45441,-21.32977],[-44.45457,-21.33027],[-44.45435,-21.33035],[-44.45386,-21.32997],[-44.45373,-21.33006],[-44.45385,-21.33049],[-44.45244,-21.33029],[-44.45239,-21.32965],[-44.45273,-21.32902],[-44.45263,-21.32877],[-44.45221,-21.32893],[-44.45166,-21.32832],[-44.45134,-21.32822],[-44.45114,-21.32836],[-44.45147,-21.32895],[-44.4509,-21.3295],[-44.45105,-21.32888],[-44.45058,-21.32877],[-44.45043,-21.32817],[-44.44987,-21.3288],[-44.44923,-21.32889],[-44.44916,-21.32857],[-44.44878,-21.32829],[-44.44893,-21.32811],[-44.44877,-21.32732],[-44.44904,-21.32694],[-44.44938,-21.32685],[-44.44923,-21.32635],[-44.45023,-21.32605],[-44.45026,-21.32655],[-44.45061,-21.32647],[-44.45095,-21.32689],[-44.4513,-21.32697],[-44.45159,-21.32677],[-44.45149,-21.32643],[-44.4519,-21.32662],[-44.45207,-21.32607],[-44.45254,-21.32569],[-44.45259,-21.3251],[-44.45208,-21.32455],[-44.45108,-21.32457],[-44.45082,-21.32367],[-44.45116,-21.3231],[-44.45089,-21.32267],[-44.45141,-21.32213],[-44.45195,-21.32244],[-44.45211,-21.32235],[-44.45196,-21.32175],[-44.4527,-21.32138],[-44.45269,-21.32091],[-44.45181,-21.32034],[-44.45203,-21.31921],[-44.45121,-21.31867],[-44.45102,-21.31809],[-44.4504,-21.31784],[-44.45019,-21.31724],[-44.44993,-21.31721],[-44.44979,-21.31687],[-44.44895,-21.31641],[-44.44878,-21.31593],[-44.44821,-21.31585],[-44.44824,-21.31525],[-44.44797,-21.31517],[-44.4477,-21.31444],[-44.44772,-21.31388],[-44.44789,-21.31377],[-44.44771,-21.31337],[-44.44811,-21.31312],[-44.448,-21.31277],[-44.44821,-21.31252],[-44.44808,-21.31227],[-44.44764,-21.31222],[-44.44746,-21.31195],[-44.4475,-21.31125],[-44.44694,-21.31064],[-44.44697,-21.3104],[-44.44728,-21.31037],[-44.4476,-21.30996],[-44.44778,-21.30922],[-44.44651,-21.30874],[-44.4459,-21.30907],[-44.4453,-21.30892],[-44.44555,-21.30818],[-44.446,-21.30776],[-44.44569,-21.30755],[-44.44544,-21.30764],[-44.44535,-21.30728],[-44.44481,-21.30741],[-44.444,-21.3072],[-44.44414,-21.30609],[-44.44384,-21.30562],[-44.44393,-21.30476],[-44.44441,-21.30433],[-44.44454,-21.30371],[-44.44431,-21.30345],[-44.44471,-21.30333],[-44.44482,-21.303],[-44.44458,-21.30299],[-44.4447,-21.30244],[-44.44446,-21.30232],[-44.4442,-21.30168],[-44.44369,-21.30172],[-44.44316,-21.30076],[-44.44292,-21.30065],[-44.44271,-21.29978],[-44.44331,-21.29902],[-44.4432,-21.29878],[-44.44298,-21.29876],[-44.44309,-21.29845],[-44.44294,-21.29841],[-44.44328,-21.29813],[-44.44344,-21.29831],[-44.44354,-21.29797],[-44.4441,-21.29778],[-44.44408,-21.29672],[-44.44357,-21.29672],[-44.44353,-21.29658],[-44.44385,-21.29643],[-44.44375,-21.29607],[-44.44401,-21.29604],[-44.44428,-21.29546],[-44.44473,-21.29526],[-44.44564,-21.29418],[-44.44591,-21.29438],[-44.44671,-21.29429],[-44.44955,-21.29334],[-44.45036,-21.29281],[-44.45065,-21.29233],[-44.45315,-21.29131],[-44.4531,-21.29075],[-44.45403,-21.29017],[-44.45862,-21.29082],[-44.46008,-21.2908],[-44.461,-21.29046],[-44.46154,-21.29059],[-44.46286,-21.29009],[-44.46391,-21.28953],[-44.46545,-21.28806],[-44.46641,-21.28747],[-44.46687,-21.28691],[-44.46703,-21.28627],[-44.46776,-21.28584],[-44.46872,-21.28382],[-44.46963,-21.28304],[-44.47041,-21.28258],[-44.47131,-21.28242],[-44.47296,-21.28256],[-44.47398,-21.28218],[-44.47487,-21.28227],[-44.47614,-21.28193],[-44.47664,-21.28129],[-44.47652,-21.27995],[-44.47679,-21.27945],[-44.47728,-21.27927],[-44.47751,-21.27895],[-44.47086,-21.27333],[-44.47009,-21.27249],[-44.46953,-21.27139],[-44.46941,-21.26986],[-44.46965,-21.26908],[-44.47146,-21.26724],[-44.47147,-21.26666],[-44.46799,-21.26353],[-44.46402,-21.26097],[-44.46206,-21.26002],[-44.4603,-21.25955],[-44.46028,-21.25987],[-44.45494,-21.26157],[-44.45443,-21.26198],[-44.45425,-21.26238],[-44.45435,-21.26361],[-44.45386,-21.2643],[-44.45379,-21.26568],[-44.45344,-21.26642],[-44.45079,-21.26725],[-44.45041,-21.26723],[-44.44721,-21.26501],[-44.44592,-21.26497],[-44.44457,-21.26532],[-44.44394,-21.26506],[-44.44328,-21.26449],[-44.44356,-21.2634],[-44.44358,-21.26077],[-44.44283,-21.25933],[-44.44077,-21.2579],[-44.43867,-21.25745],[-44.43635,-21.25651],[-44.43557,-21.25493],[-44.43577,-21.25284],[-44.43512,-21.25114],[-44.43452,-21.25023],[-44.43378,-21.24971],[-44.42973,-21.24871],[-44.4274,-21.24758],[-44.42353,-21.24709],[-44.41675,-21.24714],[-44.41815,-21.24589],[-44.41911,-21.24606],[-44.42135,-21.24487],[-44.42281,-21.24467],[-44.42484,-21.24392],[-44.42686,-21.24409],[-44.42794,-21.24478],[-44.42774,-21.24058],[-44.42669,-21.24016],[-44.42485,-21.24004],[-44.42382,-21.24055],[-44.42139,-21.24239],[-44.41827,-21.24297],[-44.41826,-21.24247],[-44.4172,-21.24248],[-44.41665,-21.24135],[-44.41592,-21.24121],[-44.41554,-21.24087],[-44.41567,-21.24044],[-44.41513,-21.23966],[-44.41451,-21.23905],[-44.41425,-21.23903],[-44.41403,-21.23836],[-44.41352,-21.23805],[-44.41344,-21.23759],[-44.41287,-21.23672],[-44.4119,-21.23641],[-44.4114,-21.23589],[-44.41164,-21.2357],[-44.41166,-21.23436],[-44.41125,-21.23378],[-44.41081,-21.2339],[-44.41058,-21.23374],[-44.41037,-21.23208],[-44.40995,-21.232],[-44.40979,-21.23174],[-44.40945,-21.2305],[-44.40908,-21.23034],[-44.40877,-21.23044],[-44.40862,-21.23021],[-44.40856,-21.22884],[-44.40895,-21.22891],[-44.40874,-21.22663],[-44.40957,-21.22453],[-44.40955,-21.2238],[-44.40992,-21.22345],[-44.40909,-21.22119],[-44.40883,-21.22089],[-44.40875,-21.22128],[-44.40846,-21.22139],[-44.40784,-21.22094],[-44.40778,-21.2205],[-44.40834,-21.22071],[-44.40846,-21.22044],[-44.40808,-21.21985],[-44.40753,-21.2195],[-44.40586,-21.21967],[-44.40527,-21.21992],[-44.40514,-21.22045],[-44.40457,-21.22091],[-44.40403,-21.2209],[-44.4036,-21.22158],[-44.40315,-21.22173],[-44.403,-21.22216],[-44.40319,-21.22244],[-44.40273,-21.22286],[-44.40283,-21.22324],[-44.40234,-21.22386],[-44.40217,-21.22447],[-44.40182,-21.22502],[-44.40089,-21.22572],[-44.40046,-21.22796],[-44.39921,-21.22842],[-44.39884,-21.22875],[-44.39895,-21.23362],[-44.39656,-21.23721],[-44.39806,-21.23837],[-44.39712,-21.23924],[-44.39572,-21.23986],[-44.39337,-21.24034],[-44.39244,-21.24068],[-44.39209,-21.24105],[-44.39151,-21.24113],[-44.39155,-21.24159],[-44.39238,-21.24167],[-44.3925,-21.24214],[-44.39226,-21.24269],[-44.39297,-21.24323],[-44.39345,-21.24423],[-44.3932,-21.2446],[-44.39264,-21.24473],[-44.39244,-21.2451],[-44.3925,-21.24565],[-44.39188,-21.24592],[-44.39154,-21.2469],[-44.39168,-21.24742],[-44.39112,-21.24813],[-44.39102,-21.24899],[-44.38946,-21.25154],[-44.38734,-21.25036],[-44.38516,-21.25026],[-44.38334,-21.24964],[-44.38258,-21.24979],[-44.3819,-21.25018],[-44.38091,-21.25115],[-44.38008,-21.2531],[-44.37965,-21.2532],[-44.37812,-21.25295],[-44.37715,-21.25198],[-44.37561,-21.25125],[-44.37502,-21.25111],[-44.37409,-21.25127],[-44.37337,-21.25148],[-44.37288,-21.25231],[-44.37094,-21.25379],[-44.3702,-21.25505],[-44.36923,-21.2557],[-44.36938,-21.25652],[-44.36969,-21.25696],[-44.36772,-21.25672],[-44.36642,-21.25613],[-44.36532,-21.2562],[-44.36456,-21.25568],[-44.36377,-21.25551],[-44.36188,-21.25466],[-44.36124,-21.25486],[-44.361,-21.25514],[-44.36035,-21.25493],[-44.3601,-21.25461],[-44.35972,-21.25465],[-44.35755,-21.25546],[-44.35626,-21.25622],[-44.35414,-21.25588],[-44.35336,-21.25634],[-44.35111,-21.25592],[-44.35029,-21.25536],[-44.35005,-21.25486],[-44.34972,-21.2547]]]}},{"id":"21","type":"Feature","properties":{"bairro":"Senhor dos Montes","distrito":"São João del Rei","regiao":"São João del Rei","setores":10,"urbano":10},"geometry":{"type":"Polygon","coordinates":[[[-44.2645,-21.13126],[-44.26468,-21.13168],[-44.26546,-21.13191],[-44.26542,-21.1324],[-44.26389,-21.13246],[-44.26358,-21.13294],[-44.26632,-21.13289],[-44.26652,-21.13241],[-44.26723,-21.13178],[-44.26686,-21.13098],[-44.26796,-21.13021],[-44.26793,-21.12963],[-44.26846,-21.12967],[-44.26846,-21.12925],[-44.26874,-21.12907],[-44.26878,-21.12878],[-44.26834,-21.12835],[-44.26833,-21.12784],[-44.26752,-21.12579],[-44.26763,-21.12554],[-44.26744,-21.12471],[-44.2667,-21.1243],[-44.26647,-21.1234],[-44.26602,-21.12262],[-44.26474,-21.12238],[-44.26463,-21.12219],[-44.26493,-21.12185],[-44.26478,-21.121],[-44.26379,-21.12091],[-44.2634,-21.12053],[-44.2632,-21.12],[-44.26339,-21.11952],[-44.26324,-21.11931],[-44.26266,-21.1193],[-44.26109,-21.11653],[-44.25894,-21.12072],[-44.25861,-21.12201],[-44.25943,-21.12237],[-44.25897,-21.12273],[-44.25872,-21.12384],[-44.25832,-21.12434],[-44.2579,-21.12555],[-44.25768,-21.12574],[-44.25632,-21.12585],[-44.25394,-21.12693],[-44.25332,-21.12747],[-44.25303,-21.12854],[-44.25632,-21.12877],[-44.25594,-21.12968],[-44.2573,-21.13042],[-44.25706,-21.13062],[-44.25904,-21.1306],[-44.26221,-21.13105],[-44.26292,-21.13094],[-44.26334,-21.13055],[-44.26348,-21.13103],[-44.2645,-21.13126]]]}},{"id":"22","type":"Feature","properties":{"bairro":"Serra do Lenheiro","distrito":"São João del Rei","regiao":"São João del Rei","setores":1,"urbano":0},"geometry":{"type":"Polygon","coordinates":[[[-44.28317,-21.10797],[-44.28241,-21.10788],[-44.28111,-21.10735],[-44.28064,-21.10673],[-44.28056,-21.10576],[-44.28034,-21.10533],[-44.28017,-21.10529],[-44.27998,-21.10566],[-44.27971,-21.10563],[-44.27942,-21.10496],[-44.27983,-21.10462],[-44.279,-21.10363],[-44.27869,-21.10351],[-44.27844,-21.10248],[-44.27807,-21.10196],[-44.27785,-21.10053],[-44.2768,-21.09965],[-44.27665,-21.09875],[-44.27495,-21.09719],[-44.27488,-21.09663],[-44.27249,-21.0958],[-44.27252,-21.09711],[-44.27292,-21.09801],[-44.27295,-21.0991],[-44.27227,-21.09977],[-44.27187,-21.10153],[-44.27141,-21.10254],[-44.27148,-21.10534],[-44.27172,-21.10549],[-44.27201,-21.1062],[-44.27066,-21.1085],[-44.27056,-21.10922],[-44.2709,-21.11122],[-44.26673,-21.11165],[-44.26617,-21.11235],[-44.26471,-21.11322],[-44.26368,-21.11421],[-44.2626,-21.11457],[-44.26125,-21.11543],[-44.26079,-21.116],[-44.26092,-21.11637],[-44.26266,-21.1193],[-44.26324,-21.11931],[-44.26339,-21.11952],[-44.2632,-21.12],[-44.2634,-21.12053],[-44.26379,-21.12091],[-44.26478,-21.121],[-44.26493,-21.12185],[-44.26463,-21.12219],[-44.26474,-21.12238],[-44.26602,-21.12262],[-44.26647,-21.1234],[-44.2667,-21.1243],[-44.26744,-21.12471],[-44.26763,-21.12554],[-44.26752,-21.12579],[-44.26833,-21.12784],[-44.26834,-21.12835],[-44.26861,-21.12849],[-44.26877,-21.12893],[-44.26916,-21.12909],[-44.26891,-21.12955],[-44.269,-21.1298],[-44.26939,-21.12988],[-44.26991,-21.13045],[-44.27079,-21.13049],[-44.27128,-21.13094],[-44.27131,-21.13215],[-44.27172,-21.13275],[-44.27248,-21.13277],[-44.27296,-21.13258],[-44.27316,-21.13269],[-44.27464,-21.13188],[-44.27569,-21.13208],[-44.27657,-21.13197],[-44.277,-21.13256],[-44.27765,-21.1328],[-44.27771,-21.13315],[-44.28006,-21.13346],[-44.28172,-21.13309],[-44.28297,-21.13216],[-44.28317,-21.13151],[-44.28346,-21.13138],[-44.28401,-21.13185],[-44.28337,-21.13297],[-44.28343,-21.13327],[-44.28364,-21.13311],[-44.28434,-21.13335],[-44.28497,-21.13302],[-44.2856,-21.13309],[-44.28593,-21.13334],[-44.28583,-21.13437],[-44.28611,-21.13752],[-44.28571,-21.1389],[-44.28671,-21.14042],[-44.28617,-21.1409],[-44.28612,-21.14162],[-44.28528,-21.14235],[-44.28583,-21.14287],[-44.28716,-21.14286],[-44.28751,-21.14305],[-44.28632,-21.145],[-44.2872,-21.1461],[-44.28674,-21.14666],[-44.2868,-21.14688],[-44.28795,-21.14719],[-44.2902,-21.14721],[-44.29078,-21.14883],[-44.29187,-21.1499],[-44.29529,-21.15114],[-44.29545,-21.15416],[-44.30066,-21.15409],[-44.30303,-21.15449],[-44.30634,-21.15449],[-44.30729,-21.15393],[-44.30762,-21.1535],[-44.30783,-21.15196],[-44.30777,-21.14973],[-44.30736,-21.14831],[-44.3069,-21.14762],[-44.30594,-21.147],[-44.30331,-21.14626],[-44.30234,-21.14563],[-44.30193,-21.14521],[-44.30132,-21.14394],[-44.30113,-21.13989],[-44.30128,-21.13927],[-44.30194,-21.13859],[-44.30244,-21.13717],[-44.30265,-21.13536],[-44.30252,-21.13254],[-44.30293,-21.13127],[-44.30293,-21.13045],[-44.30261,-21.13009],[-44.30176,-21.13022],[-44.29899,-21.13161],[-44.29639,-21.13185],[-44.2938,-21.13035],[-44.29005,-21.12923],[-44.28817,-21.1292],[-44.28751,-21.12891],[-44.28733,-21.12819],[-44.28739,-21.12523],[-44.2872,-21.1242],[-44.28436,-21.11812],[-44.28364,-21.11592],[-44.28531,-21.11327],[-44.28527,-21.11181],[-44.28606,-21.11066],[-44.28549,-21.10936],[-44.28496,-21.10879],[-44.28317,-21.10797]]]}},{"id":"23","type":"Feature","properties":{"bairro":"São Gonçalo do Amarante — sem bairro declarado","distrito":"São Gonçalo do Amarante","regiao":"São Gonçalo do Amarante","setores":1,"urbano":1},"geometry":{"type":"Polygon","coordinates":[[[-44.33913,-21.10126],[-44.33949,-21.10199],[-44.33946,-21.10296],[-44.34012,-21.10404],[-44.34007,-21.1043],[-44.34104,-21.10552],[-44.34159,-21.10562],[-44.34333,-21.10822],[-44.34559,-21.10669],[-44.34656,-21.10519],[-44.34776,-21.10431],[-44.34857,-21.10276],[-44.34807,-21.10176],[-44.34732,-21.10172],[-44.34703,-21.1014],[-44.34715,-21.10087],[-44.34687,-21.10034],[-44.34691,-21.0995],[-44.3399,-21.09946],[-44.33946,-21.10088],[-44.33913,-21.10126]]]}},{"id":"24","type":"Feature","properties":{"bairro":"São Sebastião da Vitória — sem bairro declarado","distrito":"São Sebastião da Vitória","regiao":"São Sebastião da Vitória","setores":1,"urbano":0},"geometry":{"type":"Polygon","coordinates":[[[-44.55438,-21.29974],[-44.55438,-21.30035],[-44.55467,-21.30069],[-44.55568,-21.30108],[-44.55656,-21.30172],[-44.55703,-21.30181],[-44.55816,-21.30129],[-44.56094,-21.3018],[-44.56322,-21.3015],[-44.56378,-21.30118],[-44.56423,-21.29982],[-44.5647,-21.29945],[-44.56538,-21.29942],[-44.56642,-21.29976],[-44.56677,-21.29994],[-44.56606,-21.30141],[-44.5657,-21.30353],[-44.56662,-21.3048],[-44.56912,-21.30577],[-44.56965,-21.30705],[-44.569,-21.30731],[-44.5669,-21.30667],[-44.56635,-21.30625],[-44.56603,-21.30567],[-44.56498,-21.30617],[-44.56392,-21.30619],[-44.56367,-21.30667],[-44.56306,-21.30688],[-44.56177,-21.30642],[-44.56167,-21.30673],[-44.56102,-21.30673],[-44.56151,-21.30703],[-44.56158,-21.30806],[-44.56182,-21.30863],[-44.56164,-21.30895],[-44.56133,-21.30889],[-44.56023,-21.30828],[-44.56018,-21.30738],[-44.55981,-21.30681],[-44.55976,-21.30613],[-44.5594,-21.30602],[-44.55911,-21.30598],[-44.55889,-21.30641],[-44.55854,-21.30634],[-44.55815,-21.30675],[-44.55711,-21.30655],[-44.55678,-21.30626],[-44.55596,-21.30688],[-44.55496,-21.30665],[-44.55392,-21.3059],[-44.55251,-21.30611],[-44.55093,-21.30581],[-44.5508,-21.30548],[-44.55146,-21.30494],[-44.55161,-21.30459],[-44.55145,-21.3043],[-44.55117,-21.30431],[-44.55082,-21.30355],[-44.54996,-21.30316],[-44.54964,-21.30261],[-44.54879,-21.30262],[-44.54778,-21.30139],[-44.54764,-21.30179],[-44.54731,-21.30196],[-44.5477,-21.30228],[-44.54755,-21.30265],[-44.54638,-21.30262],[-44.54616,-21.30303],[-44.54659,-21.30307],[-44.54731,-21.30377],[-44.54753,-21.30456],[-44.54486,-21.30471],[-44.54329,-21.3043],[-44.5425,-21.30384],[-44.54177,-21.30303],[-44.54093,-21.30265],[-44.54059,-21.30222],[-44.54063,-21.30161],[-44.54027,-21.3022],[-44.53946,-21.3025],[-44.53998,-21.30265],[-44.5402,-21.30387],[-44.54102,-21.30497],[-44.54084,-21.30515],[-44.53983,-21.30551],[-44.53895,-21.30538],[-44.53824,-21.3057],[-44.53723,-21.3053],[-44.53614,-21.30544],[-44.53513,-21.30504],[-44.53421,-21.30531],[-44.53486,-21.30578],[-44.53509,-21.30638],[-44.537,-21.3073],[-44.53699,-21.30898],[-44.53788,-21.30809],[-44.53906,-21.30754],[-44.54164,-21.30725],[-44.54481,-21.30773],[-44.54647,-21.30848],[-44.54697,-21.30923],[-44.54666,-21.31],[-44.54666,-21.31051],[-44.54595,-21.31097],[-44.54589,-21.31139],[-44.5466,-21.31188],[-44.5469,-21.31288],[-44.54673,-21.3132],[-44.54539,-21.31356],[-44.54524,-21.3145],[-44.54444,-21.31518],[-44.54441,-21.31555],[-44.54491,-21.3158],[-44.54704,-21.31471],[-44.54775,-21.31478],[-44.54849,-21.31538],[-44.54848,-21.31594],[-44.54775,-21.31768],[-44.54797,-21.31959],[-44.54778,-21.32039],[-44.54733,-21.32095],[-44.54673,-21.32089],[-44.54626,-21.3203],[-44.54575,-21.32],[-44.54542,-21.31926],[-44.54531,-21.32089],[-44.54574,-21.32156],[-44.54574,-21.32195],[-44.54554,-21.32218],[-44.54428,-21.32234],[-44.543,-21.3219],[-44.54122,-21.3219],[-44.53986,-21.32102],[-44.54013,-21.32149],[-44.54193,-21.32306],[-44.54388,-21.32356],[-44.54594,-21.32377],[-44.54612,-21.32408],[-44.54604,-21.32562],[-44.54566,-21.32624],[-44.54565,-21.3268],[-44.54577,-21.32727],[-44.54625,-21.32706],[-44.54673,-21.32719],[-44.54682,-21.32767],[-44.54654,-21.32803],[-44.54655,-21.32857],[-44.546,-21.32941],[-44.54539,-21.3297],[-44.54491,-21.32963],[-44.54477,-21.33006],[-44.54432,-21.33011],[-44.54423,-21.33029],[-44.54527,-21.33058],[-44.54566,-21.33104],[-44.54494,-21.33149],[-44.54355,-21.33293],[-44.54371,-21.33322],[-44.54393,-21.33317],[-44.54431,-21.33396],[-44.54469,-21.33407],[-44.54502,-21.33462],[-44.54507,-21.335],[-44.54476,-21.33527],[-44.54334,-21.33492],[-44.54157,-21.33485],[-44.54107,-21.33422],[-44.5405,-21.33288],[-44.53884,-21.33317],[-44.53801,-21.33294],[-44.53755,-21.33239],[-44.53705,-21.33232],[-44.53642,-21.33191],[-44.53616,-21.33121],[-44.53584,-21.33098],[-44.53595,-21.33231],[-44.53695,-21.33336],[-44.53845,-21.33426],[-44.53884,-21.33489],[-44.53854,-21.33555],[-44.53779,-21.3361],[-44.53733,-21.33579],[-44.53687,-21.33587],[-44.53553,-21.33629],[-44.53537,-21.33675],[-44.53514,-21.33676],[-44.53471,-21.33619],[-44.53463,-21.33509],[-44.53415,-21.33452],[-44.53384,-21.33356],[-44.5334,-21.33308],[-44.53371,-21.33257],[-44.53365,-21.33229],[-44.53281,-21.33088],[-44.53216,-21.33044],[-44.53256,-21.32947],[-44.53309,-21.32936],[-44.53289,-21.32905],[-44.53325,-21.32859],[-44.53265,-21.32822],[-44.53025,-21.32971],[-44.52972,-21.329],[-44.52969,-21.3285],[-44.52994,-21.3276],[-44.53033,-21.32715],[-44.53009,-21.32656],[-44.52971,-21.32646],[-44.5292,-21.32756],[-44.52866,-21.32812],[-44.52768,-21.32796],[-44.52676,-21.32746],[-44.52661,-21.32766],[-44.5272,-21.32946],[-44.52717,-21.3303],[-44.5269,-21.33062],[-44.52603,-21.33074],[-44.52553,-21.33131],[-44.52481,-21.33134],[-44.52454,-21.33074],[-44.5241,-21.33049],[-44.52392,-21.32983],[-44.52426,-21.32912],[-44.52374,-21.32926],[-44.52359,-21.32949],[-44.5222,-21.32926],[-44.52188,-21.32941],[-44.52161,-21.32988],[-44.52146,-21.32981],[-44.52278,-21.32658],[-44.52415,-21.32508],[-44.52417,-21.32416],[-44.52353,-21.32502],[-44.52247,-21.32555],[-44.52202,-21.32556],[-44.52075,-21.32494],[-44.52112,-21.32597],[-44.52101,-21.32646],[-44.52041,-21.32711],[-44.52019,-21.32818],[-44.51947,-21.32879],[-44.51818,-21.32878],[-44.51622,-21.32726],[-44.516,-21.32641],[-44.51562,-21.32602],[-44.5148,-21.32426],[-44.5147,-21.32367],[-44.51514,-21.32295],[-44.51446,-21.32315],[-44.51419,-21.32239],[-44.51355,-21.32194],[-44.51334,-21.32137],[-44.51251,-21.32066],[-44.51282,-21.31894],[-44.51262,-21.31835],[-44.51173,-21.31956],[-44.51121,-21.32082],[-44.51082,-21.32115],[-44.51051,-21.32127],[-44.50897,-21.32081],[-44.50747,-21.32074],[-44.51022,-21.32165],[-44.51136,-21.32166],[-44.5117,-21.32216],[-44.51196,-21.32366],[-44.51293,-21.32526],[-44.51337,-21.32697],[-44.51452,-21.32849],[-44.51447,-21.32865],[-44.51411,-21.32898],[-44.51292,-21.32905],[-44.51112,-21.3295],[-44.51032,-21.32953],[-44.50834,-21.32892],[-44.51002,-21.33015],[-44.51206,-21.33039],[-44.51607,-21.33049],[-44.51781,-21.3317],[-44.51789,-21.33209],[-44.51723,-21.33292],[-44.51678,-21.33289],[-44.51592,-21.33328],[-44.51532,-21.33323],[-44.51494,-21.33387],[-44.51403,-21.33448],[-44.51309,-21.33466],[-44.51233,-21.33504],[-44.51165,-21.33587],[-44.51291,-21.33631],[-44.51374,-21.33717],[-44.51425,-21.33946],[-44.51406,-21.33965],[-44.51285,-21.33988],[-44.51171,-21.34101],[-44.51028,-21.34068],[-44.50964,-21.34077],[-44.5094,-21.34127],[-44.51122,-21.3421],[-44.51186,-21.34262],[-44.51196,-21.34297],[-44.51084,-21.34483],[-44.50963,-21.34558],[-44.50932,-21.34602],[-44.50911,-21.34675],[-44.50927,-21.34821],[-44.50905,-21.34989],[-44.50766,-21.34987],[-44.50543,-21.3495],[-44.50491,-21.34898],[-44.50511,-21.34838],[-44.50594,-21.34726],[-44.50509,-21.34609],[-44.50466,-21.3447],[-44.50434,-21.34433],[-44.5043,-21.34512],[-44.50389,-21.34566],[-44.50336,-21.34594],[-44.50354,-21.3463],[-44.5033,-21.3467],[-44.50112,-21.34681],[-44.50037,-21.34721],[-44.4994,-21.34711],[-44.49844,-21.34633],[-44.49874,-21.34545],[-44.49881,-21.34388],[-44.49785,-21.34367],[-44.49652,-21.34459],[-44.49546,-21.34501],[-44.49434,-21.34507],[-44.49379,-21.34482],[-44.49365,-21.34412],[-44.49459,-21.34316],[-44.49489,-21.34253],[-44.49491,-21.34189],[-44.49467,-21.34159],[-44.49355,-21.34177],[-44.49337,-21.34159],[-44.49271,-21.34162],[-44.4919,-21.34216],[-44.49148,-21.34216],[-44.4916,-21.34138],[-44.49123,-21.34086],[-44.4899,-21.34033],[-44.48962,-21.33993],[-44.48992,-21.33945],[-44.4895,-21.33847],[-44.48793,-21.33845],[-44.48754,-21.33799],[-44.48746,-21.33754],[-44.48775,-21.337],[-44.48812,-21.33678],[-44.48812,-21.33621],[-44.48776,-21.33593],[-44.48728,-21.33574],[-44.48587,-21.33575],[-44.48522,-21.33624],[-44.48471,-21.33629],[-44.48348,-21.33575],[-44.48309,-21.33445],[-44.48314,-21.33376],[-44.48263,-21.33409],[-44.48235,-21.33481],[-44.48187,-21.33533],[-44.48103,-21.33529],[-44.4796,-21.33429],[-44.47879,-21.3345],[-44.47834,-21.33517],[-44.47785,-21.33542],[-44.47724,-21.33544],[-44.47707,-21.33562],[-44.47671,-21.33553],[-44.47629,-21.33487],[-44.47628,-21.33321],[-44.47601,-21.33212],[-44.4753,-21.3321],[-44.47531,-21.33327],[-44.47392,-21.33553],[-44.47263,-21.33662],[-44.47174,-21.33699],[-44.4706,-21.33636],[-44.47024,-21.33635],[-44.46999,-21.33595],[-44.46948,-21.33578],[-44.46746,-21.33609],[-44.46642,-21.3353],[-44.46592,-21.33562],[-44.46556,-21.33659],[-44.4647,-21.33717],[-44.46449,-21.33766],[-44.46387,-21.3381],[-44.46372,-21.33867],[-44.46072,-21.3405],[-44.46015,-21.34256],[-44.46015,-21.34363],[-44.4606,-21.34642],[-44.4613,-21.34653],[-44.46101,-21.34567],[-44.46118,-21.34536],[-44.46317,-21.34413],[-44.46299,-21.34362],[-44.46112,-21.3421],[-44.46118,-21.34197],[-44.46246,-21.34082],[-44.46299,-21.34098],[-44.46465,-21.34016],[-44.46512,-21.33968],[-44.46526,-21.33899],[-44.46584,-21.33872],[-44.46621,-21.33932],[-44.46618,-21.33783],[-44.46663,-21.33753],[-44.46695,-21.33762],[-44.46713,-21.33796],[-44.46832,-21.33823],[-44.46881,-21.33854],[-44.46964,-21.33974],[-44.47088,-21.34041],[-44.47203,-21.34042],[-44.47198,-21.34104],[-44.47219,-21.34137],[-44.47315,-21.34065],[-44.47372,-21.34063],[-44.47458,-21.33965],[-44.47512,-21.33951],[-44.47585,-21.33956],[-44.47694,-21.33996],[-44.47744,-21.34051],[-44.47774,-21.34156],[-44.47802,-21.34152],[-44.47836,-21.34095],[-44.47836,-21.34048],[-44.47772,-21.33735],[-44.47872,-21.33836],[-44.47968,-21.33847],[-44.4804,-21.33881],[-44.48052,-21.33906],[-44.48128,-21.33883],[-44.48146,-21.33848],[-44.48231,-21.33814],[-44.48264,-21.33844],[-44.48256,-21.33714],[-44.48335,-21.33723],[-44.48437,-21.3377],[-44.48528,-21.33759],[-44.48582,-21.3385],[-44.48733,-21.33962],[-44.48778,-21.3403],[-44.48794,-21.34186],[-44.48767,-21.34333],[-44.48616,-21.345],[-44.48684,-21.34512],[-44.48814,-21.34435],[-44.48914,-21.3446],[-44.4902,-21.34529],[-44.49145,-21.34669],[-44.49354,-21.34723],[-44.49532,-21.34729],[-44.49508,-21.34762],[-44.494,-21.34802],[-44.49263,-21.34887],[-44.49143,-21.34899],[-44.4901,-21.34942],[-44.48932,-21.35005],[-44.49163,-21.34972],[-44.49309,-21.34917],[-44.49351,-21.34923],[-44.49382,-21.34993],[-44.49444,-21.35025],[-44.50071,-21.3502],[-44.50152,-21.35055],[-44.50243,-21.35291],[-44.50228,-21.35349],[-44.5004,-21.35391],[-44.50141,-21.354],[-44.50191,-21.35427],[-44.50339,-21.35424],[-44.50394,-21.35476],[-44.50445,-21.35159],[-44.50506,-21.35108],[-44.50618,-21.35077],[-44.50703,-21.35092],[-44.508,-21.35132],[-44.5083,-21.35207],[-44.50938,-21.35211],[-44.50999,-21.35262],[-44.50947,-21.35451],[-44.50983,-21.35769],[-44.5095,-21.35817],[-44.5066,-21.35948],[-44.50603,-21.35997],[-44.5059,-21.36065],[-44.50618,-21.36132],[-44.50753,-21.36265],[-44.5076,-21.36317],[-44.5073,-21.36368],[-44.50593,-21.36481],[-44.50676,-21.36496],[-44.50754,-21.36547],[-44.50793,-21.3668],[-44.50772,-21.36769],[-44.50824,-21.36769],[-44.50892,-21.36707],[-44.50933,-21.36635],[-44.5093,-21.36497],[-44.51104,-21.36282],[-44.51223,-21.3624],[-44.51344,-21.36243],[-44.51817,-21.36455],[-44.51806,-21.36503],[-44.51709,-21.36662],[-44.51442,-21.36973],[-44.51316,-21.37054],[-44.51247,-21.37067],[-44.51111,-21.37069],[-44.51038,-21.37049],[-44.51099,-21.37101],[-44.51123,-21.37148],[-44.5121,-21.37193],[-44.51092,-21.37267],[-44.51179,-21.37341],[-44.5118,-21.37438],[-44.51214,-21.37524],[-44.51192,-21.37562],[-44.51066,-21.37614],[-44.51187,-21.37639],[-44.51231,-21.37681],[-44.51234,-21.37757],[-44.51113,-21.37895],[-44.51098,-21.38236],[-44.51173,-21.38141],[-44.51223,-21.37942],[-44.51376,-21.37833],[-44.51431,-21.37757],[-44.5148,-21.37731],[-44.51903,-21.37881],[-44.51965,-21.37876],[-44.52081,-21.37949],[-44.52148,-21.38018],[-44.52198,-21.38128],[-44.52256,-21.38166],[-44.52256,-21.38258],[-44.5219,-21.38336],[-44.52124,-21.3837],[-44.52225,-21.38362],[-44.52268,-21.38385],[-44.52296,-21.38462],[-44.52268,-21.38735],[-44.52328,-21.38641],[-44.52461,-21.38498],[-44.52537,-21.38493],[-44.52616,-21.38536],[-44.53076,-21.38584],[-44.53118,-21.3861],[-44.53205,-21.38818],[-44.53283,-21.38944],[-44.53226,-21.39135],[-44.53196,-21.39165],[-44.52966,-21.39089],[-44.52928,-21.39056],[-44.52795,-21.39026],[-44.52736,-21.39032],[-44.52665,-21.38957],[-44.52688,-21.38898],[-44.52446,-21.3899],[-44.52402,-21.38984],[-44.52364,-21.39029],[-44.52264,-21.39047],[-44.52185,-21.39033],[-44.52084,-21.38954],[-44.52005,-21.38927],[-44.51873,-21.38977],[-44.51695,-21.38918],[-44.5165,-21.38941],[-44.51663,-21.38993],[-44.51787,-21.3908],[-44.51842,-21.39179],[-44.51874,-21.39279],[-44.5187,-21.39358],[-44.51832,-21.39445],[-44.51739,-21.39565],[-44.51734,-21.39658],[-44.51796,-21.40104],[-44.51773,-21.40351],[-44.51648,-21.40582],[-44.51579,-21.40626],[-44.5153,-21.40632],[-44.51482,-21.40561],[-44.51481,-21.40449],[-44.5141,-21.40335],[-44.51237,-21.40232],[-44.51211,-21.40192],[-44.51211,-21.40072],[-44.51333,-21.39949],[-44.51312,-21.39797],[-44.5126,-21.39716],[-44.51231,-21.39831],[-44.51184,-21.39895],[-44.51136,-21.39914],[-44.51,-21.39849],[-44.50918,-21.39751],[-44.50886,-21.39611],[-44.50794,-21.39599],[-44.5075,-21.39545],[-44.50737,-21.39482],[-44.50576,-21.39343],[-44.50549,-21.39275],[-44.5051,-21.3926],[-44.50487,-21.39223],[-44.50526,-21.39075],[-44.50629,-21.38993],[-44.50794,-21.38939],[-44.50695,-21.38939],[-44.50605,-21.389],[-44.5041,-21.39014],[-44.50396,-21.38999],[-44.50428,-21.38933],[-44.50577,-21.38814],[-44.50576,-21.38796],[-44.50523,-21.38793],[-44.50438,-21.38742],[-44.50389,-21.38764],[-44.50426,-21.38799],[-44.50395,-21.38848],[-44.5032,-21.38891],[-44.5028,-21.3895],[-44.50172,-21.38986],[-44.50078,-21.38992],[-44.49903,-21.38957],[-44.49781,-21.38908],[-44.49652,-21.38814],[-44.49661,-21.38733],[-44.49727,-21.38637],[-44.49816,-21.38549],[-44.49857,-21.38533],[-44.49803,-21.38525],[-44.49535,-21.38705],[-44.49501,-21.38672],[-44.49541,-21.38573],[-44.49558,-21.3846],[-44.49525,-21.38464],[-44.49488,-21.38563],[-44.49432,-21.38627],[-44.49389,-21.38608],[-44.49349,-21.38581],[-44.4932,-21.3853],[-44.49229,-21.38491],[-44.49189,-21.38433],[-44.49053,-21.38373],[-44.48972,-21.38301],[-44.48941,-21.38181],[-44.48919,-21.38185],[-44.48913,-21.38309],[-44.48876,-21.38349],[-44.48768,-21.3839],[-44.48731,-21.38442],[-44.48661,-21.38467],[-44.48807,-21.38442],[-44.4894,-21.38445],[-44.4907,-21.38497],[-44.49213,-21.38599],[-44.49269,-21.38738],[-44.49188,-21.38875],[-44.49118,-21.38953],[-44.49178,-21.38941],[-44.49379,-21.38834],[-44.49439,-21.38862],[-44.49463,-21.38896],[-44.49427,-21.39047],[-44.49458,-21.39034],[-44.49475,-21.38998],[-44.49523,-21.38981],[-44.49608,-21.3902],[-44.49711,-21.39126],[-44.4976,-21.39383],[-44.49711,-21.39522],[-44.49713,-21.39601],[-44.49795,-21.3991],[-44.49811,-21.40122],[-44.49789,-21.40223],[-44.49684,-21.40417],[-44.4965,-21.40399],[-44.49603,-21.40403],[-44.49556,-21.40481],[-44.49417,-21.40451],[-44.49224,-21.40075],[-44.4921,-21.39982],[-44.49122,-21.39898],[-44.49173,-21.40084],[-44.49151,-21.40115],[-44.4895,-21.40107],[-44.48915,-21.40124],[-44.49098,-21.40187],[-44.49152,-21.40227],[-44.49179,-21.40282],[-44.49175,-21.40366],[-44.4923,-21.40483],[-44.49219,-21.40569],[-44.4896,-21.40706],[-44.48899,-21.40721],[-44.48802,-21.40815],[-44.48477,-21.40797],[-44.484,-21.40773],[-44.48364,-21.40737],[-44.48365,-21.40606],[-44.4822,-21.4038],[-44.48219,-21.40298],[-44.48195,-21.40231],[-44.48126,-21.40249],[-44.48068,-21.4031],[-44.4799,-21.40347],[-44.47841,-21.40202],[-44.4785,-21.40152],[-44.47971,-21.40039],[-44.48037,-21.39714],[-44.47878,-21.39863],[-44.47838,-21.39932],[-44.47768,-21.39981],[-44.47675,-21.39992],[-44.476,-21.39941],[-44.47549,-21.39948],[-44.475,-21.39992],[-44.47448,-21.39995],[-44.47348,-21.40068],[-44.473,-21.40019],[-44.473,-21.3995],[-44.47376,-21.3985],[-44.47354,-21.39793],[-44.47252,-21.39865],[-44.47201,-21.39839],[-44.47153,-21.3972],[-44.47104,-21.39709],[-44.47094,-21.39609],[-44.47056,-21.3957],[-44.47165,-21.39448],[-44.47213,-21.39358],[-44.46991,-21.39484],[-44.46956,-21.39457],[-44.46844,-21.39427],[-44.46935,-21.39584],[-44.47077,-21.39971],[-44.47059,-21.40093],[-44.46964,-21.40186],[-44.46859,-21.40222],[-44.46765,-21.40214],[-44.4665,-21.40172],[-44.46583,-21.40104],[-44.4658,-21.4002],[-44.46509,-21.39969],[-44.46481,-21.39887],[-44.4636,-21.39871],[-44.46311,-21.39784],[-44.46329,-21.39703],[-44.463,-21.39681],[-44.46267,-21.39528],[-44.46308,-21.39389],[-44.46227,-21.39352],[-44.46203,-21.39312],[-44.46275,-21.3922],[-44.46188,-21.39196],[-44.46121,-21.39087],[-44.46127,-21.39011],[-44.45977,-21.38986],[-44.46088,-21.39151],[-44.46166,-21.39365],[-44.46177,-21.39861],[-44.46298,-21.39904],[-44.46411,-21.40012],[-44.46504,-21.40135],[-44.46778,-21.40273],[-44.46859,-21.40263],[-44.47054,-21.4018],[-44.4718,-21.40167],[-44.47463,-21.40178],[-44.47517,-21.40206],[-44.47735,-21.40241],[-44.48083,-21.40649],[-44.48179,-21.40821],[-44.48482,-21.4089],[-44.4868,-21.40898],[-44.48821,-21.40878],[-44.49287,-21.40738],[-44.49755,-21.40453],[-44.49907,-21.40174],[-44.49917,-21.39896],[-44.49937,-21.39855],[-44.49947,-21.39461],[-44.49984,-21.39407],[-44.50183,-21.39436],[-44.50297,-21.39471],[-44.50461,-21.39689],[-44.50735,-21.39911],[-44.50889,-21.40217],[-44.51167,-21.40464],[-44.51287,-21.40736],[-44.51332,-21.40781],[-44.51382,-21.40785],[-44.51804,-21.40566],[-44.51873,-21.40467],[-44.52009,-21.39958],[-44.52051,-21.39834],[-44.52096,-21.39767],[-44.52088,-21.39366],[-44.52094,-21.39292],[-44.52113,-21.39273],[-44.52291,-21.39239],[-44.5272,-21.39226],[-44.52775,-21.39235],[-44.53039,-21.39372],[-44.53151,-21.39374],[-44.53243,-21.39316],[-44.5337,-21.39137],[-44.53434,-21.38922],[-44.53445,-21.38688],[-44.53402,-21.38585],[-44.53129,-21.38406],[-44.52462,-21.38267],[-44.52364,-21.38165],[-44.52236,-21.37931],[-44.51997,-21.37695],[-44.51609,-21.37542],[-44.51405,-21.37359],[-44.5138,-21.37288],[-44.51384,-21.37235],[-44.51451,-21.37121],[-44.51549,-21.3704],[-44.51729,-21.36939],[-44.51919,-21.36792],[-44.52111,-21.36678],[-44.52213,-21.36554],[-44.52225,-21.36478],[-44.52197,-21.36408],[-44.52136,-21.36342],[-44.51944,-21.36239],[-44.51828,-21.36148],[-44.51736,-21.3611],[-44.51586,-21.36091],[-44.51229,-21.35906],[-44.5119,-21.3586],[-44.51151,-21.35766],[-44.51124,-21.35437],[-44.51423,-21.35035],[-44.51576,-21.34959],[-44.51689,-21.34943],[-44.51817,-21.34889],[-44.52024,-21.34737],[-44.52241,-21.34507],[-44.524,-21.34282],[-44.52466,-21.34045],[-44.52623,-21.33672],[-44.52699,-21.33566],[-44.52761,-21.3352],[-44.52826,-21.33505],[-44.52939,-21.33516],[-44.53166,-21.3368],[-44.53449,-21.3379],[-44.53622,-21.33799],[-44.53808,-21.33685],[-44.54006,-21.33654],[-44.54389,-21.33723],[-44.54576,-21.33845],[-44.54686,-21.33887],[-44.54737,-21.33886],[-44.54797,-21.33795],[-44.54814,-21.33674],[-44.54811,-21.33553],[-44.54767,-21.33332],[-44.54768,-21.33111],[-44.54813,-21.32678],[-44.54875,-21.32552],[-44.5492,-21.32403],[-44.54977,-21.32291],[-44.55065,-21.3218],[-44.55105,-21.32083],[-44.55197,-21.31845],[-44.55241,-21.31606],[-44.55427,-21.31369],[-44.55618,-21.3128],[-44.55813,-21.31258],[-44.56069,-21.31189],[-44.56416,-21.3119],[-44.56728,-21.31055],[-44.57112,-21.30923],[-44.57244,-21.3091],[-44.57483,-21.30925],[-44.5744,-21.30734],[-44.57401,-21.30658],[-44.57278,-21.30521],[-44.56981,-21.30298],[-44.56852,-21.2991],[-44.56805,-21.29842],[-44.56647,-21.29731],[-44.5654,-21.29714],[-44.56466,-21.2974],[-44.56304,-21.29856],[-44.56204,-21.29971],[-44.56065,-21.30041],[-44.55854,-21.30021],[-44.55504,-21.30052],[-44.55438,-21.29974]]]}},{"id":"25","type":"Feature","properties":{"bairro":"Tejuco","distrito":"São João del Rei","regiao":"São João del Rei","setores":33,"urbano":33},"geometry":{"type":"Polygon","coordinates":[[[-44.2648,-21.15235],[-44.26593,-21.15355],[-44.26697,-21.15564],[-44.26627,-21.15894],[-44.26591,-21.15945],[-44.26638,-21.16081],[-44.26607,-21.16101],[-44.26511,-21.16066],[-44.26477,-21.16071],[-44.26506,-21.16142],[-44.2648,-21.16234],[-44.2637,-21.16287],[-44.26334,-21.16359],[-44.2629,-21.16392],[-44.26289,-21.16453],[-44.26255,-21.16511],[-44.26114,-21.16566],[-44.26094,-21.16624],[-44.25912,-21.16698],[-44.25808,-21.17063],[-44.25864,-21.17127],[-44.26186,-21.17338],[-44.2732,-21.17774],[-44.27574,-21.17845],[-44.27651,-21.17887],[-44.27746,-21.1772],[-44.2791,-21.17609],[-44.28016,-21.17436],[-44.28485,-21.17373],[-44.28701,-21.1731],[-44.28925,-21.17202],[-44.29001,-21.17142],[-44.29028,-21.17074],[-44.29036,-21.16933],[-44.29125,-21.16745],[-44.29128,-21.16698],[-44.29081,-21.16627],[-44.28871,-21.1646],[-44.2884,-21.16412],[-44.28833,-21.163],[-44.28863,-21.15935],[-44.28913,-21.15816],[-44.29092,-21.15544],[-44.29319,-21.15422],[-44.29545,-21.15416],[-44.29529,-21.15114],[-44.29187,-21.1499],[-44.29078,-21.14883],[-44.2902,-21.14721],[-44.28795,-21.14719],[-44.2868,-21.14688],[-44.28674,-21.14666],[-44.2872,-21.1461],[-44.28632,-21.145],[-44.28751,-21.14305],[-44.28716,-21.14286],[-44.28583,-21.14287],[-44.28528,-21.14235],[-44.28612,-21.14162],[-44.28617,-21.1409],[-44.28671,-21.14042],[-44.28571,-21.1389],[-44.28611,-21.13752],[-44.28583,-21.13437],[-44.28593,-21.13334],[-44.2856,-21.13309],[-44.28497,-21.13302],[-44.28434,-21.13335],[-44.28364,-21.13311],[-44.28343,-21.13327],[-44.28348,-21.1327],[-44.28401,-21.13202],[-44.28372,-21.13152],[-44.28346,-21.13138],[-44.28317,-21.13151],[-44.28297,-21.13216],[-44.28172,-21.13309],[-44.28006,-21.13346],[-44.27771,-21.13315],[-44.27765,-21.1328],[-44.277,-21.13256],[-44.27657,-21.13197],[-44.27569,-21.13208],[-44.27464,-21.13188],[-44.27316,-21.13269],[-44.27296,-21.13258],[-44.27248,-21.13277],[-44.27172,-21.13275],[-44.27131,-21.13215],[-44.27128,-21.13094],[-44.27079,-21.13049],[-44.26991,-21.13045],[-44.26939,-21.12988],[-44.26906,-21.12989],[-44.26891,-21.12955],[-44.26915,-21.12924],[-44.26909,-21.12899],[-44.26877,-21.12893],[-44.26849,-21.1292],[-44.26846,-21.12967],[-44.26793,-21.12963],[-44.26796,-21.13021],[-44.26686,-21.13098],[-44.26723,-21.13178],[-44.26652,-21.13241],[-44.26613,-21.13325],[-44.26548,-21.13618],[-44.26452,-21.13601],[-44.26416,-21.13653],[-44.26395,-21.13718],[-44.26472,-21.13719],[-44.2645,-21.13835],[-44.26307,-21.13779],[-44.26196,-21.13882],[-44.26167,-21.13936],[-44.26175,-21.1403],[-44.26318,-21.14153],[-44.26282,-21.14248],[-44.26411,-21.14281],[-44.26417,-21.1431],[-44.26196,-21.14593],[-44.26185,-21.14743],[-44.26216,-21.14832],[-44.26247,-21.14836],[-44.26251,-21.14855],[-44.26213,-21.14887],[-44.26216,-21.1493],[-44.26272,-21.1497],[-44.26328,-21.14934],[-44.26352,-21.14941],[-44.26355,-21.1498],[-44.26272,-21.15088],[-44.26256,-21.15162],[-44.26293,-21.15208],[-44.2648,-21.15235]]]}},{"id":"26","type":"Feature","properties":{"bairro":"Trindade","distrito":"Rio das Mortes","regiao":"Rio das Mortes","setores":1,"urbano":0},"geometry":{"type":"Polygon","coordinates":[[[-44.30194,-21.13859],[-44.30128,-21.13927],[-44.30107,-21.14102],[-44.30132,-21.14394],[-44.30193,-21.14521],[-44.30331,-21.14626],[-44.30542,-21.14677],[-44.3069,-21.14762],[-44.30769,-21.14914],[-44.30783,-21.15196],[-44.30749,-21.15375],[-44.30634,-21.15449],[-44.30442,-21.15453],[-44.30527,-21.1548],[-44.30881,-21.15713],[-44.31129,-21.15827],[-44.3138,-21.15867],[-44.31472,-21.15841],[-44.31499,-21.15801],[-44.31648,-21.15736],[-44.31727,-21.15716],[-44.31989,-21.15707],[-44.32069,-21.15675],[-44.32107,-21.15635],[-44.32112,-21.15594],[-44.32219,-21.15555],[-44.32243,-21.15499],[-44.32407,-21.15431],[-44.32534,-21.15421],[-44.32545,-21.15283],[-44.3267,-21.15164],[-44.32802,-21.15087],[-44.32957,-21.15065],[-44.32996,-21.15077],[-44.33039,-21.15058],[-44.33135,-21.14907],[-44.33229,-21.14842],[-44.33259,-21.14787],[-44.33332,-21.14749],[-44.33654,-21.14651],[-44.33622,-21.14606],[-44.33637,-21.14507],[-44.33608,-21.14478],[-44.33677,-21.14373],[-44.33768,-21.14363],[-44.33787,-21.14328],[-44.33814,-21.14326],[-44.34027,-21.14363],[-44.34234,-21.14338],[-44.3431,-21.14311],[-44.34554,-21.14089],[-44.34671,-21.14035],[-44.34732,-21.14037],[-44.34703,-21.13909],[-44.34648,-21.13943],[-44.34592,-21.13937],[-44.34494,-21.13783],[-44.34442,-21.1365],[-44.34419,-21.13403],[-44.3439,-21.13338],[-44.34315,-21.13261],[-44.34181,-21.1321],[-44.34121,-21.13209],[-44.34075,-21.13284],[-44.3397,-21.13333],[-44.33736,-21.13294],[-44.3368,-21.13269],[-44.336,-21.13196],[-44.33517,-21.13035],[-44.33471,-21.12986],[-44.33355,-21.12933],[-44.33226,-21.12906],[-44.33175,-21.12922],[-44.33129,-21.12983],[-44.33009,-21.13189],[-44.32995,-21.13296],[-44.32943,-21.13379],[-44.32794,-21.13469],[-44.32563,-21.13738],[-44.32405,-21.13813],[-44.32186,-21.13852],[-44.32108,-21.13894],[-44.32069,-21.13954],[-44.31965,-21.14002],[-44.31632,-21.14062],[-44.31274,-21.14261],[-44.31101,-21.14312],[-44.3101,-21.143],[-44.30938,-21.14263],[-44.30886,-21.14197],[-44.30787,-21.14129],[-44.30613,-21.1404],[-44.30404,-21.14005],[-44.30324,-21.13973],[-44.30227,-21.13908],[-44.30194,-21.13859]]]}},{"id":"27","type":"Feature","properties":{"bairro":"Valo Novo","distrito":"São Sebastião da Vitória","regiao":"São Sebastião da Vitória","setores":2,"urbano":0},"geometry":{"type":"Polygon","coordinates":[[[-44.50576,-21.38796],[-44.50577,-21.38814],[-44.50428,-21.38933],[-44.50396,-21.38999],[-44.5041,-21.39014],[-44.50605,-21.389],[-44.50695,-21.38939],[-44.50794,-21.38939],[-44.50629,-21.38993],[-44.50526,-21.39075],[-44.50487,-21.39223],[-44.5051,-21.3926],[-44.50549,-21.39275],[-44.50576,-21.39343],[-44.50737,-21.39482],[-44.5075,-21.39545],[-44.50794,-21.39599],[-44.50886,-21.39611],[-44.50918,-21.39751],[-44.51,-21.39849],[-44.51136,-21.39914],[-44.51184,-21.39895],[-44.51231,-21.39831],[-44.5126,-21.39716],[-44.51312,-21.39797],[-44.51333,-21.39949],[-44.51211,-21.40072],[-44.51211,-21.40192],[-44.51237,-21.40232],[-44.5141,-21.40335],[-44.51481,-21.40449],[-44.51482,-21.40561],[-44.51506,-21.40599],[-44.51668,-21.40393],[-44.51697,-21.40312],[-44.51725,-21.4],[-44.51655,-21.39651],[-44.51667,-21.39565],[-44.51742,-21.39463],[-44.51807,-21.39308],[-44.51799,-21.39243],[-44.51748,-21.3914],[-44.51584,-21.39113],[-44.51494,-21.39066],[-44.51477,-21.39031],[-44.51505,-21.38851],[-44.51512,-21.38628],[-44.51602,-21.38688],[-44.51817,-21.38904],[-44.51872,-21.38921],[-44.51923,-21.38904],[-44.52024,-21.38816],[-44.52116,-21.38828],[-44.52136,-21.3887],[-44.52132,-21.38933],[-44.5216,-21.38974],[-44.52257,-21.39026],[-44.52264,-21.39047],[-44.52364,-21.39029],[-44.52402,-21.38984],[-44.52446,-21.3899],[-44.52688,-21.38898],[-44.52665,-21.38957],[-44.52736,-21.39032],[-44.52795,-21.39026],[-44.52928,-21.39056],[-44.52966,-21.39089],[-44.53196,-21.39165],[-44.53226,-21.39135],[-44.53283,-21.38944],[-44.53205,-21.38818],[-44.53118,-21.3861],[-44.53076,-21.38584],[-44.52616,-21.38536],[-44.52537,-21.38493],[-44.52461,-21.38498],[-44.52328,-21.38641],[-44.52268,-21.38735],[-44.52296,-21.38462],[-44.52268,-21.38385],[-44.52225,-21.38362],[-44.52124,-21.3837],[-44.5219,-21.38336],[-44.52256,-21.38258],[-44.52256,-21.38166],[-44.52198,-21.38128],[-44.52148,-21.38018],[-44.52081,-21.37949],[-44.51965,-21.37876],[-44.51903,-21.37881],[-44.5148,-21.37731],[-44.51431,-21.37757],[-44.51376,-21.37833],[-44.51223,-21.37942],[-44.51173,-21.38141],[-44.51098,-21.38236],[-44.51113,-21.37895],[-44.51234,-21.37757],[-44.51231,-21.37681],[-44.51187,-21.37639],[-44.51066,-21.37614],[-44.51192,-21.37562],[-44.51214,-21.37524],[-44.5118,-21.37438],[-44.51179,-21.37341],[-44.51092,-21.37267],[-44.5121,-21.37193],[-44.51123,-21.37148],[-44.51099,-21.37101],[-44.51038,-21.37049],[-44.51111,-21.37069],[-44.51247,-21.37067],[-44.51316,-21.37054],[-44.51442,-21.36973],[-44.51709,-21.36662],[-44.51806,-21.36503],[-44.51817,-21.36455],[-44.51344,-21.36243],[-44.51223,-21.3624],[-44.51104,-21.36282],[-44.5093,-21.36497],[-44.50933,-21.36635],[-44.50892,-21.36707],[-44.50824,-21.36769],[-44.50772,-21.36769],[-44.50793,-21.3668],[-44.50754,-21.36547],[-44.50676,-21.36496],[-44.50593,-21.36481],[-44.5073,-21.36368],[-44.5076,-21.36317],[-44.50753,-21.36265],[-44.50618,-21.36132],[-44.5059,-21.36065],[-44.50603,-21.35997],[-44.5066,-21.35948],[-44.5095,-21.35817],[-44.50983,-21.35769],[-44.50947,-21.35451],[-44.50999,-21.35262],[-44.50938,-21.35211],[-44.5083,-21.35207],[-44.508,-21.35132],[-44.50703,-21.35092],[-44.50618,-21.35077],[-44.50506,-21.35108],[-44.50445,-21.35159],[-44.50394,-21.35476],[-44.50339,-21.35424],[-44.50191,-21.35427],[-44.50141,-21.354],[-44.5004,-21.35391],[-44.50228,-21.35349],[-44.50243,-21.35291],[-44.50152,-21.35055],[-44.50071,-21.3502],[-44.49444,-21.35025],[-44.49382,-21.34993],[-44.49351,-21.34923],[-44.49309,-21.34917],[-44.49163,-21.34972],[-44.48932,-21.35005],[-44.4901,-21.34942],[-44.49143,-21.34899],[-44.49263,-21.34887],[-44.494,-21.34802],[-44.49508,-21.34762],[-44.49532,-21.34729],[-44.49354,-21.34723],[-44.49145,-21.34669],[-44.4902,-21.34529],[-44.48914,-21.3446],[-44.48814,-21.34435],[-44.48684,-21.34512],[-44.48616,-21.345],[-44.48767,-21.34333],[-44.48794,-21.34186],[-44.48778,-21.3403],[-44.48733,-21.33962],[-44.48582,-21.3385],[-44.48528,-21.33759],[-44.48437,-21.3377],[-44.48335,-21.33723],[-44.48256,-21.33714],[-44.48264,-21.33844],[-44.48231,-21.33814],[-44.48146,-21.33848],[-44.48128,-21.33883],[-44.48052,-21.33906],[-44.4804,-21.33881],[-44.47968,-21.33847],[-44.47872,-21.33836],[-44.47772,-21.33735],[-44.47836,-21.34048],[-44.47836,-21.34095],[-44.47802,-21.34152],[-44.47774,-21.34156],[-44.47744,-21.34051],[-44.47694,-21.33996],[-44.47585,-21.33956],[-44.47512,-21.33951],[-44.47458,-21.33965],[-44.47372,-21.34063],[-44.47315,-21.34065],[-44.47219,-21.34137],[-44.47198,-21.34104],[-44.47203,-21.34042],[-44.47088,-21.34041],[-44.46964,-21.33974],[-44.46881,-21.33854],[-44.46832,-21.33823],[-44.46713,-21.33796],[-44.46695,-21.33762],[-44.46663,-21.33753],[-44.46618,-21.33783],[-44.46621,-21.33932],[-44.46584,-21.33872],[-44.46526,-21.33899],[-44.46512,-21.33968],[-44.46465,-21.34016],[-44.46299,-21.34098],[-44.46246,-21.34082],[-44.46118,-21.34197],[-44.46112,-21.3421],[-44.46299,-21.34362],[-44.46317,-21.34413],[-44.46118,-21.34536],[-44.46101,-21.34567],[-44.4613,-21.34653],[-44.4606,-21.34642],[-44.45901,-21.34959],[-44.45837,-21.35034],[-44.45674,-21.35075],[-44.4519,-21.35048],[-44.45039,-21.35127],[-44.44716,-21.35191],[-44.44557,-21.35162],[-44.44492,-21.35198],[-44.44265,-21.35169],[-44.44221,-21.35251],[-44.44114,-21.35313],[-44.44015,-21.35312],[-44.44002,-21.35332],[-44.43978,-21.35394],[-44.43977,-21.3547],[-44.4401,-21.35562],[-44.44148,-21.3576],[-44.44202,-21.35955],[-44.4439,-21.36283],[-44.44341,-21.36447],[-44.44324,-21.36674],[-44.44345,-21.36719],[-44.44457,-21.3678],[-44.4449,-21.36819],[-44.44484,-21.36888],[-44.44347,-21.36962],[-44.44271,-21.37045],[-44.44242,-21.37139],[-44.44242,-21.3722],[-44.44278,-21.37387],[-44.44419,-21.37538],[-44.44544,-21.37758],[-44.44601,-21.37964],[-44.44687,-21.3809],[-44.44765,-21.3812],[-44.45042,-21.38159],[-44.45143,-21.38152],[-44.45344,-21.38093],[-44.45498,-21.38089],[-44.45571,-21.3811],[-44.45728,-21.38203],[-44.45816,-21.38552],[-44.45794,-21.38769],[-44.45811,-21.38845],[-44.4588,-21.38925],[-44.45977,-21.38986],[-44.46127,-21.39011],[-44.46121,-21.39087],[-44.46188,-21.39196],[-44.46275,-21.3922],[-44.46203,-21.39312],[-44.46227,-21.39352],[-44.46308,-21.39389],[-44.46267,-21.39528],[-44.463,-21.39681],[-44.46329,-21.39703],[-44.46311,-21.39784],[-44.4636,-21.39871],[-44.46481,-21.39887],[-44.46509,-21.39969],[-44.4658,-21.4002],[-44.46583,-21.40104],[-44.4665,-21.40172],[-44.46765,-21.40214],[-44.46859,-21.40222],[-44.46964,-21.40186],[-44.47059,-21.40093],[-44.47077,-21.39971],[-44.46935,-21.39584],[-44.46844,-21.39427],[-44.46956,-21.39457],[-44.46991,-21.39484],[-44.47213,-21.39358],[-44.47165,-21.39448],[-44.47056,-21.3957],[-44.47094,-21.39609],[-44.47104,-21.39709],[-44.47153,-21.3972],[-44.47201,-21.39839],[-44.47252,-21.39865],[-44.47354,-21.39793],[-44.47376,-21.3985],[-44.473,-21.3995],[-44.473,-21.40019],[-44.47348,-21.40068],[-44.47448,-21.39995],[-44.475,-21.39992],[-44.47549,-21.39948],[-44.476,-21.39941],[-44.47675,-21.39992],[-44.47768,-21.39981],[-44.47838,-21.39932],[-44.47878,-21.39863],[-44.48037,-21.39714],[-44.47971,-21.40039],[-44.4785,-21.40152],[-44.47841,-21.40202],[-44.4799,-21.40347],[-44.48068,-21.4031],[-44.48126,-21.40249],[-44.48195,-21.40231],[-44.48219,-21.40298],[-44.4822,-21.4038],[-44.48365,-21.40606],[-44.48364,-21.40737],[-44.484,-21.40773],[-44.48477,-21.40797],[-44.48802,-21.40815],[-44.48899,-21.40721],[-44.4896,-21.40706],[-44.49219,-21.40569],[-44.4923,-21.40483],[-44.49175,-21.40366],[-44.49179,-21.40282],[-44.49152,-21.40227],[-44.49098,-21.40187],[-44.48915,-21.40124],[-44.4895,-21.40107],[-44.49151,-21.40115],[-44.49173,-21.40084],[-44.49122,-21.39898],[-44.4921,-21.39982],[-44.49224,-21.40075],[-44.49315,-21.40236],[-44.49378,-21.404],[-44.49417,-21.40451],[-44.49502,-21.40481],[-44.49556,-21.40481],[-44.49603,-21.40403],[-44.4965,-21.40399],[-44.49684,-21.40417],[-44.49789,-21.40223],[-44.49811,-21.40122],[-44.49795,-21.3991],[-44.49713,-21.39601],[-44.49711,-21.39522],[-44.4976,-21.39383],[-44.49711,-21.39126],[-44.49608,-21.3902],[-44.49523,-21.38981],[-44.49475,-21.38998],[-44.49458,-21.39034],[-44.49427,-21.39047],[-44.49463,-21.38896],[-44.49439,-21.38862],[-44.49379,-21.38834],[-44.49178,-21.38941],[-44.49118,-21.38953],[-44.49188,-21.38875],[-44.49269,-21.38738],[-44.49213,-21.38599],[-44.4907,-21.38497],[-44.4894,-21.38445],[-44.48807,-21.38442],[-44.48661,-21.38467],[-44.48731,-21.38442],[-44.48768,-21.3839],[-44.48876,-21.38349],[-44.48913,-21.38309],[-44.48919,-21.38185],[-44.48941,-21.38181],[-44.48972,-21.38301],[-44.49053,-21.38373],[-44.49189,-21.38433],[-44.49229,-21.38491],[-44.4932,-21.3853],[-44.49349,-21.38581],[-44.49389,-21.38608],[-44.49432,-21.38627],[-44.49488,-21.38563],[-44.49525,-21.38464],[-44.49558,-21.3846],[-44.49541,-21.38573],[-44.49501,-21.38672],[-44.49535,-21.38705],[-44.49803,-21.38525],[-44.49857,-21.38533],[-44.49816,-21.38549],[-44.49727,-21.38637],[-44.49661,-21.38733],[-44.49652,-21.38814],[-44.49781,-21.38908],[-44.49903,-21.38957],[-44.50078,-21.38992],[-44.50172,-21.38986],[-44.5028,-21.3895],[-44.5032,-21.38891],[-44.50395,-21.38848],[-44.50426,-21.38799],[-44.50389,-21.38764],[-44.50438,-21.38742],[-44.50523,-21.38793],[-44.50576,-21.38796]]]}},{"id":"28","type":"Feature","properties":{"bairro":"Vendinha","distrito":"Arcângelo","regiao":"Arcângelo","setores":1,"urbano":0},"geometry":{"type":"Polygon","coordinates":[[[-44.21173,-21.31427],[-44.21116,-21.31583],[-44.20986,-21.31679],[-44.20884,-21.31822],[-44.20839,-21.32102],[-44.20797,-21.32201],[-44.20771,-21.3238],[-44.20742,-21.32445],[-44.20621,-21.32526],[-44.20527,-21.32546],[-44.20526,-21.32635],[-44.20598,-21.32718],[-44.20656,-21.32838],[-44.20652,-21.32971],[-44.20607,-21.33038],[-44.20599,-21.33109],[-44.20527,-21.33179],[-44.20468,-21.33366],[-44.20374,-21.33525],[-44.20346,-21.33637],[-44.20147,-21.33837],[-44.20094,-21.33991],[-44.20042,-21.34054],[-44.19986,-21.342],[-44.19897,-21.34318],[-44.19851,-21.34442],[-44.19796,-21.34527],[-44.1967,-21.34649],[-44.19579,-21.34846],[-44.19341,-21.34991],[-44.19236,-21.35128],[-44.19139,-21.35337],[-44.19034,-21.35693],[-44.18814,-21.35909],[-44.18697,-21.36175],[-44.18689,-21.36419],[-44.18709,-21.3648],[-44.18746,-21.36518],[-44.19152,-21.36733],[-44.19667,-21.36904],[-44.19901,-21.37067],[-44.19969,-21.3716],[-44.19985,-21.373],[-44.19893,-21.37594],[-44.19887,-21.37779],[-44.19895,-21.37831],[-44.19981,-21.37988],[-44.19983,-21.38324],[-44.19967,-21.38467],[-44.20195,-21.38348],[-44.20469,-21.37899],[-44.20862,-21.37688],[-44.21203,-21.37683],[-44.21273,-21.37662],[-44.21391,-21.37576],[-44.21761,-21.37522],[-44.21887,-21.37526],[-44.22213,-21.37609],[-44.22567,-21.37614],[-44.23082,-21.37508],[-44.23448,-21.37474],[-44.23663,-21.3751],[-44.23789,-21.37564],[-44.24077,-21.37777],[-44.24125,-21.3779],[-44.2433,-21.37755],[-44.24643,-21.37648],[-44.24863,-21.37473],[-44.2491,-21.37457],[-44.25106,-21.3743],[-44.25238,-21.37451],[-44.2537,-21.37418],[-44.25471,-21.37303],[-44.25542,-21.37254],[-44.25621,-21.37222],[-44.25813,-21.37202],[-44.25887,-21.37114],[-44.25989,-21.37061],[-44.26064,-21.37046],[-44.26114,-21.37049],[-44.2621,-21.37105],[-44.26348,-21.37108],[-44.26419,-21.37156],[-44.26553,-21.37186],[-44.26657,-21.37138],[-44.26742,-21.37128],[-44.26932,-21.37134],[-44.27008,-21.37155],[-44.2722,-21.37304],[-44.27329,-21.37407],[-44.27469,-21.37493],[-44.2763,-21.37567],[-44.27951,-21.37575],[-44.28082,-21.37669],[-44.28198,-21.37787],[-44.28274,-21.37821],[-44.28403,-21.37821],[-44.28614,-21.37765],[-44.28755,-21.37773],[-44.28905,-21.37806],[-44.29066,-21.3788],[-44.29379,-21.3789],[-44.29597,-21.38029],[-44.29672,-21.38046],[-44.29797,-21.38021],[-44.299,-21.3791],[-44.30083,-21.37847],[-44.30551,-21.38176],[-44.30647,-21.38289],[-44.307,-21.38301],[-44.30833,-21.38238],[-44.30929,-21.3829],[-44.31002,-21.38286],[-44.31083,-21.38382],[-44.31307,-21.38488],[-44.31334,-21.38494],[-44.31426,-21.38455],[-44.31471,-21.38391],[-44.31574,-21.38378],[-44.31664,-21.38436],[-44.31843,-21.38472],[-44.31887,-21.38496],[-44.31933,-21.38558],[-44.31976,-21.3844],[-44.32061,-21.38437],[-44.32091,-21.38395],[-44.32107,-21.38353],[-44.31943,-21.38292],[-44.31889,-21.38237],[-44.31941,-21.38169],[-44.31956,-21.38106],[-44.31945,-21.38051],[-44.31892,-21.38055],[-44.3182,-21.38012],[-44.31784,-21.37768],[-44.31815,-21.37621],[-44.31893,-21.37531],[-44.31934,-21.37396],[-44.31901,-21.37126],[-44.31961,-21.37033],[-44.31954,-21.36948],[-44.31889,-21.3681],[-44.31904,-21.36722],[-44.31948,-21.36626],[-44.31979,-21.36438],[-44.31962,-21.36387],[-44.31925,-21.36354],[-44.31917,-21.36252],[-44.31961,-21.36172],[-44.31927,-21.3609],[-44.31948,-21.36036],[-44.3194,-21.36003],[-44.31982,-21.3595],[-44.31913,-21.35836],[-44.31921,-21.35766],[-44.31851,-21.35678],[-44.3186,-21.35557],[-44.31807,-21.35498],[-44.31807,-21.35454],[-44.31855,-21.35421],[-44.31835,-21.35198],[-44.31823,-21.35167],[-44.31641,-21.3502],[-44.31601,-21.34929],[-44.31525,-21.34863],[-44.31546,-21.34804],[-44.31505,-21.34734],[-44.31515,-21.34528],[-44.31479,-21.34387],[-44.31399,-21.34307],[-44.31251,-21.34002],[-44.3122,-21.33804],[-44.31144,-21.33699],[-44.30894,-21.33555],[-44.3083,-21.33478],[-44.30766,-21.33138],[-44.30719,-21.33068],[-44.3064,-21.33002],[-44.30363,-21.32953],[-44.30136,-21.33019],[-44.2998,-21.33025],[-44.29884,-21.33071],[-44.29789,-21.33203],[-44.29672,-21.33303],[-44.2948,-21.33395],[-44.29473,-21.33249],[-44.29352,-21.33185],[-44.29588,-21.32971],[-44.29937,-21.3261],[-44.30102,-21.32377],[-44.30413,-21.32177],[-44.30637,-21.32133],[-44.30759,-21.32055],[-44.30829,-21.31911],[-44.3092,-21.31835],[-44.30978,-21.3175],[-44.30937,-21.31632],[-44.30947,-21.31526],[-44.30929,-21.31441],[-44.30951,-21.31354],[-44.30977,-21.31313],[-44.31083,-21.31247],[-44.31164,-21.31153],[-44.31227,-21.30986],[-44.31178,-21.30964],[-44.31215,-21.30887],[-44.31344,-21.30748],[-44.31524,-21.30471],[-44.31301,-21.30394],[-44.31258,-21.30342],[-44.31272,-21.30306],[-44.31014,-21.30161],[-44.30917,-21.29835],[-44.3052,-21.29337],[-44.30475,-21.29316],[-44.3034,-21.29327],[-44.3023,-21.29305],[-44.30232,-21.29323],[-44.30173,-21.29346],[-44.30165,-21.29373],[-44.30223,-21.29479],[-44.30213,-21.29552],[-44.30156,-21.29583],[-44.30133,-21.29637],[-44.30079,-21.2963],[-44.30045,-21.2965],[-44.30039,-21.29676],[-44.30077,-21.29701],[-44.3007,-21.2972],[-44.30028,-21.29743],[-44.30013,-21.29705],[-44.29975,-21.29715],[-44.29976,-21.2976],[-44.29917,-21.29829],[-44.29875,-21.29763],[-44.29823,-21.29754],[-44.29796,-21.2977],[-44.29751,-21.29714],[-44.29674,-21.2968],[-44.29624,-21.29694],[-44.29551,-21.29773],[-44.29505,-21.2975],[-44.29528,-21.29705],[-44.29438,-21.29702],[-44.29443,-21.29652],[-44.29419,-21.29649],[-44.29368,-21.29683],[-44.29335,-21.29738],[-44.29291,-21.29723],[-44.29219,-21.29766],[-44.29173,-21.29821],[-44.29166,-21.29892],[-44.2913,-21.29903],[-44.29081,-21.29971],[-44.29064,-21.29964],[-44.29056,-21.29889],[-44.29037,-21.29885],[-44.28966,-21.29935],[-44.28824,-21.29915],[-44.2882,-21.29951],[-44.28871,-21.30019],[-44.28908,-21.30124],[-44.28837,-21.30139],[-44.28858,-21.30227],[-44.28796,-21.30231],[-44.28752,-21.30257],[-44.28781,-21.303],[-44.28743,-21.30326],[-44.28745,-21.30349],[-44.28669,-21.30329],[-44.28625,-21.30357],[-44.28634,-21.30409],[-44.28616,-21.30457],[-44.28646,-21.30586],[-44.28544,-21.30638],[-44.28545,-21.30714],[-44.28425,-21.30922],[-44.28288,-21.31052],[-44.28242,-21.31121],[-44.28007,-21.31265],[-44.27957,-21.31318],[-44.27682,-21.3173],[-44.27616,-21.31773],[-44.27457,-21.31954],[-44.27147,-21.32239],[-44.27054,-21.32434],[-44.27002,-21.32493],[-44.26918,-21.32512],[-44.265,-21.32461],[-44.26421,-21.32436],[-44.26297,-21.32347],[-44.26186,-21.32201],[-44.26121,-21.32153],[-44.26073,-21.32147],[-44.26005,-21.32147],[-44.25857,-21.32188],[-44.25768,-21.32223],[-44.25654,-21.32307],[-44.25505,-21.32361],[-44.25411,-21.32361],[-44.25246,-21.32326],[-44.25025,-21.32323],[-44.2459,-21.32434],[-44.24482,-21.32434],[-44.24359,-21.32393],[-44.24295,-21.32322],[-44.24241,-21.32232],[-44.24198,-21.32091],[-44.24102,-21.31981],[-44.23979,-21.31784],[-44.23834,-21.31676],[-44.2376,-21.31508],[-44.23716,-21.31312],[-44.23743,-21.31196],[-44.2372,-21.31158],[-44.23722,-21.31103],[-44.23795,-21.30853],[-44.2384,-21.30773],[-44.23845,-21.30572],[-44.23917,-21.30421],[-44.23924,-21.30128],[-44.2397,-21.30021],[-44.23953,-21.29906],[-44.24005,-21.29851],[-44.24007,-21.29785],[-44.24048,-21.29714],[-44.24055,-21.29571],[-44.23983,-21.29388],[-44.23986,-21.29105],[-44.23948,-21.29012],[-44.24009,-21.28822],[-44.23999,-21.28793],[-44.23894,-21.28705],[-44.23882,-21.28653],[-44.23898,-21.28581],[-44.23948,-21.28523],[-44.23903,-21.28377],[-44.23932,-21.28327],[-44.23988,-21.28295],[-44.23999,-21.28254],[-44.23932,-21.281],[-44.23851,-21.28073],[-44.23822,-21.28138],[-44.23799,-21.28087],[-44.2381,-21.28065],[-44.23771,-21.28031],[-44.23749,-21.28023],[-44.23687,-21.28047],[-44.23641,-21.28035],[-44.23572,-21.27885],[-44.23521,-21.27871],[-44.23464,-21.27895],[-44.23416,-21.278],[-44.23106,-21.2759],[-44.23152,-21.27688],[-44.23113,-21.27773],[-44.23049,-21.27823],[-44.23041,-21.27866],[-44.22971,-21.27906],[-44.2285,-21.28029],[-44.22774,-21.28065],[-44.22782,-21.28138],[-44.22673,-21.28217],[-44.22655,-21.2827],[-44.22554,-21.28345],[-44.22479,-21.28365],[-44.2247,-21.2848],[-44.22404,-21.28547],[-44.22382,-21.286],[-44.22418,-21.28821],[-44.22365,-21.2886],[-44.22364,-21.28882],[-44.2241,-21.28932],[-44.22338,-21.29005],[-44.22349,-21.29057],[-44.22452,-21.29141],[-44.22437,-21.29305],[-44.22296,-21.29561],[-44.22281,-21.29688],[-44.22258,-21.29714],[-44.22035,-21.29812],[-44.21988,-21.29872],[-44.21979,-21.29972],[-44.22,-21.30084],[-44.21977,-21.30113],[-44.21916,-21.30122],[-44.21903,-21.30178],[-44.21821,-21.30236],[-44.21819,-21.30263],[-44.21859,-21.30264],[-44.21854,-21.30309],[-44.21833,-21.30326],[-44.21879,-21.30508],[-44.21864,-21.30523],[-44.21818,-21.30512],[-44.21791,-21.30574],[-44.21756,-21.30557],[-44.21726,-21.30572],[-44.21721,-21.30646],[-44.21687,-21.30694],[-44.21696,-21.30785],[-44.21681,-21.30866],[-44.21661,-21.30871],[-44.21643,-21.30937],[-44.2156,-21.31062],[-44.21565,-21.31128],[-44.21597,-21.31161],[-44.21593,-21.31207],[-44.21564,-21.31211],[-44.21555,-21.31248],[-44.21479,-21.31287],[-44.21314,-21.31323],[-44.21309,-21.31353],[-44.21173,-21.31427]]]}},{"id":"29","type":"Feature","properties":{"bairro":"Zona rural — Arcângelo","distrito":"Arcângelo","regiao":"Arcângelo","setores":1,"urbano":0},"geometry":{"type":"Polygon","coordinates":[[[-44.27662,-21.22828],[-44.27685,-21.22889],[-44.27651,-21.22963],[-44.27498,-21.2304],[-44.27418,-21.23122],[-44.27305,-21.23142],[-44.27245,-21.23182],[-44.2724,-21.23332],[-44.27182,-21.23332],[-44.27136,-21.23301],[-44.27013,-21.2342],[-44.26909,-21.23425],[-44.26802,-21.23503],[-44.26749,-21.23474],[-44.26701,-21.23548],[-44.2666,-21.23545],[-44.2655,-21.23461],[-44.26463,-21.23441],[-44.26517,-21.23374],[-44.26368,-21.23342],[-44.26368,-21.23394],[-44.26414,-21.2349],[-44.26366,-21.2352],[-44.2633,-21.23517],[-44.26318,-21.23538],[-44.26361,-21.2363],[-44.26358,-21.23772],[-44.26415,-21.2379],[-44.26374,-21.23891],[-44.26399,-21.23931],[-44.26393,-21.23959],[-44.26345,-21.23952],[-44.26283,-21.23891],[-44.26232,-21.23879],[-44.26204,-21.23813],[-44.26135,-21.23803],[-44.26107,-21.23921],[-44.26033,-21.239],[-44.26028,-21.23844],[-44.26001,-21.23833],[-44.25934,-21.23853],[-44.25916,-21.23936],[-44.25822,-21.23967],[-44.25843,-21.24048],[-44.25888,-21.24056],[-44.25899,-21.24075],[-44.25848,-21.24105],[-44.25837,-21.24199],[-44.25813,-21.24215],[-44.25769,-21.24217],[-44.25766,-21.24127],[-44.25701,-21.24128],[-44.25697,-21.24089],[-44.25642,-21.24027],[-44.25616,-21.2403],[-44.25631,-21.24124],[-44.25596,-21.24198],[-44.25569,-21.24185],[-44.25498,-21.2403],[-44.25472,-21.24043],[-44.2541,-21.24139],[-44.25326,-21.2414],[-44.25357,-21.24236],[-44.25463,-21.24221],[-44.25481,-21.2427],[-44.25427,-21.24366],[-44.25327,-21.24378],[-44.25259,-21.24421],[-44.25263,-21.24558],[-44.25308,-21.24632],[-44.25159,-21.2459],[-44.2504,-21.24644],[-44.24879,-21.2465],[-44.24897,-21.2472],[-44.24817,-21.24795],[-44.24802,-21.24836],[-44.24852,-21.24919],[-44.24845,-21.24957],[-44.24745,-21.24999],[-44.24709,-21.25073],[-44.24615,-21.25167],[-44.2464,-21.25222],[-44.24733,-21.25308],[-44.24846,-21.25282],[-44.24857,-21.25309],[-44.24835,-21.2542],[-44.24805,-21.25439],[-44.24756,-21.25437],[-44.24627,-21.25355],[-44.24629,-21.25385],[-44.24606,-21.25407],[-44.2447,-21.25418],[-44.2443,-21.25523],[-44.24384,-21.25542],[-44.24378,-21.25468],[-44.24356,-21.2546],[-44.24168,-21.25539],[-44.24115,-21.25536],[-44.24107,-21.25559],[-44.24161,-21.25641],[-44.24237,-21.25685],[-44.24235,-21.25711],[-44.24172,-21.25763],[-44.24144,-21.2584],[-44.24164,-21.25881],[-44.24154,-21.25904],[-44.24087,-21.25921],[-44.24056,-21.26],[-44.23942,-21.26094],[-44.23976,-21.26235],[-44.23891,-21.26232],[-44.23848,-21.26311],[-44.23783,-21.26329],[-44.2379,-21.26369],[-44.23866,-21.26379],[-44.23919,-21.26414],[-44.23975,-21.26496],[-44.23949,-21.26519],[-44.23859,-21.26535],[-44.23826,-21.26571],[-44.23714,-21.26617],[-44.23575,-21.26532],[-44.23526,-21.26539],[-44.2346,-21.26759],[-44.2347,-21.26867],[-44.23513,-21.2699],[-44.23501,-21.27071],[-44.23515,-21.27108],[-44.2347,-21.27175],[-44.23517,-21.27244],[-44.23492,-21.27358],[-44.23373,-21.27294],[-44.23324,-21.27316],[-44.23257,-21.27389],[-44.23177,-21.27418],[-44.23106,-21.27563],[-44.23127,-21.27607],[-44.23416,-21.278],[-44.23464,-21.27895],[-44.23521,-21.27871],[-44.23572,-21.27885],[-44.23641,-21.28035],[-44.23687,-21.28047],[-44.23749,-21.28023],[-44.23771,-21.28031],[-44.2381,-21.28065],[-44.23799,-21.28087],[-44.23822,-21.28138],[-44.23851,-21.28073],[-44.23932,-21.281],[-44.23999,-21.28254],[-44.23988,-21.28295],[-44.23932,-21.28327],[-44.23903,-21.28377],[-44.23948,-21.28523],[-44.23898,-21.28581],[-44.23882,-21.28653],[-44.23894,-21.28705],[-44.23999,-21.28793],[-44.24009,-21.28822],[-44.23948,-21.29012],[-44.23986,-21.29105],[-44.23983,-21.29388],[-44.24055,-21.29571],[-44.24048,-21.29714],[-44.24007,-21.29785],[-44.24005,-21.29851],[-44.23953,-21.29906],[-44.2397,-21.30021],[-44.23924,-21.30128],[-44.23917,-21.30421],[-44.23845,-21.30572],[-44.2384,-21.30773],[-44.23795,-21.30853],[-44.23722,-21.31103],[-44.2372,-21.31158],[-44.23743,-21.31196],[-44.23716,-21.31312],[-44.2376,-21.31508],[-44.23834,-21.31676],[-44.23979,-21.31784],[-44.24102,-21.31981],[-44.24198,-21.32091],[-44.24268,-21.32288],[-44.24359,-21.32393],[-44.24392,-21.32409],[-44.24482,-21.32434],[-44.2459,-21.32434],[-44.25025,-21.32323],[-44.25246,-21.32326],[-44.25411,-21.32361],[-44.25505,-21.32361],[-44.25654,-21.32307],[-44.25768,-21.32223],[-44.25857,-21.32188],[-44.26005,-21.32147],[-44.26073,-21.32147],[-44.26121,-21.32153],[-44.26186,-21.32201],[-44.26297,-21.32347],[-44.26421,-21.32436],[-44.265,-21.32461],[-44.26918,-21.32512],[-44.27002,-21.32493],[-44.27054,-21.32434],[-44.27147,-21.32239],[-44.27457,-21.31954],[-44.27616,-21.31773],[-44.27682,-21.3173],[-44.27957,-21.31318],[-44.28007,-21.31265],[-44.28242,-21.31121],[-44.28288,-21.31052],[-44.28425,-21.30922],[-44.28545,-21.30714],[-44.28544,-21.30638],[-44.28646,-21.30586],[-44.28616,-21.30457],[-44.28634,-21.30409],[-44.28625,-21.30357],[-44.28669,-21.30329],[-44.28745,-21.30349],[-44.28743,-21.30326],[-44.28781,-21.303],[-44.28752,-21.30257],[-44.28796,-21.30231],[-44.28858,-21.30227],[-44.28837,-21.30139],[-44.28908,-21.30124],[-44.28871,-21.30019],[-44.2882,-21.29951],[-44.28824,-21.29915],[-44.28966,-21.29935],[-44.29037,-21.29885],[-44.29056,-21.29889],[-44.29064,-21.29964],[-44.29081,-21.29971],[-44.2913,-21.29903],[-44.29166,-21.29892],[-44.29173,-21.29821],[-44.29219,-21.29766],[-44.29291,-21.29723],[-44.29335,-21.29738],[-44.29368,-21.29683],[-44.29419,-21.29649],[-44.29443,-21.29652],[-44.29438,-21.29702],[-44.29528,-21.29705],[-44.29505,-21.2975],[-44.29551,-21.29773],[-44.29624,-21.29694],[-44.29674,-21.2968],[-44.29751,-21.29714],[-44.29796,-21.2977],[-44.29823,-21.29754],[-44.29875,-21.29763],[-44.29917,-21.29829],[-44.29976,-21.2976],[-44.29975,-21.29715],[-44.30013,-21.29705],[-44.30028,-21.29743],[-44.3007,-21.2972],[-44.30077,-21.29701],[-44.30039,-21.29676],[-44.30045,-21.2965],[-44.30079,-21.2963],[-44.30133,-21.29637],[-44.30156,-21.29583],[-44.30213,-21.29552],[-44.30223,-21.29479],[-44.30165,-21.29359],[-44.30235,-21.29314],[-44.30215,-21.29205],[-44.30272,-21.29141],[-44.30348,-21.29161],[-44.30364,-21.29147],[-44.30356,-21.29082],[-44.30309,-21.28993],[-44.30343,-21.28965],[-44.30343,-21.2891],[-44.30321,-21.2891],[-44.30299,-21.28882],[-44.30272,-21.28791],[-44.30408,-21.28811],[-44.30419,-21.28791],[-44.30383,-21.28749],[-44.30405,-21.28704],[-44.30372,-21.2868],[-44.3035,-21.28596],[-44.30379,-21.28548],[-44.30434,-21.2852],[-44.30501,-21.28441],[-44.30494,-21.28336],[-44.3046,-21.28265],[-44.30513,-21.28088],[-44.30546,-21.2805],[-44.30554,-21.28011],[-44.30537,-21.27968],[-44.30592,-21.27946],[-44.30601,-21.27899],[-44.30559,-21.27857],[-44.30576,-21.27785],[-44.30647,-21.27761],[-44.30641,-21.27722],[-44.30679,-21.27702],[-44.30787,-21.27693],[-44.30777,-21.27602],[-44.30697,-21.27537],[-44.307,-21.27492],[-44.30769,-21.27458],[-44.30811,-21.27348],[-44.30868,-21.27384],[-44.30902,-21.27366],[-44.30923,-21.27254],[-44.31137,-21.26939],[-44.31246,-21.26884],[-44.31252,-21.26844],[-44.31234,-21.26808],[-44.31203,-21.26795],[-44.31206,-21.26758],[-44.31287,-21.26663],[-44.31273,-21.26592],[-44.31306,-21.26468],[-44.3138,-21.26454],[-44.31458,-21.26478],[-44.31512,-21.26457],[-44.31516,-21.26434],[-44.31457,-21.26355],[-44.31467,-21.26327],[-44.31496,-21.26315],[-44.31642,-21.26362],[-44.31699,-21.26355],[-44.31758,-21.2625],[-44.31786,-21.26241],[-44.31814,-21.26242],[-44.31896,-21.26314],[-44.32004,-21.2628],[-44.31996,-21.26241],[-44.3188,-21.26171],[-44.31888,-21.26142],[-44.31851,-21.25991],[-44.31908,-21.25946],[-44.32054,-21.25932],[-44.32069,-21.25896],[-44.31997,-21.2587],[-44.31979,-21.25848],[-44.31998,-21.25824],[-44.32048,-21.25812],[-44.32145,-21.25857],[-44.32245,-21.25703],[-44.32318,-21.25709],[-44.32362,-21.2577],[-44.32422,-21.25775],[-44.32382,-21.25698],[-44.3251,-21.25579],[-44.3247,-21.25446],[-44.32527,-21.25427],[-44.32519,-21.25395],[-44.32369,-21.25337],[-44.3237,-21.25311],[-44.32428,-21.25278],[-44.3245,-21.25243],[-44.32446,-21.2515],[-44.32406,-21.25089],[-44.32444,-21.25064],[-44.32439,-21.25022],[-44.3246,-21.24998],[-44.32531,-21.24972],[-44.32545,-21.24947],[-44.32503,-21.24841],[-44.32548,-21.24798],[-44.32539,-21.24766],[-44.32471,-21.24746],[-44.32462,-21.24731],[-44.32502,-21.24694],[-44.32487,-21.2466],[-44.32429,-21.2463],[-44.32409,-21.24561],[-44.32316,-21.24459],[-44.32382,-21.24435],[-44.32445,-21.24456],[-44.32521,-21.2436],[-44.32563,-21.24357],[-44.3256,-21.24299],[-44.32609,-21.24306],[-44.32692,-21.24268],[-44.32686,-21.24209],[-44.3274,-21.24195],[-44.32791,-21.24129],[-44.3276,-21.24088],[-44.32754,-21.24031],[-44.32836,-21.23892],[-44.32855,-21.23764],[-44.32839,-21.23721],[-44.3274,-21.2363],[-44.32624,-21.2355],[-44.32452,-21.23489],[-44.32456,-21.23464],[-44.32519,-21.23426],[-44.32512,-21.23377],[-44.32448,-21.23285],[-44.32295,-21.23177],[-44.32307,-21.23112],[-44.32207,-21.23075],[-44.32424,-21.23054],[-44.32431,-21.23032],[-44.32315,-21.22893],[-44.32352,-21.22718],[-44.32366,-21.22499],[-44.32285,-21.22365],[-44.32406,-21.22284],[-44.32421,-21.22246],[-44.32403,-21.22225],[-44.32259,-21.22219],[-44.32216,-21.22194],[-44.32223,-21.22171],[-44.32349,-21.22073],[-44.32374,-21.22011],[-44.32335,-21.21948],[-44.32204,-21.21894],[-44.3221,-21.2187],[-44.32233,-21.21865],[-44.32423,-21.21853],[-44.32473,-21.21797],[-44.32607,-21.21833],[-44.32804,-21.21784],[-44.32821,-21.21706],[-44.32798,-21.21657],[-44.3255,-21.2157],[-44.3253,-21.21448],[-44.32543,-21.2142],[-44.32662,-21.21377],[-44.32674,-21.21351],[-44.32651,-21.21284],[-44.3278,-21.21245],[-44.32854,-21.21188],[-44.32966,-21.21174],[-44.32986,-21.21153],[-44.32871,-21.21111],[-44.32808,-21.21027],[-44.32764,-21.21035],[-44.32748,-21.211],[-44.32708,-21.21077],[-44.32561,-21.20772],[-44.3245,-21.20747],[-44.32414,-21.20711],[-44.32391,-21.20716],[-44.32369,-21.20758],[-44.32276,-21.20799],[-44.32331,-21.20896],[-44.32325,-21.20918],[-44.32274,-21.20937],[-44.32173,-21.20922],[-44.32011,-21.20832],[-44.31964,-21.20842],[-44.31948,-21.20892],[-44.31901,-21.20894],[-44.31879,-21.20885],[-44.31847,-21.20803],[-44.31782,-21.20839],[-44.31768,-21.21029],[-44.31618,-21.21207],[-44.31384,-21.21173],[-44.31334,-21.21191],[-44.31324,-21.21217],[-44.31275,-21.21215],[-44.31208,-21.21142],[-44.31201,-21.2109],[-44.31154,-21.21072],[-44.31063,-21.21105],[-44.31055,-21.21129],[-44.31078,-21.21193],[-44.31043,-21.21249],[-44.3102,-21.21261],[-44.30935,-21.21217],[-44.30933,-21.21291],[-44.30984,-21.214],[-44.30956,-21.21449],[-44.30874,-21.21518],[-44.30744,-21.21473],[-44.30737,-21.21379],[-44.30649,-21.2141],[-44.30586,-21.21499],[-44.30477,-21.2177],[-44.30379,-21.21867],[-44.30367,-21.21918],[-44.30379,-21.22022],[-44.30364,-21.22042],[-44.30139,-21.22105],[-44.30027,-21.22183],[-44.29648,-21.22313],[-44.29628,-21.22401],[-44.29731,-21.2247],[-44.29704,-21.22513],[-44.29409,-21.22637],[-44.29239,-21.22765],[-44.29192,-21.22754],[-44.2914,-21.22692],[-44.2907,-21.22659],[-44.28963,-21.2273],[-44.28841,-21.22763],[-44.28775,-21.22722],[-44.28711,-21.22622],[-44.28658,-21.22637],[-44.28635,-21.22691],[-44.28473,-21.22879],[-44.28375,-21.22828],[-44.28343,-21.22748],[-44.28335,-21.22604],[-44.28214,-21.22581],[-44.28163,-21.22598],[-44.28134,-21.22658],[-44.28071,-21.22709],[-44.28064,-21.22754],[-44.28124,-21.2277],[-44.2812,-21.22799],[-44.28084,-21.22831],[-44.27903,-21.22863],[-44.27662,-21.22828]]]}},{"id":"30","type":"Feature","properties":{"bairro":"Zona rural — Emboabas","distrito":"Emboabas","regiao":"Emboabas","setores":3,"urbano":0},"geometry":{"type":"Polygon","coordinates":[[[-44.06686,-21.40543],[-44.06777,-21.40578],[-44.0679,-21.40623],[-44.06825,-21.40999],[-44.06903,-21.41178],[-44.07076,-21.41223],[-44.07418,-21.41264],[-44.07647,-21.41471],[-44.07703,-21.41593],[-44.07785,-21.41689],[-44.07925,-21.41793],[-44.08102,-21.41892],[-44.08236,-21.42028],[-44.08535,-21.42463],[-44.08558,-21.4256],[-44.08537,-21.4274],[-44.086,-21.42837],[-44.08703,-21.42929],[-44.08853,-21.43475],[-44.08911,-21.43537],[-44.09047,-21.43468],[-44.09118,-21.43384],[-44.09262,-21.42949],[-44.09335,-21.42884],[-44.09455,-21.42838],[-44.09512,-21.42849],[-44.09625,-21.42975],[-44.0965,-21.4298],[-44.09842,-21.42853],[-44.10153,-21.42825],[-44.10237,-21.42796],[-44.10413,-21.42653],[-44.10498,-21.42544],[-44.10567,-21.42497],[-44.10835,-21.42482],[-44.10901,-21.42448],[-44.10937,-21.42388],[-44.10952,-21.42126],[-44.11254,-21.41685],[-44.11355,-21.4135],[-44.11439,-21.4115],[-44.11394,-21.40716],[-44.1141,-21.40567],[-44.11446,-21.40488],[-44.11627,-21.40391],[-44.1172,-21.403],[-44.11773,-21.40219],[-44.12063,-21.3999],[-44.12306,-21.39871],[-44.12535,-21.39666],[-44.12846,-21.39491],[-44.13065,-21.39419],[-44.13102,-21.39377],[-44.13309,-21.39292],[-44.13522,-21.39311],[-44.13641,-21.39414],[-44.13689,-21.39429],[-44.13738,-21.39419],[-44.14031,-21.38941],[-44.14067,-21.38744],[-44.14175,-21.38622],[-44.14254,-21.38589],[-44.1433,-21.38565],[-44.14749,-21.38517],[-44.1483,-21.38483],[-44.14948,-21.38481],[-44.1507,-21.38457],[-44.15189,-21.38402],[-44.15316,-21.38391],[-44.15616,-21.38415],[-44.15773,-21.38464],[-44.15865,-21.38527],[-44.16102,-21.38637],[-44.16265,-21.3876],[-44.16429,-21.38822],[-44.16582,-21.38916],[-44.16672,-21.38945],[-44.16747,-21.3895],[-44.16979,-21.38874],[-44.17065,-21.38812],[-44.17143,-21.38649],[-44.17187,-21.38612],[-44.17242,-21.38604],[-44.17374,-21.38637],[-44.17543,-21.38736],[-44.17659,-21.38773],[-44.17878,-21.3876],[-44.1813,-21.38825],[-44.18245,-21.3888],[-44.18452,-21.39052],[-44.18605,-21.39101],[-44.19055,-21.3909],[-44.1913,-21.39062],[-44.1924,-21.38974],[-44.19342,-21.3893],[-44.19477,-21.38946],[-44.19615,-21.39075],[-44.19663,-21.39092],[-44.19742,-21.3911],[-44.19877,-21.39077],[-44.198,-21.38946],[-44.19795,-21.38896],[-44.19821,-21.38636],[-44.19974,-21.38438],[-44.19981,-21.37988],[-44.19895,-21.37831],[-44.19887,-21.37779],[-44.19893,-21.37594],[-44.19967,-21.37386],[-44.19983,-21.37192],[-44.19901,-21.37067],[-44.19667,-21.36904],[-44.19152,-21.36733],[-44.18993,-21.36658],[-44.18917,-21.36601],[-44.18811,-21.36562],[-44.18722,-21.36499],[-44.18689,-21.36419],[-44.18697,-21.36175],[-44.18795,-21.3594],[-44.19034,-21.35693],[-44.19139,-21.35337],[-44.19236,-21.35128],[-44.19341,-21.34991],[-44.19579,-21.34846],[-44.1967,-21.34649],[-44.19796,-21.34527],[-44.19851,-21.34442],[-44.19897,-21.34318],[-44.19986,-21.342],[-44.20042,-21.34054],[-44.20094,-21.33991],[-44.20147,-21.33837],[-44.20346,-21.33637],[-44.20374,-21.33525],[-44.20468,-21.33366],[-44.20527,-21.33179],[-44.20599,-21.33109],[-44.20607,-21.33038],[-44.20652,-21.32971],[-44.20656,-21.32838],[-44.20598,-21.32718],[-44.20526,-21.32635],[-44.20527,-21.32546],[-44.20679,-21.32496],[-44.20765,-21.32403],[-44.20884,-21.31822],[-44.20986,-21.31679],[-44.21116,-21.31583],[-44.21173,-21.31427],[-44.21309,-21.31353],[-44.21314,-21.31323],[-44.21479,-21.31287],[-44.21555,-21.31248],[-44.21564,-21.31211],[-44.21593,-21.31207],[-44.21597,-21.31161],[-44.21565,-21.31128],[-44.2156,-21.31062],[-44.21643,-21.30937],[-44.21661,-21.30871],[-44.21681,-21.30866],[-44.21696,-21.30785],[-44.21687,-21.30694],[-44.21721,-21.30646],[-44.21726,-21.30572],[-44.21756,-21.30557],[-44.21791,-21.30574],[-44.21818,-21.30512],[-44.21864,-21.30523],[-44.21879,-21.30508],[-44.21833,-21.30326],[-44.21854,-21.30309],[-44.21859,-21.30264],[-44.21819,-21.30263],[-44.21821,-21.30236],[-44.21903,-21.30178],[-44.21916,-21.30122],[-44.21977,-21.30113],[-44.22,-21.30084],[-44.21979,-21.29972],[-44.21988,-21.29872],[-44.22035,-21.29812],[-44.22258,-21.29714],[-44.22281,-21.29688],[-44.22296,-21.29561],[-44.22437,-21.29305],[-44.22452,-21.29141],[-44.22349,-21.29057],[-44.22338,-21.29005],[-44.2241,-21.28932],[-44.22364,-21.28882],[-44.22365,-21.2886],[-44.22418,-21.28821],[-44.22382,-21.286],[-44.22404,-21.28547],[-44.2247,-21.2848],[-44.22479,-21.28365],[-44.22554,-21.28345],[-44.22655,-21.2827],[-44.22673,-21.28217],[-44.22782,-21.28138],[-44.22774,-21.28065],[-44.2285,-21.28029],[-44.22971,-21.27906],[-44.23041,-21.27866],[-44.23049,-21.27823],[-44.23113,-21.27773],[-44.23152,-21.27688],[-44.23106,-21.27563],[-44.23177,-21.27418],[-44.23226,-21.2741],[-44.23267,-21.2736],[-44.23373,-21.27294],[-44.23492,-21.27358],[-44.23517,-21.27244],[-44.2347,-21.27175],[-44.23515,-21.27108],[-44.23501,-21.27071],[-44.23513,-21.2699],[-44.2347,-21.26867],[-44.2346,-21.26759],[-44.23497,-21.26597],[-44.23526,-21.26539],[-44.23551,-21.26529],[-44.23691,-21.26617],[-44.23732,-21.26615],[-44.23826,-21.26571],[-44.23859,-21.26535],[-44.23949,-21.26519],[-44.23975,-21.26496],[-44.23919,-21.26414],[-44.23866,-21.26379],[-44.2379,-21.26369],[-44.23783,-21.26329],[-44.23848,-21.26311],[-44.23891,-21.26232],[-44.23976,-21.26235],[-44.23942,-21.26094],[-44.24056,-21.26],[-44.24087,-21.25921],[-44.24154,-21.25904],[-44.24164,-21.25881],[-44.24144,-21.2584],[-44.24172,-21.25763],[-44.24235,-21.25711],[-44.24237,-21.25685],[-44.24161,-21.25641],[-44.24107,-21.25559],[-44.24115,-21.25536],[-44.24168,-21.25539],[-44.24356,-21.2546],[-44.24378,-21.25468],[-44.24384,-21.25542],[-44.2443,-21.25523],[-44.2447,-21.25418],[-44.24606,-21.25407],[-44.24629,-21.25385],[-44.24627,-21.25355],[-44.24756,-21.25437],[-44.24805,-21.25439],[-44.24835,-21.2542],[-44.24857,-21.25309],[-44.24846,-21.25282],[-44.24733,-21.25308],[-44.2464,-21.25222],[-44.24615,-21.25167],[-44.24709,-21.25073],[-44.24745,-21.24999],[-44.24845,-21.24957],[-44.24852,-21.24919],[-44.24802,-21.24836],[-44.24817,-21.24795],[-44.24897,-21.2472],[-44.24879,-21.2465],[-44.2504,-21.24644],[-44.25159,-21.2459],[-44.25308,-21.24632],[-44.25263,-21.24558],[-44.25259,-21.24421],[-44.25327,-21.24378],[-44.25427,-21.24366],[-44.25481,-21.2427],[-44.25463,-21.24221],[-44.25357,-21.24236],[-44.25326,-21.2414],[-44.2541,-21.24139],[-44.25481,-21.24032],[-44.25511,-21.24034],[-44.25569,-21.24185],[-44.25596,-21.24198],[-44.25631,-21.24124],[-44.25616,-21.2403],[-44.25653,-21.24033],[-44.25703,-21.24101],[-44.25701,-21.24128],[-44.25766,-21.24127],[-44.25777,-21.24222],[-44.25837,-21.24199],[-44.25848,-21.24105],[-44.25899,-21.24075],[-44.25888,-21.24056],[-44.25843,-21.24048],[-44.25822,-21.23967],[-44.25916,-21.23936],[-44.25934,-21.23853],[-44.26014,-21.23831],[-44.26033,-21.239],[-44.26107,-21.23921],[-44.26135,-21.23803],[-44.2619,-21.23808],[-44.26232,-21.23879],[-44.26283,-21.23891],[-44.26345,-21.23952],[-44.26393,-21.23959],[-44.26399,-21.23931],[-44.26374,-21.23891],[-44.26415,-21.2379],[-44.26358,-21.23772],[-44.26361,-21.2363],[-44.26318,-21.23538],[-44.2633,-21.23517],[-44.26366,-21.2352],[-44.26414,-21.2349],[-44.26368,-21.23394],[-44.26368,-21.23342],[-44.26517,-21.23374],[-44.26463,-21.23441],[-44.2655,-21.23461],[-44.2666,-21.23545],[-44.26701,-21.23548],[-44.26749,-21.23474],[-44.26802,-21.23503],[-44.26909,-21.23425],[-44.27013,-21.2342],[-44.27136,-21.23301],[-44.27182,-21.23332],[-44.2724,-21.23332],[-44.27245,-21.23182],[-44.27267,-21.23157],[-44.27418,-21.23122],[-44.27498,-21.2304],[-44.27651,-21.22963],[-44.27685,-21.22889],[-44.27677,-21.22844],[-44.27531,-21.22803],[-44.27601,-21.22665],[-44.27603,-21.22602],[-44.2744,-21.22539],[-44.27415,-21.22509],[-44.27534,-21.22384],[-44.27502,-21.22312],[-44.274,-21.22234],[-44.27336,-21.22254],[-44.27225,-21.22208],[-44.27151,-21.22149],[-44.26956,-21.22111],[-44.26869,-21.2202],[-44.26438,-21.21986],[-44.26168,-21.21995],[-44.25993,-21.22085],[-44.25834,-21.22138],[-44.25798,-21.22192],[-44.25724,-21.22188],[-44.2564,-21.22221],[-44.25533,-21.22296],[-44.25421,-21.22333],[-44.25287,-21.22421],[-44.25085,-21.22466],[-44.24963,-21.22611],[-44.2481,-21.22714],[-44.24767,-21.22767],[-44.24711,-21.22769],[-44.24588,-21.22823],[-44.24465,-21.22909],[-44.2422,-21.2295],[-44.24135,-21.23],[-44.23988,-21.23051],[-44.23639,-21.23122],[-44.23347,-21.23074],[-44.23186,-21.23098],[-44.23026,-21.2317],[-44.22922,-21.23263],[-44.22845,-21.23271],[-44.22754,-21.23251],[-44.22666,-21.23174],[-44.22633,-21.23119],[-44.22523,-21.23071],[-44.22457,-21.2307],[-44.22301,-21.23116],[-44.22155,-21.23124],[-44.219,-21.232],[-44.21772,-21.23296],[-44.2173,-21.23367],[-44.21573,-21.23769],[-44.2139,-21.24065],[-44.21339,-21.24279],[-44.21101,-21.24481],[-44.20884,-21.24742],[-44.20811,-21.24892],[-44.20626,-21.25042],[-44.2058,-21.2516],[-44.20401,-21.25377],[-44.20346,-21.25503],[-44.20146,-21.25787],[-44.19949,-21.25939],[-44.19877,-21.25923],[-44.19661,-21.25727],[-44.19591,-21.25707],[-44.19489,-21.2574],[-44.19435,-21.2582],[-44.19096,-21.2581],[-44.18892,-21.25841],[-44.18726,-21.25828],[-44.18624,-21.25711],[-44.18562,-21.25672],[-44.18376,-21.25694],[-44.18044,-21.25821],[-44.17837,-21.25822],[-44.17724,-21.25796],[-44.17495,-21.25852],[-44.17327,-21.25828],[-44.17205,-21.25775],[-44.17097,-21.257],[-44.17049,-21.25691],[-44.16712,-21.25744],[-44.16648,-21.25708],[-44.16404,-21.25642],[-44.16202,-21.25478],[-44.16102,-21.25356],[-44.15994,-21.25297],[-44.15874,-21.25197],[-44.1571,-21.25161],[-44.15642,-21.25061],[-44.15423,-21.24919],[-44.15322,-21.24725],[-44.15197,-21.24577],[-44.15199,-21.24476],[-44.15287,-21.24314],[-44.15289,-21.24257],[-44.15242,-21.24161],[-44.15193,-21.23962],[-44.15247,-21.23817],[-44.15227,-21.23626],[-44.15289,-21.23599],[-44.15296,-21.23575],[-44.15259,-21.23442],[-44.15309,-21.23327],[-44.15299,-21.233],[-44.15244,-21.23283],[-44.15224,-21.23242],[-44.15243,-21.23114],[-44.15199,-21.22983],[-44.15209,-21.22923],[-44.15265,-21.22835],[-44.1526,-21.22754],[-44.15219,-21.22644],[-44.15166,-21.22613],[-44.15034,-21.22621],[-44.14947,-21.22649],[-44.14782,-21.22634],[-44.14566,-21.22494],[-44.14477,-21.22337],[-44.14416,-21.22153],[-44.1433,-21.22047],[-44.14196,-21.21801],[-44.14184,-21.21646],[-44.14151,-21.21537],[-44.14108,-21.2151],[-44.14013,-21.21519],[-44.13975,-21.21484],[-44.1401,-21.21347],[-44.13927,-21.21179],[-44.13923,-21.21109],[-44.13861,-21.21043],[-44.13882,-21.21001],[-44.13949,-21.20962],[-44.13921,-21.20779],[-44.13874,-21.20694],[-44.1379,-21.20629],[-44.1379,-21.20575],[-44.13734,-21.20531],[-44.1373,-21.20365],[-44.13605,-21.20348],[-44.13634,-21.20255],[-44.13624,-21.2017],[-44.1353,-21.20126],[-44.13453,-21.20127],[-44.13424,-21.20077],[-44.13321,-21.20087],[-44.1327,-21.20035],[-44.13216,-21.20057],[-44.13161,-21.20131],[-44.13138,-21.20133],[-44.12971,-21.20049],[-44.12943,-21.19949],[-44.12947,-21.19759],[-44.12884,-21.19638],[-44.12776,-21.19526],[-44.12763,-21.19429],[-44.12948,-21.19441],[-44.12955,-21.19419],[-44.12898,-21.19197],[-44.12866,-21.19166],[-44.12845,-21.1909],[-44.12822,-21.19068],[-44.1281,-21.18939],[-44.12735,-21.18797],[-44.12737,-21.18656],[-44.12711,-21.18613],[-44.12475,-21.18401],[-44.1244,-21.18429],[-44.12371,-21.184],[-44.12258,-21.18403],[-44.12185,-21.18417],[-44.12151,-21.1846],[-44.12168,-21.18505],[-44.12152,-21.18523],[-44.12064,-21.18525],[-44.1202,-21.18551],[-44.12026,-21.18596],[-44.12105,-21.18602],[-44.12027,-21.18676],[-44.1199,-21.18747],[-44.11987,-21.18773],[-44.12067,-21.18827],[-44.12055,-21.18901],[-44.12146,-21.18935],[-44.12177,-21.19102],[-44.12032,-21.19176],[-44.12039,-21.19304],[-44.12025,-21.19331],[-44.11979,-21.19337],[-44.11906,-21.19307],[-44.11788,-21.193],[-44.11729,-21.1935],[-44.11692,-21.19475],[-44.11696,-21.19497],[-44.11723,-21.1949],[-44.11783,-21.19407],[-44.11808,-21.19407],[-44.11827,-21.19584],[-44.11859,-21.19618],[-44.11915,-21.19479],[-44.11956,-21.19451],[-44.12006,-21.19448],[-44.12009,-21.19475],[-44.11962,-21.19561],[-44.11973,-21.19607],[-44.1202,-21.19614],[-44.1213,-21.19537],[-44.12179,-21.19527],[-44.1226,-21.19615],[-44.12359,-21.19658],[-44.12369,-21.19679],[-44.12339,-21.19748],[-44.12276,-21.1979],[-44.12177,-21.19759],[-44.12157,-21.19848],[-44.121,-21.19899],[-44.12098,-21.2024],[-44.12088,-21.20289],[-44.12067,-21.20303],[-44.11986,-21.20303],[-44.11954,-21.20241],[-44.1178,-21.20132],[-44.11604,-21.20084],[-44.11568,-21.20052],[-44.11585,-21.20011],[-44.11581,-21.19931],[-44.11528,-21.1987],[-44.11409,-21.19823],[-44.1135,-21.19684],[-44.11218,-21.19678],[-44.11145,-21.19656],[-44.11147,-21.19702],[-44.11092,-21.19755],[-44.11052,-21.19847],[-44.11006,-21.19857],[-44.10937,-21.19826],[-44.10812,-21.19865],[-44.10815,-21.2003],[-44.10937,-21.20153],[-44.10817,-21.2028],[-44.10784,-21.20383],[-44.10588,-21.2042],[-44.10391,-21.20584],[-44.10276,-21.20653],[-44.1019,-21.20657],[-44.10095,-21.20609],[-44.09988,-21.20592],[-44.09885,-21.20607],[-44.09847,-21.20645],[-44.09724,-21.20652],[-44.09651,-21.20593],[-44.09525,-21.20559],[-44.09486,-21.20525],[-44.09482,-21.20477],[-44.0952,-21.20445],[-44.09523,-21.20399],[-44.09328,-21.20426],[-44.09326,-21.20358],[-44.09289,-21.20322],[-44.09211,-21.20318],[-44.09067,-21.20272],[-44.08984,-21.20221],[-44.08958,-21.20222],[-44.08909,-21.20274],[-44.08831,-21.20275],[-44.08792,-21.2016],[-44.08694,-21.20186],[-44.08682,-21.2014],[-44.08706,-21.20073],[-44.08678,-21.20064],[-44.08586,-21.2011],[-44.08565,-21.20097],[-44.08562,-21.2002],[-44.08577,-21.19998],[-44.08656,-21.19994],[-44.08662,-21.1997],[-44.08615,-21.19861],[-44.08553,-21.19831],[-44.08526,-21.19793],[-44.08591,-21.19708],[-44.08587,-21.19661],[-44.0837,-21.19631],[-44.08348,-21.19644],[-44.08314,-21.19734],[-44.08273,-21.19755],[-44.0825,-21.19691],[-44.08164,-21.19673],[-44.08059,-21.19752],[-44.08061,-21.19774],[-44.08138,-21.19809],[-44.08192,-21.19877],[-44.08202,-21.1996],[-44.08183,-21.20009],[-44.0814,-21.20031],[-44.08085,-21.19966],[-44.08061,-21.19961],[-44.07977,-21.20033],[-44.07883,-21.20019],[-44.0783,-21.20047],[-44.07821,-21.20096],[-44.07859,-21.20201],[-44.07829,-21.20378],[-44.07733,-21.20404],[-44.07665,-21.20503],[-44.07672,-21.20573],[-44.07654,-21.20617],[-44.07582,-21.20621],[-44.07563,-21.2064],[-44.07562,-21.20781],[-44.07522,-21.20872],[-44.07493,-21.20907],[-44.07416,-21.20926],[-44.07331,-21.20873],[-44.07285,-21.20875],[-44.07269,-21.2092],[-44.07296,-21.2102],[-44.07175,-21.2103],[-44.07171,-21.2108],[-44.07263,-21.21221],[-44.07312,-21.21358],[-44.07282,-21.21392],[-44.07079,-21.21414],[-44.06995,-21.21472],[-44.06992,-21.21544],[-44.07051,-21.21599],[-44.07043,-21.21622],[-44.06976,-21.21659],[-44.06979,-21.21759],[-44.07029,-21.21972],[-44.06987,-21.22038],[-44.06931,-21.2204],[-44.06824,-21.21888],[-44.0679,-21.21798],[-44.06722,-21.21771],[-44.0666,-21.21805],[-44.06649,-21.21959],[-44.06584,-21.21993],[-44.06544,-21.2205],[-44.06491,-21.22053],[-44.06455,-21.21993],[-44.06461,-21.21925],[-44.06528,-21.21825],[-44.06544,-21.21748],[-44.06537,-21.21726],[-44.06471,-21.21693],[-44.06431,-21.21723],[-44.06329,-21.21972],[-44.06268,-21.22011],[-44.06244,-21.22007],[-44.06206,-21.21919],[-44.06163,-21.219],[-44.06036,-21.21924],[-44.05951,-21.21961],[-44.05889,-21.22016],[-44.0576,-21.22045],[-44.05634,-21.22044],[-44.05441,-21.2197],[-44.05327,-21.22041],[-44.05178,-21.22068],[-44.05139,-21.22036],[-44.05116,-21.21887],[-44.05048,-21.2187],[-44.05003,-21.21892],[-44.04974,-21.22014],[-44.05041,-21.22153],[-44.05039,-21.22187],[-44.04979,-21.22233],[-44.04985,-21.22383],[-44.04774,-21.22448],[-44.04707,-21.2242],[-44.04629,-21.22416],[-44.04582,-21.22434],[-44.04562,-21.22477],[-44.04582,-21.2253],[-44.04745,-21.22681],[-44.04834,-21.22891],[-44.0481,-21.22952],[-44.04692,-21.23008],[-44.04633,-21.23113],[-44.04533,-21.23182],[-44.04621,-21.23393],[-44.04688,-21.23475],[-44.04681,-21.23501],[-44.04599,-21.23556],[-44.04486,-21.23511],[-44.04444,-21.2354],[-44.04424,-21.23607],[-44.04136,-21.23769],[-44.04106,-21.23892],[-44.04039,-21.23976],[-44.04034,-21.2406],[-44.04067,-21.24095],[-44.04197,-21.24102],[-44.04275,-21.24133],[-44.04279,-21.24178],[-44.04216,-21.24315],[-44.04158,-21.2433],[-44.0405,-21.24321],[-44.04006,-21.24348],[-44.0396,-21.24412],[-44.03911,-21.24427],[-44.03903,-21.24598],[-44.03861,-21.24652],[-44.03742,-21.24705],[-44.03668,-21.24686],[-44.03571,-21.24565],[-44.03535,-21.24486],[-44.03466,-21.2446],[-44.03437,-21.24346],[-44.0336,-21.24279],[-44.03334,-21.24276],[-44.03309,-21.24344],[-44.03259,-21.24403],[-44.03213,-21.24416],[-44.03105,-21.24305],[-44.03069,-21.24232],[-44.03019,-21.2424],[-44.02996,-21.24342],[-44.02952,-21.24367],[-44.02904,-21.24367],[-44.02807,-21.24312],[-44.02783,-21.24253],[-44.02863,-21.24118],[-44.02851,-21.24046],[-44.0263,-21.2405],[-44.02583,-21.24015],[-44.0256,-21.24019],[-44.02539,-21.24093],[-44.02515,-21.24117],[-44.02308,-21.24126],[-44.02281,-21.24308],[-44.02338,-21.2439],[-44.02355,-21.24477],[-44.02315,-21.24641],[-44.02222,-21.24733],[-44.0214,-21.24884],[-44.02052,-21.24993],[-44.02122,-21.25143],[-44.0212,-21.25218],[-44.02071,-21.25305],[-44.02076,-21.25384],[-44.02165,-21.25512],[-44.02216,-21.25564],[-44.0224,-21.25564],[-44.02286,-21.25543],[-44.02401,-21.25407],[-44.02575,-21.25292],[-44.02703,-21.25313],[-44.02853,-21.253],[-44.02874,-21.25347],[-44.02858,-21.25553],[-44.02819,-21.25621],[-44.02753,-21.25657],[-44.02691,-21.25743],[-44.02505,-21.25792],[-44.02464,-21.25927],[-44.02314,-21.25898],[-44.02237,-21.25911],[-44.02136,-21.25899],[-44.02168,-21.26073],[-44.02101,-21.26141],[-44.02087,-21.26188],[-44.02064,-21.26196],[-44.02024,-21.2618],[-44.0202,-21.26126],[-44.01983,-21.26062],[-44.01874,-21.25986],[-44.01823,-21.25982],[-44.01764,-21.26027],[-44.01724,-21.26143],[-44.01703,-21.26159],[-44.0153,-21.26237],[-44.01478,-21.26242],[-44.0145,-21.26205],[-44.01483,-21.26137],[-44.01485,-21.26058],[-44.01417,-21.25984],[-44.01299,-21.25987],[-44.01207,-21.25937],[-44.01043,-21.25908],[-44.00788,-21.25946],[-44.00581,-21.26052],[-44.00564,-21.26098],[-44.00574,-21.26143],[-44.00602,-21.26153],[-44.00762,-21.26147],[-44.00831,-21.26181],[-44.0087,-21.26243],[-44.00875,-21.26287],[-44.00838,-21.26449],[-44.00975,-21.26582],[-44.01024,-21.26586],[-44.01058,-21.26552],[-44.01083,-21.26551],[-44.01206,-21.2662],[-44.01335,-21.26593],[-44.01382,-21.26613],[-44.01392,-21.26636],[-44.01393,-21.26687],[-44.01366,-21.26725],[-44.01342,-21.26842],[-44.01232,-21.26883],[-44.0121,-21.26927],[-44.01126,-21.26998],[-44.01045,-21.27014],[-44.00971,-21.26989],[-44.0092,-21.27005],[-44.00902,-21.27019],[-44.00898,-21.27134],[-44.01054,-21.27111],[-44.0138,-21.27121],[-44.01505,-21.27093],[-44.01534,-21.27209],[-44.02,-21.27196],[-44.02034,-21.27232],[-44.02026,-21.27281],[-44.01959,-21.27317],[-44.01461,-21.27365],[-44.01364,-21.2741],[-44.012,-21.27367],[-44.01104,-21.27381],[-44.01084,-21.2745],[-44.01111,-21.27518],[-44.01109,-21.2757],[-44.00925,-21.27799],[-44.00912,-21.27952],[-44.00962,-21.27995],[-44.01228,-21.28],[-44.01252,-21.28046],[-44.01199,-21.28127],[-44.0102,-21.28123],[-44.00887,-21.28192],[-44.0089,-21.28214],[-44.00913,-21.2822],[-44.01016,-21.28223],[-44.01116,-21.28366],[-44.0112,-21.28414],[-44.01104,-21.2843],[-44.01032,-21.28453],[-44.00913,-21.28445],[-44.00748,-21.28546],[-44.00653,-21.28579],[-44.00658,-21.28628],[-44.00749,-21.28664],[-44.00803,-21.28927],[-44.00483,-21.28948],[-44.00392,-21.28911],[-44.00303,-21.28948],[-44.00232,-21.28916],[-44.00135,-21.28913],[-44.00114,-21.28903],[-44.00088,-21.28784],[-44.00059,-21.28746],[-43.99814,-21.28695],[-43.99755,-21.28636],[-43.99732,-21.28634],[-43.99699,-21.28694],[-43.99744,-21.28747],[-43.99774,-21.28832],[-43.99737,-21.28898],[-43.99736,-21.28944],[-43.99803,-21.28967],[-43.99842,-21.29077],[-43.99798,-21.29099],[-43.99764,-21.29218],[-43.99696,-21.29218],[-43.99638,-21.29266],[-43.99604,-21.29202],[-43.99505,-21.29225],[-43.99493,-21.29294],[-43.99523,-21.29356],[-43.99473,-21.29406],[-43.99293,-21.29374],[-43.99198,-21.29481],[-43.9914,-21.29445],[-43.99118,-21.29453],[-43.99102,-21.29498],[-43.99077,-21.29503],[-43.9894,-21.29463],[-43.98902,-21.29489],[-43.98907,-21.29578],[-43.98891,-21.29594],[-43.98864,-21.29562],[-43.98838,-21.29557],[-43.98825,-21.29576],[-43.98824,-21.29625],[-43.98857,-21.29656],[-43.98841,-21.29742],[-43.98883,-21.29828],[-43.99007,-21.29857],[-43.9916,-21.29811],[-43.99352,-21.29873],[-43.99369,-21.29892],[-43.99363,-21.30053],[-43.99529,-21.30116],[-43.996,-21.30118],[-43.99633,-21.30152],[-43.99684,-21.30152],[-43.99752,-21.30222],[-43.99755,-21.30269],[-43.99707,-21.30363],[-43.99678,-21.30487],[-43.99699,-21.30529],[-43.99801,-21.3055],[-43.99824,-21.30589],[-43.99755,-21.30727],[-43.99765,-21.3077],[-43.99915,-21.30822],[-44.00111,-21.30768],[-44.00166,-21.30737],[-44.0019,-21.30672],[-44.00097,-21.3047],[-44.00094,-21.30372],[-44.00276,-21.30164],[-44.00301,-21.30164],[-44.00344,-21.30219],[-44.00394,-21.30204],[-44.00468,-21.30217],[-44.00545,-21.30281],[-44.0069,-21.30343],[-44.00825,-21.30546],[-44.00969,-21.30587],[-44.01094,-21.30706],[-44.01103,-21.30727],[-44.01042,-21.30827],[-44.00942,-21.30855],[-44.00916,-21.30902],[-44.00839,-21.30955],[-44.0076,-21.311],[-44.00763,-21.31158],[-44.00837,-21.31166],[-44.00961,-21.31077],[-44.01055,-21.31045],[-44.01081,-21.31053],[-44.01084,-21.31165],[-44.00995,-21.31258],[-44.00994,-21.31301],[-44.01167,-21.31314],[-44.0133,-21.31271],[-44.01368,-21.3132],[-44.01329,-21.31386],[-44.01243,-21.31432],[-44.01234,-21.31474],[-44.01283,-21.31502],[-44.0135,-21.31483],[-44.01418,-21.31563],[-44.01512,-21.31533],[-44.01662,-21.3152],[-44.01745,-21.31538],[-44.01786,-21.31571],[-44.01836,-21.3172],[-44.01796,-21.3186],[-44.0176,-21.31892],[-44.01704,-21.31884],[-44.01635,-21.31915],[-44.01589,-21.31982],[-44.01441,-21.31975],[-44.01422,-21.32016],[-44.01451,-21.32052],[-44.01444,-21.3212],[-44.01555,-21.3224],[-44.01579,-21.32244],[-44.01588,-21.32199],[-44.01646,-21.32164],[-44.01666,-21.32178],[-44.0165,-21.32243],[-44.01738,-21.32206],[-44.01752,-21.32247],[-44.0179,-21.32271],[-44.01783,-21.32349],[-44.01829,-21.32353],[-44.01872,-21.32331],[-44.01892,-21.32342],[-44.01905,-21.32415],[-44.01949,-21.32477],[-44.01942,-21.32503],[-44.0187,-21.32493],[-44.01854,-21.32511],[-44.01882,-21.32545],[-44.01823,-21.32651],[-44.01829,-21.32754],[-44.01866,-21.32795],[-44.01916,-21.3275],[-44.0199,-21.32753],[-44.02017,-21.32737],[-44.02019,-21.32762],[-44.01977,-21.32823],[-44.02013,-21.32917],[-44.01964,-21.33037],[-44.01975,-21.33088],[-44.01966,-21.33108],[-44.01893,-21.33136],[-44.01885,-21.33158],[-44.01981,-21.33268],[-44.0199,-21.33367],[-44.02045,-21.33364],[-44.02061,-21.3338],[-44.02075,-21.33484],[-44.02101,-21.33497],[-44.02163,-21.33448],[-44.02219,-21.33461],[-44.02242,-21.33503],[-44.0232,-21.33559],[-44.02337,-21.33618],[-44.02328,-21.338],[-44.02381,-21.34033],[-44.02441,-21.3413],[-44.02433,-21.34152],[-44.01878,-21.34442],[-44.0165,-21.34486],[-44.01535,-21.34551],[-44.01426,-21.34506],[-44.01432,-21.34553],[-44.01403,-21.34591],[-44.01445,-21.34601],[-44.01438,-21.34692],[-44.01478,-21.34704],[-44.01496,-21.34744],[-44.01476,-21.34757],[-44.01407,-21.34723],[-44.01393,-21.34767],[-44.01469,-21.34819],[-44.01473,-21.34997],[-44.01488,-21.35017],[-44.0151,-21.35004],[-44.01528,-21.3494],[-44.01611,-21.34957],[-44.01658,-21.34923],[-44.01707,-21.34924],[-44.01711,-21.34976],[-44.01655,-21.35055],[-44.0168,-21.3514],[-44.01657,-21.35154],[-44.01659,-21.35176],[-44.01734,-21.35199],[-44.01765,-21.35236],[-44.01753,-21.35258],[-44.01655,-21.35276],[-44.01648,-21.35303],[-44.01698,-21.35384],[-44.01724,-21.35388],[-44.01721,-21.3541],[-44.01563,-21.35567],[-44.01515,-21.35582],[-44.01446,-21.35657],[-44.01298,-21.35762],[-44.01331,-21.35852],[-44.01317,-21.35898],[-44.01243,-21.3592],[-44.0121,-21.35957],[-44.01164,-21.35963],[-44.01121,-21.36015],[-44.01073,-21.36019],[-44.01004,-21.35981],[-44.00951,-21.35982],[-44.00883,-21.36045],[-44.00893,-21.36091],[-44.0079,-21.36122],[-44.00718,-21.36215],[-44.00543,-21.36324],[-44.00597,-21.36366],[-44.00601,-21.36454],[-44.00503,-21.36482],[-44.00538,-21.36541],[-44.00466,-21.36579],[-44.00374,-21.36762],[-44.00381,-21.36784],[-44.00437,-21.36788],[-44.00522,-21.36752],[-44.00643,-21.36758],[-44.00697,-21.36845],[-44.0075,-21.36852],[-44.00807,-21.36833],[-44.00853,-21.36858],[-44.00926,-21.3685],[-44.00945,-21.36862],[-44.00942,-21.36935],[-44.00968,-21.36938],[-44.01012,-21.36877],[-44.01036,-21.36872],[-44.01044,-21.36949],[-44.01065,-21.36962],[-44.01056,-21.37009],[-44.01106,-21.37055],[-44.01084,-21.37126],[-44.0105,-21.37158],[-44.00996,-21.3717],[-44.00992,-21.37236],[-44.01124,-21.37225],[-44.01137,-21.37249],[-44.01121,-21.37291],[-44.01135,-21.37342],[-44.01116,-21.37385],[-44.01128,-21.37404],[-44.01199,-21.37416],[-44.01283,-21.3749],[-44.01335,-21.37501],[-44.01512,-21.376],[-44.01568,-21.37606],[-44.01645,-21.37668],[-44.01672,-21.37763],[-44.01799,-21.37857],[-44.01944,-21.37907],[-44.0204,-21.37911],[-44.02084,-21.37941],[-44.02385,-21.37953],[-44.0241,-21.37992],[-44.02449,-21.38018],[-44.02468,-21.38005],[-44.0252,-21.38055],[-44.02568,-21.38046],[-44.02592,-21.38051],[-44.02596,-21.38076],[-44.02622,-21.38078],[-44.02695,-21.38043],[-44.02713,-21.38058],[-44.0271,-21.38112],[-44.02737,-21.38114],[-44.02878,-21.3802],[-44.02935,-21.38023],[-44.03065,-21.38075],[-44.03223,-21.38084],[-44.03521,-21.38345],[-44.03616,-21.38367],[-44.03647,-21.38402],[-44.03722,-21.3842],[-44.03746,-21.38486],[-44.03824,-21.38536],[-44.0384,-21.38583],[-44.03893,-21.38628],[-44.03988,-21.38632],[-44.03973,-21.38677],[-44.03981,-21.38756],[-44.03993,-21.38785],[-44.04037,-21.38802],[-44.04085,-21.38792],[-44.04073,-21.3888],[-44.04164,-21.38855],[-44.04177,-21.38955],[-44.04214,-21.3899],[-44.04328,-21.39048],[-44.04433,-21.39051],[-44.04462,-21.39089],[-44.04483,-21.39174],[-44.04524,-21.39208],[-44.04536,-21.39327],[-44.04595,-21.39409],[-44.04712,-21.395],[-44.04788,-21.39675],[-44.04832,-21.39709],[-44.04983,-21.39753],[-44.05019,-21.39789],[-44.05071,-21.39903],[-44.05172,-21.39979],[-44.05221,-21.40075],[-44.05288,-21.40151],[-44.05327,-21.40252],[-44.05335,-21.40326],[-44.05316,-21.40471],[-44.05336,-21.40549],[-44.05369,-21.40591],[-44.05406,-21.40709],[-44.05472,-21.40759],[-44.05834,-21.40961],[-44.06008,-21.4096],[-44.06118,-21.41014],[-44.06222,-21.41025],[-44.06433,-21.40969],[-44.06499,-21.4093],[-44.06522,-21.40892],[-44.06552,-21.40719],[-44.06625,-21.40593],[-44.06686,-21.40543]],[[-44.12572,-21.29138],[-44.12566,-21.29182],[-44.12531,-21.29229],[-44.12589,-21.29255],[-44.12598,-21.29343],[-44.12547,-21.29409],[-44.12463,-21.29464],[-44.12342,-21.29453],[-44.12189,-21.29488],[-44.12092,-21.29551],[-44.12037,-21.29628],[-44.11997,-21.29648],[-44.1171,-21.29452],[-44.11729,-21.29328],[-44.11889,-21.29112],[-44.11911,-21.29027],[-44.12184,-21.28953],[-44.12308,-21.28887],[-44.12319,-21.28934],[-44.12375,-21.29001],[-44.12486,-21.29047],[-44.12505,-21.29073],[-44.1249,-21.29108],[-44.12572,-21.29138]]]}},{"id":"31","type":"Feature","properties":{"bairro":"Zona rural — Rio das Mortes","distrito":"Rio das Mortes","regiao":"Rio das Mortes","setores":6,"urbano":0},"geometry":{"type":"Polygon","coordinates":[[[-44.3245,-21.20747],[-44.32561,-21.20772],[-44.32708,-21.21077],[-44.32748,-21.211],[-44.32764,-21.21035],[-44.32808,-21.21027],[-44.32871,-21.21111],[-44.32986,-21.21153],[-44.32966,-21.21174],[-44.32854,-21.21188],[-44.3278,-21.21245],[-44.32651,-21.21284],[-44.32674,-21.21351],[-44.32662,-21.21377],[-44.32543,-21.2142],[-44.3253,-21.21448],[-44.3255,-21.2157],[-44.32798,-21.21657],[-44.32821,-21.21706],[-44.32804,-21.21784],[-44.32607,-21.21833],[-44.32473,-21.21797],[-44.32423,-21.21853],[-44.3221,-21.2187],[-44.32204,-21.21894],[-44.32223,-21.21908],[-44.32308,-21.21931],[-44.32359,-21.21968],[-44.32374,-21.22011],[-44.32349,-21.22073],[-44.32223,-21.22171],[-44.32216,-21.22194],[-44.32259,-21.22219],[-44.32403,-21.22225],[-44.32421,-21.22246],[-44.32406,-21.22284],[-44.32285,-21.22365],[-44.32366,-21.22499],[-44.32352,-21.22718],[-44.32315,-21.22893],[-44.32431,-21.23032],[-44.32424,-21.23054],[-44.32207,-21.23075],[-44.32307,-21.23112],[-44.32295,-21.23177],[-44.32448,-21.23285],[-44.32512,-21.23377],[-44.32519,-21.23426],[-44.32456,-21.23464],[-44.32452,-21.23489],[-44.32624,-21.2355],[-44.3274,-21.2363],[-44.32853,-21.23739],[-44.32836,-21.23892],[-44.32754,-21.24031],[-44.3276,-21.24088],[-44.32801,-21.24143],[-44.32979,-21.24269],[-44.33102,-21.24413],[-44.3315,-21.24418],[-44.33223,-21.24351],[-44.33279,-21.24349],[-44.33449,-21.24428],[-44.33474,-21.24425],[-44.33483,-21.24402],[-44.3349,-21.24327],[-44.33599,-21.24323],[-44.33645,-21.24139],[-44.3375,-21.24125],[-44.33881,-21.24052],[-44.34016,-21.24041],[-44.34059,-21.24004],[-44.34112,-21.23993],[-44.34188,-21.24005],[-44.34202,-21.24023],[-44.34213,-21.2412],[-44.34302,-21.24282],[-44.34481,-21.24261],[-44.345,-21.24285],[-44.34518,-21.24271],[-44.34764,-21.24259],[-44.35022,-21.24117],[-44.35182,-21.23893],[-44.35242,-21.23858],[-44.3541,-21.23815],[-44.35488,-21.23722],[-44.35588,-21.2368],[-44.35775,-21.23678],[-44.35905,-21.23562],[-44.36239,-21.23341],[-44.36271,-21.23336],[-44.3631,-21.23294],[-44.3638,-21.23212],[-44.36418,-21.23119],[-44.36364,-21.22889],[-44.36399,-21.22632],[-44.36368,-21.22548],[-44.36302,-21.22472],[-44.36092,-21.22294],[-44.35999,-21.22116],[-44.36,-21.22042],[-44.36252,-21.21703],[-44.3633,-21.21542],[-44.3649,-21.21378],[-44.36532,-21.21114],[-44.36679,-21.20909],[-44.36681,-21.20806],[-44.36633,-21.20643],[-44.36581,-21.20337],[-44.36584,-21.2016],[-44.36713,-21.20063],[-44.36797,-21.20064],[-44.36978,-21.20106],[-44.37093,-21.20052],[-44.37204,-21.19923],[-44.37314,-21.1984],[-44.37608,-21.19768],[-44.37731,-21.19626],[-44.37891,-21.19264],[-44.38008,-21.19147],[-44.38174,-21.19133],[-44.38375,-21.19154],[-44.38441,-21.19203],[-44.38562,-21.19244],[-44.38835,-21.19253],[-44.38998,-21.19331],[-44.39193,-21.19464],[-44.39517,-21.19628],[-44.39708,-21.19788],[-44.40006,-21.20103],[-44.40137,-21.20153],[-44.40244,-21.20164],[-44.40487,-21.20077],[-44.40558,-21.20087],[-44.40524,-21.20297],[-44.40549,-21.2037],[-44.40636,-21.20418],[-44.40789,-21.20456],[-44.40949,-21.20541],[-44.41178,-21.20778],[-44.41239,-21.20819],[-44.41387,-21.20861],[-44.41442,-21.20848],[-44.41513,-21.20785],[-44.41612,-21.20747],[-44.41668,-21.20663],[-44.41724,-21.20616],[-44.41726,-21.20452],[-44.41895,-21.20347],[-44.41976,-21.20335],[-44.42191,-21.20251],[-44.42193,-21.20182],[-44.42246,-21.20116],[-44.42252,-21.20068],[-44.42228,-21.19996],[-44.4214,-21.19906],[-44.42137,-21.19822],[-44.42096,-21.19754],[-44.42114,-21.1974],[-44.42086,-21.19673],[-44.42133,-21.19626],[-44.42162,-21.19555],[-44.42156,-21.1951],[-44.42068,-21.19464],[-44.42073,-21.19385],[-44.42112,-21.1932],[-44.4213,-21.18962],[-44.42095,-21.18882],[-44.42054,-21.1885],[-44.42014,-21.18709],[-44.42018,-21.18659],[-44.42046,-21.18617],[-44.4203,-21.18544],[-44.42057,-21.18503],[-44.42163,-21.18441],[-44.42278,-21.18316],[-44.42372,-21.1828],[-44.42382,-21.18256],[-44.42453,-21.18212],[-44.42515,-21.18128],[-44.42514,-21.1794],[-44.42568,-21.17859],[-44.4254,-21.1783],[-44.42539,-21.1775],[-44.4261,-21.17639],[-44.42601,-21.17588],[-44.42473,-21.17546],[-44.42438,-21.17513],[-44.42436,-21.17326],[-44.42395,-21.1726],[-44.424,-21.17209],[-44.42434,-21.17173],[-44.42279,-21.16767],[-44.42282,-21.16722],[-44.42352,-21.16588],[-44.42325,-21.16425],[-44.42269,-21.16342],[-44.42358,-21.1622],[-44.42355,-21.15952],[-44.42398,-21.15838],[-44.42404,-21.15754],[-44.42576,-21.15654],[-44.42609,-21.15602],[-44.42613,-21.15544],[-44.42607,-21.15466],[-44.42575,-21.15413],[-44.4248,-21.15268],[-44.42365,-21.15144],[-44.42241,-21.14952],[-44.42246,-21.14888],[-44.4231,-21.14858],[-44.423,-21.1481],[-44.4233,-21.14766],[-44.42225,-21.14782],[-44.42127,-21.14835],[-44.42074,-21.1482],[-44.42004,-21.14773],[-44.41986,-21.14716],[-44.41987,-21.14649],[-44.42044,-21.14556],[-44.4202,-21.14547],[-44.41943,-21.14586],[-44.41893,-21.14476],[-44.41756,-21.14386],[-44.41681,-21.14393],[-44.41638,-21.14484],[-44.41583,-21.14535],[-44.41338,-21.14532],[-44.41204,-21.1443],[-44.41129,-21.14407],[-44.40987,-21.1444],[-44.40978,-21.14466],[-44.41008,-21.14547],[-44.40862,-21.14576],[-44.4076,-21.14559],[-44.407,-21.14607],[-44.40611,-21.14643],[-44.40564,-21.14624],[-44.40443,-21.14455],[-44.40399,-21.14476],[-44.4035,-21.14534],[-44.40311,-21.14661],[-44.40182,-21.14687],[-44.40162,-21.14674],[-44.40165,-21.14591],[-44.40148,-21.14572],[-44.40065,-21.14558],[-44.39923,-21.14592],[-44.39761,-21.1469],[-44.39718,-21.14749],[-44.39719,-21.14838],[-44.3992,-21.14913],[-44.39906,-21.15121],[-44.39936,-21.15192],[-44.40036,-21.15288],[-44.40052,-21.1534],[-44.40025,-21.15387],[-44.39719,-21.15381],[-44.39429,-21.15334],[-44.39391,-21.15267],[-44.39392,-21.15183],[-44.39432,-21.15024],[-44.39568,-21.14777],[-44.39587,-21.14689],[-44.3957,-21.14498],[-44.39525,-21.14395],[-44.39432,-21.14296],[-44.39259,-21.14206],[-44.39165,-21.14128],[-44.39167,-21.14068],[-44.3924,-21.1388],[-44.3922,-21.13802],[-44.39152,-21.1376],[-44.38977,-21.13707],[-44.38851,-21.13619],[-44.38799,-21.13534],[-44.38794,-21.13444],[-44.3874,-21.13374],[-44.38644,-21.13335],[-44.38611,-21.13276],[-44.38379,-21.13191],[-44.38373,-21.13136],[-44.38316,-21.13141],[-44.38263,-21.13102],[-44.37973,-21.13013],[-44.37891,-21.12963],[-44.37848,-21.12876],[-44.37727,-21.12847],[-44.37649,-21.12849],[-44.37524,-21.1289],[-44.37331,-21.12878],[-44.37192,-21.129],[-44.37081,-21.12878],[-44.3694,-21.12814],[-44.36822,-21.12824],[-44.3657,-21.13003],[-44.36511,-21.12981],[-44.36305,-21.13077],[-44.36224,-21.13238],[-44.36199,-21.1325],[-44.36118,-21.13259],[-44.35987,-21.13207],[-44.35831,-21.1319],[-44.35754,-21.1316],[-44.35587,-21.13192],[-44.35525,-21.13233],[-44.35418,-21.1326],[-44.35279,-21.13396],[-44.35241,-21.13461],[-44.35146,-21.13533],[-44.35098,-21.1362],[-44.35037,-21.1363],[-44.34995,-21.13664],[-44.34901,-21.1367],[-44.34864,-21.1377],[-44.34767,-21.13795],[-44.34777,-21.13978],[-44.34732,-21.14037],[-44.34671,-21.14035],[-44.34554,-21.14089],[-44.3431,-21.14311],[-44.34234,-21.14338],[-44.34027,-21.14363],[-44.33814,-21.14326],[-44.33787,-21.14328],[-44.33768,-21.14363],[-44.33677,-21.14373],[-44.33608,-21.14478],[-44.33637,-21.14507],[-44.33622,-21.14606],[-44.33654,-21.14651],[-44.33332,-21.14749],[-44.33259,-21.14787],[-44.33229,-21.14842],[-44.33135,-21.14907],[-44.33039,-21.15058],[-44.32996,-21.15077],[-44.32957,-21.15065],[-44.32802,-21.15087],[-44.3267,-21.15164],[-44.32545,-21.15283],[-44.32534,-21.15421],[-44.32407,-21.15431],[-44.32243,-21.15499],[-44.32219,-21.15555],[-44.32112,-21.15594],[-44.32107,-21.15635],[-44.32069,-21.15675],[-44.31989,-21.15707],[-44.31727,-21.15716],[-44.31648,-21.15736],[-44.31499,-21.15801],[-44.31472,-21.15841],[-44.3138,-21.15867],[-44.31129,-21.15827],[-44.30881,-21.15713],[-44.30527,-21.1548],[-44.30442,-21.15453],[-44.30066,-21.15409],[-44.29734,-21.15407],[-44.29319,-21.15422],[-44.29212,-21.15473],[-44.29074,-21.15567],[-44.28913,-21.15816],[-44.28851,-21.15999],[-44.2884,-21.16412],[-44.28871,-21.1646],[-44.29081,-21.16627],[-44.29128,-21.16698],[-44.29125,-21.16745],[-44.29036,-21.16933],[-44.29022,-21.171],[-44.28979,-21.17164],[-44.28726,-21.17301],[-44.28513,-21.17366],[-44.28016,-21.17436],[-44.2793,-21.17587],[-44.27763,-21.17701],[-44.27673,-21.17862],[-44.27598,-21.17923],[-44.27386,-21.18001],[-44.27173,-21.17985],[-44.27086,-21.18009],[-44.267,-21.18288],[-44.26356,-21.18437],[-44.26242,-21.1851],[-44.26108,-21.18516],[-44.26055,-21.18562],[-44.26411,-21.18778],[-44.26471,-21.18855],[-44.26438,-21.1902],[-44.26538,-21.19257],[-44.26583,-21.19302],[-44.26594,-21.19355],[-44.26592,-21.19418],[-44.26552,-21.19502],[-44.2658,-21.19592],[-44.26544,-21.19725],[-44.26601,-21.19795],[-44.26687,-21.19957],[-44.26795,-21.2004],[-44.26794,-21.20096],[-44.26757,-21.20114],[-44.26757,-21.20146],[-44.26869,-21.20237],[-44.26892,-21.20292],[-44.26936,-21.20322],[-44.26991,-21.20404],[-44.26993,-21.20537],[-44.26914,-21.20704],[-44.26897,-21.20794],[-44.26893,-21.20937],[-44.26944,-21.21074],[-44.26945,-21.21212],[-44.26962,-21.21284],[-44.27002,-21.21311],[-44.2703,-21.214],[-44.27125,-21.21456],[-44.27148,-21.21491],[-44.27153,-21.21648],[-44.27251,-21.21806],[-44.2728,-21.21894],[-44.27326,-21.21939],[-44.27363,-21.22069],[-44.2733,-21.22157],[-44.27336,-21.22254],[-44.274,-21.22234],[-44.27469,-21.22279],[-44.27533,-21.22361],[-44.27512,-21.22419],[-44.27414,-21.22499],[-44.27428,-21.22533],[-44.27603,-21.22602],[-44.27601,-21.22665],[-44.27533,-21.22815],[-44.27903,-21.22863],[-44.2806,-21.22841],[-44.28104,-21.22818],[-44.28124,-21.2277],[-44.28064,-21.22754],[-44.28071,-21.22709],[-44.28134,-21.22658],[-44.28163,-21.22598],[-44.28214,-21.22581],[-44.28335,-21.22604],[-44.28343,-21.22748],[-44.28375,-21.22828],[-44.28473,-21.22879],[-44.28635,-21.22691],[-44.28658,-21.22637],[-44.28711,-21.22622],[-44.28775,-21.22722],[-44.28841,-21.22763],[-44.28963,-21.2273],[-44.2907,-21.22659],[-44.2914,-21.22692],[-44.29192,-21.22754],[-44.29239,-21.22765],[-44.29409,-21.22637],[-44.29704,-21.22513],[-44.29731,-21.2247],[-44.29628,-21.22401],[-44.29648,-21.22313],[-44.30027,-21.22183],[-44.30139,-21.22105],[-44.30364,-21.22042],[-44.30379,-21.22022],[-44.30367,-21.21918],[-44.30379,-21.21867],[-44.30477,-21.2177],[-44.30575,-21.21523],[-44.30631,-21.21429],[-44.30668,-21.21397],[-44.30737,-21.21379],[-44.30744,-21.21473],[-44.30874,-21.21518],[-44.30912,-21.21489],[-44.30984,-21.214],[-44.30933,-21.21291],[-44.30935,-21.21217],[-44.3102,-21.21261],[-44.31062,-21.21236],[-44.31078,-21.21193],[-44.31055,-21.21129],[-44.31063,-21.21105],[-44.3118,-21.21077],[-44.31201,-21.2109],[-44.3122,-21.21161],[-44.31275,-21.21215],[-44.31324,-21.21217],[-44.31334,-21.21191],[-44.31384,-21.21173],[-44.31618,-21.21207],[-44.31768,-21.21029],[-44.31784,-21.20958],[-44.31777,-21.2086],[-44.318,-21.20824],[-44.31847,-21.20803],[-44.31879,-21.20885],[-44.31901,-21.20894],[-44.31948,-21.20892],[-44.31964,-21.20842],[-44.32011,-21.20832],[-44.32173,-21.20922],[-44.32274,-21.20937],[-44.32325,-21.20918],[-44.32331,-21.20896],[-44.32278,-21.20822],[-44.32292,-21.2078],[-44.32369,-21.20758],[-44.32391,-21.20716],[-44.32414,-21.20711],[-44.3245,-21.20747]],[[-44.34596,-21.18478],[-44.34533,-21.18566],[-44.3448,-21.18552],[-44.34398,-21.18621],[-44.34364,-21.18613],[-44.34331,-21.18536],[-44.34337,-21.1845],[-44.34313,-21.18432],[-44.34259,-21.18448],[-44.34166,-21.1831],[-44.34129,-21.18318],[-44.34104,-21.18336],[-44.34139,-21.18377],[-44.34085,-21.18429],[-44.34112,-21.18496],[-44.33976,-21.18602],[-44.33945,-21.18602],[-44.33922,-21.18656],[-44.33932,-21.18735],[-44.33976,-21.18795],[-44.33928,-21.18918],[-44.33854,-21.18868],[-44.33715,-21.18849],[-44.33656,-21.1901],[-44.33561,-21.19021],[-44.33538,-21.1904],[-44.33549,-21.19118],[-44.3353,-21.19138],[-44.33489,-21.19138],[-44.33281,-21.19058],[-44.3324,-21.19067],[-44.33551,-21.1941],[-44.33762,-21.197],[-44.33909,-21.19812],[-44.34279,-21.19988],[-44.34042,-21.20187],[-44.33843,-21.19984],[-44.33535,-21.20027],[-44.33533,-21.19948],[-44.33506,-21.19903],[-44.33423,-21.19878],[-44.33408,-21.19856],[-44.334,-21.1976],[-44.33309,-21.19658],[-44.33274,-21.19513],[-44.33225,-21.19442],[-44.33147,-21.19401],[-44.33086,-21.19309],[-44.33043,-21.19452],[-44.3291,-21.1966],[-44.32865,-21.19589],[-44.32877,-21.19442],[-44.32847,-21.19362],[-44.32185,-21.1878],[-44.31908,-21.18577],[-44.32086,-21.18501],[-44.32225,-21.18591],[-44.32261,-21.18593],[-44.32439,-21.18515],[-44.32537,-21.18509],[-44.32586,-21.18484],[-44.32628,-21.18491],[-44.3256,-21.18421],[-44.32629,-21.18331],[-44.32693,-21.18334],[-44.32724,-21.18211],[-44.32766,-21.18198],[-44.32834,-21.18229],[-44.32885,-21.18414],[-44.33095,-21.18373],[-44.3316,-21.18449],[-44.33237,-21.18354],[-44.33343,-21.18311],[-44.3393,-21.18234],[-44.34034,-21.1817],[-44.34127,-21.18161],[-44.34098,-21.1804],[-44.34285,-21.18014],[-44.34267,-21.18143],[-44.34299,-21.18268],[-44.34432,-21.18383],[-44.34487,-21.18469],[-44.34596,-21.18478]]]}},{"id":"32","type":"Feature","properties":{"bairro":"Zona rural — São Gonçalo do Amarante","distrito":"São Gonçalo do Amarante","regiao":"São Gonçalo do Amarante","setores":2,"urbano":0},"geometry":{"type":"Polygon","coordinates":[[[-44.34796,-21.13732],[-44.34863,-21.13749],[-44.34901,-21.1367],[-44.34995,-21.13664],[-44.35037,-21.1363],[-44.35098,-21.1362],[-44.35146,-21.13533],[-44.35241,-21.13461],[-44.35279,-21.13396],[-44.35418,-21.1326],[-44.35525,-21.13233],[-44.35587,-21.13192],[-44.35754,-21.1316],[-44.35831,-21.1319],[-44.35987,-21.13207],[-44.36118,-21.13259],[-44.36199,-21.1325],[-44.36224,-21.13238],[-44.36305,-21.13077],[-44.36511,-21.12981],[-44.3657,-21.13003],[-44.3679,-21.12834],[-44.36854,-21.1282],[-44.3694,-21.12814],[-44.37081,-21.12878],[-44.37192,-21.129],[-44.37331,-21.12878],[-44.37524,-21.1289],[-44.37649,-21.12849],[-44.37727,-21.12847],[-44.37848,-21.12876],[-44.37891,-21.12963],[-44.37924,-21.12986],[-44.38177,-21.13085],[-44.38263,-21.13102],[-44.38286,-21.13131],[-44.38373,-21.13136],[-44.38379,-21.13191],[-44.38611,-21.13276],[-44.38644,-21.13335],[-44.3874,-21.13374],[-44.38794,-21.13444],[-44.38873,-21.13342],[-44.39068,-21.13258],[-44.39298,-21.13238],[-44.39655,-21.13251],[-44.3973,-21.13219],[-44.39962,-21.132],[-44.40237,-21.13107],[-44.40516,-21.13072],[-44.40639,-21.13101],[-44.40705,-21.1309],[-44.40835,-21.12939],[-44.40826,-21.12753],[-44.40847,-21.12534],[-44.40906,-21.12302],[-44.4106,-21.12178],[-44.41198,-21.12102],[-44.4128,-21.12092],[-44.41423,-21.12155],[-44.41499,-21.12155],[-44.41669,-21.1204],[-44.41765,-21.11908],[-44.41775,-21.1175],[-44.4172,-21.11571],[-44.41744,-21.11422],[-44.41863,-21.11268],[-44.42046,-21.11129],[-44.42076,-21.11067],[-44.42075,-21.11013],[-44.42025,-21.10902],[-44.41895,-21.10722],[-44.41871,-21.10597],[-44.4187,-21.10441],[-44.41935,-21.10255],[-44.42033,-21.10146],[-44.4225,-21.1],[-44.42383,-21.09882],[-44.42854,-21.09662],[-44.42859,-21.0964],[-44.42793,-21.09589],[-44.42754,-21.09531],[-44.42743,-21.09272],[-44.42644,-21.09235],[-44.42439,-21.09216],[-44.42381,-21.09163],[-44.42385,-21.09111],[-44.42424,-21.09041],[-44.42599,-21.08891],[-44.42633,-21.08792],[-44.42567,-21.08753],[-44.42432,-21.08761],[-44.42379,-21.0879],[-44.42118,-21.08836],[-44.42043,-21.08868],[-44.41745,-21.09134],[-44.41541,-21.09251],[-44.41504,-21.09294],[-44.41507,-21.09368],[-44.41685,-21.09442],[-44.41766,-21.0952],[-44.4175,-21.09595],[-44.41707,-21.09617],[-44.41397,-21.09664],[-44.4113,-21.09759],[-44.41079,-21.09742],[-44.41051,-21.09697],[-44.41052,-21.09253],[-44.40982,-21.09041],[-44.40855,-21.08851],[-44.40703,-21.08761],[-44.40546,-21.08504],[-44.40481,-21.08453],[-44.40429,-21.08445],[-44.40386,-21.08472],[-44.40367,-21.08519],[-44.40341,-21.08623],[-44.40347,-21.08705],[-44.4039,-21.08839],[-44.40539,-21.09051],[-44.40627,-21.09219],[-44.4063,-21.0929],[-44.4057,-21.09367],[-44.40433,-21.09421],[-44.40211,-21.09435],[-44.40067,-21.09468],[-44.39675,-21.09456],[-44.39511,-21.09396],[-44.39361,-21.09292],[-44.39268,-21.0928],[-44.38958,-21.09373],[-44.38752,-21.09388],[-44.38675,-21.09417],[-44.386,-21.09489],[-44.38549,-21.095],[-44.38484,-21.09456],[-44.38369,-21.09241],[-44.38367,-21.09129],[-44.38445,-21.08918],[-44.38448,-21.08841],[-44.38338,-21.08705],[-44.38166,-21.08587],[-44.38074,-21.08495],[-44.38028,-21.08412],[-44.37997,-21.08199],[-44.37927,-21.08062],[-44.37887,-21.08027],[-44.37818,-21.07993],[-44.3777,-21.07993],[-44.37663,-21.08034],[-44.3755,-21.08111],[-44.37497,-21.08172],[-44.37458,-21.08274],[-44.37403,-21.08345],[-44.37043,-21.08607],[-44.36962,-21.08787],[-44.36908,-21.08851],[-44.36836,-21.08867],[-44.36617,-21.08855],[-44.36575,-21.0881],[-44.36555,-21.08729],[-44.36566,-21.08408],[-44.36595,-21.08362],[-44.36597,-21.08307],[-44.36559,-21.08207],[-44.36529,-21.08172],[-44.36342,-21.08061],[-44.35972,-21.07987],[-44.35695,-21.07876],[-44.3563,-21.07832],[-44.35535,-21.07692],[-44.3544,-21.07498],[-44.35441,-21.07367],[-44.35471,-21.07198],[-44.35412,-21.07109],[-44.35267,-21.07044],[-44.35159,-21.07108],[-44.34787,-21.07079],[-44.34615,-21.07118],[-44.34487,-21.07084],[-44.34334,-21.06991],[-44.34302,-21.06991],[-44.34204,-21.07019],[-44.34132,-21.07071],[-44.34047,-21.07148],[-44.33972,-21.07291],[-44.33857,-21.07556],[-44.33839,-21.07672],[-44.33854,-21.07757],[-44.33914,-21.07836],[-44.34208,-21.0801],[-44.3422,-21.08058],[-44.34207,-21.08106],[-44.34021,-21.08258],[-44.33925,-21.083],[-44.33582,-21.08273],[-44.33361,-21.0812],[-44.33195,-21.08034],[-44.33136,-21.07984],[-44.33081,-21.07898],[-44.33079,-21.07704],[-44.33099,-21.07661],[-44.33163,-21.07615],[-44.33405,-21.07538],[-44.33454,-21.07449],[-44.33465,-21.07369],[-44.33448,-21.07297],[-44.33306,-21.07093],[-44.33235,-21.07031],[-44.33121,-21.06993],[-44.3296,-21.0696],[-44.3282,-21.06967],[-44.32689,-21.06949],[-44.32542,-21.06811],[-44.32451,-21.06667],[-44.32393,-21.06673],[-44.32037,-21.06879],[-44.31927,-21.06919],[-44.31767,-21.06941],[-44.31644,-21.06902],[-44.31628,-21.06885],[-44.31649,-21.06838],[-44.31908,-21.06657],[-44.31935,-21.06511],[-44.3193,-21.06394],[-44.31909,-21.06347],[-44.31884,-21.06324],[-44.31827,-21.06325],[-44.31672,-21.06376],[-44.31507,-21.06275],[-44.31296,-21.06293],[-44.31114,-21.06262],[-44.30971,-21.06154],[-44.3088,-21.06021],[-44.30814,-21.05963],[-44.30642,-21.05887],[-44.30637,-21.05793],[-44.30661,-21.05724],[-44.30781,-21.05581],[-44.30908,-21.05503],[-44.3097,-21.05431],[-44.30971,-21.05335],[-44.3089,-21.05255],[-44.30731,-21.05242],[-44.30352,-21.05149],[-44.30099,-21.05193],[-44.29984,-21.05184],[-44.2985,-21.05126],[-44.29621,-21.04964],[-44.29548,-21.04872],[-44.29512,-21.04731],[-44.29533,-21.04634],[-44.29602,-21.04473],[-44.29725,-21.04304],[-44.29724,-21.04223],[-44.29683,-21.04149],[-44.29523,-21.04063],[-44.29329,-21.04062],[-44.29275,-21.04093],[-44.292,-21.04234],[-44.29147,-21.04292],[-44.28793,-21.04357],[-44.28668,-21.04414],[-44.28613,-21.04478],[-44.28525,-21.04742],[-44.28519,-21.04944],[-44.28464,-21.05196],[-44.28316,-21.05307],[-44.28295,-21.05487],[-44.28208,-21.05541],[-44.27981,-21.05589],[-44.27824,-21.05645],[-44.27428,-21.05693],[-44.27385,-21.05855],[-44.27197,-21.06063],[-44.27238,-21.06191],[-44.27377,-21.06379],[-44.27409,-21.06754],[-44.27376,-21.06951],[-44.27314,-21.07004],[-44.27183,-21.07052],[-44.27099,-21.07054],[-44.2693,-21.07014],[-44.2681,-21.07023],[-44.26393,-21.07253],[-44.26329,-21.07312],[-44.26321,-21.07365],[-44.26341,-21.07455],[-44.26428,-21.07584],[-44.26532,-21.07639],[-44.26567,-21.07681],[-44.26598,-21.07752],[-44.26612,-21.07883],[-44.26587,-21.08182],[-44.26523,-21.08265],[-44.26383,-21.08379],[-44.26405,-21.08423],[-44.26466,-21.08466],[-44.26621,-21.08504],[-44.26692,-21.08544],[-44.26849,-21.08872],[-44.26864,-21.09065],[-44.26897,-21.09101],[-44.27276,-21.09315],[-44.2731,-21.09413],[-44.27411,-21.09501],[-44.2745,-21.09647],[-44.2811,-21.09901],[-44.28345,-21.09963],[-44.28747,-21.10125],[-44.28894,-21.10261],[-44.29142,-21.10547],[-44.29751,-21.10574],[-44.29957,-21.10668],[-44.29979,-21.10656],[-44.29992,-21.10612],[-44.3005,-21.10614],[-44.30216,-21.10754],[-44.30264,-21.10765],[-44.30313,-21.10751],[-44.30349,-21.10673],[-44.30417,-21.10651],[-44.30451,-21.1067],[-44.30542,-21.1066],[-44.30634,-21.10679],[-44.30679,-21.10599],[-44.30765,-21.10596],[-44.30928,-21.10737],[-44.30998,-21.10841],[-44.31164,-21.10948],[-44.31205,-21.11051],[-44.31294,-21.11079],[-44.31591,-21.10935],[-44.31682,-21.10795],[-44.31783,-21.10775],[-44.3188,-21.10672],[-44.31939,-21.10656],[-44.32025,-21.10698],[-44.32114,-21.10712],[-44.32211,-21.10863],[-44.32265,-21.10802],[-44.3237,-21.10918],[-44.32323,-21.10996],[-44.32442,-21.11099],[-44.32454,-21.11198],[-44.32499,-21.11178],[-44.32558,-21.11205],[-44.32498,-21.11236],[-44.32664,-21.1139],[-44.32539,-21.11467],[-44.32529,-21.11512],[-44.32461,-21.11486],[-44.32435,-21.11503],[-44.32539,-21.11658],[-44.32609,-21.11696],[-44.32669,-21.11667],[-44.32705,-21.11679],[-44.32719,-21.11717],[-44.32807,-21.11753],[-44.32832,-21.11847],[-44.33064,-21.11935],[-44.33063,-21.12074],[-44.33105,-21.12082],[-44.33167,-21.12131],[-44.33222,-21.12203],[-44.33284,-21.12193],[-44.33312,-21.1221],[-44.33301,-21.1236],[-44.33374,-21.12386],[-44.33387,-21.12413],[-44.33467,-21.12436],[-44.33467,-21.12489],[-44.33522,-21.12548],[-44.33561,-21.12548],[-44.33634,-21.12586],[-44.33643,-21.12617],[-44.33599,-21.12735],[-44.33615,-21.1276],[-44.33778,-21.12799],[-44.33811,-21.12846],[-44.33944,-21.1292],[-44.33971,-21.12955],[-44.34059,-21.1294],[-44.34194,-21.12995],[-44.34318,-21.12979],[-44.34399,-21.1301],[-44.34488,-21.12987],[-44.34518,-21.13004],[-44.34654,-21.13154],[-44.34764,-21.13329],[-44.34783,-21.13403],[-44.34734,-21.13575],[-44.34693,-21.13624],[-44.347,-21.13665],[-44.34796,-21.13732]],[[-44.33913,-21.10126],[-44.33946,-21.10088],[-44.3399,-21.09946],[-44.34691,-21.0995],[-44.34687,-21.10034],[-44.34715,-21.10087],[-44.34703,-21.1014],[-44.34732,-21.10172],[-44.34807,-21.10176],[-44.34857,-21.10276],[-44.34776,-21.10431],[-44.34656,-21.10519],[-44.34559,-21.10669],[-44.34333,-21.10822],[-44.34159,-21.10562],[-44.34104,-21.10552],[-44.34007,-21.1043],[-44.34012,-21.10404],[-44.33946,-21.10296],[-44.33949,-21.10199],[-44.33913,-21.10126]]]}},{"id":"33","type":"Feature","properties":{"bairro":"Zona rural — São João del Rei","distrito":"São João del Rei","regiao":"São João del Rei","setores":2,"urbano":0},"geometry":{"type":"MultiPolygon","coordinates":[[[[-44.22285,-21.15594],[-44.22039,-21.15608],[-44.21888,-21.15648],[-44.21833,-21.15615],[-44.21926,-21.15404],[-44.22034,-21.15255],[-44.22043,-21.15153],[-44.22152,-21.15076],[-44.22207,-21.14747],[-44.22344,-21.14762],[-44.22417,-21.14488],[-44.22153,-21.14451],[-44.2203,-21.14452],[-44.2197,-21.14328],[-44.22029,-21.14121],[-44.22027,-21.14023],[-44.22108,-21.13862],[-44.22106,-21.13811],[-44.22078,-21.13769],[-44.22144,-21.13635],[-44.22128,-21.13547],[-44.22172,-21.13458],[-44.22198,-21.13346],[-44.22261,-21.13244],[-44.22332,-21.13185],[-44.2235,-21.13137],[-44.22341,-21.13031],[-44.22367,-21.12994],[-44.22386,-21.12893],[-44.22367,-21.12851],[-44.22368,-21.1276],[-44.22224,-21.12639],[-44.22212,-21.126],[-44.2209,-21.12605],[-44.21845,-21.12493],[-44.2152,-21.12433],[-44.21427,-21.12439],[-44.21319,-21.12475],[-44.21184,-21.12471],[-44.21158,-21.12463],[-44.21116,-21.12394],[-44.2099,-21.12328],[-44.20841,-21.12267],[-44.20705,-21.12254],[-44.20568,-21.12212],[-44.20459,-21.12215],[-44.20348,-21.12274],[-44.19981,-21.12276],[-44.19806,-21.12338],[-44.19739,-21.12303],[-44.19629,-21.12381],[-44.19578,-21.1238],[-44.19497,-21.12299],[-44.19419,-21.12264],[-44.19296,-21.1227],[-44.1921,-21.1232],[-44.19169,-21.12444],[-44.19154,-21.12674],[-44.1908,-21.12754],[-44.18944,-21.12774],[-44.18406,-21.12707],[-44.18154,-21.12858],[-44.18033,-21.12977],[-44.1793,-21.13118],[-44.17772,-21.13216],[-44.17597,-21.13234],[-44.17369,-21.13207],[-44.17274,-21.13102],[-44.17209,-21.13231],[-44.17114,-21.13244],[-44.1697,-21.13348],[-44.16887,-21.13317],[-44.16705,-21.13383],[-44.16527,-21.13375],[-44.1649,-21.13342],[-44.16448,-21.13225],[-44.16423,-21.13215],[-44.16398,-21.13215],[-44.16346,-21.13268],[-44.16302,-21.13284],[-44.16256,-21.1335],[-44.16268,-21.13459],[-44.16493,-21.13467],[-44.16513,-21.13521],[-44.16506,-21.13671],[-44.16463,-21.13694],[-44.16408,-21.13621],[-44.1635,-21.13582],[-44.16327,-21.1358],[-44.16297,-21.13623],[-44.16295,-21.13726],[-44.16303,-21.1375],[-44.16346,-21.13766],[-44.16349,-21.13817],[-44.16317,-21.13869],[-44.16221,-21.13889],[-44.16267,-21.13968],[-44.1624,-21.14023],[-44.16186,-21.14054],[-44.16186,-21.1411],[-44.16215,-21.14178],[-44.16178,-21.14272],[-44.16196,-21.14375],[-44.1618,-21.14422],[-44.16058,-21.14523],[-44.16001,-21.14439],[-44.15903,-21.14433],[-44.15864,-21.14505],[-44.1587,-21.14551],[-44.15811,-21.14613],[-44.1578,-21.14713],[-44.15709,-21.14637],[-44.15662,-21.14625],[-44.15561,-21.14707],[-44.1555,-21.14761],[-44.15515,-21.14806],[-44.1546,-21.14771],[-44.15381,-21.1477],[-44.15342,-21.14807],[-44.15241,-21.15007],[-44.15204,-21.15038],[-44.15099,-21.15045],[-44.15045,-21.15],[-44.14965,-21.14969],[-44.14785,-21.14967],[-44.14741,-21.14911],[-44.14633,-21.14937],[-44.14478,-21.15009],[-44.14465,-21.15108],[-44.14408,-21.1516],[-44.14407,-21.15207],[-44.14541,-21.15261],[-44.14639,-21.15246],[-44.14661,-21.1528],[-44.14601,-21.1541],[-44.14555,-21.15407],[-44.14457,-21.15342],[-44.14434,-21.15359],[-44.14445,-21.15435],[-44.14552,-21.15552],[-44.14503,-21.15608],[-44.14391,-21.15684],[-44.14387,-21.15711],[-44.14426,-21.15781],[-44.14357,-21.15828],[-44.14343,-21.15898],[-44.1431,-21.15939],[-44.14272,-21.15915],[-44.14265,-21.15855],[-44.14244,-21.15835],[-44.14192,-21.15832],[-44.14116,-21.15867],[-44.14092,-21.15938],[-44.14138,-21.15959],[-44.14085,-21.16012],[-44.1407,-21.16071],[-44.14023,-21.16136],[-44.13977,-21.16142],[-44.13948,-21.16097],[-44.13901,-21.16084],[-44.13876,-21.16188],[-44.1373,-21.16199],[-44.13642,-21.16295],[-44.13582,-21.16432],[-44.13543,-21.16624],[-44.13542,-21.1675],[-44.13626,-21.1684],[-44.13618,-21.16868],[-44.13485,-21.16894],[-44.13439,-21.16974],[-44.13456,-21.16994],[-44.13563,-21.16998],[-44.13646,-21.1703],[-44.13658,-21.17077],[-44.13645,-21.17099],[-44.1347,-21.1711],[-44.13425,-21.17083],[-44.13368,-21.17134],[-44.13248,-21.17121],[-44.13228,-21.17291],[-44.13189,-21.17354],[-44.13148,-21.17374],[-44.13135,-21.17352],[-44.13145,-21.17255],[-44.13111,-21.17214],[-44.12912,-21.17206],[-44.12898,-21.17252],[-44.13013,-21.17387],[-44.12963,-21.17392],[-44.12877,-21.17335],[-44.12804,-21.17346],[-44.1273,-21.17433],[-44.12631,-21.17451],[-44.12627,-21.17474],[-44.12682,-21.17565],[-44.12666,-21.17583],[-44.12569,-21.17628],[-44.12534,-21.17585],[-44.12503,-21.17658],[-44.12466,-21.17692],[-44.12285,-21.17673],[-44.12139,-21.17779],[-44.12108,-21.17822],[-44.12121,-21.17867],[-44.12214,-21.17915],[-44.12225,-21.18015],[-44.12273,-21.18016],[-44.12303,-21.17972],[-44.12358,-21.17952],[-44.12432,-21.17959],[-44.12441,-21.1798],[-44.12398,-21.18013],[-44.12395,-21.18062],[-44.12499,-21.1819],[-44.12591,-21.18176],[-44.1262,-21.18227],[-44.12609,-21.18301],[-44.12567,-21.1832],[-44.12519,-21.18304],[-44.12475,-21.18401],[-44.12711,-21.18613],[-44.12737,-21.18656],[-44.12735,-21.18797],[-44.1281,-21.18939],[-44.12822,-21.19068],[-44.12845,-21.1909],[-44.12866,-21.19166],[-44.12898,-21.19197],[-44.12955,-21.19419],[-44.12948,-21.19441],[-44.12763,-21.19429],[-44.12776,-21.19526],[-44.12884,-21.19638],[-44.12947,-21.19759],[-44.12943,-21.19949],[-44.12971,-21.20049],[-44.13138,-21.20133],[-44.13161,-21.20131],[-44.13216,-21.20057],[-44.1327,-21.20035],[-44.13321,-21.20087],[-44.13424,-21.20077],[-44.13453,-21.20127],[-44.1353,-21.20126],[-44.13624,-21.2017],[-44.13634,-21.20255],[-44.13605,-21.20348],[-44.1373,-21.20365],[-44.13734,-21.20531],[-44.1379,-21.20575],[-44.1379,-21.20629],[-44.13874,-21.20694],[-44.13921,-21.20779],[-44.13949,-21.20962],[-44.13882,-21.21001],[-44.13861,-21.21043],[-44.13923,-21.21109],[-44.13927,-21.21179],[-44.1401,-21.21347],[-44.13975,-21.21484],[-44.14013,-21.21519],[-44.14108,-21.2151],[-44.14151,-21.21537],[-44.14184,-21.21646],[-44.14196,-21.21801],[-44.1433,-21.22047],[-44.14416,-21.22153],[-44.14477,-21.22337],[-44.14535,-21.22447],[-44.14566,-21.22494],[-44.14782,-21.22634],[-44.14947,-21.22649],[-44.15034,-21.22621],[-44.15166,-21.22613],[-44.15219,-21.22644],[-44.1526,-21.22754],[-44.15265,-21.22835],[-44.15209,-21.22923],[-44.15199,-21.22983],[-44.15243,-21.23114],[-44.15224,-21.23242],[-44.15244,-21.23283],[-44.15299,-21.233],[-44.15309,-21.23327],[-44.15259,-21.23442],[-44.15296,-21.23575],[-44.15289,-21.23599],[-44.15227,-21.23626],[-44.15247,-21.23817],[-44.15193,-21.23962],[-44.15242,-21.24161],[-44.15289,-21.24257],[-44.15287,-21.24314],[-44.15199,-21.24476],[-44.15197,-21.24577],[-44.15322,-21.24725],[-44.15439,-21.24937],[-44.15642,-21.25061],[-44.1571,-21.25161],[-44.15874,-21.25197],[-44.15994,-21.25297],[-44.16102,-21.25356],[-44.16202,-21.25478],[-44.16404,-21.25642],[-44.16648,-21.25708],[-44.16712,-21.25744],[-44.16985,-21.25695],[-44.17097,-21.257],[-44.17205,-21.25775],[-44.17327,-21.25828],[-44.17442,-21.25851],[-44.17675,-21.25819],[-44.17724,-21.25796],[-44.17837,-21.25822],[-44.18044,-21.25821],[-44.18259,-21.25747],[-44.1826,-21.25511],[-44.1829,-21.25369],[-44.18322,-21.25326],[-44.1836,-21.25123],[-44.1832,-21.24985],[-44.18327,-21.24927],[-44.18416,-21.24624],[-44.18417,-21.24402],[-44.18447,-21.24325],[-44.18467,-21.24115],[-44.18426,-21.23988],[-44.18469,-21.23922],[-44.18476,-21.23875],[-44.18473,-21.23758],[-44.18447,-21.23686],[-44.18474,-21.23627],[-44.18537,-21.23565],[-44.18637,-21.23518],[-44.18674,-21.2345],[-44.1871,-21.23275],[-44.18693,-21.23179],[-44.18755,-21.23057],[-44.18796,-21.22881],[-44.18839,-21.22832],[-44.18861,-21.22668],[-44.18913,-21.22536],[-44.18861,-21.22386],[-44.18881,-21.22244],[-44.18833,-21.22123],[-44.18841,-21.22048],[-44.18921,-21.21963],[-44.18918,-21.21921],[-44.18974,-21.21779],[-44.19156,-21.21613],[-44.19152,-21.21568],[-44.19317,-21.21543],[-44.19377,-21.21478],[-44.19409,-21.21467],[-44.19463,-21.21482],[-44.1954,-21.21425],[-44.19625,-21.21322],[-44.19596,-21.21054],[-44.19655,-21.20953],[-44.19721,-21.20936],[-44.19747,-21.20904],[-44.19808,-21.20775],[-44.19809,-21.20715],[-44.19941,-21.20383],[-44.19962,-21.20248],[-44.19937,-21.20162],[-44.19951,-21.20122],[-44.20019,-21.2008],[-44.20168,-21.20104],[-44.20192,-21.2015],[-44.20216,-21.2013],[-44.20277,-21.20045],[-44.20271,-21.20007],[-44.20208,-21.19948],[-44.2021,-21.19901],[-44.20404,-21.19879],[-44.20429,-21.19869],[-44.20444,-21.19819],[-44.20436,-21.19779],[-44.2035,-21.19767],[-44.20304,-21.19608],[-44.20415,-21.1959],[-44.20485,-21.19548],[-44.20568,-21.19391],[-44.2054,-21.19382],[-44.20459,-21.19401],[-44.20417,-21.19341],[-44.20512,-21.19256],[-44.20562,-21.19276],[-44.207,-21.19258],[-44.20654,-21.19187],[-44.20583,-21.19194],[-44.2056,-21.19178],[-44.20497,-21.19004],[-44.2041,-21.19024],[-44.20369,-21.18977],[-44.20311,-21.18966],[-44.2037,-21.18868],[-44.20331,-21.18808],[-44.20363,-21.18694],[-44.20463,-21.18667],[-44.20484,-21.18632],[-44.20455,-21.18344],[-44.20473,-21.18282],[-44.2049,-21.18259],[-44.20586,-21.18244],[-44.20613,-21.18206],[-44.20557,-21.18097],[-44.20556,-21.18006],[-44.20475,-21.17979],[-44.2046,-21.17947],[-44.20485,-21.17906],[-44.2047,-21.1776],[-44.20518,-21.17729],[-44.2053,-21.17695],[-44.20515,-21.17576],[-44.20551,-21.17521],[-44.20593,-21.17505],[-44.207,-21.17562],[-44.20761,-21.17552],[-44.20821,-21.17568],[-44.20867,-21.17528],[-44.20864,-21.17443],[-44.20941,-21.17386],[-44.20996,-21.1738],[-44.21081,-21.17454],[-44.2111,-21.17457],[-44.21197,-21.17407],[-44.21232,-21.17349],[-44.213,-21.17301],[-44.21317,-21.17163],[-44.21396,-21.17068],[-44.21442,-21.1694],[-44.21677,-21.16623],[-44.2175,-21.16611],[-44.21842,-21.16647],[-44.22011,-21.1654],[-44.22062,-21.16639],[-44.22109,-21.16651],[-44.2214,-21.16631],[-44.22251,-21.16486],[-44.22227,-21.16431],[-44.2206,-21.16379],[-44.2199,-21.16268],[-44.2176,-21.16243],[-44.21736,-21.16224],[-44.21725,-21.16158],[-44.21731,-21.16137],[-44.21783,-21.16117],[-44.2189,-21.16133],[-44.21958,-21.16086],[-44.21998,-21.15995],[-44.22169,-21.15972],[-44.22269,-21.1593],[-44.22291,-21.15847],[-44.22363,-21.15803],[-44.22391,-21.15731],[-44.2236,-21.15634],[-44.22285,-21.15594]],[[-44.19196,-21.13741],[-44.19313,-21.13717],[-44.20296,-21.13764],[-44.20289,-21.13834],[-44.20166,-21.14037],[-44.20166,-21.14071],[-44.20218,-21.14169],[-44.20168,-21.14266],[-44.2016,-21.14333],[-44.20223,-21.14431],[-44.20221,-21.14505],[-44.20249,-21.14545],[-44.2042,-21.14574],[-44.20565,-21.1466],[-44.20564,-21.14726],[-44.20617,-21.14857],[-44.20577,-21.15082],[-44.20636,-21.15248],[-44.20609,-21.15349],[-44.20513,-21.15337],[-44.20408,-21.15354],[-44.20302,-21.15409],[-44.20212,-21.15396],[-44.19906,-21.15256],[-44.19819,-21.15174],[-44.19695,-21.1515],[-44.19674,-21.15107],[-44.1968,-21.14922],[-44.19784,-21.14731],[-44.19769,-21.14696],[-44.19539,-21.14804],[-44.19323,-21.14848],[-44.19275,-21.14723],[-44.19172,-21.14177],[-44.19196,-21.13741]]],[[[-44.22482,-21.0744],[-44.22407,-21.07545],[-44.22439,-21.0751],[-44.225,-21.0751],[-44.22584,-21.07588],[-44.22577,-21.0762],[-44.22512,-21.07669],[-44.22554,-21.07734],[-44.22657,-21.07763],[-44.22688,-21.07811],[-44.22766,-21.07858],[-44.23032,-21.07867],[-44.23077,-21.07898],[-44.23223,-21.07937],[-44.23266,-21.07879],[-44.23296,-21.07875],[-44.23345,-21.07914],[-44.23375,-21.07998],[-44.23674,-21.07991],[-44.23636,-21.0814],[-44.23672,-21.08171],[-44.23774,-21.08159],[-44.23803,-21.08219],[-44.23736,-21.08279],[-44.23764,-21.08427],[-44.23724,-21.0845],[-44.23639,-21.08439],[-44.23595,-21.08461],[-44.23631,-21.08537],[-44.23627,-21.08631],[-44.23685,-21.08643],[-44.23808,-21.08599],[-44.23838,-21.08619],[-44.23851,-21.08686],[-44.23885,-21.0871],[-44.24049,-21.08651],[-44.24083,-21.08799],[-44.24071,-21.0884],[-44.24,-21.08887],[-44.23992,-21.08908],[-44.24027,-21.08938],[-44.24077,-21.08935],[-44.24123,-21.08889],[-44.24129,-21.08796],[-44.24153,-21.08779],[-44.24227,-21.08806],[-44.24243,-21.08845],[-44.24243,-21.08874],[-44.24198,-21.08896],[-44.24102,-21.0903],[-44.24094,-21.09061],[-44.24131,-21.09135],[-44.2411,-21.09213],[-44.24142,-21.09267],[-44.24141,-21.09302],[-44.24114,-21.09319],[-44.24054,-21.09315],[-44.24033,-21.09336],[-44.24035,-21.09372],[-44.24087,-21.09454],[-44.24073,-21.09507],[-44.24024,-21.09539],[-44.24024,-21.09585],[-44.24054,-21.09615],[-44.24192,-21.09606],[-44.24219,-21.09639],[-44.24222,-21.09693],[-44.2419,-21.09717],[-44.2412,-21.09715],[-44.24034,-21.0965],[-44.24005,-21.09664],[-44.24007,-21.09712],[-44.24104,-21.09774],[-44.24191,-21.09768],[-44.24262,-21.0973],[-44.24279,-21.09748],[-44.24214,-21.09819],[-44.24125,-21.09831],[-44.24101,-21.09855],[-44.24104,-21.09915],[-44.24165,-21.09952],[-44.24235,-21.09931],[-44.24257,-21.09899],[-44.24263,-21.09825],[-44.24294,-21.09789],[-44.24422,-21.09774],[-44.24451,-21.09823],[-44.24403,-21.09963],[-44.24463,-21.10021],[-44.24463,-21.10096],[-44.2449,-21.10126],[-44.24536,-21.10119],[-44.24616,-21.10064],[-44.24644,-21.09976],[-44.24642,-21.09865],[-44.247,-21.09803],[-44.24758,-21.09778],[-44.24829,-21.09778],[-44.24996,-21.09923],[-44.25058,-21.09953],[-44.25154,-21.09943],[-44.25246,-21.09894],[-44.25331,-21.09907],[-44.25496,-21.10016],[-44.25613,-21.1002],[-44.25715,-21.09969],[-44.25764,-21.09886],[-44.25779,-21.09708],[-44.2584,-21.09605],[-44.25852,-21.09383],[-44.25871,-21.09337],[-44.26009,-21.09425],[-44.26112,-21.09336],[-44.26162,-21.09266],[-44.26217,-21.09238],[-44.26298,-21.09274],[-44.26422,-21.09433],[-44.26656,-21.09445],[-44.2671,-21.09513],[-44.26787,-21.09508],[-44.269,-21.09458],[-44.27031,-21.0945],[-44.27222,-21.09567],[-44.2745,-21.09647],[-44.27411,-21.09501],[-44.2731,-21.09413],[-44.27276,-21.09315],[-44.26877,-21.09085],[-44.26855,-21.09043],[-44.26842,-21.0885],[-44.26692,-21.08544],[-44.26652,-21.08515],[-44.26466,-21.08466],[-44.26421,-21.0844],[-44.26383,-21.08379],[-44.26302,-21.08407],[-44.26226,-21.08402],[-44.26113,-21.08321],[-44.25869,-21.0826],[-44.25767,-21.08205],[-44.25632,-21.08201],[-44.25491,-21.08224],[-44.25081,-21.08109],[-44.24987,-21.081],[-44.24841,-21.08015],[-44.24763,-21.08014],[-44.24694,-21.0804],[-44.2462,-21.08029],[-44.24545,-21.07904],[-44.24512,-21.07716],[-44.24388,-21.07603],[-44.24377,-21.07411],[-44.2435,-21.07303],[-44.2414,-21.07114],[-44.24026,-21.06881],[-44.23939,-21.06764],[-44.2387,-21.06726],[-44.23693,-21.06706],[-44.23619,-21.06634],[-44.23494,-21.06447],[-44.23447,-21.06453],[-44.23386,-21.06525],[-44.23233,-21.06619],[-44.23231,-21.06692],[-44.23132,-21.06719],[-44.23129,-21.06773],[-44.23026,-21.06844],[-44.23061,-21.07032],[-44.2306,-21.07065],[-44.23015,-21.07126],[-44.22879,-21.07162],[-44.22846,-21.07211],[-44.22653,-21.07362],[-44.22482,-21.0744]]]]}},{"id":"34","type":"Feature","properties":{"bairro":"Zona rural — São Sebastião da Vitória","distrito":"São Sebastião da Vitória","regiao":"São Sebastião da Vitória","setores":3,"urbano":0},"geometry":{"type":"MultiPolygon","coordinates":[[[[-44.49449,-21.33853],[-44.49403,-21.33868],[-44.49431,-21.33893],[-44.49414,-21.33949],[-44.49433,-21.34013],[-44.49412,-21.34168],[-44.49467,-21.34159],[-44.49491,-21.34189],[-44.49489,-21.34253],[-44.49459,-21.34316],[-44.49365,-21.34412],[-44.49379,-21.34482],[-44.49434,-21.34507],[-44.49546,-21.34501],[-44.49652,-21.34459],[-44.49796,-21.34369],[-44.49802,-21.34298],[-44.49833,-21.34281],[-44.49806,-21.3413],[-44.49879,-21.34062],[-44.49962,-21.34051],[-44.50026,-21.33688],[-44.50009,-21.33677],[-44.49882,-21.33729],[-44.49441,-21.3384],[-44.49449,-21.33853]]],[[[-44.35999,-21.22116],[-44.36092,-21.22294],[-44.36302,-21.22472],[-44.36383,-21.22585],[-44.36399,-21.22632],[-44.36364,-21.22889],[-44.36418,-21.23119],[-44.3638,-21.23212],[-44.36271,-21.23336],[-44.36239,-21.23341],[-44.35905,-21.23562],[-44.35775,-21.23678],[-44.35588,-21.2368],[-44.35488,-21.23722],[-44.3541,-21.23815],[-44.35242,-21.23858],[-44.35182,-21.23893],[-44.35022,-21.24117],[-44.34858,-21.24215],[-44.34741,-21.24265],[-44.34518,-21.24271],[-44.34433,-21.2439],[-44.34411,-21.24535],[-44.34478,-21.24623],[-44.34641,-21.24742],[-44.34669,-21.24858],[-44.34709,-21.24918],[-44.34843,-21.25012],[-44.34864,-21.25075],[-44.3482,-21.25097],[-44.34811,-21.2514],[-44.3487,-21.25247],[-44.34895,-21.25393],[-44.34942,-21.25407],[-44.35029,-21.25536],[-44.35111,-21.25592],[-44.35336,-21.25634],[-44.35414,-21.25588],[-44.35626,-21.25622],[-44.35755,-21.25546],[-44.35972,-21.25465],[-44.3601,-21.25461],[-44.36035,-21.25493],[-44.361,-21.25514],[-44.36124,-21.25486],[-44.36188,-21.25466],[-44.36377,-21.25551],[-44.36456,-21.25568],[-44.36532,-21.2562],[-44.36642,-21.25613],[-44.36772,-21.25672],[-44.36969,-21.25696],[-44.36938,-21.25652],[-44.36923,-21.2557],[-44.3702,-21.25505],[-44.37094,-21.25379],[-44.37288,-21.25231],[-44.37337,-21.25148],[-44.37409,-21.25127],[-44.37502,-21.25111],[-44.37561,-21.25125],[-44.37715,-21.25198],[-44.37812,-21.25295],[-44.37965,-21.2532],[-44.38008,-21.2531],[-44.38091,-21.25115],[-44.3819,-21.25018],[-44.38258,-21.24979],[-44.38334,-21.24964],[-44.38516,-21.25026],[-44.38734,-21.25036],[-44.38946,-21.25154],[-44.39102,-21.24899],[-44.39112,-21.24813],[-44.39168,-21.24742],[-44.39154,-21.2469],[-44.39188,-21.24592],[-44.3925,-21.24565],[-44.39244,-21.2451],[-44.39264,-21.24473],[-44.3932,-21.2446],[-44.39345,-21.24423],[-44.39297,-21.24323],[-44.39226,-21.24269],[-44.3925,-21.24214],[-44.39238,-21.24167],[-44.39155,-21.24159],[-44.39151,-21.24113],[-44.39209,-21.24105],[-44.39244,-21.24068],[-44.39337,-21.24034],[-44.39572,-21.23986],[-44.39712,-21.23924],[-44.39806,-21.23837],[-44.39656,-21.23721],[-44.39895,-21.23362],[-44.39884,-21.22875],[-44.39921,-21.22842],[-44.40046,-21.22796],[-44.40089,-21.22572],[-44.40182,-21.22502],[-44.40217,-21.22447],[-44.40234,-21.22386],[-44.40283,-21.22324],[-44.40273,-21.22286],[-44.40319,-21.22244],[-44.403,-21.22216],[-44.40315,-21.22173],[-44.4036,-21.22158],[-44.40403,-21.2209],[-44.40457,-21.22091],[-44.40514,-21.22045],[-44.40527,-21.21992],[-44.40586,-21.21967],[-44.40753,-21.2195],[-44.40828,-21.21892],[-44.40845,-21.21837],[-44.40873,-21.21831],[-44.40899,-21.21751],[-44.40927,-21.21774],[-44.40951,-21.21762],[-44.40889,-21.21608],[-44.40912,-21.2157],[-44.40949,-21.21565],[-44.40977,-21.21448],[-44.41133,-21.21299],[-44.41155,-21.21194],[-44.41244,-21.21175],[-44.41253,-21.21096],[-44.41408,-21.21024],[-44.41424,-21.20981],[-44.41489,-21.20968],[-44.41516,-21.20941],[-44.41517,-21.20907],[-44.41473,-21.20852],[-44.41363,-21.20861],[-44.41239,-21.20819],[-44.41178,-21.20778],[-44.40949,-21.20541],[-44.40789,-21.20456],[-44.40636,-21.20418],[-44.40549,-21.2037],[-44.40524,-21.20297],[-44.40558,-21.20087],[-44.40536,-21.20074],[-44.40487,-21.20077],[-44.40244,-21.20164],[-44.40073,-21.20131],[-44.39955,-21.20063],[-44.39708,-21.19788],[-44.39517,-21.19628],[-44.39193,-21.19464],[-44.38947,-21.19302],[-44.38835,-21.19253],[-44.3853,-21.19236],[-44.38375,-21.19154],[-44.38032,-21.19139],[-44.37985,-21.19157],[-44.37891,-21.19264],[-44.37731,-21.19626],[-44.37608,-21.19768],[-44.37314,-21.1984],[-44.37204,-21.19923],[-44.37093,-21.20052],[-44.36978,-21.20106],[-44.36797,-21.20064],[-44.36713,-21.20063],[-44.36584,-21.2016],[-44.36581,-21.20337],[-44.36633,-21.20643],[-44.36681,-21.20806],[-44.36679,-21.20909],[-44.36532,-21.21114],[-44.3649,-21.21378],[-44.3633,-21.21542],[-44.36252,-21.21703],[-44.36008,-21.22019],[-44.35999,-21.22116]]]]}}]}