{"type":"FeatureCollection","features":[{"id":"0","type":"Feature","properties":{"bairro":"Alto Sao Luis","distrito":"Pará de Minas","regiao":"Pará de Minas","setores":3,"urbano":3},"geometry":{"type":"Polygon","coordinates":[[[-44.58704,-19.87106],[-44.58656,-19.87084],[-44.5859,-19.87162],[-44.58505,-19.87159],[-44.58403,-19.87225],[-44.58306,-19.87374],[-44.58128,-19.87545],[-44.57948,-19.87632],[-44.57968,-19.87644],[-44.58127,-19.88024],[-44.58095,-19.88073],[-44.57921,-19.88212],[-44.57905,-19.88282],[-44.57932,-19.88333],[-44.57996,-19.88358],[-44.58049,-19.88344],[-44.58143,-19.88557],[-44.58223,-19.88556],[-44.58285,-19.88427],[-44.58319,-19.88429],[-44.58361,-19.88481],[-44.5839,-19.88462],[-44.58382,-19.8843],[-44.58441,-19.88457],[-44.58506,-19.88453],[-44.58744,-19.88287],[-44.58854,-19.88256],[-44.58895,-19.88201],[-44.58949,-19.88042],[-44.59005,-19.87969],[-44.59086,-19.87918],[-44.59227,-19.87894],[-44.5937,-19.87763],[-44.59423,-19.8775],[-44.5953,-19.87616],[-44.59583,-19.876],[-44.59515,-19.87543],[-44.59634,-19.87393],[-44.59677,-19.87243],[-44.59404,-19.87172],[-44.59391,-19.87087],[-44.59215,-19.87163],[-44.59082,-19.87264],[-44.59001,-19.87237],[-44.59056,-19.87211],[-44.59277,-19.86879],[-44.59179,-19.86828],[-44.59163,-19.86849],[-44.59098,-19.86812],[-44.58946,-19.86998],[-44.58889,-19.87126],[-44.58759,-19.87063],[-44.58704,-19.87106]],[[-44.5929,-19.87201],[-44.59236,-19.87316],[-44.59198,-19.87297],[-44.59254,-19.87169],[-44.5929,-19.87201]]]}},{"id":"1","type":"Feature","properties":{"bairro":"Alto dos Penha","distrito":"Pará de Minas","regiao":"Pará de Minas","setores":1,"urbano":0},"geometry":{"type":"Polygon","coordinates":[[[-44.66439,-19.79872],[-44.66462,-19.79902],[-44.66378,-19.79951],[-44.66353,-19.79946],[-44.66315,-19.79886],[-44.66249,-19.79913],[-44.66204,-19.79905],[-44.66164,-19.79952],[-44.66106,-19.79906],[-44.66079,-19.79912],[-44.66036,-19.80028],[-44.65974,-19.8009],[-44.66013,-19.80151],[-44.66011,-19.80178],[-44.65968,-19.80191],[-44.65909,-19.8015],[-44.65846,-19.80166],[-44.65847,-19.80253],[-44.65941,-19.80296],[-44.6596,-19.80327],[-44.65952,-19.80354],[-44.65898,-19.80354],[-44.65853,-19.80381],[-44.65803,-19.80527],[-44.65695,-19.80533],[-44.65721,-19.8077],[-44.65706,-19.80843],[-44.65738,-19.80923],[-44.65712,-19.80997],[-44.65649,-19.81004],[-44.65466,-19.80955],[-44.65345,-19.80953],[-44.65356,-19.80886],[-44.65266,-19.80834],[-44.65278,-19.80795],[-44.65347,-19.80723],[-44.65311,-19.80704],[-44.65256,-19.80722],[-44.65213,-19.80666],[-44.65166,-19.80675],[-44.65049,-19.80945],[-44.65061,-19.80999],[-44.65139,-19.8107],[-44.65137,-19.8111],[-44.65097,-19.81121],[-44.65036,-19.81108],[-44.64916,-19.81144],[-44.64854,-19.81126],[-44.64828,-19.81069],[-44.64792,-19.81087],[-44.64715,-19.81248],[-44.64755,-19.81342],[-44.64676,-19.81472],[-44.6463,-19.81503],[-44.6461,-19.81577],[-44.64753,-19.81582],[-44.64849,-19.81634],[-44.64925,-19.81725],[-44.6499,-19.81723],[-44.65025,-19.81833],[-44.65367,-19.82164],[-44.65385,-19.82204],[-44.65363,-19.82239],[-44.65387,-19.82271],[-44.65431,-19.82283],[-44.65571,-19.82261],[-44.656,-19.82324],[-44.65641,-19.82336],[-44.6578,-19.82339],[-44.65886,-19.82308],[-44.65989,-19.82316],[-44.66109,-19.82294],[-44.66152,-19.82349],[-44.66177,-19.82434],[-44.66397,-19.82568],[-44.6687,-19.82578],[-44.66931,-19.82479],[-44.67191,-19.8232],[-44.67287,-19.82301],[-44.67411,-19.82236],[-44.67547,-19.82278],[-44.67602,-19.82269],[-44.67694,-19.82034],[-44.6783,-19.81985],[-44.68071,-19.8183],[-44.6816,-19.81711],[-44.68212,-19.81549],[-44.68266,-19.81509],[-44.68233,-19.81415],[-44.68238,-19.81369],[-44.68345,-19.81284],[-44.68354,-19.81194],[-44.68304,-19.81059],[-44.68314,-19.81013],[-44.68396,-19.80887],[-44.68518,-19.80809],[-44.6883,-19.80416],[-44.68876,-19.804],[-44.69024,-19.80456],[-44.69405,-19.80341],[-44.69446,-19.80365],[-44.69463,-19.80408],[-44.6946,-19.80585],[-44.69487,-19.80627],[-44.69579,-19.80661],[-44.69669,-19.80618],[-44.69674,-19.80471],[-44.69638,-19.80374],[-44.69672,-19.80282],[-44.69757,-19.80319],[-44.69901,-19.80289],[-44.70027,-19.80212],[-44.70081,-19.80076],[-44.70129,-19.80042],[-44.70241,-19.80028],[-44.70353,-19.79872],[-44.70377,-19.7978],[-44.70332,-19.7964],[-44.7039,-19.79557],[-44.7048,-19.79514],[-44.70529,-19.79431],[-44.70497,-19.7933],[-44.70398,-19.79233],[-44.70413,-19.79187],[-44.70539,-19.79093],[-44.70583,-19.78951],[-44.70617,-19.78912],[-44.70763,-19.78917],[-44.70724,-19.78809],[-44.7079,-19.7868],[-44.70785,-19.78636],[-44.70387,-19.7842],[-44.70198,-19.78364],[-44.70077,-19.78279],[-44.70031,-19.78274],[-44.69982,-19.78297],[-44.69924,-19.78368],[-44.69834,-19.78338],[-44.69633,-19.78106],[-44.69483,-19.77963],[-44.69393,-19.77839],[-44.69359,-19.77747],[-44.69462,-19.77584],[-44.69447,-19.77538],[-44.69329,-19.77368],[-44.69184,-19.77301],[-44.69091,-19.77333],[-44.6903,-19.77413],[-44.68981,-19.77445],[-44.68929,-19.77451],[-44.68759,-19.77647],[-44.68651,-19.77725],[-44.68636,-19.7776],[-44.68533,-19.7785],[-44.68456,-19.77883],[-44.68414,-19.77867],[-44.68361,-19.77809],[-44.68349,-19.77772],[-44.68379,-19.77715],[-44.68418,-19.77737],[-44.68449,-19.77733],[-44.68359,-19.77625],[-44.68338,-19.77621],[-44.68319,-19.77649],[-44.68293,-19.77735],[-44.68221,-19.77737],[-44.68206,-19.77775],[-44.68222,-19.77803],[-44.68343,-19.7787],[-44.68337,-19.7792],[-44.68265,-19.77984],[-44.68262,-19.78018],[-44.68294,-19.78143],[-44.68337,-19.78208],[-44.68331,-19.7823],[-44.68114,-19.78255],[-44.68023,-19.78199],[-44.68008,-19.78086],[-44.67972,-19.7808],[-44.67945,-19.78109],[-44.6794,-19.78164],[-44.67833,-19.78258],[-44.67814,-19.78334],[-44.6785,-19.78409],[-44.67889,-19.78444],[-44.67919,-19.78556],[-44.67908,-19.78721],[-44.67975,-19.78852],[-44.67949,-19.78883],[-44.67805,-19.78894],[-44.67769,-19.78915],[-44.6782,-19.79053],[-44.67797,-19.79176],[-44.67834,-19.79194],[-44.67933,-19.79163],[-44.67982,-19.79166],[-44.68001,-19.79202],[-44.67881,-19.79364],[-44.67664,-19.79518],[-44.6758,-19.79546],[-44.67502,-19.79687],[-44.67486,-19.79661],[-44.67497,-19.79616],[-44.67481,-19.79541],[-44.67495,-19.7951],[-44.67543,-19.79503],[-44.67535,-19.79474],[-44.6742,-19.79431],[-44.674,-19.79464],[-44.67336,-19.7943],[-44.67296,-19.79439],[-44.67299,-19.79518],[-44.67224,-19.7956],[-44.67189,-19.7975],[-44.67141,-19.79824],[-44.67092,-19.79835],[-44.66987,-19.79776],[-44.66953,-19.79827],[-44.6694,-19.79923],[-44.66802,-19.79992],[-44.66757,-19.79973],[-44.66738,-19.79874],[-44.666,-19.79723],[-44.66551,-19.79716],[-44.66484,-19.79854],[-44.66439,-19.79872]]]}},{"id":"2","type":"Feature","properties":{"bairro":"Alzembeque","distrito":"Pará de Minas","regiao":"Pará de Minas","setores":1,"urbano":1},"geometry":{"type":"Polygon","coordinates":[[[-44.6039,-19.87557],[-44.60469,-19.87523],[-44.60492,-19.87607],[-44.605,-19.87857],[-44.60628,-19.8756],[-44.60678,-19.87507],[-44.60681,-19.87458],[-44.60495,-19.87339],[-44.60531,-19.87132],[-44.60272,-19.87076],[-44.60226,-19.87244],[-44.60253,-19.87302],[-44.60219,-19.87318],[-44.60193,-19.87373],[-44.6039,-19.87557]]]}},{"id":"3","type":"Feature","properties":{"bairro":"Ascensao","distrito":"Ascensão","regiao":"Ascensão","setores":3,"urbano":2},"geometry":{"type":"MultiPolygon","coordinates":[[[[-44.56906,-19.83911],[-44.57033,-19.8384],[-44.56978,-19.83761],[-44.56848,-19.83829],[-44.56906,-19.83911]]],[[[-44.56162,-19.79306],[-44.56222,-19.79453],[-44.56224,-19.79496],[-44.56199,-19.79645],[-44.56236,-19.7969],[-44.56261,-19.79772],[-44.56374,-19.79845],[-44.56359,-19.79973],[-44.56415,-19.80012],[-44.56395,-19.80037],[-44.56412,-19.80074],[-44.56438,-19.80115],[-44.56505,-19.80149],[-44.56513,-19.80193],[-44.56551,-19.80204],[-44.56672,-19.80311],[-44.56749,-19.80317],[-44.57355,-19.80248],[-44.57388,-19.80278],[-44.57473,-19.80287],[-44.57568,-19.80325],[-44.57655,-19.80399],[-44.57702,-19.80401],[-44.57757,-19.8031],[-44.57742,-19.80163],[-44.57722,-19.80127],[-44.57558,-19.80046],[-44.57803,-19.80022],[-44.57943,-19.80058],[-44.58006,-19.80056],[-44.57906,-19.79889],[-44.56805,-19.78528],[-44.56288,-19.78755],[-44.5637,-19.78934],[-44.56261,-19.78984],[-44.56312,-19.79139],[-44.56329,-19.79263],[-44.56324,-19.79288],[-44.56251,-19.79273],[-44.56163,-19.79217],[-44.56162,-19.79306]]]]}},{"id":"4","type":"Feature","properties":{"bairro":"Belvedere","distrito":"Pará de Minas","regiao":"Pará de Minas","setores":5,"urbano":5},"geometry":{"type":"Polygon","coordinates":[[[-44.605,-19.87857],[-44.60492,-19.87607],[-44.60469,-19.87523],[-44.60317,-19.87589],[-44.60154,-19.8743],[-44.6008,-19.87476],[-44.60022,-19.87486],[-44.60088,-19.87557],[-44.6013,-19.87534],[-44.60168,-19.87553],[-44.60221,-19.87598],[-44.60256,-19.87667],[-44.60261,-19.87759],[-44.60215,-19.87763],[-44.60113,-19.87838],[-44.60219,-19.87981],[-44.60258,-19.8807],[-44.60294,-19.8808],[-44.60389,-19.88454],[-44.60981,-19.88194],[-44.6113,-19.88154],[-44.61264,-19.88189],[-44.61434,-19.88346],[-44.61499,-19.88376],[-44.61536,-19.88275],[-44.61516,-19.88217],[-44.61461,-19.88193],[-44.61388,-19.88093],[-44.61127,-19.8792],[-44.61204,-19.87724],[-44.61157,-19.87653],[-44.61102,-19.87508],[-44.61016,-19.87187],[-44.61084,-19.8716],[-44.61055,-19.87085],[-44.60735,-19.87441],[-44.60679,-19.8746],[-44.60678,-19.87507],[-44.60628,-19.8756],[-44.605,-19.87857]]]}},{"id":"5","type":"Feature","properties":{"bairro":"Bras Correia","distrito":"Pará de Minas","regiao":"Pará de Minas","setores":2,"urbano":1},"geometry":{"type":"Polygon","coordinates":[[[-44.62035,-19.84177],[-44.61889,-19.84311],[-44.62094,-19.84518],[-44.62041,-19.84561],[-44.61836,-19.85011],[-44.61909,-19.85042],[-44.6198,-19.85128],[-44.62087,-19.85346],[-44.62132,-19.85353],[-44.62144,-19.85385],[-44.62223,-19.85448],[-44.62256,-19.85542],[-44.62327,-19.85619],[-44.62457,-19.8568],[-44.62529,-19.85765],[-44.62594,-19.85805],[-44.64155,-19.85981],[-44.64147,-19.85952],[-44.64174,-19.85931],[-44.64309,-19.85957],[-44.64358,-19.85913],[-44.64431,-19.85913],[-44.64526,-19.85969],[-44.64571,-19.85955],[-44.64596,-19.85918],[-44.64664,-19.85919],[-44.64687,-19.8595],[-44.64686,-19.86005],[-44.64761,-19.86142],[-44.64755,-19.86213],[-44.64809,-19.86267],[-44.6489,-19.86414],[-44.64888,-19.86487],[-44.64959,-19.8658],[-44.64956,-19.86645],[-44.64977,-19.86696],[-44.65055,-19.8673],[-44.65078,-19.8677],[-44.65118,-19.86786],[-44.65102,-19.86899],[-44.65206,-19.86926],[-44.65199,-19.86993],[-44.65307,-19.87069],[-44.6532,-19.87195],[-44.65398,-19.87253],[-44.65418,-19.87253],[-44.65363,-19.87155],[-44.65393,-19.87109],[-44.6541,-19.87096],[-44.65535,-19.87115],[-44.65643,-19.87086],[-44.65792,-19.86934],[-44.65846,-19.86852],[-44.65965,-19.86773],[-44.66067,-19.86649],[-44.66196,-19.8661],[-44.66314,-19.86692],[-44.66359,-19.86692],[-44.66407,-19.86632],[-44.66812,-19.86424],[-44.66819,-19.86324],[-44.66843,-19.8628],[-44.67013,-19.86153],[-44.67011,-19.86085],[-44.66836,-19.86077],[-44.66797,-19.8606],[-44.66851,-19.86051],[-44.66854,-19.8603],[-44.66815,-19.86022],[-44.66853,-19.85987],[-44.66822,-19.85943],[-44.66846,-19.85914],[-44.66817,-19.85881],[-44.66833,-19.85817],[-44.66816,-19.85797],[-44.66836,-19.8577],[-44.66804,-19.85757],[-44.66859,-19.8571],[-44.66809,-19.85685],[-44.66852,-19.85669],[-44.66813,-19.85588],[-44.66864,-19.85567],[-44.66905,-19.85578],[-44.669,-19.85545],[-44.6693,-19.85501],[-44.66923,-19.85463],[-44.66955,-19.854],[-44.66944,-19.85368],[-44.66971,-19.85309],[-44.6696,-19.85285],[-44.67089,-19.85182],[-44.67112,-19.85183],[-44.67125,-19.85211],[-44.67109,-19.85233],[-44.67128,-19.85253],[-44.67123,-19.85297],[-44.67253,-19.85327],[-44.67267,-19.8535],[-44.67256,-19.85442],[-44.67321,-19.855],[-44.67393,-19.85527],[-44.67452,-19.85657],[-44.6742,-19.85701],[-44.67423,-19.85734],[-44.67537,-19.85779],[-44.67528,-19.85812],[-44.67569,-19.85882],[-44.67562,-19.8597],[-44.67601,-19.86009],[-44.67463,-19.85954],[-44.67412,-19.86054],[-44.67454,-19.86094],[-44.6751,-19.86088],[-44.6761,-19.86137],[-44.67648,-19.86182],[-44.67712,-19.86184],[-44.67861,-19.86241],[-44.67945,-19.86343],[-44.68095,-19.86442],[-44.68186,-19.86384],[-44.68238,-19.86286],[-44.68358,-19.86224],[-44.68447,-19.86244],[-44.68466,-19.86231],[-44.68604,-19.86085],[-44.68802,-19.85944],[-44.68845,-19.85847],[-44.68908,-19.85774],[-44.69,-19.85696],[-44.69057,-19.85701],[-44.69126,-19.85636],[-44.69357,-19.85796],[-44.69283,-19.85952],[-44.69288,-19.86021],[-44.69393,-19.86032],[-44.69567,-19.86118],[-44.69703,-19.86284],[-44.69752,-19.86313],[-44.69835,-19.86307],[-44.6991,-19.86404],[-44.70028,-19.86432],[-44.70195,-19.86376],[-44.7042,-19.864],[-44.70557,-19.86341],[-44.70543,-19.86278],[-44.70639,-19.86316],[-44.70632,-19.86167],[-44.70671,-19.86082],[-44.70766,-19.85965],[-44.70798,-19.85875],[-44.70784,-19.85567],[-44.70881,-19.85388],[-44.70884,-19.85338],[-44.70845,-19.85253],[-44.70862,-19.85122],[-44.70814,-19.84827],[-44.70836,-19.84726],[-44.70914,-19.84612],[-44.71411,-19.84125],[-44.7152,-19.83994],[-44.71591,-19.83859],[-44.71669,-19.83813],[-44.71737,-19.83835],[-44.71591,-19.83739],[-44.7137,-19.83746],[-44.71178,-19.83833],[-44.71044,-19.8398],[-44.70877,-19.84069],[-44.70672,-19.84115],[-44.70529,-19.84062],[-44.70488,-19.83983],[-44.70515,-19.83836],[-44.70477,-19.83701],[-44.7046,-19.83457],[-44.70279,-19.83163],[-44.70206,-19.83091],[-44.70235,-19.82958],[-44.70216,-19.82914],[-44.70204,-19.82675],[-44.70182,-19.82625],[-44.70093,-19.82588],[-44.69998,-19.82608],[-44.6985,-19.82725],[-44.69796,-19.82746],[-44.6965,-19.82695],[-44.69277,-19.82508],[-44.69044,-19.82434],[-44.69003,-19.82404],[-44.68923,-19.82287],[-44.68867,-19.82285],[-44.68751,-19.82241],[-44.6877,-19.82107],[-44.68736,-19.82006],[-44.68606,-19.81875],[-44.68458,-19.81673],[-44.68266,-19.81509],[-44.68212,-19.81549],[-44.6816,-19.81711],[-44.68057,-19.81845],[-44.6783,-19.81985],[-44.67694,-19.82034],[-44.67602,-19.82269],[-44.67547,-19.82278],[-44.67411,-19.82236],[-44.67287,-19.82301],[-44.67191,-19.8232],[-44.66931,-19.82479],[-44.6687,-19.82578],[-44.66397,-19.82568],[-44.66177,-19.82434],[-44.66152,-19.82349],[-44.66109,-19.82294],[-44.65989,-19.82316],[-44.65886,-19.82308],[-44.6578,-19.82339],[-44.65641,-19.82336],[-44.656,-19.82324],[-44.65571,-19.82261],[-44.65431,-19.82283],[-44.65387,-19.82271],[-44.65363,-19.82239],[-44.65385,-19.82204],[-44.65367,-19.82164],[-44.65025,-19.81833],[-44.6499,-19.81723],[-44.64925,-19.81725],[-44.64849,-19.81634],[-44.64753,-19.81582],[-44.6461,-19.81577],[-44.64584,-19.81659],[-44.64518,-19.81655],[-44.64428,-19.81713],[-44.6439,-19.81689],[-44.64382,-19.81625],[-44.64344,-19.81619],[-44.64326,-19.81648],[-44.64329,-19.81694],[-44.6441,-19.81837],[-44.64233,-19.82058],[-44.64182,-19.82015],[-44.64048,-19.821],[-44.64042,-19.82158],[-44.64064,-19.82184],[-44.64039,-19.82221],[-44.64046,-19.82388],[-44.64108,-19.82468],[-44.64271,-19.82542],[-44.64429,-19.82777],[-44.64445,-19.8275],[-44.64466,-19.82757],[-44.64486,-19.82874],[-44.64526,-19.82924],[-44.64556,-19.82914],[-44.64591,-19.82868],[-44.64626,-19.8287],[-44.64738,-19.82936],[-44.64863,-19.82953],[-44.64969,-19.83001],[-44.65061,-19.83081],[-44.65178,-19.83093],[-44.65208,-19.83114],[-44.65243,-19.83232],[-44.65362,-19.83377],[-44.65449,-19.834],[-44.65482,-19.8344],[-44.65549,-19.83449],[-44.64825,-19.83846],[-44.64696,-19.83784],[-44.64585,-19.83596],[-44.6449,-19.83649],[-44.64368,-19.83618],[-44.64265,-19.83634],[-44.64115,-19.83704],[-44.64052,-19.83701],[-44.63861,-19.83602],[-44.63841,-19.83694],[-44.63713,-19.83886],[-44.63703,-19.84055],[-44.63665,-19.84177],[-44.63601,-19.84184],[-44.63404,-19.84347],[-44.63337,-19.84451],[-44.63314,-19.84453],[-44.63307,-19.84426],[-44.63346,-19.84355],[-44.63342,-19.84255],[-44.63272,-19.84122],[-44.63203,-19.8405],[-44.63087,-19.84078],[-44.63059,-19.84105],[-44.6303,-19.84075],[-44.62979,-19.84085],[-44.62919,-19.84145],[-44.62911,-19.84191],[-44.62874,-19.84226],[-44.62724,-19.8427],[-44.62634,-19.84384],[-44.625,-19.84451],[-44.62312,-19.84458],[-44.62035,-19.84177]]]}},{"id":"6","type":"Feature","properties":{"bairro":"Caetano Preto","distrito":"Pará de Minas","regiao":"Pará de Minas","setores":3,"urbano":2},"geometry":{"type":"Polygon","coordinates":[[[-44.67393,-19.86051],[-44.6729,-19.86109],[-44.67011,-19.86085],[-44.66998,-19.86178],[-44.66843,-19.8628],[-44.66819,-19.86324],[-44.66812,-19.86424],[-44.66407,-19.86632],[-44.66359,-19.86692],[-44.66314,-19.86692],[-44.66196,-19.8661],[-44.66088,-19.86636],[-44.65952,-19.86786],[-44.65846,-19.86852],[-44.65792,-19.86934],[-44.65643,-19.87086],[-44.65535,-19.87115],[-44.6541,-19.87096],[-44.65393,-19.87109],[-44.65363,-19.87155],[-44.65418,-19.87253],[-44.65256,-19.87335],[-44.65156,-19.87317],[-44.65041,-19.87396],[-44.64904,-19.87383],[-44.64817,-19.87415],[-44.64757,-19.8739],[-44.64695,-19.87406],[-44.64651,-19.87351],[-44.64672,-19.87335],[-44.64745,-19.87342],[-44.6479,-19.87366],[-44.64901,-19.87159],[-44.64888,-19.87112],[-44.64816,-19.87007],[-44.6462,-19.86915],[-44.64548,-19.86903],[-44.64527,-19.8684],[-44.64551,-19.86755],[-44.64536,-19.86711],[-44.64455,-19.86647],[-44.64373,-19.86547],[-44.64271,-19.86528],[-44.64149,-19.86605],[-44.64028,-19.86651],[-44.63856,-19.86823],[-44.63758,-19.86971],[-44.63729,-19.87077],[-44.63602,-19.87315],[-44.63311,-19.87298],[-44.6323,-19.87324],[-44.62963,-19.87493],[-44.62762,-19.87541],[-44.62523,-19.87509],[-44.62423,-19.87534],[-44.62354,-19.87514],[-44.62296,-19.87483],[-44.622,-19.87332],[-44.61759,-19.87221],[-44.61749,-19.87202],[-44.61675,-19.87215],[-44.61573,-19.87172],[-44.61496,-19.87114],[-44.61474,-19.8707],[-44.6148,-19.87033],[-44.6123,-19.8696],[-44.61201,-19.86692],[-44.61152,-19.86761],[-44.61091,-19.86739],[-44.60893,-19.86864],[-44.6089,-19.87103],[-44.61033,-19.87108],[-44.61055,-19.87085],[-44.61084,-19.8716],[-44.61016,-19.87187],[-44.61102,-19.87508],[-44.61157,-19.87653],[-44.61204,-19.87724],[-44.61127,-19.8792],[-44.61388,-19.88093],[-44.61461,-19.88193],[-44.61516,-19.88217],[-44.61536,-19.88275],[-44.61499,-19.88376],[-44.61624,-19.88469],[-44.61488,-19.8846],[-44.61434,-19.88494],[-44.61367,-19.88583],[-44.60985,-19.89459],[-44.60852,-19.9005],[-44.60794,-19.90088],[-44.60781,-19.90151],[-44.60712,-19.90176],[-44.60787,-19.90267],[-44.60789,-19.90334],[-44.60731,-19.90369],[-44.6069,-19.90469],[-44.60742,-19.90473],[-44.60738,-19.90508],[-44.60807,-19.90559],[-44.60787,-19.9059],[-44.60789,-19.90643],[-44.60834,-19.907],[-44.60824,-19.90728],[-44.60849,-19.90769],[-44.60953,-19.9077],[-44.61,-19.90863],[-44.61243,-19.90995],[-44.61252,-19.91038],[-44.61225,-19.91082],[-44.61232,-19.91118],[-44.61285,-19.91183],[-44.61307,-19.91324],[-44.61348,-19.91386],[-44.61325,-19.91429],[-44.61334,-19.91497],[-44.61285,-19.91582],[-44.61357,-19.91678],[-44.61349,-19.91751],[-44.61413,-19.91808],[-44.61451,-19.91945],[-44.61535,-19.92059],[-44.61561,-19.92267],[-44.61627,-19.92281],[-44.61672,-19.92421],[-44.61681,-19.92549],[-44.61645,-19.92663],[-44.61454,-19.92802],[-44.61326,-19.92925],[-44.61286,-19.92975],[-44.61251,-19.93114],[-44.61071,-19.93256],[-44.61035,-19.9333],[-44.61034,-19.93479],[-44.61117,-19.93565],[-44.61157,-19.93748],[-44.61149,-19.93781],[-44.61106,-19.93815],[-44.61038,-19.93989],[-44.61099,-19.94047],[-44.61173,-19.9406],[-44.61161,-19.94259],[-44.61127,-19.94307],[-44.6114,-19.94379],[-44.6129,-19.94287],[-44.61494,-19.94049],[-44.61672,-19.93714],[-44.61789,-19.93606],[-44.61879,-19.93572],[-44.61996,-19.93574],[-44.62037,-19.936],[-44.62086,-19.93683],[-44.6209,-19.93834],[-44.6215,-19.94027],[-44.62242,-19.94207],[-44.62337,-19.94313],[-44.62449,-19.94345],[-44.62502,-19.94334],[-44.62548,-19.94295],[-44.6257,-19.94191],[-44.62661,-19.9407],[-44.62756,-19.94006],[-44.62965,-19.9399],[-44.63118,-19.93942],[-44.63222,-19.93963],[-44.63322,-19.93959],[-44.6348,-19.93918],[-44.63765,-19.93755],[-44.63903,-19.93654],[-44.64108,-19.93377],[-44.64177,-19.93195],[-44.64107,-19.92837],[-44.63826,-19.92576],[-44.63826,-19.92482],[-44.63892,-19.92402],[-44.63984,-19.92358],[-44.64368,-19.92318],[-44.64463,-19.92281],[-44.645,-19.92242],[-44.64556,-19.92169],[-44.6458,-19.92075],[-44.64515,-19.91902],[-44.64527,-19.91764],[-44.64608,-19.91629],[-44.64754,-19.91494],[-44.64842,-19.91328],[-44.6491,-19.91255],[-44.65015,-19.91225],[-44.6516,-19.91262],[-44.65301,-19.9126],[-44.65403,-19.91217],[-44.65425,-19.91109],[-44.65397,-19.90861],[-44.65414,-19.90714],[-44.6548,-19.90581],[-44.65741,-19.90319],[-44.65819,-19.90188],[-44.6586,-19.90101],[-44.65902,-19.89807],[-44.66005,-19.89555],[-44.65998,-19.89463],[-44.65838,-19.89276],[-44.65845,-19.89184],[-44.65872,-19.89145],[-44.65977,-19.89152],[-44.66061,-19.89198],[-44.66214,-19.89323],[-44.66304,-19.8936],[-44.66406,-19.89351],[-44.66635,-19.89269],[-44.67084,-19.8935],[-44.67203,-19.89327],[-44.67337,-19.89263],[-44.67424,-19.89128],[-44.67437,-19.88925],[-44.67508,-19.88755],[-44.67661,-19.8862],[-44.67922,-19.88435],[-44.68172,-19.88178],[-44.6826,-19.88123],[-44.68255,-19.88022],[-44.68076,-19.87856],[-44.68093,-19.87764],[-44.68173,-19.87707],[-44.68589,-19.87714],[-44.68632,-19.87696],[-44.68662,-19.87657],[-44.68686,-19.87613],[-44.68684,-19.87565],[-44.68616,-19.87434],[-44.68575,-19.87284],[-44.68587,-19.87078],[-44.68646,-19.86995],[-44.68748,-19.86995],[-44.68915,-19.87152],[-44.69039,-19.87232],[-44.69129,-19.87267],[-44.69204,-19.87327],[-44.69296,-19.87444],[-44.69497,-19.87527],[-44.69611,-19.87677],[-44.699,-19.87884],[-44.70038,-19.87944],[-44.70492,-19.884],[-44.70611,-19.88495],[-44.70933,-19.88638],[-44.70989,-19.88635],[-44.71118,-19.88558],[-44.71611,-19.88453],[-44.71808,-19.88471],[-44.719,-19.88506],[-44.71983,-19.88559],[-44.72046,-19.88628],[-44.72092,-19.88637],[-44.72168,-19.88559],[-44.72318,-19.88518],[-44.72775,-19.88544],[-44.72967,-19.88512],[-44.73059,-19.88469],[-44.73117,-19.88489],[-44.73087,-19.88398],[-44.73018,-19.88342],[-44.72928,-19.88319],[-44.72892,-19.88186],[-44.72739,-19.88179],[-44.72606,-19.8805],[-44.7255,-19.87962],[-44.72441,-19.87923],[-44.72407,-19.87891],[-44.72361,-19.87889],[-44.723,-19.8796],[-44.72188,-19.87953],[-44.72142,-19.87934],[-44.72108,-19.8784],[-44.72064,-19.87815],[-44.72062,-19.87771],[-44.71914,-19.87807],[-44.71768,-19.87812],[-44.71707,-19.87784],[-44.71392,-19.87501],[-44.71266,-19.87427],[-44.71184,-19.87248],[-44.71126,-19.86967],[-44.71087,-19.86878],[-44.70961,-19.86728],[-44.70782,-19.86666],[-44.70741,-19.86583],[-44.70726,-19.86436],[-44.70656,-19.86364],[-44.70629,-19.86304],[-44.70543,-19.86278],[-44.70557,-19.86341],[-44.70446,-19.86396],[-44.70195,-19.86376],[-44.70028,-19.86432],[-44.6991,-19.86404],[-44.69835,-19.86307],[-44.69752,-19.86313],[-44.69703,-19.86284],[-44.69567,-19.86118],[-44.69393,-19.86032],[-44.69288,-19.86021],[-44.69283,-19.85952],[-44.69357,-19.85796],[-44.69126,-19.85636],[-44.69057,-19.85701],[-44.69,-19.85696],[-44.68908,-19.85774],[-44.68845,-19.85847],[-44.68802,-19.85944],[-44.68604,-19.86085],[-44.68466,-19.86231],[-44.68447,-19.86244],[-44.68358,-19.86224],[-44.68238,-19.86286],[-44.68186,-19.86384],[-44.68105,-19.86444],[-44.67963,-19.86358],[-44.67861,-19.86241],[-44.67712,-19.86184],[-44.67648,-19.86182],[-44.6761,-19.86137],[-44.67525,-19.86092],[-44.67454,-19.86094],[-44.67393,-19.86051]]]}},{"id":"7","type":"Feature","properties":{"bairro":"Carioca — sem bairro declarado","distrito":"Carioca","regiao":"Carioca","setores":1,"urbano":1},"geometry":{"type":"Polygon","coordinates":[[[-44.7679,-19.81807],[-44.76676,-19.8186],[-44.76577,-19.81867],[-44.76544,-19.81906],[-44.76704,-19.82087],[-44.76582,-19.82195],[-44.76519,-19.82308],[-44.76527,-19.82349],[-44.76495,-19.82401],[-44.76403,-19.82402],[-44.76353,-19.82432],[-44.76497,-19.82702],[-44.76605,-19.8267],[-44.767,-19.82612],[-44.76798,-19.82478],[-44.76904,-19.82423],[-44.76932,-19.82269],[-44.76985,-19.82116],[-44.76996,-19.82],[-44.76958,-19.81853],[-44.76883,-19.8182],[-44.7679,-19.81807]]]}},{"id":"8","type":"Feature","properties":{"bairro":"Catumba","distrito":"Pará de Minas","regiao":"Pará de Minas","setores":1,"urbano":0},"geometry":{"type":"Polygon","coordinates":[[[-44.55744,-19.9637],[-44.55662,-19.96505],[-44.55615,-19.96807],[-44.55524,-19.97178],[-44.55505,-19.97227],[-44.55457,-19.9727],[-44.55397,-19.97402],[-44.55458,-19.97491],[-44.55458,-19.97591],[-44.55484,-19.97653],[-44.55442,-19.97745],[-44.555,-19.97812],[-44.55491,-19.97872],[-44.55425,-19.97987],[-44.55336,-19.98059],[-44.55323,-19.98092],[-44.55324,-19.98284],[-44.55227,-19.98425],[-44.55251,-19.98638],[-44.55177,-19.9874],[-44.55257,-19.98696],[-44.55285,-19.98441],[-44.55314,-19.98402],[-44.55419,-19.98336],[-44.55438,-19.98246],[-44.55434,-19.98152],[-44.55458,-19.98108],[-44.55527,-19.98042],[-44.5566,-19.97976],[-44.55704,-19.97888],[-44.55712,-19.97785],[-44.55649,-19.97615],[-44.55674,-19.97397],[-44.55777,-19.97349],[-44.55886,-19.97376],[-44.56034,-19.97361],[-44.5629,-19.9721],[-44.56402,-19.97203],[-44.56479,-19.97213],[-44.56562,-19.97254],[-44.56736,-19.97386],[-44.56816,-19.97517],[-44.56853,-19.97544],[-44.56901,-19.97538],[-44.56943,-19.97515],[-44.57225,-19.97221],[-44.57253,-19.9712],[-44.57248,-19.96971],[-44.57304,-19.96833],[-44.57293,-19.96688],[-44.57422,-19.96491],[-44.57644,-19.96283],[-44.57858,-19.96198],[-44.58317,-19.9608],[-44.58356,-19.9605],[-44.58517,-19.95823],[-44.58598,-19.95766],[-44.58994,-19.95636],[-44.59233,-19.95606],[-44.59422,-19.95533],[-44.59546,-19.95527],[-44.59709,-19.95545],[-44.59876,-19.95663],[-44.59971,-19.95647],[-44.60154,-19.9548],[-44.60249,-19.95195],[-44.60608,-19.94775],[-44.60676,-19.94578],[-44.60788,-19.94521],[-44.60939,-19.94491],[-44.6114,-19.94379],[-44.61127,-19.94307],[-44.61161,-19.94259],[-44.61173,-19.9406],[-44.61099,-19.94047],[-44.61038,-19.93989],[-44.61106,-19.93815],[-44.61149,-19.93781],[-44.61157,-19.93748],[-44.61117,-19.93565],[-44.61034,-19.93479],[-44.61035,-19.9333],[-44.61071,-19.93256],[-44.61251,-19.93114],[-44.61286,-19.92975],[-44.61326,-19.92925],[-44.61454,-19.92802],[-44.61645,-19.92663],[-44.61681,-19.92549],[-44.61672,-19.92421],[-44.61627,-19.92281],[-44.61561,-19.92267],[-44.61535,-19.92059],[-44.61451,-19.91945],[-44.61413,-19.91808],[-44.61349,-19.91751],[-44.61357,-19.91678],[-44.61285,-19.91582],[-44.61334,-19.91497],[-44.61325,-19.91429],[-44.61348,-19.91386],[-44.61307,-19.91324],[-44.61285,-19.91183],[-44.61232,-19.91118],[-44.61225,-19.91082],[-44.61252,-19.91038],[-44.6124,-19.9099],[-44.61,-19.90863],[-44.60953,-19.9077],[-44.60849,-19.9077],[-44.60824,-19.90728],[-44.60834,-19.907],[-44.60789,-19.90643],[-44.60787,-19.9059],[-44.60807,-19.90559],[-44.60738,-19.90508],[-44.60742,-19.90473],[-44.6069,-19.90469],[-44.60731,-19.90369],[-44.60789,-19.9034],[-44.6079,-19.90298],[-44.6075,-19.90208],[-44.60705,-19.90165],[-44.60706,-19.90111],[-44.60727,-19.90081],[-44.6069,-19.89973],[-44.60633,-19.90001],[-44.60561,-19.89952],[-44.60564,-19.89925],[-44.60527,-19.8997],[-44.60393,-19.9003],[-44.60383,-19.90128],[-44.60303,-19.90291],[-44.60181,-19.90469],[-44.59992,-19.90546],[-44.59846,-19.90643],[-44.59772,-19.90825],[-44.59643,-19.90906],[-44.59567,-19.91008],[-44.59481,-19.91082],[-44.5938,-19.91105],[-44.59104,-19.91239],[-44.59009,-19.91406],[-44.5891,-19.91495],[-44.58804,-19.91532],[-44.58779,-19.91557],[-44.58706,-19.91843],[-44.58579,-19.9198],[-44.58473,-19.91975],[-44.58321,-19.92044],[-44.58257,-19.92134],[-44.58205,-19.92321],[-44.58174,-19.92371],[-44.58038,-19.92445],[-44.57849,-19.92612],[-44.57708,-19.92658],[-44.57627,-19.92765],[-44.5754,-19.92816],[-44.57534,-19.92849],[-44.57582,-19.92963],[-44.5744,-19.93218],[-44.57362,-19.93553],[-44.57214,-19.93731],[-44.57202,-19.93771],[-44.57218,-19.93814],[-44.57296,-19.93862],[-44.57342,-19.93942],[-44.57388,-19.94174],[-44.57499,-19.94505],[-44.57389,-19.94646],[-44.5724,-19.94672],[-44.57166,-19.94846],[-44.57068,-19.94934],[-44.56993,-19.94964],[-44.56943,-19.95034],[-44.5691,-19.95133],[-44.56861,-19.9519],[-44.56714,-19.95241],[-44.5654,-19.95231],[-44.56438,-19.95275],[-44.56358,-19.95382],[-44.56415,-19.95475],[-44.56428,-19.9568],[-44.56308,-19.9584],[-44.5631,-19.9597],[-44.56265,-19.96042],[-44.56284,-19.96103],[-44.56237,-19.96121],[-44.56199,-19.96185],[-44.56102,-19.96262],[-44.55981,-19.96276],[-44.55878,-19.96364],[-44.55744,-19.9637]]]}},{"id":"9","type":"Feature","properties":{"bairro":"Centro","distrito":"Pará de Minas","regiao":"Pará de Minas","setores":10,"urbano":10},"geometry":{"type":"MultiPolygon","coordinates":[[[[-44.73341,-19.88497],[-44.74098,-19.88406],[-44.74099,-19.88464],[-44.74272,-19.88463],[-44.74278,-19.88385],[-44.75085,-19.88323],[-44.75298,-19.88291],[-44.75495,-19.88296],[-44.75855,-19.8827],[-44.75846,-19.88181],[-44.75866,-19.88089],[-44.75742,-19.87996],[-44.75679,-19.88032],[-44.75572,-19.87938],[-44.75477,-19.87749],[-44.75512,-19.87605],[-44.7557,-19.87539],[-44.75616,-19.87198],[-44.75539,-19.87106],[-44.7549,-19.87095],[-44.75459,-19.86988],[-44.75428,-19.86953],[-44.75419,-19.86801],[-44.75089,-19.86851],[-44.75119,-19.86925],[-44.75015,-19.86961],[-44.74964,-19.87016],[-44.74934,-19.87019],[-44.749,-19.86968],[-44.748,-19.87004],[-44.74829,-19.87199],[-44.74899,-19.87423],[-44.74929,-19.87506],[-44.75005,-19.87589],[-44.75065,-19.87815],[-44.75102,-19.8784],[-44.75106,-19.87868],[-44.7499,-19.87903],[-44.74991,-19.87943],[-44.7495,-19.87943],[-44.74907,-19.87908],[-44.74877,-19.87939],[-44.74842,-19.87898],[-44.74859,-19.8786],[-44.74831,-19.87835],[-44.74832,-19.87799],[-44.74772,-19.87775],[-44.74719,-19.87719],[-44.74646,-19.87731],[-44.74603,-19.87698],[-44.74565,-19.87754],[-44.74545,-19.87719],[-44.74513,-19.8772],[-44.7449,-19.87694],[-44.74391,-19.87702],[-44.74314,-19.87654],[-44.7416,-19.87658],[-44.74097,-19.87638],[-44.74053,-19.87575],[-44.74014,-19.87579],[-44.73971,-19.87645],[-44.73914,-19.87683],[-44.7394,-19.87729],[-44.73999,-19.87765],[-44.73985,-19.87784],[-44.73922,-19.87786],[-44.73962,-19.87825],[-44.73974,-19.87872],[-44.73894,-19.87898],[-44.73837,-19.87949],[-44.73917,-19.88005],[-44.73914,-19.88044],[-44.73849,-19.88062],[-44.73865,-19.88086],[-44.73784,-19.88089],[-44.73768,-19.88141],[-44.73712,-19.8813],[-44.73706,-19.88162],[-44.73669,-19.88141],[-44.73637,-19.88162],[-44.73592,-19.88155],[-44.73599,-19.88181],[-44.73567,-19.88201],[-44.73486,-19.88199],[-44.7348,-19.8826],[-44.7342,-19.88289],[-44.73369,-19.88276],[-44.73277,-19.88295],[-44.73221,-19.88419],[-44.73108,-19.88452],[-44.73124,-19.88496],[-44.73341,-19.88497]]],[[[-44.60178,-19.8649],[-44.60167,-19.8669],[-44.60197,-19.86847],[-44.60143,-19.87012],[-44.60381,-19.86756],[-44.60449,-19.86787],[-44.60495,-19.86735],[-44.60445,-19.86686],[-44.60562,-19.86556],[-44.6067,-19.86657],[-44.60606,-19.86721],[-44.6071,-19.86818],[-44.608,-19.86723],[-44.60852,-19.86777],[-44.60896,-19.8673],[-44.60889,-19.86684],[-44.60792,-19.86596],[-44.60798,-19.86566],[-44.60656,-19.86454],[-44.6084,-19.86206],[-44.60859,-19.86381],[-44.60946,-19.86409],[-44.60965,-19.8631],[-44.60999,-19.86377],[-44.61004,-19.86328],[-44.61111,-19.86324],[-44.61097,-19.86017],[-44.61038,-19.85916],[-44.61017,-19.859],[-44.60975,-19.85984],[-44.60813,-19.85857],[-44.6073,-19.86021],[-44.60567,-19.85984],[-44.60521,-19.86177],[-44.60554,-19.86246],[-44.6045,-19.86323],[-44.60203,-19.86406],[-44.60222,-19.86465],[-44.60178,-19.8649]]]]}},{"id":"10","type":"Feature","properties":{"bairro":"Conjunto Habitacional Jose Pereira Campos","distrito":"Pará de Minas","regiao":"Pará de Minas","setores":1,"urbano":1},"geometry":{"type":"Polygon","coordinates":[[[-44.60644,-19.84056],[-44.59365,-19.84255],[-44.59447,-19.84762],[-44.59712,-19.84645],[-44.60237,-19.84506],[-44.60246,-19.84488],[-44.60522,-19.84529],[-44.60634,-19.84503],[-44.60693,-19.84439],[-44.60748,-19.84328],[-44.6073,-19.84122],[-44.60705,-19.84125],[-44.60644,-19.84056]]]}},{"id":"11","type":"Feature","properties":{"bairro":"Conjunto Habitacional Sao Vicente de Paula","distrito":"Pará de Minas","regiao":"Pará de Minas","setores":1,"urbano":1},"geometry":{"type":"Polygon","coordinates":[[[-44.61804,-19.84245],[-44.61838,-19.84254],[-44.62098,-19.8402],[-44.61726,-19.83859],[-44.61804,-19.84245]]]}},{"id":"12","type":"Feature","properties":{"bairro":"Coracao de Jesus","distrito":"Pará de Minas","regiao":"Pará de Minas","setores":3,"urbano":3},"geometry":{"type":"Polygon","coordinates":[[[-44.60792,-19.86596],[-44.60889,-19.86684],[-44.60896,-19.8673],[-44.60766,-19.8687],[-44.6089,-19.86983],[-44.60893,-19.86864],[-44.61091,-19.86739],[-44.61152,-19.86761],[-44.61201,-19.86692],[-44.61124,-19.86561],[-44.61111,-19.86324],[-44.61004,-19.86328],[-44.60999,-19.86377],[-44.60965,-19.8631],[-44.60946,-19.86409],[-44.60859,-19.86381],[-44.6084,-19.86206],[-44.60656,-19.86454],[-44.60798,-19.86566],[-44.60792,-19.86596]]]}},{"id":"13","type":"Feature","properties":{"bairro":"Corrego do Barro","distrito":"Córrego do Barro","regiao":"Córrego do Barro","setores":4,"urbano":3},"geometry":{"type":"MultiPolygon","coordinates":[[[[-44.49857,-19.70503],[-44.49841,-19.70706],[-44.49738,-19.70981],[-44.49618,-19.71118],[-44.49477,-19.71239],[-44.49406,-19.71276],[-44.49227,-19.71302],[-44.49021,-19.71192],[-44.48945,-19.71288],[-44.48819,-19.7135],[-44.48784,-19.71424],[-44.48703,-19.71483],[-44.48629,-19.71683],[-44.48458,-19.71848],[-44.48432,-19.71985],[-44.48462,-19.72023],[-44.48571,-19.72062],[-44.48602,-19.72108],[-44.4867,-19.72155],[-44.4869,-19.72208],[-44.48553,-19.7227],[-44.48579,-19.72428],[-44.4833,-19.72633],[-44.48265,-19.72794],[-44.48231,-19.73062],[-44.48111,-19.73129],[-44.47928,-19.73439],[-44.47828,-19.73524],[-44.47707,-19.73585],[-44.47669,-19.73662],[-44.47785,-19.73883],[-44.47963,-19.74137],[-44.48096,-19.74182],[-44.48111,-19.74359],[-44.48059,-19.7443],[-44.48045,-19.74517],[-44.47998,-19.74588],[-44.48072,-19.7471],[-44.48108,-19.74871],[-44.48355,-19.75118],[-44.48497,-19.75204],[-44.48514,-19.75299],[-44.48373,-19.76021],[-44.4838,-19.76211],[-44.48469,-19.76333],[-44.48491,-19.76453],[-44.48465,-19.76532],[-44.48649,-19.76669],[-44.4945,-19.76886],[-44.4953,-19.77158],[-44.49679,-19.77195],[-44.49729,-19.77393],[-44.4968,-19.77665],[-44.4948,-19.78171],[-44.49477,-19.7839],[-44.49445,-19.78477],[-44.4946,-19.78567],[-44.49435,-19.78628],[-44.49448,-19.79011],[-44.49413,-19.79089],[-44.49326,-19.79182],[-44.49289,-19.79253],[-44.49203,-19.79563],[-44.49197,-19.79643],[-44.49096,-19.7981],[-44.49076,-19.79906],[-44.48984,-19.80131],[-44.48901,-19.80128],[-44.48706,-19.802],[-44.48523,-19.80343],[-44.48424,-19.80277],[-44.48266,-19.80298],[-44.48075,-19.80282],[-44.47968,-19.8041],[-44.47927,-19.80523],[-44.47912,-19.80688],[-44.47965,-19.8069],[-44.48141,-19.80757],[-44.48261,-19.80927],[-44.48312,-19.81082],[-44.48346,-19.81306],[-44.48436,-19.81502],[-44.48451,-19.81651],[-44.48474,-19.81697],[-44.4841,-19.81966],[-44.48484,-19.82077],[-44.48532,-19.82094],[-44.48607,-19.82076],[-44.48679,-19.82102],[-44.48729,-19.82095],[-44.48786,-19.82009],[-44.48902,-19.81928],[-44.49013,-19.81988],[-44.49068,-19.81991],[-44.49158,-19.81961],[-44.49189,-19.81998],[-44.49191,-19.82046],[-44.49217,-19.82051],[-44.49434,-19.81941],[-44.49512,-19.81967],[-44.49644,-19.81935],[-44.49798,-19.82024],[-44.49896,-19.81991],[-44.49957,-19.81914],[-44.49998,-19.81695],[-44.50084,-19.81592],[-44.50327,-19.8091],[-44.50478,-19.80752],[-44.50711,-19.80624],[-44.50863,-19.80425],[-44.50911,-19.80416],[-44.50987,-19.80356],[-44.51029,-19.80175],[-44.51022,-19.79864],[-44.51037,-19.79766],[-44.51088,-19.79685],[-44.5121,-19.79587],[-44.51264,-19.79564],[-44.51353,-19.79594],[-44.51423,-19.79663],[-44.51498,-19.79785],[-44.51581,-19.79838],[-44.51675,-19.79816],[-44.51831,-19.79671],[-44.52028,-19.79686],[-44.52156,-19.79746],[-44.52307,-19.79744],[-44.52441,-19.79717],[-44.52591,-19.79646],[-44.52755,-19.79382],[-44.52964,-19.7916],[-44.53147,-19.79004],[-44.5328,-19.78954],[-44.53594,-19.78961],[-44.53946,-19.78939],[-44.54279,-19.78865],[-44.5432,-19.78835],[-44.54454,-19.78662],[-44.54458,-19.78484],[-44.54577,-19.78291],[-44.54587,-19.78112],[-44.54651,-19.77814],[-44.54743,-19.77677],[-44.54779,-19.77585],[-44.54807,-19.77319],[-44.54912,-19.77168],[-44.55041,-19.76728],[-44.55018,-19.76658],[-44.5497,-19.76637],[-44.54824,-19.76644],[-44.54737,-19.76611],[-44.54725,-19.76568],[-44.54744,-19.76522],[-44.54715,-19.76386],[-44.54674,-19.76306],[-44.54636,-19.76076],[-44.54605,-19.76043],[-44.54515,-19.76013],[-44.54377,-19.76059],[-44.54335,-19.76034],[-44.54297,-19.75951],[-44.54248,-19.7596],[-44.54161,-19.75914],[-44.54013,-19.75975],[-44.53923,-19.76094],[-44.53879,-19.76117],[-44.53763,-19.76032],[-44.53743,-19.75986],[-44.53773,-19.75848],[-44.53739,-19.75701],[-44.53747,-19.75655],[-44.53798,-19.75579],[-44.53857,-19.75341],[-44.53869,-19.75235],[-44.53845,-19.75189],[-44.53797,-19.75189],[-44.53758,-19.75163],[-44.53624,-19.75253],[-44.53534,-19.75225],[-44.53454,-19.75289],[-44.53362,-19.7527],[-44.53316,-19.75282],[-44.53197,-19.75359],[-44.53051,-19.75391],[-44.52976,-19.75329],[-44.52913,-19.75106],[-44.5288,-19.75071],[-44.5278,-19.7508],[-44.52773,-19.74991],[-44.52881,-19.74768],[-44.52864,-19.74678],[-44.52745,-19.74749],[-44.52706,-19.74724],[-44.52721,-19.74591],[-44.52646,-19.7454],[-44.52549,-19.74535],[-44.52459,-19.74567],[-44.52374,-19.74509],[-44.5227,-19.74511],[-44.52175,-19.74465],[-44.52083,-19.74472],[-44.52003,-19.74524],[-44.51908,-19.74552],[-44.51821,-19.74515],[-44.51734,-19.74282],[-44.51698,-19.7425],[-44.51596,-19.74241],[-44.51494,-19.74146],[-44.51446,-19.74153],[-44.51274,-19.74072],[-44.51247,-19.7403],[-44.51218,-19.7384],[-44.51323,-19.73663],[-44.51338,-19.73571],[-44.51591,-19.73409],[-44.51693,-19.73292],[-44.51706,-19.73248],[-44.51682,-19.73198],[-44.51522,-19.73016],[-44.51379,-19.72889],[-44.5136,-19.72847],[-44.51363,-19.72778],[-44.51494,-19.72643],[-44.51514,-19.726],[-44.51465,-19.72512],[-44.51385,-19.72448],[-44.5139,-19.72404],[-44.51352,-19.72316],[-44.5135,-19.72215],[-44.51316,-19.72183],[-44.51219,-19.72197],[-44.51134,-19.72153],[-44.5103,-19.72157],[-44.50988,-19.72132],[-44.50884,-19.72131],[-44.50799,-19.72083],[-44.50637,-19.72096],[-44.50613,-19.72006],[-44.50667,-19.71873],[-44.50679,-19.71784],[-44.50553,-19.71648],[-44.50464,-19.71604],[-44.50318,-19.71574],[-44.50277,-19.71553],[-44.50255,-19.71504],[-44.50312,-19.71238],[-44.50208,-19.71123],[-44.50206,-19.71072],[-44.50311,-19.70751],[-44.503,-19.70514],[-44.50239,-19.70443],[-44.50191,-19.7042],[-44.50145,-19.70426],[-44.50111,-19.70456],[-44.50108,-19.705],[-44.50154,-19.70578],[-44.50154,-19.70624],[-44.50107,-19.70654],[-44.49986,-19.70548],[-44.49857,-19.70503]]],[[[-44.46297,-19.72679],[-44.4625,-19.72854],[-44.46143,-19.72888],[-44.46101,-19.72945],[-44.46095,-19.7306],[-44.46072,-19.73104],[-44.46075,-19.73147],[-44.46043,-19.73188],[-44.46027,-19.73309],[-44.46103,-19.73452],[-44.46136,-19.73432],[-44.46172,-19.73318],[-44.46221,-19.73293],[-44.46489,-19.73335],[-44.46633,-19.73262],[-44.46785,-19.73264],[-44.46815,-19.73242],[-44.46869,-19.73251],[-44.47012,-19.73385],[-44.4704,-19.73384],[-44.46942,-19.73289],[-44.46885,-19.73107],[-44.46924,-19.72992],[-44.46892,-19.72948],[-44.46901,-19.72798],[-44.46852,-19.72711],[-44.46772,-19.72629],[-44.46599,-19.72534],[-44.46438,-19.72535],[-44.46228,-19.72599],[-44.46297,-19.72679]]]]}},{"id":"14","type":"Feature","properties":{"bairro":"Dom Bosco","distrito":"Pará de Minas","regiao":"Pará de Minas","setores":5,"urbano":5},"geometry":{"type":"Polygon","coordinates":[[[-44.59892,-19.87671],[-44.5998,-19.87732],[-44.60058,-19.87824],[-44.60038,-19.87842],[-44.60042,-19.87904],[-44.59991,-19.87916],[-44.60049,-19.88161],[-44.60301,-19.88112],[-44.60113,-19.87838],[-44.60215,-19.87763],[-44.60261,-19.87759],[-44.60256,-19.87667],[-44.60221,-19.87598],[-44.6013,-19.87534],[-44.60088,-19.87557],[-44.60022,-19.87486],[-44.59867,-19.87463],[-44.59884,-19.87438],[-44.6,-19.87428],[-44.6006,-19.87395],[-44.60172,-19.87289],[-44.60194,-19.87223],[-44.60193,-19.8718],[-44.60141,-19.87052],[-44.60188,-19.86885],[-44.5995,-19.8682],[-44.59996,-19.87095],[-44.60053,-19.87216],[-44.59874,-19.87299],[-44.59831,-19.87343],[-44.59743,-19.87271],[-44.59712,-19.87381],[-44.59759,-19.87414],[-44.59727,-19.87472],[-44.59651,-19.87535],[-44.59638,-19.87583],[-44.5953,-19.87616],[-44.59423,-19.8775],[-44.5937,-19.87763],[-44.59324,-19.87812],[-44.59349,-19.87832],[-44.59324,-19.87861],[-44.59397,-19.8791],[-44.59624,-19.87782],[-44.59694,-19.87712],[-44.59806,-19.87533],[-44.59931,-19.8762],[-44.59892,-19.87671]]]}},{"id":"15","type":"Feature","properties":{"bairro":"Dona Flor","distrito":"Pará de Minas","regiao":"Pará de Minas","setores":2,"urbano":2},"geometry":{"type":"Polygon","coordinates":[[[-44.61663,-19.85999],[-44.61992,-19.86408],[-44.61992,-19.86503],[-44.6214,-19.86406],[-44.62268,-19.86629],[-44.62278,-19.8669],[-44.62384,-19.86705],[-44.62387,-19.86878],[-44.62418,-19.86877],[-44.62557,-19.86757],[-44.62584,-19.8676],[-44.62365,-19.87082],[-44.62263,-19.8715],[-44.62237,-19.87262],[-44.62188,-19.8733],[-44.623,-19.87487],[-44.62421,-19.87533],[-44.62523,-19.87509],[-44.62778,-19.8754],[-44.62963,-19.87493],[-44.6323,-19.87324],[-44.63311,-19.87298],[-44.63602,-19.87315],[-44.63729,-19.87077],[-44.63758,-19.86971],[-44.63856,-19.86823],[-44.64028,-19.86651],[-44.64149,-19.86605],[-44.64271,-19.86528],[-44.64373,-19.86547],[-44.64455,-19.86647],[-44.64536,-19.86711],[-44.64551,-19.86755],[-44.64527,-19.8684],[-44.64548,-19.86903],[-44.6462,-19.86915],[-44.64816,-19.87007],[-44.64888,-19.87112],[-44.64901,-19.87159],[-44.6479,-19.87366],[-44.64745,-19.87342],[-44.64672,-19.87335],[-44.64651,-19.87351],[-44.64695,-19.87406],[-44.64757,-19.8739],[-44.64817,-19.87415],[-44.64904,-19.87383],[-44.65041,-19.87396],[-44.65156,-19.87317],[-44.65256,-19.87335],[-44.65403,-19.87253],[-44.6532,-19.87195],[-44.65307,-19.87069],[-44.65199,-19.86993],[-44.65206,-19.86926],[-44.65102,-19.86899],[-44.65118,-19.86786],[-44.65078,-19.8677],[-44.65055,-19.8673],[-44.64977,-19.86696],[-44.64956,-19.86645],[-44.64959,-19.8658],[-44.64888,-19.86487],[-44.6489,-19.86414],[-44.64809,-19.86267],[-44.64755,-19.86213],[-44.64761,-19.86142],[-44.64686,-19.86005],[-44.64687,-19.8595],[-44.64664,-19.85919],[-44.64596,-19.85918],[-44.64571,-19.85955],[-44.64526,-19.85969],[-44.64431,-19.85913],[-44.64358,-19.85913],[-44.64309,-19.85957],[-44.64174,-19.85931],[-44.64147,-19.85952],[-44.64155,-19.85981],[-44.62594,-19.85805],[-44.62529,-19.85765],[-44.62457,-19.8568],[-44.62327,-19.85619],[-44.62256,-19.85542],[-44.62223,-19.85448],[-44.6214,-19.85365],[-44.61873,-19.8551],[-44.61588,-19.85388],[-44.61437,-19.85713],[-44.61511,-19.85707],[-44.61638,-19.8576],[-44.61776,-19.8592],[-44.61663,-19.85999]]]}},{"id":"16","type":"Feature","properties":{"bairro":"Dona Tunica","distrito":"Pará de Minas","regiao":"Pará de Minas","setores":4,"urbano":4},"geometry":{"type":"Polygon","coordinates":[[[-44.59793,-19.86677],[-44.59918,-19.86811],[-44.60188,-19.86885],[-44.60196,-19.86824],[-44.60166,-19.86656],[-44.60188,-19.86537],[-44.60178,-19.8649],[-44.60222,-19.86465],[-44.60203,-19.86406],[-44.6045,-19.86323],[-44.60554,-19.86246],[-44.60521,-19.86177],[-44.60559,-19.86019],[-44.60457,-19.85952],[-44.60389,-19.86145],[-44.60194,-19.86138],[-44.6007,-19.86181],[-44.60005,-19.86083],[-44.59966,-19.85962],[-44.59917,-19.85955],[-44.59913,-19.85924],[-44.59841,-19.8592],[-44.59827,-19.85907],[-44.5985,-19.85887],[-44.59845,-19.85829],[-44.59693,-19.85738],[-44.5957,-19.85466],[-44.59552,-19.85466],[-44.59239,-19.85605],[-44.59057,-19.86307],[-44.59442,-19.86416],[-44.59578,-19.86515],[-44.59663,-19.86649],[-44.59793,-19.86677]]]}},{"id":"17","type":"Feature","properties":{"bairro":"Esplanada","distrito":"Pará de Minas","regiao":"Pará de Minas","setores":4,"urbano":4},"geometry":{"type":"Polygon","coordinates":[[[-44.61588,-19.85388],[-44.61873,-19.8551],[-44.6214,-19.85365],[-44.62087,-19.85346],[-44.62012,-19.8518],[-44.61909,-19.85042],[-44.61836,-19.85011],[-44.62041,-19.84561],[-44.62094,-19.84518],[-44.61889,-19.84311],[-44.61856,-19.84332],[-44.6167,-19.84316],[-44.6168,-19.84249],[-44.61306,-19.84224],[-44.61289,-19.84459],[-44.61351,-19.84707],[-44.6142,-19.84762],[-44.61514,-19.84742],[-44.61583,-19.84767],[-44.61671,-19.84834],[-44.61704,-19.84895],[-44.61617,-19.85],[-44.61539,-19.84982],[-44.61483,-19.851],[-44.61349,-19.85045],[-44.6118,-19.85416],[-44.61244,-19.85439],[-44.61224,-19.85482],[-44.61489,-19.85595],[-44.61588,-19.85388]]]}},{"id":"18","type":"Feature","properties":{"bairro":"Fazenda Limeira","distrito":"Tavares de Minas","regiao":"Tavares de Minas","setores":1,"urbano":0},"geometry":{"type":"Polygon","coordinates":[[[-44.48389,-19.8368],[-44.48491,-19.83673],[-44.48513,-19.83783],[-44.48632,-19.83843],[-44.48637,-19.8389],[-44.4868,-19.8395],[-44.48678,-19.84133],[-44.48726,-19.84146],[-44.48826,-19.84121],[-44.48873,-19.84132],[-44.491,-19.84307],[-44.49173,-19.84326],[-44.4926,-19.84423],[-44.49323,-19.84459],[-44.49558,-19.84489],[-44.49637,-19.84438],[-44.49692,-19.84429],[-44.4979,-19.8446],[-44.49831,-19.84486],[-44.49837,-19.84532],[-44.49873,-19.84571],[-44.49893,-19.84702],[-44.49934,-19.84755],[-44.50034,-19.8474],[-44.50127,-19.84809],[-44.50229,-19.84814],[-44.50312,-19.84851],[-44.50465,-19.84849],[-44.50761,-19.8494],[-44.50785,-19.84981],[-44.50765,-19.85117],[-44.50852,-19.85156],[-44.50927,-19.8528],[-44.50951,-19.85519],[-44.50916,-19.8566],[-44.50955,-19.85745],[-44.51032,-19.85807],[-44.51156,-19.85959],[-44.51207,-19.85977],[-44.51355,-19.85937],[-44.51455,-19.85974],[-44.51481,-19.86015],[-44.51527,-19.86243],[-44.51599,-19.86367],[-44.5157,-19.865],[-44.51549,-19.86893],[-44.51638,-19.87167],[-44.5163,-19.87401],[-44.51646,-19.87507],[-44.51729,-19.87558],[-44.51945,-19.876],[-44.52023,-19.87648],[-44.52049,-19.87687],[-44.52047,-19.87733],[-44.51932,-19.87845],[-44.51878,-19.87979],[-44.51795,-19.88027],[-44.51773,-19.88066],[-44.518,-19.88279],[-44.5176,-19.88422],[-44.51767,-19.88603],[-44.5175,-19.88739],[-44.51798,-19.88872],[-44.51798,-19.88923],[-44.51758,-19.89005],[-44.51768,-19.89118],[-44.51738,-19.89159],[-44.51726,-19.89258],[-44.51653,-19.89322],[-44.51675,-19.89407],[-44.51728,-19.89479],[-44.51829,-19.89718],[-44.51962,-19.89787],[-44.52307,-19.89848],[-44.52446,-19.89775],[-44.5266,-19.89704],[-44.5281,-19.89741],[-44.52905,-19.897],[-44.53104,-19.89731],[-44.53313,-19.89708],[-44.53466,-19.89732],[-44.53619,-19.89716],[-44.53775,-19.89746],[-44.53911,-19.89712],[-44.54083,-19.89302],[-44.54275,-19.891],[-44.54363,-19.88848],[-44.54356,-19.8862],[-44.54271,-19.88334],[-44.54333,-19.88123],[-44.54716,-19.87734],[-44.54794,-19.8762],[-44.54804,-19.87457],[-44.54856,-19.87319],[-44.55151,-19.87174],[-44.55272,-19.87093],[-44.55403,-19.86857],[-44.55354,-19.86507],[-44.55295,-19.86303],[-44.55312,-19.86262],[-44.55382,-19.86206],[-44.55616,-19.86101],[-44.55694,-19.8602],[-44.55973,-19.85605],[-44.56095,-19.85468],[-44.56029,-19.84873],[-44.55963,-19.84547],[-44.55757,-19.84269],[-44.55594,-19.84122],[-44.55465,-19.84048],[-44.55284,-19.84039],[-44.54662,-19.84191],[-44.54481,-19.84125],[-44.54189,-19.83952],[-44.54052,-19.83805],[-44.5395,-19.83601],[-44.53821,-19.83429],[-44.53392,-19.83159],[-44.53332,-19.83061],[-44.53272,-19.83028],[-44.53258,-19.8291],[-44.5323,-19.82889],[-44.53132,-19.82925],[-44.53128,-19.82881],[-44.53157,-19.82826],[-44.53142,-19.82801],[-44.53107,-19.82793],[-44.53108,-19.82713],[-44.53065,-19.82691],[-44.5305,-19.8263],[-44.52919,-19.82531],[-44.52786,-19.82498],[-44.52526,-19.8257],[-44.51696,-19.83134],[-44.51383,-19.83182],[-44.51267,-19.831],[-44.51,-19.83031],[-44.5091,-19.82935],[-44.50833,-19.82921],[-44.50794,-19.82947],[-44.50742,-19.82947],[-44.50678,-19.82873],[-44.50605,-19.82826],[-44.50471,-19.82778],[-44.50407,-19.82721],[-44.50328,-19.82562],[-44.50189,-19.82423],[-44.49978,-19.82334],[-44.49944,-19.82287],[-44.49882,-19.82107],[-44.49824,-19.82024],[-44.4977,-19.82017],[-44.49644,-19.81935],[-44.49512,-19.81967],[-44.49434,-19.81941],[-44.49217,-19.82051],[-44.49191,-19.82046],[-44.49189,-19.81998],[-44.49158,-19.81961],[-44.49068,-19.81991],[-44.49013,-19.81988],[-44.48902,-19.81928],[-44.48786,-19.82009],[-44.48729,-19.82095],[-44.48679,-19.82102],[-44.48607,-19.82076],[-44.48532,-19.82094],[-44.48484,-19.82077],[-44.4841,-19.81966],[-44.48471,-19.8172],[-44.48451,-19.81651],[-44.48381,-19.81709],[-44.48341,-19.81828],[-44.4829,-19.81881],[-44.48278,-19.82136],[-44.48305,-19.82276],[-44.48303,-19.82451],[-44.48257,-19.82651],[-44.48211,-19.8271],[-44.48192,-19.83014],[-44.48135,-19.83176],[-44.48148,-19.83305],[-44.48195,-19.83388],[-44.48169,-19.83563],[-44.48258,-19.83612],[-44.48305,-19.83664],[-44.48389,-19.8368]],[[-44.51552,-19.85043],[-44.51547,-19.8497],[-44.51456,-19.84907],[-44.5142,-19.849],[-44.51279,-19.84931],[-44.51172,-19.84807],[-44.51016,-19.84699],[-44.50891,-19.84646],[-44.50749,-19.84615],[-44.50751,-19.84536],[-44.50695,-19.84492],[-44.50693,-19.84429],[-44.50826,-19.8422],[-44.50852,-19.84111],[-44.50908,-19.841],[-44.50938,-19.84064],[-44.50885,-19.83996],[-44.50884,-19.83959],[-44.51174,-19.83899],[-44.51213,-19.83735],[-44.51346,-19.83693],[-44.51384,-19.83583],[-44.51316,-19.8359],[-44.51426,-19.83477],[-44.51579,-19.83423],[-44.5171,-19.83438],[-44.51883,-19.83504],[-44.52102,-19.8335],[-44.52219,-19.83466],[-44.52074,-19.83628],[-44.52108,-19.83647],[-44.52018,-19.83789],[-44.52041,-19.83819],[-44.52051,-19.83968],[-44.52098,-19.84091],[-44.52251,-19.84276],[-44.52212,-19.84317],[-44.51966,-19.84406],[-44.51853,-19.84491],[-44.51783,-19.84511],[-44.51778,-19.84562],[-44.51673,-19.84614],[-44.51753,-19.84723],[-44.51782,-19.8495],[-44.51728,-19.85122],[-44.51694,-19.85163],[-44.51661,-19.85166],[-44.51552,-19.85043]]]}},{"id":"19","type":"Feature","properties":{"bairro":"Gorduras","distrito":"Pará de Minas","regiao":"Pará de Minas","setores":1,"urbano":1},"geometry":{"type":"Polygon","coordinates":[[[-44.63186,-19.82547],[-44.63201,-19.82633],[-44.63532,-19.83238],[-44.63583,-19.83369],[-44.63627,-19.83378],[-44.63731,-19.83356],[-44.63858,-19.83541],[-44.6387,-19.83618],[-44.64052,-19.83701],[-44.64148,-19.83699],[-44.64244,-19.83639],[-44.64347,-19.8362],[-44.6449,-19.83649],[-44.64585,-19.83596],[-44.64696,-19.83784],[-44.64825,-19.83846],[-44.65549,-19.83449],[-44.65482,-19.8344],[-44.65449,-19.834],[-44.65362,-19.83377],[-44.65243,-19.83232],[-44.65208,-19.83114],[-44.65178,-19.83093],[-44.65061,-19.83081],[-44.64969,-19.83001],[-44.64863,-19.82953],[-44.64738,-19.82936],[-44.64626,-19.8287],[-44.64591,-19.82868],[-44.64556,-19.82914],[-44.64526,-19.82924],[-44.64486,-19.82874],[-44.64466,-19.82757],[-44.64445,-19.8275],[-44.64429,-19.82777],[-44.64271,-19.82542],[-44.64108,-19.82468],[-44.64046,-19.82388],[-44.64039,-19.82221],[-44.63186,-19.82547]]]}},{"id":"20","type":"Feature","properties":{"bairro":"Grao Para","distrito":"Pará de Minas","regiao":"Pará de Minas","setores":6,"urbano":6},"geometry":{"type":"Polygon","coordinates":[[[-44.62263,-19.83514],[-44.62375,-19.83731],[-44.62165,-19.83958],[-44.62203,-19.84015],[-44.62034,-19.84171],[-44.62332,-19.84462],[-44.625,-19.84451],[-44.62575,-19.84426],[-44.62634,-19.84384],[-44.62724,-19.8427],[-44.62848,-19.8424],[-44.62904,-19.84202],[-44.62919,-19.84145],[-44.62979,-19.84085],[-44.6303,-19.84075],[-44.63059,-19.84105],[-44.63087,-19.84078],[-44.63183,-19.84048],[-44.63243,-19.84079],[-44.63342,-19.84255],[-44.63346,-19.84355],[-44.63307,-19.84426],[-44.63314,-19.84453],[-44.63337,-19.84451],[-44.63404,-19.84347],[-44.63601,-19.84184],[-44.63665,-19.84177],[-44.63703,-19.84055],[-44.63713,-19.83886],[-44.63841,-19.83694],[-44.63863,-19.83577],[-44.63848,-19.83523],[-44.63731,-19.83356],[-44.63627,-19.83378],[-44.63583,-19.83369],[-44.63532,-19.83238],[-44.63201,-19.82633],[-44.63186,-19.82547],[-44.62408,-19.82848],[-44.62168,-19.82988],[-44.62456,-19.83077],[-44.62296,-19.83524],[-44.62263,-19.83514]]]}},{"id":"21","type":"Feature","properties":{"bairro":"Independencia","distrito":"Pará de Minas","regiao":"Pará de Minas","setores":2,"urbano":2},"geometry":{"type":"Polygon","coordinates":[[[-44.60537,-19.87112],[-44.60495,-19.87339],[-44.60681,-19.87458],[-44.60735,-19.87441],[-44.61033,-19.87108],[-44.6089,-19.87103],[-44.6089,-19.86983],[-44.60766,-19.8687],[-44.60537,-19.87112]]]}},{"id":"22","type":"Feature","properties":{"bairro":"Jardim America","distrito":"Pará de Minas","regiao":"Pará de Minas","setores":4,"urbano":4},"geometry":{"type":"Polygon","coordinates":[[[-44.59242,-19.85596],[-44.60101,-19.85235],[-44.5999,-19.84999],[-44.60195,-19.84925],[-44.60195,-19.84876],[-44.60166,-19.84873],[-44.60101,-19.84735],[-44.60105,-19.84645],[-44.60154,-19.84646],[-44.60154,-19.84518],[-44.59712,-19.84645],[-44.59447,-19.84762],[-44.59392,-19.84421],[-44.5883,-19.84497],[-44.58777,-19.8454],[-44.58912,-19.8517],[-44.58895,-19.85189],[-44.58912,-19.85213],[-44.58837,-19.85509],[-44.59026,-19.85512],[-44.59238,-19.85559],[-44.59242,-19.85596]]]}},{"id":"23","type":"Feature","properties":{"bairro":"Jardim Beatriz","distrito":"Pará de Minas","regiao":"Pará de Minas","setores":3,"urbano":3},"geometry":{"type":"Polygon","coordinates":[[[-44.59569,-19.88262],[-44.59627,-19.88517],[-44.59564,-19.88618],[-44.5954,-19.88758],[-44.59853,-19.88667],[-44.59741,-19.88105],[-44.59813,-19.8809],[-44.59841,-19.88207],[-44.59979,-19.88178],[-44.59923,-19.87932],[-44.59782,-19.87963],[-44.59715,-19.87682],[-44.59649,-19.87764],[-44.59567,-19.87816],[-44.59397,-19.8791],[-44.59324,-19.87861],[-44.59302,-19.87912],[-44.59276,-19.88132],[-44.59307,-19.88308],[-44.59569,-19.88262]]]}},{"id":"24","type":"Feature","properties":{"bairro":"Jardim Serra Verde","distrito":"Pará de Minas","regiao":"Pará de Minas","setores":4,"urbano":4},"geometry":{"type":"Polygon","coordinates":[[[-44.57726,-19.89274],[-44.57798,-19.89317],[-44.57817,-19.8935],[-44.57858,-19.89511],[-44.57833,-19.89609],[-44.57854,-19.89659],[-44.5797,-19.89715],[-44.58092,-19.89848],[-44.5822,-19.89889],[-44.5829,-19.89984],[-44.58303,-19.90032],[-44.58469,-19.90117],[-44.58528,-19.90177],[-44.58655,-19.90217],[-44.59179,-19.90503],[-44.5956,-19.90101],[-44.60126,-19.8955],[-44.60334,-19.89414],[-44.60583,-19.89157],[-44.60911,-19.88707],[-44.60703,-19.88724],[-44.606,-19.88777],[-44.60537,-19.88778],[-44.60487,-19.88689],[-44.60461,-19.88562],[-44.60389,-19.88454],[-44.60076,-19.88589],[-44.5954,-19.88758],[-44.59564,-19.88618],[-44.59627,-19.88517],[-44.59569,-19.88262],[-44.59307,-19.88308],[-44.59276,-19.88132],[-44.59302,-19.87912],[-44.59349,-19.87832],[-44.59324,-19.87812],[-44.59227,-19.87894],[-44.59086,-19.87918],[-44.59005,-19.87969],[-44.58949,-19.88042],[-44.58895,-19.88201],[-44.58854,-19.88256],[-44.58744,-19.88287],[-44.58506,-19.88453],[-44.58441,-19.88457],[-44.58382,-19.8843],[-44.5839,-19.88462],[-44.58361,-19.88481],[-44.58319,-19.88429],[-44.58285,-19.88427],[-44.58222,-19.88544],[-44.58243,-19.8859],[-44.58293,-19.88555],[-44.58309,-19.88564],[-44.5834,-19.88618],[-44.58339,-19.88679],[-44.58286,-19.88752],[-44.58173,-19.88787],[-44.58152,-19.88781],[-44.58133,-19.88731],[-44.58055,-19.88739],[-44.57947,-19.88803],[-44.57755,-19.88872],[-44.57747,-19.88989],[-44.57686,-19.88971],[-44.57655,-19.88983],[-44.57624,-19.89042],[-44.57597,-19.89044],[-44.57691,-19.89129],[-44.57726,-19.89274]]]}},{"id":"25","type":"Feature","properties":{"bairro":"Jardim das Piteiras","distrito":"Pará de Minas","regiao":"Pará de Minas","setores":2,"urbano":2},"geometry":{"type":"Polygon","coordinates":[[[-44.59741,-19.88105],[-44.59853,-19.88667],[-44.60389,-19.88454],[-44.60301,-19.88112],[-44.60049,-19.88161],[-44.59991,-19.87916],[-44.60042,-19.87904],[-44.60038,-19.87842],[-44.60058,-19.87824],[-44.5998,-19.87732],[-44.59892,-19.87671],[-44.59931,-19.8762],[-44.59806,-19.87533],[-44.59715,-19.87682],[-44.59782,-19.87963],[-44.59923,-19.87932],[-44.59979,-19.88178],[-44.59841,-19.88207],[-44.59813,-19.8809],[-44.59741,-19.88105]]]}},{"id":"26","type":"Feature","properties":{"bairro":"Juscelino Kubitschek","distrito":"Pará de Minas","regiao":"Pará de Minas","setores":3,"urbano":3},"geometry":{"type":"MultiPolygon","coordinates":[[[[-44.61653,-19.84205],[-44.61641,-19.84154],[-44.61457,-19.84179],[-44.61401,-19.83919],[-44.61438,-19.83845],[-44.61414,-19.83759],[-44.61308,-19.84009],[-44.61306,-19.84224],[-44.6168,-19.84249],[-44.6167,-19.84316],[-44.61856,-19.84332],[-44.62167,-19.84051],[-44.62098,-19.8402],[-44.61838,-19.84254],[-44.61653,-19.84205]]],[[[-44.60551,-19.83743],[-44.6069,-19.83823],[-44.6084,-19.83847],[-44.60907,-19.83904],[-44.60962,-19.83865],[-44.61138,-19.83821],[-44.61212,-19.83778],[-44.61192,-19.83729],[-44.6121,-19.8368],[-44.6127,-19.83654],[-44.60874,-19.83505],[-44.60728,-19.83374],[-44.60551,-19.83743]]]]}},{"id":"27","type":"Feature","properties":{"bairro":"Meireles","distrito":"Pará de Minas","regiao":"Pará de Minas","setores":1,"urbano":0},"geometry":{"type":"Polygon","coordinates":[[[-44.66836,-19.86077],[-44.6729,-19.86109],[-44.67374,-19.86055],[-44.67412,-19.86054],[-44.67463,-19.85954],[-44.67601,-19.86009],[-44.67562,-19.8597],[-44.67569,-19.85882],[-44.67528,-19.85812],[-44.67535,-19.85774],[-44.67419,-19.85727],[-44.67452,-19.85657],[-44.67393,-19.85527],[-44.67321,-19.855],[-44.67256,-19.85442],[-44.67267,-19.8535],[-44.67253,-19.85327],[-44.67123,-19.85297],[-44.67112,-19.85183],[-44.67084,-19.85184],[-44.6696,-19.85285],[-44.66971,-19.85309],[-44.66944,-19.85368],[-44.66955,-19.854],[-44.66923,-19.85463],[-44.6693,-19.85501],[-44.669,-19.85545],[-44.66905,-19.85578],[-44.66846,-19.8557],[-44.66811,-19.85595],[-44.66847,-19.85634],[-44.66852,-19.85669],[-44.66809,-19.85685],[-44.66859,-19.8571],[-44.66804,-19.85757],[-44.66836,-19.8577],[-44.66816,-19.85797],[-44.66833,-19.85817],[-44.66817,-19.85881],[-44.66846,-19.85914],[-44.66822,-19.85943],[-44.66853,-19.85987],[-44.66815,-19.86022],[-44.66854,-19.8603],[-44.66851,-19.86051],[-44.66797,-19.8606],[-44.66836,-19.86077]]]}},{"id":"28","type":"Feature","properties":{"bairro":"Muquem","distrito":"Córrego do Barro","regiao":"Córrego do Barro","setores":1,"urbano":0},"geometry":{"type":"Polygon","coordinates":[[[-44.46599,-19.72534],[-44.46772,-19.72629],[-44.46887,-19.72767],[-44.46909,-19.7285],[-44.46892,-19.72948],[-44.46924,-19.72992],[-44.46885,-19.73107],[-44.46942,-19.73289],[-44.4704,-19.73384],[-44.47012,-19.73385],[-44.46869,-19.73251],[-44.46815,-19.73242],[-44.46785,-19.73264],[-44.46633,-19.73262],[-44.46489,-19.73335],[-44.46221,-19.73293],[-44.46172,-19.73318],[-44.46136,-19.73432],[-44.46103,-19.73452],[-44.46027,-19.73309],[-44.46043,-19.73188],[-44.46075,-19.73147],[-44.46072,-19.73104],[-44.46095,-19.7306],[-44.46101,-19.72945],[-44.46143,-19.72888],[-44.4625,-19.72854],[-44.46296,-19.72673],[-44.46228,-19.72599],[-44.45959,-19.72637],[-44.45834,-19.72725],[-44.45656,-19.7304],[-44.45447,-19.73272],[-44.45326,-19.73344],[-44.45098,-19.7343],[-44.44968,-19.7346],[-44.44814,-19.73463],[-44.44796,-19.73479],[-44.44539,-19.73479],[-44.44443,-19.73457],[-44.44148,-19.73313],[-44.44093,-19.733],[-44.44036,-19.73324],[-44.43993,-19.73385],[-44.43993,-19.73553],[-44.43968,-19.73623],[-44.43886,-19.73692],[-44.43677,-19.73793],[-44.43466,-19.73963],[-44.43359,-19.74131],[-44.43323,-19.74366],[-44.43357,-19.74568],[-44.43461,-19.74708],[-44.43561,-19.74795],[-44.43923,-19.74993],[-44.44037,-19.75091],[-44.44306,-19.7522],[-44.44357,-19.75295],[-44.44364,-19.7544],[-44.44296,-19.75745],[-44.44289,-19.75891],[-44.44326,-19.76032],[-44.44489,-19.76399],[-44.44502,-19.76518],[-44.4425,-19.76628],[-44.44058,-19.76673],[-44.43922,-19.76758],[-44.43911,-19.76806],[-44.43932,-19.76878],[-44.44003,-19.76946],[-44.44067,-19.77133],[-44.44127,-19.77173],[-44.44221,-19.7718],[-44.44257,-19.77274],[-44.44356,-19.77352],[-44.44366,-19.77446],[-44.44418,-19.77522],[-44.44383,-19.77639],[-44.44393,-19.77783],[-44.44358,-19.7787],[-44.44266,-19.77985],[-44.44261,-19.78062],[-44.4422,-19.7813],[-44.44223,-19.78178],[-44.44316,-19.78231],[-44.44426,-19.78252],[-44.44492,-19.7829],[-44.44605,-19.78246],[-44.44641,-19.78336],[-44.44789,-19.78369],[-44.44809,-19.78461],[-44.44802,-19.78617],[-44.44754,-19.78705],[-44.44645,-19.78785],[-44.44634,-19.7884],[-44.44668,-19.78911],[-44.44848,-19.7887],[-44.44956,-19.78903],[-44.45081,-19.79038],[-44.45154,-19.79076],[-44.45206,-19.7917],[-44.45284,-19.79152],[-44.45335,-19.79163],[-44.45342,-19.79299],[-44.45359,-19.79315],[-44.45505,-19.79316],[-44.45631,-19.79289],[-44.45692,-19.79337],[-44.45756,-19.79424],[-44.45832,-19.79452],[-44.46011,-19.79603],[-44.46026,-19.79648],[-44.45989,-19.79715],[-44.45979,-19.79799],[-44.4613,-19.79911],[-44.46148,-19.79954],[-44.46108,-19.8013],[-44.46214,-19.803],[-44.46301,-19.80508],[-44.46364,-19.80841],[-44.46349,-19.80994],[-44.46441,-19.81143],[-44.46514,-19.8113],[-44.46604,-19.81159],[-44.46734,-19.81137],[-44.46844,-19.8103],[-44.46958,-19.81022],[-44.47103,-19.81046],[-44.47251,-19.80979],[-44.4739,-19.80953],[-44.47436,-19.80928],[-44.47463,-19.80885],[-44.47537,-19.80877],[-44.47593,-19.80825],[-44.47673,-19.80815],[-44.47817,-19.80713],[-44.47912,-19.80688],[-44.47927,-19.80523],[-44.47968,-19.8041],[-44.48075,-19.80282],[-44.48266,-19.80298],[-44.48424,-19.80277],[-44.48523,-19.80343],[-44.48706,-19.802],[-44.48901,-19.80128],[-44.48984,-19.80131],[-44.49076,-19.79906],[-44.49096,-19.7981],[-44.49197,-19.79643],[-44.49203,-19.79563],[-44.49289,-19.79253],[-44.49326,-19.79182],[-44.49413,-19.79089],[-44.49448,-19.79011],[-44.49435,-19.78628],[-44.4946,-19.78567],[-44.49445,-19.78477],[-44.49477,-19.7839],[-44.4948,-19.78171],[-44.4968,-19.77665],[-44.49729,-19.77393],[-44.49679,-19.77195],[-44.4953,-19.77158],[-44.4945,-19.76886],[-44.48649,-19.76669],[-44.48465,-19.76532],[-44.48491,-19.76453],[-44.48469,-19.76333],[-44.4838,-19.76211],[-44.48373,-19.76021],[-44.48514,-19.75299],[-44.48497,-19.75204],[-44.48355,-19.75118],[-44.48108,-19.74871],[-44.48072,-19.7471],[-44.47998,-19.74588],[-44.48045,-19.74517],[-44.48059,-19.7443],[-44.48111,-19.74359],[-44.48096,-19.74182],[-44.47963,-19.74137],[-44.47785,-19.73883],[-44.47669,-19.73662],[-44.47707,-19.73585],[-44.47828,-19.73524],[-44.47928,-19.73439],[-44.48111,-19.73129],[-44.48231,-19.73062],[-44.48265,-19.72794],[-44.4833,-19.72633],[-44.48579,-19.72428],[-44.48553,-19.7227],[-44.48689,-19.72201],[-44.4867,-19.72155],[-44.48602,-19.72108],[-44.48571,-19.72062],[-44.48462,-19.72023],[-44.48432,-19.71985],[-44.48448,-19.71873],[-44.48629,-19.71683],[-44.48703,-19.71483],[-44.48784,-19.71424],[-44.48819,-19.7135],[-44.48945,-19.71288],[-44.49021,-19.71192],[-44.48913,-19.71124],[-44.48765,-19.71077],[-44.48029,-19.70987],[-44.47492,-19.70696],[-44.47391,-19.70689],[-44.47209,-19.70755],[-44.47089,-19.70881],[-44.47072,-19.71001],[-44.4713,-19.71051],[-44.47371,-19.71158],[-44.47398,-19.712],[-44.4739,-19.71247],[-44.47271,-19.71321],[-44.47132,-19.71377],[-44.46909,-19.71627],[-44.46844,-19.71827],[-44.46813,-19.72168],[-44.4678,-19.72303],[-44.46705,-19.7245],[-44.46599,-19.72534]]]}},{"id":"29","type":"Feature","properties":{"bairro":"Nossa Senhora das Gracas","distrito":"Pará de Minas","regiao":"Pará de Minas","setores":4,"urbano":4},"geometry":{"type":"Polygon","coordinates":[[[-44.60193,-19.8718],[-44.60172,-19.87289],[-44.6006,-19.87395],[-44.6,-19.87428],[-44.59884,-19.87438],[-44.59867,-19.87463],[-44.60022,-19.87486],[-44.6008,-19.87476],[-44.60154,-19.8743],[-44.60317,-19.87589],[-44.6039,-19.87557],[-44.60193,-19.87373],[-44.60219,-19.87318],[-44.60253,-19.87302],[-44.60226,-19.87244],[-44.60272,-19.87076],[-44.60531,-19.87132],[-44.60852,-19.86777],[-44.608,-19.86723],[-44.6071,-19.86818],[-44.60606,-19.86721],[-44.6067,-19.86657],[-44.60562,-19.86556],[-44.60445,-19.86686],[-44.60495,-19.86735],[-44.60449,-19.86787],[-44.60381,-19.86756],[-44.60143,-19.87012],[-44.60149,-19.87079],[-44.60193,-19.8718]]]}},{"id":"30","type":"Feature","properties":{"bairro":"Novo Horizonte","distrito":"Pará de Minas","regiao":"Pará de Minas","setores":1,"urbano":1},"geometry":{"type":"Polygon","coordinates":[[[-44.62116,-19.83548],[-44.62021,-19.83679],[-44.62165,-19.83958],[-44.62326,-19.83785],[-44.62244,-19.83642],[-44.6218,-19.83671],[-44.62116,-19.83548]]]}},{"id":"31","type":"Feature","properties":{"bairro":"Ozanam","distrito":"Pará de Minas","regiao":"Pará de Minas","setores":2,"urbano":2},"geometry":{"type":"Polygon","coordinates":[[[-44.61414,-19.83765],[-44.61438,-19.83845],[-44.61401,-19.83919],[-44.61457,-19.84179],[-44.61641,-19.84154],[-44.61653,-19.84205],[-44.61804,-19.84245],[-44.61726,-19.83859],[-44.62167,-19.84051],[-44.62203,-19.84015],[-44.62021,-19.83679],[-44.6196,-19.83766],[-44.61686,-19.83726],[-44.61458,-19.83661],[-44.61414,-19.83765]]]}},{"id":"32","type":"Feature","properties":{"bairro":"Padre Liberio","distrito":"Pará de Minas","regiao":"Pará de Minas","setores":19,"urbano":18},"geometry":{"type":"Polygon","coordinates":[[[-44.60455,-19.83778],[-44.60617,-19.83849],[-44.60643,-19.83799],[-44.60551,-19.83743],[-44.60728,-19.83374],[-44.60874,-19.83505],[-44.61281,-19.83651],[-44.61299,-19.83637],[-44.61296,-19.83582],[-44.61247,-19.83524],[-44.61257,-19.83451],[-44.61234,-19.8336],[-44.61277,-19.83298],[-44.61257,-19.83239],[-44.61265,-19.83188],[-44.613,-19.83166],[-44.61327,-19.83194],[-44.61383,-19.83207],[-44.6166,-19.83068],[-44.61698,-19.83006],[-44.61752,-19.83002],[-44.61734,-19.82826],[-44.61755,-19.82666],[-44.61732,-19.82605],[-44.61752,-19.82528],[-44.61787,-19.82496],[-44.61852,-19.82492],[-44.61921,-19.82532],[-44.61969,-19.82594],[-44.62025,-19.82588],[-44.62049,-19.82664],[-44.62106,-19.8266],[-44.62172,-19.82591],[-44.62301,-19.8264],[-44.62322,-19.82594],[-44.62286,-19.82565],[-44.62282,-19.82509],[-44.62317,-19.82478],[-44.62405,-19.82483],[-44.62443,-19.82385],[-44.62408,-19.82356],[-44.6233,-19.82366],[-44.6227,-19.82352],[-44.62241,-19.82374],[-44.62161,-19.82361],[-44.62101,-19.82325],[-44.62028,-19.8232],[-44.61913,-19.82274],[-44.61824,-19.82297],[-44.61742,-19.82236],[-44.61686,-19.82223],[-44.61539,-19.8224],[-44.61362,-19.82185],[-44.61158,-19.82162],[-44.61059,-19.82076],[-44.61017,-19.81995],[-44.60921,-19.81938],[-44.60759,-19.81781],[-44.60551,-19.81689],[-44.59637,-19.81639],[-44.59554,-19.81736],[-44.59181,-19.81921],[-44.58688,-19.82124],[-44.58445,-19.82416],[-44.58216,-19.83034],[-44.58076,-19.83359],[-44.57919,-19.8357],[-44.57641,-19.83846],[-44.57279,-19.83837],[-44.57274,-19.83931],[-44.57152,-19.84174],[-44.57201,-19.84376],[-44.57266,-19.84504],[-44.57416,-19.84674],[-44.57533,-19.84773],[-44.57578,-19.84842],[-44.57574,-19.84936],[-44.576,-19.84992],[-44.57576,-19.85065],[-44.57636,-19.85211],[-44.57636,-19.85263],[-44.57431,-19.85773],[-44.57724,-19.8584],[-44.57751,-19.85814],[-44.57784,-19.85814],[-44.57809,-19.85858],[-44.58027,-19.85929],[-44.58615,-19.86227],[-44.58801,-19.86248],[-44.59057,-19.86307],[-44.59247,-19.85573],[-44.59026,-19.85512],[-44.58837,-19.85509],[-44.58912,-19.85213],[-44.58895,-19.85189],[-44.58912,-19.8517],[-44.58769,-19.84549],[-44.5883,-19.84497],[-44.5902,-19.84473],[-44.58994,-19.84312],[-44.59118,-19.84293],[-44.591,-19.84196],[-44.60428,-19.83801],[-44.60455,-19.83778]],[[-44.60596,-19.82891],[-44.60432,-19.82794],[-44.60459,-19.82751],[-44.60411,-19.82724],[-44.60525,-19.82566],[-44.60735,-19.82697],[-44.60868,-19.82509],[-44.61103,-19.82647],[-44.61017,-19.82777],[-44.6084,-19.8276],[-44.60777,-19.82723],[-44.60691,-19.8284],[-44.60596,-19.82891]],[[-44.59661,-19.82255],[-44.6002,-19.82291],[-44.60306,-19.82524],[-44.60426,-19.82545],[-44.60396,-19.82662],[-44.6035,-19.82673],[-44.60289,-19.82741],[-44.60296,-19.82699],[-44.59934,-19.82673],[-44.59831,-19.82507],[-44.59734,-19.82524],[-44.59719,-19.82448],[-44.59613,-19.82356],[-44.59661,-19.82255]]]}},{"id":"33","type":"Feature","properties":{"bairro":"Papa Joao Paulo II","distrito":"Pará de Minas","regiao":"Pará de Minas","setores":3,"urbano":3},"geometry":{"type":"Polygon","coordinates":[[[-44.57431,-19.85773],[-44.57639,-19.85247],[-44.57576,-19.85065],[-44.576,-19.84992],[-44.57574,-19.84936],[-44.57578,-19.84842],[-44.57533,-19.84773],[-44.57284,-19.8453],[-44.57201,-19.84376],[-44.57152,-19.84174],[-44.57274,-19.83931],[-44.57279,-19.83837],[-44.57072,-19.83843],[-44.56751,-19.84143],[-44.56663,-19.84314],[-44.56575,-19.84655],[-44.56356,-19.85021],[-44.56208,-19.85322],[-44.55973,-19.85605],[-44.55694,-19.8602],[-44.55616,-19.86101],[-44.55382,-19.86206],[-44.55312,-19.86262],[-44.55295,-19.86303],[-44.55354,-19.86507],[-44.55401,-19.86843],[-44.55425,-19.86839],[-44.55469,-19.86773],[-44.55538,-19.8673],[-44.55651,-19.86722],[-44.55806,-19.86753],[-44.55883,-19.86801],[-44.56148,-19.86887],[-44.56173,-19.86911],[-44.56272,-19.86888],[-44.56693,-19.86692],[-44.57579,-19.86026],[-44.57739,-19.85883],[-44.57724,-19.8584],[-44.57431,-19.85773]]]}},{"id":"34","type":"Feature","properties":{"bairro":"Pará de Minas — sem bairro declarado","distrito":"Pará de Minas","regiao":"Pará de Minas","setores":1,"urbano":1},"geometry":{"type":"Polygon","coordinates":[[[-44.54752,-19.90204],[-44.54878,-19.90613],[-44.54729,-19.90684],[-44.54673,-19.90746],[-44.54408,-19.90801],[-44.54357,-19.90849],[-44.54989,-19.90944],[-44.55185,-19.91068],[-44.55243,-19.91055],[-44.55437,-19.90907],[-44.55597,-19.90956],[-44.55591,-19.91006],[-44.55655,-19.91153],[-44.55784,-19.91233],[-44.56181,-19.91035],[-44.56084,-19.90886],[-44.56259,-19.90719],[-44.56158,-19.90648],[-44.5614,-19.90578],[-44.56006,-19.90527],[-44.561,-19.90409],[-44.5608,-19.90264],[-44.55918,-19.903],[-44.55904,-19.90239],[-44.55879,-19.90231],[-44.55881,-19.90115],[-44.55814,-19.9009],[-44.55916,-19.89836],[-44.55428,-19.89975],[-44.54752,-19.90204]]]}},{"id":"35","type":"Feature","properties":{"bairro":"Penha","distrito":"Carioca","regiao":"Carioca","setores":1,"urbano":0},"geometry":{"type":"Polygon","coordinates":[[[-44.68266,-19.81509],[-44.68424,-19.81638],[-44.68431,-19.81598],[-44.68487,-19.81566],[-44.68737,-19.8151],[-44.68874,-19.81456],[-44.69005,-19.81355],[-44.69378,-19.80986],[-44.69547,-19.80745],[-44.69561,-19.80657],[-44.69487,-19.80627],[-44.6946,-19.80585],[-44.69463,-19.80408],[-44.69446,-19.80365],[-44.69405,-19.80341],[-44.69352,-19.80346],[-44.69024,-19.80456],[-44.68876,-19.804],[-44.68793,-19.80446],[-44.68547,-19.80774],[-44.68396,-19.80887],[-44.68314,-19.81013],[-44.68304,-19.81059],[-44.68357,-19.81238],[-44.68345,-19.81284],[-44.68238,-19.81369],[-44.68233,-19.81415],[-44.68266,-19.81509]]]}},{"id":"36","type":"Feature","properties":{"bairro":"Prefeito Walter Martins Ferreira","distrito":"Pará de Minas","regiao":"Pará de Minas","setores":3,"urbano":3},"geometry":{"type":"Polygon","coordinates":[[[-44.59831,-19.82507],[-44.59934,-19.82673],[-44.60296,-19.82699],[-44.60289,-19.82741],[-44.6035,-19.82673],[-44.60396,-19.82662],[-44.60426,-19.82545],[-44.60306,-19.82524],[-44.6002,-19.82291],[-44.59661,-19.82255],[-44.59613,-19.82356],[-44.59719,-19.82448],[-44.59734,-19.82524],[-44.59831,-19.82507]]]}},{"id":"37","type":"Feature","properties":{"bairro":"Providencia","distrito":"Pará de Minas","regiao":"Pará de Minas","setores":12,"urbano":12},"geometry":{"type":"Polygon","coordinates":[[[-44.58341,-19.87167],[-44.58527,-19.87063],[-44.5859,-19.87162],[-44.58656,-19.87084],[-44.58704,-19.87106],[-44.58759,-19.87063],[-44.59038,-19.86764],[-44.59025,-19.86681],[-44.5897,-19.86641],[-44.58985,-19.86572],[-44.58763,-19.86522],[-44.58726,-19.86653],[-44.58499,-19.866],[-44.58565,-19.86342],[-44.5866,-19.8624],[-44.57999,-19.85916],[-44.57809,-19.85858],[-44.57784,-19.85814],[-44.57738,-19.8582],[-44.57724,-19.85854],[-44.57739,-19.85883],[-44.57695,-19.85932],[-44.57458,-19.86119],[-44.57606,-19.86195],[-44.57745,-19.86218],[-44.57543,-19.86687],[-44.5754,-19.86818],[-44.57665,-19.86842],[-44.57827,-19.86841],[-44.57904,-19.86876],[-44.57949,-19.86973],[-44.57871,-19.87009],[-44.57851,-19.87037],[-44.57922,-19.8706],[-44.57915,-19.87079],[-44.57952,-19.87143],[-44.58216,-19.87203],[-44.5824,-19.87143],[-44.58341,-19.87167]]]}},{"id":"38","type":"Feature","properties":{"bairro":"Recanto","distrito":"Pará de Minas","regiao":"Pará de Minas","setores":9,"urbano":9},"geometry":{"type":"Polygon","coordinates":[[[-44.5755,-19.87767],[-44.5766,-19.87618],[-44.57696,-19.87484],[-44.5787,-19.87414],[-44.5791,-19.87372],[-44.57932,-19.87242],[-44.57902,-19.87129],[-44.57922,-19.8706],[-44.57851,-19.87037],[-44.57871,-19.87009],[-44.57949,-19.86973],[-44.57904,-19.86876],[-44.57827,-19.86841],[-44.57665,-19.86842],[-44.5754,-19.86818],[-44.57543,-19.86687],[-44.57745,-19.86218],[-44.57271,-19.86753],[-44.57239,-19.86838],[-44.57253,-19.86929],[-44.5715,-19.86948],[-44.57179,-19.87168],[-44.57214,-19.87218],[-44.57292,-19.87446],[-44.5729,-19.87621],[-44.5755,-19.87767]]]}},{"id":"39","type":"Feature","properties":{"bairro":"Recanto da Lagoa","distrito":"Pará de Minas","regiao":"Pará de Minas","setores":2,"urbano":2},"geometry":{"type":"Polygon","coordinates":[[[-44.5755,-19.87767],[-44.57722,-19.87862],[-44.57875,-19.87746],[-44.57952,-19.87628],[-44.58087,-19.87572],[-44.57879,-19.87407],[-44.57696,-19.87484],[-44.57636,-19.87674],[-44.5755,-19.87767]]]}},{"id":"40","type":"Feature","properties":{"bairro":"Redentor","distrito":"Pará de Minas","regiao":"Pará de Minas","setores":1,"urbano":1},"geometry":{"type":"Polygon","coordinates":[[[-44.5999,-19.84999],[-44.60101,-19.85235],[-44.60372,-19.85121],[-44.60315,-19.8501],[-44.60227,-19.85047],[-44.6017,-19.84927],[-44.5999,-19.84999]]]}},{"id":"41","type":"Feature","properties":{"bairro":"Residencial Capanema","distrito":"Pará de Minas","regiao":"Pará de Minas","setores":2,"urbano":2},"geometry":{"type":"Polygon","coordinates":[[[-44.60459,-19.82751],[-44.60432,-19.82794],[-44.60597,-19.82891],[-44.60691,-19.8284],[-44.60777,-19.82723],[-44.6084,-19.8276],[-44.61017,-19.82777],[-44.61103,-19.82647],[-44.60868,-19.82509],[-44.60735,-19.82697],[-44.60525,-19.82566],[-44.60411,-19.82724],[-44.60459,-19.82751]]]}},{"id":"42","type":"Feature","properties":{"bairro":"Santa Edwirges","distrito":"Pará de Minas","regiao":"Pará de Minas","setores":4,"urbano":4},"geometry":{"type":"Polygon","coordinates":[[[-44.57722,-19.87862],[-44.5729,-19.87621],[-44.57292,-19.87446],[-44.57214,-19.87218],[-44.57179,-19.87168],[-44.5715,-19.86948],[-44.57112,-19.86986],[-44.57089,-19.87072],[-44.56917,-19.8714],[-44.56961,-19.87246],[-44.56695,-19.8738],[-44.56665,-19.87373],[-44.56547,-19.87174],[-44.56555,-19.8715],[-44.56534,-19.87131],[-44.56486,-19.86789],[-44.56272,-19.86888],[-44.56173,-19.86911],[-44.56148,-19.86887],[-44.55883,-19.86801],[-44.55806,-19.86753],[-44.55651,-19.86722],[-44.55557,-19.86724],[-44.55494,-19.86752],[-44.55433,-19.86832],[-44.55401,-19.86843],[-44.55272,-19.87093],[-44.55326,-19.87055],[-44.5544,-19.87164],[-44.55578,-19.87145],[-44.55662,-19.87192],[-44.55752,-19.87358],[-44.5579,-19.87391],[-44.55831,-19.87481],[-44.55821,-19.87522],[-44.55856,-19.87624],[-44.55935,-19.87726],[-44.56099,-19.87838],[-44.5617,-19.8795],[-44.56255,-19.88032],[-44.56447,-19.8815],[-44.56514,-19.88256],[-44.56612,-19.88351],[-44.56678,-19.88471],[-44.56712,-19.88581],[-44.56694,-19.88651],[-44.5666,-19.88691],[-44.56662,-19.88729],[-44.5669,-19.88753],[-44.5672,-19.88751],[-44.56734,-19.88697],[-44.56776,-19.88686],[-44.56793,-19.88717],[-44.56769,-19.88826],[-44.56811,-19.88892],[-44.56861,-19.88922],[-44.56903,-19.88907],[-44.56924,-19.8896],[-44.56989,-19.88992],[-44.57005,-19.89099],[-44.5708,-19.89087],[-44.57173,-19.89143],[-44.5722,-19.89115],[-44.57332,-19.89129],[-44.57402,-19.89184],[-44.57447,-19.8915],[-44.57529,-19.89146],[-44.57546,-19.89107],[-44.57596,-19.891],[-44.5761,-19.89068],[-44.57597,-19.89044],[-44.57624,-19.89042],[-44.57655,-19.88983],[-44.57708,-19.88972],[-44.57747,-19.88989],[-44.57755,-19.88872],[-44.57947,-19.88803],[-44.58055,-19.88739],[-44.58133,-19.88731],[-44.58152,-19.88781],[-44.58173,-19.88787],[-44.58286,-19.88752],[-44.58339,-19.88679],[-44.5834,-19.88618],[-44.58293,-19.88555],[-44.58258,-19.8859],[-44.58212,-19.88551],[-44.58143,-19.88557],[-44.58049,-19.88344],[-44.57983,-19.88354],[-44.57911,-19.88306],[-44.57921,-19.88212],[-44.58095,-19.88073],[-44.58127,-19.88024],[-44.57963,-19.87635],[-44.57937,-19.87641],[-44.57875,-19.87746],[-44.57722,-19.87862]]]}},{"id":"43","type":"Feature","properties":{"bairro":"Santo Antonio","distrito":"Pará de Minas","regiao":"Pará de Minas","setores":2,"urbano":2},"geometry":{"type":"Polygon","coordinates":[[[-44.59323,-19.86828],[-44.59203,-19.87005],[-44.59157,-19.87038],[-44.59056,-19.87211],[-44.59001,-19.87237],[-44.59082,-19.87264],[-44.59215,-19.87163],[-44.59428,-19.87073],[-44.59403,-19.87011],[-44.59498,-19.86977],[-44.59439,-19.86807],[-44.59323,-19.86828]]]}},{"id":"44","type":"Feature","properties":{"bairro":"Santos Dumont","distrito":"Pará de Minas","regiao":"Pará de Minas","setores":9,"urbano":9},"geometry":{"type":"Polygon","coordinates":[[[-44.60748,-19.84328],[-44.60693,-19.84439],[-44.60634,-19.84503],[-44.60536,-19.84529],[-44.6031,-19.84485],[-44.60246,-19.84488],[-44.60237,-19.84506],[-44.6027,-19.84557],[-44.6035,-19.84557],[-44.60553,-19.84609],[-44.60667,-19.84615],[-44.60931,-19.84548],[-44.60943,-19.84723],[-44.6099,-19.84918],[-44.61139,-19.84909],[-44.61141,-19.84753],[-44.61107,-19.84662],[-44.61134,-19.84562],[-44.61126,-19.8453],[-44.61182,-19.84473],[-44.61289,-19.84459],[-44.61308,-19.84009],[-44.61413,-19.83763],[-44.61294,-19.83742],[-44.61138,-19.83821],[-44.60962,-19.83865],[-44.60907,-19.83904],[-44.60819,-19.83839],[-44.6069,-19.83823],[-44.60643,-19.83799],[-44.60617,-19.83849],[-44.60455,-19.83778],[-44.60428,-19.83801],[-44.591,-19.84196],[-44.59118,-19.84293],[-44.58994,-19.84312],[-44.5902,-19.84473],[-44.59392,-19.84421],[-44.59365,-19.84255],[-44.60644,-19.84056],[-44.60705,-19.84125],[-44.6073,-19.84122],[-44.60748,-19.84328]]]}},{"id":"45","type":"Feature","properties":{"bairro":"Sao Antonio","distrito":"Pará de Minas","regiao":"Pará de Minas","setores":1,"urbano":1},"geometry":{"type":"Polygon","coordinates":[[[-44.59439,-19.86807],[-44.59498,-19.86977],[-44.59611,-19.86937],[-44.59636,-19.86999],[-44.59817,-19.86932],[-44.59735,-19.86891],[-44.59766,-19.86803],[-44.59837,-19.86803],[-44.5988,-19.86773],[-44.59793,-19.86677],[-44.59663,-19.86649],[-44.59674,-19.86787],[-44.59439,-19.86807]]]}},{"id":"46","type":"Feature","properties":{"bairro":"Sao Cristovao","distrito":"Pará de Minas","regiao":"Pará de Minas","setores":14,"urbano":14},"geometry":{"type":"Polygon","coordinates":[[[-44.60728,-19.8602],[-44.60813,-19.85857],[-44.60975,-19.85984],[-44.61017,-19.859],[-44.61028,-19.85795],[-44.61061,-19.85747],[-44.61437,-19.85713],[-44.61489,-19.85595],[-44.61224,-19.85482],[-44.61244,-19.85439],[-44.6118,-19.85416],[-44.61349,-19.85045],[-44.61483,-19.851],[-44.61539,-19.84982],[-44.61617,-19.85],[-44.61704,-19.84895],[-44.61671,-19.84834],[-44.61583,-19.84767],[-44.61514,-19.84742],[-44.6142,-19.84762],[-44.61351,-19.84707],[-44.61289,-19.84459],[-44.61182,-19.84473],[-44.61126,-19.8453],[-44.61134,-19.84562],[-44.61107,-19.84662],[-44.61141,-19.84753],[-44.61139,-19.84909],[-44.6099,-19.84918],[-44.60943,-19.84723],[-44.60931,-19.84548],[-44.60667,-19.84615],[-44.60524,-19.84608],[-44.6035,-19.84557],[-44.6027,-19.84557],[-44.6023,-19.84502],[-44.60154,-19.84518],[-44.60154,-19.84646],[-44.60105,-19.84645],[-44.60101,-19.84735],[-44.60166,-19.84873],[-44.60195,-19.84876],[-44.60195,-19.84925],[-44.6017,-19.84927],[-44.60227,-19.85047],[-44.60315,-19.8501],[-44.60372,-19.85121],[-44.5957,-19.85466],[-44.59693,-19.85738],[-44.59845,-19.85829],[-44.5985,-19.85887],[-44.59827,-19.85907],[-44.59841,-19.8592],[-44.59913,-19.85924],[-44.59917,-19.85955],[-44.59966,-19.85962],[-44.60005,-19.86083],[-44.6007,-19.86181],[-44.60194,-19.86138],[-44.60389,-19.86145],[-44.60457,-19.85952],[-44.60559,-19.86019],[-44.60567,-19.85984],[-44.60728,-19.8602]]]}},{"id":"47","type":"Feature","properties":{"bairro":"Sao Francisco","distrito":"Pará de Minas","regiao":"Pará de Minas","setores":5,"urbano":5},"geometry":{"type":"Polygon","coordinates":[[[-44.59014,-19.86668],[-44.59041,-19.86716],[-44.59028,-19.86786],[-44.58759,-19.87063],[-44.58889,-19.87126],[-44.58946,-19.86998],[-44.59098,-19.86812],[-44.59163,-19.86849],[-44.59179,-19.86828],[-44.59277,-19.86879],[-44.59346,-19.86821],[-44.59674,-19.86787],[-44.59663,-19.86649],[-44.59606,-19.86548],[-44.59442,-19.86416],[-44.59267,-19.86355],[-44.58833,-19.86255],[-44.5866,-19.8624],[-44.58565,-19.86342],[-44.58499,-19.866],[-44.58726,-19.86653],[-44.58763,-19.86522],[-44.58985,-19.86572],[-44.5897,-19.86641],[-44.59014,-19.86668]]]}},{"id":"48","type":"Feature","properties":{"bairro":"Sao Jose","distrito":"Pará de Minas","regiao":"Pará de Minas","setores":7,"urbano":7},"geometry":{"type":"Polygon","coordinates":[[[-44.6123,-19.8696],[-44.6148,-19.87033],[-44.61474,-19.8707],[-44.61496,-19.87114],[-44.61661,-19.8721],[-44.61749,-19.87202],[-44.61759,-19.87221],[-44.62188,-19.8733],[-44.62237,-19.87262],[-44.62263,-19.8715],[-44.62365,-19.87082],[-44.62584,-19.8676],[-44.62557,-19.86757],[-44.62418,-19.86877],[-44.62387,-19.86878],[-44.62384,-19.86705],[-44.62278,-19.8669],[-44.62268,-19.86629],[-44.6214,-19.86406],[-44.61987,-19.86499],[-44.61992,-19.86408],[-44.61663,-19.85999],[-44.61776,-19.8592],[-44.61658,-19.85773],[-44.61511,-19.85707],[-44.61061,-19.85747],[-44.61028,-19.85795],[-44.61017,-19.859],[-44.61097,-19.86017],[-44.61118,-19.86533],[-44.61203,-19.867],[-44.6123,-19.8696]]]}},{"id":"49","type":"Feature","properties":{"bairro":"Sao Luis","distrito":"Pará de Minas","regiao":"Pará de Minas","setores":4,"urbano":4},"geometry":{"type":"MultiPolygon","coordinates":[[[[-44.59428,-19.87073],[-44.59391,-19.87087],[-44.59404,-19.87172],[-44.59677,-19.87243],[-44.59634,-19.87393],[-44.59515,-19.87543],[-44.59583,-19.876],[-44.59638,-19.87583],[-44.59651,-19.87535],[-44.59711,-19.8749],[-44.59759,-19.87414],[-44.59712,-19.87381],[-44.59743,-19.87271],[-44.59831,-19.87343],[-44.59874,-19.87299],[-44.60053,-19.87216],[-44.59996,-19.87095],[-44.5995,-19.8682],[-44.5988,-19.86773],[-44.59837,-19.86803],[-44.59766,-19.86803],[-44.59735,-19.86891],[-44.59817,-19.86932],[-44.59636,-19.86999],[-44.59611,-19.86937],[-44.59403,-19.87011],[-44.59428,-19.87073]]],[[[-44.5929,-19.87201],[-44.59254,-19.87169],[-44.59198,-19.87297],[-44.59236,-19.87316],[-44.5929,-19.87201]]]]}},{"id":"50","type":"Feature","properties":{"bairro":"Sao Pedro","distrito":"Pará de Minas","regiao":"Pará de Minas","setores":4,"urbano":4},"geometry":{"type":"Polygon","coordinates":[[[-44.6196,-19.83766],[-44.62116,-19.83548],[-44.6218,-19.83671],[-44.62244,-19.83642],[-44.62326,-19.83785],[-44.62375,-19.83731],[-44.62263,-19.83514],[-44.62296,-19.83524],[-44.62456,-19.83077],[-44.62168,-19.82988],[-44.61688,-19.83324],[-44.61558,-19.83471],[-44.61458,-19.83661],[-44.61686,-19.83726],[-44.6196,-19.83766]]]}},{"id":"51","type":"Feature","properties":{"bairro":"Tavares","distrito":"Ascensão","regiao":"Ascensão","setores":5,"urbano":4},"geometry":{"type":"MultiPolygon","coordinates":[[[[-44.51694,-19.85163],[-44.5174,-19.85094],[-44.51783,-19.84933],[-44.51753,-19.84723],[-44.51673,-19.84614],[-44.51778,-19.84562],[-44.51783,-19.84511],[-44.51853,-19.84491],[-44.51966,-19.84406],[-44.52212,-19.84317],[-44.52251,-19.84276],[-44.52098,-19.84091],[-44.52051,-19.83968],[-44.52041,-19.83819],[-44.52018,-19.83789],[-44.52108,-19.83647],[-44.52074,-19.83628],[-44.52219,-19.83466],[-44.52102,-19.8335],[-44.51883,-19.83504],[-44.5171,-19.83438],[-44.51579,-19.83423],[-44.51426,-19.83477],[-44.51316,-19.8359],[-44.51384,-19.83583],[-44.51346,-19.83693],[-44.51213,-19.83735],[-44.51174,-19.83899],[-44.50884,-19.83959],[-44.50885,-19.83996],[-44.50938,-19.84064],[-44.50908,-19.841],[-44.50852,-19.84111],[-44.50826,-19.8422],[-44.50693,-19.84429],[-44.50695,-19.84492],[-44.50751,-19.84536],[-44.50749,-19.84615],[-44.50891,-19.84646],[-44.51016,-19.84699],[-44.51172,-19.84807],[-44.51279,-19.84931],[-44.5142,-19.849],[-44.51456,-19.84907],[-44.51547,-19.8497],[-44.51552,-19.85043],[-44.51594,-19.85107],[-44.51661,-19.85166],[-44.51694,-19.85163]]],[[[-44.58688,-19.82124],[-44.59554,-19.81736],[-44.59866,-19.81396],[-44.59903,-19.81103],[-44.59818,-19.80907],[-44.59615,-19.80238],[-44.59807,-19.79897],[-44.59822,-19.7954],[-44.59776,-19.79545],[-44.59666,-19.79508],[-44.59288,-19.79298],[-44.5904,-19.79318],[-44.58936,-19.79295],[-44.58813,-19.79216],[-44.58713,-19.79089],[-44.58549,-19.78997],[-44.58299,-19.78962],[-44.58143,-19.78987],[-44.58005,-19.7895],[-44.57716,-19.78843],[-44.57258,-19.78599],[-44.56873,-19.78278],[-44.5673,-19.78136],[-44.56503,-19.77776],[-44.56508,-19.77733],[-44.56637,-19.77577],[-44.56669,-19.77487],[-44.5665,-19.77345],[-44.56691,-19.77214],[-44.5666,-19.77115],[-44.56619,-19.77074],[-44.5657,-19.77067],[-44.5642,-19.77105],[-44.56322,-19.77206],[-44.56133,-19.77275],[-44.56031,-19.77173],[-44.5576,-19.77021],[-44.55712,-19.7694],[-44.55448,-19.7674],[-44.55166,-19.7664],[-44.55018,-19.76658],[-44.55041,-19.76728],[-44.55004,-19.76883],[-44.54912,-19.77168],[-44.54807,-19.77319],[-44.54779,-19.77585],[-44.54743,-19.77677],[-44.54651,-19.77814],[-44.54587,-19.78112],[-44.54577,-19.78291],[-44.54458,-19.78484],[-44.54454,-19.78662],[-44.5432,-19.78835],[-44.54279,-19.78865],[-44.53946,-19.78939],[-44.53594,-19.78961],[-44.5328,-19.78954],[-44.53147,-19.79004],[-44.52964,-19.7916],[-44.52755,-19.79382],[-44.52591,-19.79646],[-44.52441,-19.79717],[-44.52307,-19.79744],[-44.52156,-19.79746],[-44.52028,-19.79686],[-44.51831,-19.79671],[-44.51675,-19.79816],[-44.51581,-19.79838],[-44.51498,-19.79785],[-44.51394,-19.79626],[-44.5131,-19.79571],[-44.51264,-19.79564],[-44.51161,-19.79621],[-44.51088,-19.79685],[-44.51037,-19.79766],[-44.51022,-19.79864],[-44.51029,-19.80175],[-44.50987,-19.80356],[-44.50911,-19.80416],[-44.50863,-19.80425],[-44.50711,-19.80624],[-44.50478,-19.80752],[-44.50359,-19.80864],[-44.50305,-19.80954],[-44.50084,-19.81592],[-44.49998,-19.81695],[-44.49957,-19.81914],[-44.49896,-19.81991],[-44.49824,-19.82024],[-44.49882,-19.82107],[-44.49944,-19.82287],[-44.49978,-19.82334],[-44.50189,-19.82423],[-44.50328,-19.82562],[-44.50407,-19.82721],[-44.50471,-19.82778],[-44.50605,-19.82826],[-44.50678,-19.82873],[-44.50742,-19.82947],[-44.50794,-19.82947],[-44.50833,-19.82921],[-44.5091,-19.82935],[-44.51,-19.83031],[-44.51267,-19.831],[-44.51383,-19.83182],[-44.51696,-19.83134],[-44.52526,-19.8257],[-44.52786,-19.82498],[-44.52919,-19.82531],[-44.5305,-19.8263],[-44.53065,-19.82691],[-44.53108,-19.82713],[-44.53107,-19.82793],[-44.53142,-19.82801],[-44.53157,-19.82826],[-44.53128,-19.82881],[-44.53132,-19.82925],[-44.5323,-19.82889],[-44.53258,-19.8291],[-44.53272,-19.83028],[-44.53332,-19.83061],[-44.53392,-19.83159],[-44.53821,-19.83429],[-44.5395,-19.83601],[-44.54052,-19.83805],[-44.54189,-19.83952],[-44.54481,-19.84125],[-44.54662,-19.84191],[-44.55284,-19.84039],[-44.55465,-19.84048],[-44.55594,-19.84122],[-44.55757,-19.84269],[-44.55963,-19.84547],[-44.56029,-19.84873],[-44.56095,-19.85468],[-44.56208,-19.85322],[-44.56356,-19.85021],[-44.56575,-19.84655],[-44.56663,-19.84314],[-44.56751,-19.84143],[-44.57072,-19.83843],[-44.57641,-19.83846],[-44.57919,-19.8357],[-44.58076,-19.83359],[-44.58216,-19.83034],[-44.58445,-19.82416],[-44.58688,-19.82124]],[[-44.56805,-19.78528],[-44.57906,-19.79889],[-44.58006,-19.80056],[-44.57943,-19.80058],[-44.57803,-19.80022],[-44.57558,-19.80046],[-44.57722,-19.80127],[-44.57742,-19.80163],[-44.57757,-19.8031],[-44.57708,-19.80399],[-44.57655,-19.80399],[-44.57568,-19.80325],[-44.57473,-19.80287],[-44.57388,-19.80278],[-44.57355,-19.80248],[-44.56749,-19.80317],[-44.56672,-19.80311],[-44.56551,-19.80204],[-44.56513,-19.80193],[-44.56505,-19.80149],[-44.56438,-19.80115],[-44.56395,-19.80037],[-44.56415,-19.80012],[-44.56359,-19.79973],[-44.56374,-19.79845],[-44.56261,-19.79772],[-44.56236,-19.7969],[-44.56199,-19.79645],[-44.56222,-19.79453],[-44.56159,-19.79285],[-44.56163,-19.79217],[-44.56224,-19.79264],[-44.56324,-19.79288],[-44.56327,-19.79201],[-44.56261,-19.78984],[-44.5637,-19.78934],[-44.56288,-19.78755],[-44.56805,-19.78528]],[[-44.56906,-19.83911],[-44.56848,-19.83829],[-44.56978,-19.83761],[-44.57033,-19.8384],[-44.56906,-19.83911]]]]}},{"id":"52","type":"Feature","properties":{"bairro":"Torneiros","distrito":"Torneiros","regiao":"Torneiros","setores":2,"urbano":0},"geometry":{"type":"MultiPolygon","coordinates":[[[[-44.74278,-19.88385],[-44.74272,-19.88463],[-44.74099,-19.88464],[-44.74098,-19.88406],[-44.73341,-19.88497],[-44.73124,-19.88496],[-44.73144,-19.88515],[-44.73199,-19.88874],[-44.73196,-19.8922],[-44.73213,-19.89306],[-44.73262,-19.89441],[-44.73371,-19.89549],[-44.73562,-19.89637],[-44.73815,-19.89656],[-44.73992,-19.89743],[-44.74157,-19.8978],[-44.74257,-19.89776],[-44.74393,-19.89728],[-44.74515,-19.89634],[-44.74588,-19.89505],[-44.7461,-19.89409],[-44.74797,-19.89246],[-44.74839,-19.89223],[-44.75091,-19.89203],[-44.75327,-19.89109],[-44.75534,-19.89107],[-44.75623,-19.89077],[-44.75743,-19.89001],[-44.75808,-19.88933],[-44.75862,-19.88799],[-44.75843,-19.88473],[-44.75855,-19.8827],[-44.75495,-19.88296],[-44.75298,-19.88291],[-44.75085,-19.88323],[-44.74278,-19.88385]]],[[[-44.70656,-19.86364],[-44.70726,-19.86436],[-44.70741,-19.86583],[-44.70782,-19.86666],[-44.70961,-19.86728],[-44.71087,-19.86878],[-44.71126,-19.86967],[-44.71184,-19.87248],[-44.71266,-19.87427],[-44.71392,-19.87501],[-44.71707,-19.87784],[-44.71768,-19.87812],[-44.71914,-19.87807],[-44.72062,-19.87771],[-44.72064,-19.87815],[-44.72108,-19.8784],[-44.72142,-19.87934],[-44.72188,-19.87953],[-44.723,-19.8796],[-44.72361,-19.87889],[-44.72407,-19.87891],[-44.72441,-19.87923],[-44.7255,-19.87962],[-44.72606,-19.8805],[-44.72739,-19.88179],[-44.72892,-19.88186],[-44.72928,-19.88319],[-44.73018,-19.88342],[-44.73087,-19.88398],[-44.73108,-19.88452],[-44.73221,-19.88419],[-44.73277,-19.88295],[-44.73369,-19.88276],[-44.7342,-19.88289],[-44.7348,-19.8826],[-44.73486,-19.88199],[-44.73567,-19.88201],[-44.73599,-19.88181],[-44.73592,-19.88155],[-44.73637,-19.88162],[-44.73669,-19.88141],[-44.73706,-19.88162],[-44.73712,-19.8813],[-44.73768,-19.88141],[-44.73784,-19.88089],[-44.73865,-19.88086],[-44.73849,-19.88062],[-44.73914,-19.88044],[-44.73917,-19.88005],[-44.73837,-19.87949],[-44.73894,-19.87898],[-44.73974,-19.87872],[-44.73962,-19.87825],[-44.73922,-19.87786],[-44.73985,-19.87784],[-44.73999,-19.87765],[-44.7394,-19.87729],[-44.73914,-19.87683],[-44.73971,-19.87645],[-44.74014,-19.87579],[-44.74053,-19.87575],[-44.74097,-19.87638],[-44.7416,-19.87658],[-44.74314,-19.87654],[-44.74391,-19.87702],[-44.7449,-19.87694],[-44.74513,-19.8772],[-44.74545,-19.87719],[-44.74565,-19.87754],[-44.74603,-19.87698],[-44.74646,-19.87731],[-44.74719,-19.87719],[-44.74772,-19.87775],[-44.74832,-19.87799],[-44.74831,-19.87835],[-44.74859,-19.8786],[-44.74842,-19.87898],[-44.74877,-19.87939],[-44.74907,-19.87908],[-44.7495,-19.87943],[-44.74991,-19.87943],[-44.7499,-19.87903],[-44.75089,-19.8788],[-44.75105,-19.87847],[-44.75065,-19.87815],[-44.75018,-19.8762],[-44.74929,-19.87506],[-44.74858,-19.87303],[-44.748,-19.87004],[-44.749,-19.86968],[-44.74934,-19.87019],[-44.74964,-19.87016],[-44.75015,-19.86961],[-44.75119,-19.86925],[-44.75089,-19.86851],[-44.75419,-19.86801],[-44.75428,-19.86953],[-44.75459,-19.86988],[-44.7549,-19.87095],[-44.75539,-19.87106],[-44.75616,-19.87198],[-44.7557,-19.87539],[-44.75512,-19.87605],[-44.75477,-19.87749],[-44.75572,-19.87938],[-44.75679,-19.88032],[-44.75742,-19.87996],[-44.75866,-19.88089],[-44.7589,-19.87993],[-44.75927,-19.87947],[-44.76114,-19.87874],[-44.76315,-19.8784],[-44.76714,-19.87629],[-44.76819,-19.87532],[-44.7696,-19.87254],[-44.77116,-19.87078],[-44.77463,-19.86917],[-44.7757,-19.86885],[-44.77774,-19.86932],[-44.77857,-19.86879],[-44.77893,-19.86796],[-44.77932,-19.86764],[-44.78027,-19.8675],[-44.78068,-19.86718],[-44.78078,-19.86672],[-44.7803,-19.86587],[-44.78066,-19.86555],[-44.78127,-19.86438],[-44.78217,-19.86415],[-44.78249,-19.86381],[-44.78237,-19.86291],[-44.78271,-19.86259],[-44.78392,-19.86335],[-44.78436,-19.86319],[-44.78499,-19.86255],[-44.78458,-19.86176],[-44.78455,-19.8613],[-44.78519,-19.8599],[-44.78599,-19.85876],[-44.78602,-19.85832],[-44.78593,-19.85818],[-44.78446,-19.85823],[-44.77846,-19.85907],[-44.77747,-19.85895],[-44.77669,-19.85833],[-44.77545,-19.85686],[-44.77334,-19.85378],[-44.7707,-19.85113],[-44.76944,-19.85055],[-44.7683,-19.85028],[-44.76572,-19.85128],[-44.76266,-19.85298],[-44.76077,-19.85233],[-44.75914,-19.85107],[-44.75868,-19.85093],[-44.75817,-19.85097],[-44.75642,-19.85207],[-44.75494,-19.85232],[-44.75353,-19.85214],[-44.75261,-19.85182],[-44.75137,-19.85101],[-44.75088,-19.85096],[-44.74821,-19.85197],[-44.74719,-19.85201],[-44.74661,-19.85178],[-44.74615,-19.85139],[-44.74591,-19.85054],[-44.7461,-19.8479],[-44.74652,-19.84627],[-44.74638,-19.84275],[-44.74571,-19.83986],[-44.7451,-19.83887],[-44.74471,-19.83857],[-44.74423,-19.83868],[-44.7435,-19.83935],[-44.74186,-19.84212],[-44.73992,-19.84403],[-44.73561,-19.84673],[-44.73272,-19.84804],[-44.72837,-19.8481],[-44.72629,-19.84764],[-44.72585,-19.84722],[-44.72537,-19.84472],[-44.72433,-19.8437],[-44.72336,-19.84331],[-44.72277,-19.84324],[-44.72185,-19.84345],[-44.7203,-19.84322],[-44.71991,-19.84296],[-44.71933,-19.84225],[-44.71894,-19.84082],[-44.71795,-19.83894],[-44.71737,-19.83835],[-44.71669,-19.83813],[-44.71591,-19.83859],[-44.7152,-19.83994],[-44.71411,-19.84125],[-44.70914,-19.84612],[-44.70836,-19.84726],[-44.70814,-19.84827],[-44.70862,-19.85122],[-44.70845,-19.85253],[-44.70884,-19.85338],[-44.70881,-19.85388],[-44.70784,-19.85567],[-44.70798,-19.85767],[-44.70786,-19.85919],[-44.70632,-19.86167],[-44.70656,-19.86364]]]]}},{"id":"53","type":"Feature","properties":{"bairro":"Uniao","distrito":"Pará de Minas","regiao":"Pará de Minas","setores":4,"urbano":4},"geometry":{"type":"Polygon","coordinates":[[[-44.61301,-19.83628],[-44.6121,-19.8368],[-44.61192,-19.83729],[-44.61212,-19.83778],[-44.61294,-19.83742],[-44.61413,-19.83763],[-44.61536,-19.83506],[-44.61667,-19.83345],[-44.62251,-19.8293],[-44.62408,-19.82848],[-44.64039,-19.82221],[-44.64064,-19.82184],[-44.64042,-19.82158],[-44.64048,-19.821],[-44.63988,-19.82099],[-44.63905,-19.8213],[-44.63824,-19.82231],[-44.63725,-19.82289],[-44.63707,-19.82279],[-44.63694,-19.82227],[-44.6367,-19.82216],[-44.63645,-19.8222],[-44.63628,-19.8225],[-44.6355,-19.8222],[-44.63426,-19.82263],[-44.6341,-19.82244],[-44.63442,-19.8215],[-44.63382,-19.82121],[-44.63351,-19.82128],[-44.63289,-19.82207],[-44.63172,-19.82255],[-44.63176,-19.82321],[-44.63129,-19.82346],[-44.63071,-19.82332],[-44.63045,-19.82358],[-44.63044,-19.82382],[-44.63094,-19.82424],[-44.63079,-19.82454],[-44.62992,-19.82445],[-44.62963,-19.82494],[-44.62967,-19.82553],[-44.6295,-19.82562],[-44.62914,-19.82531],[-44.62863,-19.82546],[-44.62851,-19.82604],[-44.62816,-19.82621],[-44.62786,-19.82603],[-44.62793,-19.82549],[-44.6276,-19.8248],[-44.62625,-19.82482],[-44.62576,-19.82412],[-44.6249,-19.82384],[-44.62436,-19.82388],[-44.62405,-19.82483],[-44.62317,-19.82478],[-44.62282,-19.82509],[-44.62286,-19.82565],[-44.62322,-19.82594],[-44.62301,-19.8264],[-44.62172,-19.82591],[-44.62106,-19.8266],[-44.62049,-19.82664],[-44.62025,-19.82588],[-44.61969,-19.82594],[-44.61921,-19.82532],[-44.61852,-19.82492],[-44.61787,-19.82496],[-44.61743,-19.8254],[-44.61732,-19.82605],[-44.61755,-19.82666],[-44.61734,-19.82826],[-44.61752,-19.83002],[-44.61698,-19.83006],[-44.6166,-19.83068],[-44.61383,-19.83207],[-44.61327,-19.83194],[-44.613,-19.83166],[-44.61265,-19.83188],[-44.61257,-19.83239],[-44.61277,-19.83298],[-44.61234,-19.8336],[-44.61257,-19.83451],[-44.61247,-19.83524],[-44.61291,-19.83569],[-44.61301,-19.83628]]]}},{"id":"54","type":"Feature","properties":{"bairro":"Vila Ferreira","distrito":"Pará de Minas","regiao":"Pará de Minas","setores":3,"urbano":3},"geometry":{"type":"MultiPolygon","coordinates":[[[[-44.58216,-19.87203],[-44.57952,-19.87143],[-44.57907,-19.87083],[-44.57932,-19.87242],[-44.5791,-19.87372],[-44.57879,-19.87407],[-44.58089,-19.87566],[-44.58306,-19.87374],[-44.58403,-19.87225],[-44.58505,-19.87159],[-44.5859,-19.87162],[-44.58527,-19.87063],[-44.58341,-19.87167],[-44.5824,-19.87143],[-44.58216,-19.87203]]],[[[-44.57458,-19.86119],[-44.56693,-19.86692],[-44.56486,-19.86789],[-44.56534,-19.87131],[-44.56555,-19.8715],[-44.56547,-19.87174],[-44.56665,-19.87373],[-44.56694,-19.8738],[-44.56961,-19.87246],[-44.56917,-19.8714],[-44.57089,-19.87072],[-44.57125,-19.86962],[-44.57253,-19.86929],[-44.57239,-19.86838],[-44.57271,-19.86753],[-44.57745,-19.86218],[-44.57606,-19.86195],[-44.57458,-19.86119]]]]}},{"id":"55","type":"Feature","properties":{"bairro":"Zona rural — Carioca","distrito":"Carioca","regiao":"Carioca","setores":2,"urbano":0},"geometry":{"type":"Polygon","coordinates":[[[-44.68867,-19.82285],[-44.68923,-19.82287],[-44.69003,-19.82404],[-44.69044,-19.82434],[-44.69277,-19.82508],[-44.6965,-19.82695],[-44.69796,-19.82746],[-44.6985,-19.82725],[-44.69998,-19.82608],[-44.70093,-19.82588],[-44.70182,-19.82625],[-44.70204,-19.82675],[-44.70216,-19.82914],[-44.70235,-19.82958],[-44.70206,-19.83091],[-44.70279,-19.83163],[-44.70344,-19.83289],[-44.70443,-19.83413],[-44.70477,-19.83701],[-44.70515,-19.83836],[-44.70488,-19.83983],[-44.70498,-19.84027],[-44.70622,-19.84108],[-44.70672,-19.84115],[-44.70823,-19.84083],[-44.70962,-19.84028],[-44.71044,-19.8398],[-44.71139,-19.83863],[-44.71307,-19.83762],[-44.71438,-19.83735],[-44.71591,-19.83739],[-44.71683,-19.83786],[-44.71795,-19.83894],[-44.71894,-19.84082],[-44.71933,-19.84225],[-44.71991,-19.84296],[-44.7203,-19.84322],[-44.72185,-19.84345],[-44.72277,-19.84324],[-44.72336,-19.84331],[-44.72474,-19.84396],[-44.72537,-19.84472],[-44.72566,-19.84674],[-44.72629,-19.84764],[-44.72837,-19.8481],[-44.73224,-19.84811],[-44.73323,-19.84788],[-44.73561,-19.84673],[-44.73992,-19.84403],[-44.74186,-19.84212],[-44.7435,-19.83935],[-44.74423,-19.83868],[-44.74471,-19.83857],[-44.7451,-19.83887],[-44.74571,-19.83986],[-44.74638,-19.84275],[-44.74652,-19.84627],[-44.7461,-19.8479],[-44.74591,-19.85054],[-44.74615,-19.85139],[-44.74661,-19.85178],[-44.74719,-19.85201],[-44.74821,-19.85197],[-44.75088,-19.85096],[-44.75137,-19.85101],[-44.75261,-19.85182],[-44.75353,-19.85214],[-44.75494,-19.85232],[-44.75642,-19.85207],[-44.75817,-19.85097],[-44.75868,-19.85093],[-44.75914,-19.85107],[-44.76077,-19.85233],[-44.76266,-19.85298],[-44.76572,-19.85128],[-44.7683,-19.85028],[-44.76944,-19.85055],[-44.7707,-19.85113],[-44.77334,-19.85378],[-44.77545,-19.85686],[-44.77669,-19.85833],[-44.77747,-19.85895],[-44.77846,-19.85907],[-44.78247,-19.85843],[-44.78593,-19.85818],[-44.78577,-19.85791],[-44.78522,-19.858],[-44.78495,-19.85761],[-44.78539,-19.8563],[-44.78551,-19.85492],[-44.78629,-19.85324],[-44.78629,-19.85276],[-44.78556,-19.85209],[-44.78588,-19.85062],[-44.78559,-19.85023],[-44.78487,-19.84805],[-44.78399,-19.84692],[-44.78421,-19.84648],[-44.78465,-19.84623],[-44.7856,-19.84623],[-44.78601,-19.84602],[-44.78623,-19.84561],[-44.7864,-19.84368],[-44.78781,-19.84159],[-44.78784,-19.84116],[-44.78755,-19.84081],[-44.78616,-19.84044],[-44.78563,-19.83973],[-44.78551,-19.83924],[-44.78451,-19.83904],[-44.78262,-19.83903],[-44.78218,-19.8388],[-44.78218,-19.83832],[-44.78287,-19.83662],[-44.78299,-19.8352],[-44.78374,-19.83393],[-44.78362,-19.83345],[-44.78239,-19.83258],[-44.78246,-19.83212],[-44.78385,-19.8315],[-44.78411,-19.83111],[-44.78426,-19.83021],[-44.78344,-19.82897],[-44.78244,-19.82837],[-44.78181,-19.82711],[-44.7824,-19.82561],[-44.78403,-19.82394],[-44.78498,-19.8218],[-44.78481,-19.81978],[-44.78387,-19.81755],[-44.78336,-19.81562],[-44.78341,-19.81516],[-44.78394,-19.81436],[-44.78625,-19.8125],[-44.78635,-19.81206],[-44.78563,-19.80983],[-44.78509,-19.80898],[-44.78502,-19.80854],[-44.78539,-19.80659],[-44.78505,-19.80528],[-44.78469,-19.80491],[-44.78437,-19.80404],[-44.7833,-19.803],[-44.78056,-19.80231],[-44.77923,-19.80104],[-44.77901,-19.80058],[-44.77853,-19.80042],[-44.77665,-19.80102],[-44.77627,-19.80067],[-44.77624,-19.80017],[-44.77697,-19.7989],[-44.7769,-19.79847],[-44.77659,-19.79812],[-44.77705,-19.79727],[-44.77693,-19.79684],[-44.77666,-19.79647],[-44.77518,-19.79614],[-44.77368,-19.79396],[-44.77312,-19.79265],[-44.7732,-19.7915],[-44.77368,-19.79063],[-44.77412,-19.79047],[-44.77473,-19.79058],[-44.7767,-19.78992],[-44.77779,-19.78999],[-44.77822,-19.79026],[-44.77864,-19.79001],[-44.77886,-19.78948],[-44.77896,-19.78813],[-44.7793,-19.78772],[-44.78085,-19.78641],[-44.78287,-19.78574],[-44.78331,-19.78542],[-44.78362,-19.78503],[-44.7837,-19.78457],[-44.78355,-19.78345],[-44.78392,-19.78313],[-44.78443,-19.78338],[-44.78491,-19.78336],[-44.78525,-19.78299],[-44.78569,-19.78219],[-44.78571,-19.78175],[-44.78487,-19.78129],[-44.78436,-19.78046],[-44.78436,-19.77998],[-44.78399,-19.7791],[-44.78422,-19.77766],[-44.78412,-19.77669],[-44.78376,-19.77618],[-44.7833,-19.77595],[-44.78237,-19.77611],[-44.78152,-19.77657],[-44.78048,-19.77657],[-44.78014,-19.77609],[-44.77997,-19.77476],[-44.78005,-19.77303],[-44.78047,-19.77156],[-44.77869,-19.77131],[-44.7758,-19.77227],[-44.77318,-19.77392],[-44.77128,-19.7755],[-44.77121,-19.77598],[-44.77142,-19.77638],[-44.77186,-19.77663],[-44.77203,-19.77716],[-44.77181,-19.77755],[-44.77135,-19.77764],[-44.76992,-19.77697],[-44.76754,-19.77745],[-44.76732,-19.77832],[-44.76683,-19.77821],[-44.76671,-19.77867],[-44.76722,-19.77945],[-44.76821,-19.77945],[-44.76848,-19.77984],[-44.76824,-19.78025],[-44.76751,-19.7808],[-44.76739,-19.78124],[-44.76702,-19.78085],[-44.76651,-19.78083],[-44.76557,-19.78128],[-44.7651,-19.78126],[-44.76506,-19.78036],[-44.76474,-19.7799],[-44.76428,-19.77972],[-44.76409,-19.77836],[-44.76319,-19.7779],[-44.76215,-19.77576],[-44.76172,-19.77551],[-44.7613,-19.77572],[-44.76072,-19.77693],[-44.76026,-19.77719],[-44.75844,-19.77638],[-44.75824,-19.77682],[-44.7578,-19.77702],[-44.75732,-19.77711],[-44.75688,-19.77688],[-44.75657,-19.77723],[-44.75652,-19.77817],[-44.7569,-19.77851],[-44.75739,-19.77856],[-44.75775,-19.77939],[-44.75787,-19.77985],[-44.75765,-19.78029],[-44.75671,-19.7804],[-44.75598,-19.78106],[-44.75552,-19.78104],[-44.75513,-19.78129],[-44.75467,-19.78125],[-44.75379,-19.78076],[-44.75328,-19.78078],[-44.7536,-19.7817],[-44.75343,-19.78216],[-44.75294,-19.78214],[-44.75224,-19.78156],[-44.75175,-19.78161],[-44.75204,-19.78251],[-44.75078,-19.78347],[-44.74978,-19.78322],[-44.74971,-19.78413],[-44.7491,-19.78485],[-44.74861,-19.78489],[-44.74774,-19.78454],[-44.74636,-19.78438],[-44.74507,-19.78498],[-44.7449,-19.78592],[-44.74463,-19.78629],[-44.74368,-19.78638],[-44.74322,-19.78622],[-44.74162,-19.78483],[-44.73961,-19.78444],[-44.73917,-19.78416],[-44.73908,-19.78373],[-44.73728,-19.78444],[-44.73565,-19.78453],[-44.73526,-19.7854],[-44.7348,-19.78563],[-44.73434,-19.78549],[-44.73351,-19.78599],[-44.7331,-19.78579],[-44.73259,-19.78585],[-44.73052,-19.78734],[-44.72826,-19.78858],[-44.72564,-19.78899],[-44.7243,-19.78961],[-44.7238,-19.78956],[-44.72234,-19.78816],[-44.7203,-19.78687],[-44.71936,-19.78677],[-44.71785,-19.78703],[-44.71632,-19.78684],[-44.71584,-19.78695],[-44.71557,-19.78734],[-44.71523,-19.78927],[-44.71467,-19.79015],[-44.71306,-19.79138],[-44.71063,-19.79253],[-44.70968,-19.79246],[-44.70937,-19.79209],[-44.7094,-19.79117],[-44.7092,-19.79073],[-44.70799,-19.78977],[-44.70763,-19.78917],[-44.70617,-19.78912],[-44.70583,-19.78951],[-44.70539,-19.79093],[-44.70413,-19.79187],[-44.70398,-19.79233],[-44.70497,-19.7933],[-44.70529,-19.79431],[-44.7048,-19.79514],[-44.70351,-19.79594],[-44.70332,-19.7964],[-44.70377,-19.7978],[-44.70375,-19.79828],[-44.70273,-19.79994],[-44.70241,-19.80028],[-44.70129,-19.80042],[-44.70081,-19.80076],[-44.70027,-19.80212],[-44.69901,-19.80289],[-44.69757,-19.80319],[-44.69672,-19.80282],[-44.69638,-19.80374],[-44.69674,-19.80471],[-44.69669,-19.80618],[-44.69633,-19.80647],[-44.69561,-19.80657],[-44.69547,-19.80745],[-44.69378,-19.80986],[-44.69005,-19.81355],[-44.68874,-19.81456],[-44.68737,-19.8151],[-44.68552,-19.8154],[-44.68427,-19.81603],[-44.68424,-19.81638],[-44.68606,-19.81875],[-44.68736,-19.82006],[-44.6877,-19.82107],[-44.68751,-19.82241],[-44.68867,-19.82285]],[[-44.76958,-19.81853],[-44.76995,-19.82029],[-44.76904,-19.82423],[-44.76798,-19.82478],[-44.767,-19.82612],[-44.76605,-19.8267],[-44.76497,-19.82702],[-44.76353,-19.82432],[-44.76403,-19.82402],[-44.76495,-19.82401],[-44.76527,-19.82349],[-44.76519,-19.82308],[-44.76582,-19.82195],[-44.76704,-19.82087],[-44.76547,-19.81894],[-44.76577,-19.81867],[-44.76676,-19.8186],[-44.76709,-19.81827],[-44.7679,-19.81807],[-44.76883,-19.8182],[-44.76958,-19.81853]]]}},{"id":"56","type":"Feature","properties":{"bairro":"Zona rural — Pará de Minas","distrito":"Pará de Minas","regiao":"Pará de Minas","setores":6,"urbano":0},"geometry":{"type":"MultiPolygon","coordinates":[[[[-44.57858,-19.89511],[-44.57817,-19.8935],[-44.57798,-19.89317],[-44.57726,-19.89274],[-44.57691,-19.89129],[-44.5761,-19.89068],[-44.57596,-19.891],[-44.57546,-19.89107],[-44.57529,-19.89146],[-44.57447,-19.8915],[-44.57402,-19.89184],[-44.57332,-19.89129],[-44.5722,-19.89115],[-44.57173,-19.89143],[-44.5708,-19.89087],[-44.57005,-19.89099],[-44.56989,-19.88992],[-44.56924,-19.8896],[-44.56903,-19.88907],[-44.56861,-19.88922],[-44.56811,-19.88892],[-44.56769,-19.88826],[-44.56793,-19.88717],[-44.56776,-19.88686],[-44.56734,-19.88697],[-44.5672,-19.88751],[-44.5669,-19.88753],[-44.56662,-19.88729],[-44.5666,-19.88691],[-44.56713,-19.88593],[-44.56691,-19.88503],[-44.56612,-19.88351],[-44.56514,-19.88256],[-44.56465,-19.88169],[-44.56255,-19.88032],[-44.5617,-19.8795],[-44.56099,-19.87838],[-44.55935,-19.87726],[-44.55856,-19.87624],[-44.55821,-19.87522],[-44.55831,-19.87481],[-44.5579,-19.87391],[-44.55752,-19.87358],[-44.55662,-19.87192],[-44.55578,-19.87145],[-44.5544,-19.87164],[-44.55326,-19.87055],[-44.55151,-19.87174],[-44.54856,-19.87319],[-44.54804,-19.87457],[-44.54794,-19.8762],[-44.54716,-19.87734],[-44.54333,-19.88123],[-44.54271,-19.88334],[-44.54356,-19.8862],[-44.54363,-19.88848],[-44.54275,-19.891],[-44.54083,-19.89302],[-44.53911,-19.89712],[-44.5411,-19.89706],[-44.54044,-19.89986],[-44.54005,-19.90073],[-44.53754,-19.90358],[-44.53481,-19.90513],[-44.53366,-19.90724],[-44.53318,-19.90747],[-44.53121,-19.90753],[-44.53043,-19.90827],[-44.52972,-19.91013],[-44.52949,-19.91199],[-44.52852,-19.91226],[-44.52653,-19.91232],[-44.52604,-19.91251],[-44.52511,-19.91418],[-44.52377,-19.91574],[-44.52328,-19.91659],[-44.52287,-19.9182],[-44.52261,-19.92047],[-44.52269,-19.92137],[-44.5231,-19.92217],[-44.52348,-19.9242],[-44.52123,-19.92947],[-44.52086,-19.93131],[-44.52143,-19.93304],[-44.52347,-19.93534],[-44.52412,-19.93667],[-44.52445,-19.94015],[-44.52554,-19.94185],[-44.5266,-19.94309],[-44.52706,-19.94406],[-44.52716,-19.94452],[-44.52658,-19.94921],[-44.52672,-19.95258],[-44.52747,-19.95332],[-44.53082,-19.95372],[-44.53235,-19.9537],[-44.53325,-19.95421],[-44.535,-19.95617],[-44.53618,-19.95785],[-44.54027,-19.96475],[-44.54138,-19.9663],[-44.54188,-19.96742],[-44.54412,-19.96777],[-44.54718,-19.969],[-44.54857,-19.96937],[-44.54956,-19.96928],[-44.54997,-19.96956],[-44.55,-19.97059],[-44.5506,-19.97191],[-44.5497,-19.97298],[-44.54957,-19.97363],[-44.54984,-19.97507],[-44.5493,-19.97585],[-44.54896,-19.97684],[-44.54927,-19.97882],[-44.54912,-19.97983],[-44.54834,-19.98109],[-44.54673,-19.98182],[-44.54634,-19.98212],[-44.54631,-19.98256],[-44.54644,-19.98302],[-44.54728,-19.98355],[-44.54831,-19.98355],[-44.54915,-19.98397],[-44.55162,-19.98744],[-44.55251,-19.98638],[-44.55227,-19.98425],[-44.55324,-19.98284],[-44.55323,-19.98092],[-44.55336,-19.98059],[-44.55425,-19.97987],[-44.55491,-19.97872],[-44.555,-19.97812],[-44.55442,-19.97745],[-44.55484,-19.97653],[-44.55458,-19.97591],[-44.55458,-19.97491],[-44.55397,-19.97402],[-44.55457,-19.9727],[-44.55505,-19.97227],[-44.55524,-19.97178],[-44.55615,-19.96807],[-44.55662,-19.96505],[-44.55744,-19.9637],[-44.55878,-19.96364],[-44.55981,-19.96276],[-44.56102,-19.96262],[-44.56199,-19.96185],[-44.56237,-19.96121],[-44.56284,-19.96103],[-44.56265,-19.96042],[-44.5631,-19.9597],[-44.56308,-19.9584],[-44.56428,-19.9568],[-44.56415,-19.95475],[-44.56358,-19.95382],[-44.56438,-19.95275],[-44.5654,-19.95231],[-44.56714,-19.95241],[-44.56861,-19.9519],[-44.5691,-19.95133],[-44.56943,-19.95034],[-44.56993,-19.94964],[-44.57068,-19.94934],[-44.57166,-19.94846],[-44.5724,-19.94672],[-44.57389,-19.94646],[-44.57499,-19.94505],[-44.57388,-19.94174],[-44.57342,-19.93942],[-44.57296,-19.93862],[-44.57218,-19.93814],[-44.57202,-19.93771],[-44.57214,-19.93731],[-44.57362,-19.93553],[-44.5744,-19.93218],[-44.57582,-19.92963],[-44.57534,-19.92849],[-44.5754,-19.92816],[-44.57627,-19.92765],[-44.57708,-19.92658],[-44.57849,-19.92612],[-44.58038,-19.92445],[-44.58174,-19.92371],[-44.58205,-19.92321],[-44.58257,-19.92134],[-44.58321,-19.92044],[-44.58473,-19.91975],[-44.58579,-19.9198],[-44.58706,-19.91843],[-44.58779,-19.91557],[-44.58804,-19.91532],[-44.5891,-19.91495],[-44.59009,-19.91406],[-44.59104,-19.91239],[-44.5938,-19.91105],[-44.59481,-19.91082],[-44.59567,-19.91008],[-44.59643,-19.90906],[-44.59772,-19.90825],[-44.59846,-19.90643],[-44.59992,-19.90546],[-44.60181,-19.90469],[-44.60303,-19.90291],[-44.60383,-19.90128],[-44.60393,-19.9003],[-44.60527,-19.8997],[-44.60564,-19.89925],[-44.60561,-19.89952],[-44.60633,-19.90001],[-44.6069,-19.89973],[-44.60727,-19.90081],[-44.60706,-19.90111],[-44.60712,-19.90176],[-44.60781,-19.90151],[-44.60794,-19.90088],[-44.60852,-19.9005],[-44.60876,-19.89932],[-44.60893,-19.89917],[-44.60985,-19.89459],[-44.61367,-19.88583],[-44.61434,-19.88494],[-44.61488,-19.8846],[-44.61624,-19.88469],[-44.61535,-19.88393],[-44.61434,-19.88346],[-44.61264,-19.88189],[-44.6113,-19.88154],[-44.60981,-19.88194],[-44.60389,-19.88454],[-44.60461,-19.88562],[-44.60487,-19.88689],[-44.60537,-19.88778],[-44.606,-19.88777],[-44.60703,-19.88724],[-44.60911,-19.88707],[-44.60583,-19.89157],[-44.60334,-19.89414],[-44.60126,-19.8955],[-44.5956,-19.90101],[-44.59179,-19.90503],[-44.58655,-19.90217],[-44.58551,-19.9019],[-44.58469,-19.90117],[-44.58303,-19.90032],[-44.5829,-19.89984],[-44.5822,-19.89889],[-44.58092,-19.89848],[-44.5797,-19.89715],[-44.57854,-19.89659],[-44.57833,-19.89609],[-44.57858,-19.89511]],[[-44.55499,-19.89953],[-44.55916,-19.89836],[-44.55814,-19.9009],[-44.55881,-19.90115],[-44.55879,-19.90231],[-44.55904,-19.90239],[-44.55918,-19.903],[-44.5608,-19.90264],[-44.561,-19.90409],[-44.56006,-19.90527],[-44.5614,-19.90578],[-44.56158,-19.90648],[-44.56259,-19.90719],[-44.56084,-19.90886],[-44.56181,-19.91035],[-44.55784,-19.91233],[-44.55655,-19.91153],[-44.55591,-19.91006],[-44.55597,-19.90956],[-44.55437,-19.90907],[-44.55243,-19.91055],[-44.55185,-19.91068],[-44.54989,-19.90944],[-44.54357,-19.90849],[-44.54408,-19.90801],[-44.54673,-19.90746],[-44.54729,-19.90684],[-44.54878,-19.90613],[-44.54752,-19.90204],[-44.55499,-19.89953]]],[[[-44.59637,-19.81639],[-44.60576,-19.81692],[-44.60759,-19.81781],[-44.60921,-19.81938],[-44.61017,-19.81995],[-44.61059,-19.82076],[-44.61158,-19.82162],[-44.61362,-19.82185],[-44.61539,-19.8224],[-44.61686,-19.82223],[-44.61742,-19.82236],[-44.61824,-19.82297],[-44.61913,-19.82274],[-44.62241,-19.82374],[-44.6227,-19.82352],[-44.6233,-19.82366],[-44.62408,-19.82356],[-44.62443,-19.82385],[-44.62535,-19.8239],[-44.62594,-19.82427],[-44.62625,-19.82482],[-44.6276,-19.8248],[-44.62793,-19.82549],[-44.62786,-19.82603],[-44.62816,-19.82621],[-44.62851,-19.82604],[-44.62863,-19.82546],[-44.62914,-19.82531],[-44.6295,-19.82562],[-44.62967,-19.82553],[-44.62963,-19.82494],[-44.62992,-19.82445],[-44.63079,-19.82454],[-44.63094,-19.82424],[-44.63044,-19.82382],[-44.63045,-19.82358],[-44.63071,-19.82332],[-44.63129,-19.82346],[-44.63176,-19.82321],[-44.63172,-19.82255],[-44.63289,-19.82207],[-44.63351,-19.82128],[-44.63382,-19.82121],[-44.63442,-19.8215],[-44.6341,-19.82244],[-44.63426,-19.82263],[-44.6355,-19.8222],[-44.63628,-19.8225],[-44.63645,-19.8222],[-44.6367,-19.82216],[-44.63694,-19.82227],[-44.63707,-19.82279],[-44.63725,-19.82289],[-44.63824,-19.82231],[-44.63905,-19.8213],[-44.63988,-19.82099],[-44.64048,-19.821],[-44.64182,-19.82015],[-44.64233,-19.82058],[-44.6441,-19.81837],[-44.64329,-19.81694],[-44.64326,-19.81648],[-44.64344,-19.81619],[-44.64382,-19.81625],[-44.6439,-19.81689],[-44.64428,-19.81713],[-44.64518,-19.81655],[-44.64584,-19.81659],[-44.6463,-19.81503],[-44.64676,-19.81472],[-44.64755,-19.81342],[-44.64715,-19.81248],[-44.64792,-19.81087],[-44.64828,-19.81069],[-44.64854,-19.81126],[-44.64916,-19.81144],[-44.65036,-19.81108],[-44.65097,-19.81121],[-44.65137,-19.8111],[-44.65139,-19.8107],[-44.65061,-19.80999],[-44.65049,-19.80945],[-44.65166,-19.80675],[-44.65213,-19.80666],[-44.65256,-19.80722],[-44.65311,-19.80704],[-44.65347,-19.80723],[-44.65278,-19.80795],[-44.65266,-19.80834],[-44.65356,-19.80886],[-44.65345,-19.80953],[-44.65466,-19.80955],[-44.65649,-19.81004],[-44.65712,-19.80997],[-44.65738,-19.80923],[-44.65706,-19.80843],[-44.65721,-19.80791],[-44.65716,-19.80659],[-44.65692,-19.80606],[-44.65691,-19.80543],[-44.65725,-19.80519],[-44.65803,-19.80527],[-44.65853,-19.80381],[-44.65898,-19.80354],[-44.65952,-19.80354],[-44.65954,-19.80306],[-44.65841,-19.80245],[-44.65839,-19.80177],[-44.65909,-19.8015],[-44.65968,-19.80191],[-44.66011,-19.80178],[-44.66013,-19.80151],[-44.65974,-19.8009],[-44.66036,-19.80028],[-44.66079,-19.79912],[-44.66106,-19.79906],[-44.66164,-19.79952],[-44.66204,-19.79905],[-44.66249,-19.79913],[-44.66315,-19.79886],[-44.66353,-19.79946],[-44.66391,-19.79949],[-44.66462,-19.79902],[-44.66439,-19.79872],[-44.66484,-19.79854],[-44.66507,-19.79787],[-44.66567,-19.79713],[-44.66617,-19.79733],[-44.66684,-19.79802],[-44.66751,-19.79896],[-44.66757,-19.79973],[-44.66802,-19.79992],[-44.6694,-19.79923],[-44.66953,-19.79827],[-44.66987,-19.79776],[-44.67092,-19.79835],[-44.67141,-19.79824],[-44.67189,-19.7975],[-44.67224,-19.7956],[-44.67299,-19.79518],[-44.67296,-19.79439],[-44.67336,-19.7943],[-44.674,-19.79464],[-44.6742,-19.79431],[-44.67535,-19.79474],[-44.67543,-19.79503],[-44.67495,-19.7951],[-44.67481,-19.79541],[-44.67497,-19.79616],[-44.67486,-19.79661],[-44.67502,-19.79687],[-44.6758,-19.79546],[-44.67664,-19.79518],[-44.67881,-19.79364],[-44.68001,-19.79202],[-44.67982,-19.79166],[-44.67933,-19.79163],[-44.67834,-19.79194],[-44.67797,-19.79176],[-44.6782,-19.79053],[-44.67769,-19.78915],[-44.67805,-19.78894],[-44.67949,-19.78883],[-44.67975,-19.78852],[-44.67908,-19.78721],[-44.67919,-19.78556],[-44.67889,-19.78444],[-44.6785,-19.78409],[-44.67814,-19.78334],[-44.67833,-19.78258],[-44.6794,-19.78164],[-44.67945,-19.78109],[-44.67972,-19.7808],[-44.68008,-19.78086],[-44.68023,-19.78199],[-44.68114,-19.78255],[-44.68331,-19.7823],[-44.68337,-19.78208],[-44.68294,-19.78143],[-44.68262,-19.78018],[-44.68265,-19.77984],[-44.68337,-19.7792],[-44.68343,-19.7787],[-44.68222,-19.77803],[-44.68206,-19.77775],[-44.68221,-19.77737],[-44.68293,-19.77735],[-44.68319,-19.77649],[-44.68338,-19.77621],[-44.68359,-19.77625],[-44.68449,-19.77733],[-44.68418,-19.77737],[-44.68379,-19.77715],[-44.68349,-19.77772],[-44.68361,-19.77809],[-44.68414,-19.77867],[-44.68456,-19.77883],[-44.68533,-19.7785],[-44.68636,-19.7776],[-44.68651,-19.77725],[-44.68759,-19.77647],[-44.68929,-19.77451],[-44.68981,-19.77445],[-44.6903,-19.77413],[-44.69091,-19.77333],[-44.69194,-19.77303],[-44.6911,-19.77278],[-44.68882,-19.77378],[-44.68836,-19.77383],[-44.68795,-19.77353],[-44.68695,-19.77173],[-44.68691,-19.77118],[-44.68781,-19.76907],[-44.68754,-19.76815],[-44.68718,-19.76787],[-44.68623,-19.76785],[-44.68563,-19.76854],[-44.68519,-19.76838],[-44.68468,-19.76753],[-44.68437,-19.76615],[-44.68388,-19.76527],[-44.68255,-19.76449],[-44.68151,-19.76283],[-44.67881,-19.75497],[-44.67838,-19.75042],[-44.67809,-19.74911],[-44.67778,-19.74816],[-44.67657,-19.74646],[-44.67012,-19.74142],[-44.66857,-19.74079],[-44.66653,-19.7404],[-44.66447,-19.74035],[-44.66141,-19.74075],[-44.66027,-19.74073],[-44.65712,-19.74024],[-44.65435,-19.7392],[-44.65278,-19.73911],[-44.65173,-19.7391],[-44.64641,-19.74045],[-44.64544,-19.74049],[-44.64503,-19.74028],[-44.64309,-19.74017],[-44.64074,-19.73892],[-44.6396,-19.738],[-44.63949,-19.73559],[-44.63876,-19.73418],[-44.63842,-19.73283],[-44.63748,-19.73112],[-44.63751,-19.7297],[-44.63729,-19.7289],[-44.63515,-19.73052],[-44.63248,-19.73157],[-44.631,-19.73178],[-44.62797,-19.7311],[-44.62586,-19.73103],[-44.62331,-19.73171],[-44.62085,-19.73281],[-44.61922,-19.73471],[-44.61834,-19.73644],[-44.61815,-19.7374],[-44.61841,-19.73885],[-44.61979,-19.74055],[-44.62126,-19.74315],[-44.62172,-19.74495],[-44.6215,-19.74711],[-44.61921,-19.74977],[-44.61808,-19.75328],[-44.61713,-19.75463],[-44.61643,-19.75649],[-44.61666,-19.75785],[-44.61887,-19.76091],[-44.6192,-19.76183],[-44.61923,-19.76284],[-44.6181,-19.76571],[-44.6164,-19.76817],[-44.61457,-19.77002],[-44.61304,-19.77101],[-44.61238,-19.77172],[-44.61138,-19.77438],[-44.61072,-19.77519],[-44.60717,-19.77798],[-44.60625,-19.77917],[-44.6059,-19.78009],[-44.60607,-19.78101],[-44.6075,-19.78313],[-44.60808,-19.78451],[-44.60834,-19.78667],[-44.60817,-19.78809],[-44.60756,-19.78892],[-44.60629,-19.78981],[-44.60335,-19.79077],[-44.60177,-19.79102],[-44.60039,-19.79164],[-44.59975,-19.7923],[-44.5989,-19.79471],[-44.59822,-19.7954],[-44.59807,-19.79897],[-44.59615,-19.80238],[-44.59818,-19.80907],[-44.59903,-19.81103],[-44.59866,-19.81396],[-44.59637,-19.81639]]]]}}]}