{"type":"FeatureCollection","features":[{"id":"0","type":"Feature","properties":{"bairro":"Aglomerado Morada do Sol","distrito":"Mariana","regiao":"Mariana","setores":6,"urbano":6},"geometry":{"type":"Polygon","coordinates":[[[-43.42117,-20.36914],[-43.42115,-20.36897],[-43.42068,-20.36904],[-43.42085,-20.36945],[-43.42327,-20.36911],[-43.4236,-20.36922],[-43.42392,-20.36834],[-43.42379,-20.36705],[-43.42408,-20.36699],[-43.42507,-20.36607],[-43.42592,-20.36578],[-43.42546,-20.3655],[-43.42507,-20.3649],[-43.42564,-20.36361],[-43.42523,-20.3632],[-43.42453,-20.36318],[-43.42382,-20.36379],[-43.42348,-20.36386],[-43.42216,-20.36337],[-43.42131,-20.36447],[-43.42026,-20.36497],[-43.41931,-20.36573],[-43.41896,-20.3665],[-43.4192,-20.36728],[-43.41916,-20.36796],[-43.42095,-20.36759],[-43.42101,-20.36798],[-43.42136,-20.36762],[-43.42163,-20.36604],[-43.42142,-20.36586],[-43.42177,-20.36527],[-43.42256,-20.36567],[-43.42268,-20.36625],[-43.42218,-20.36729],[-43.42233,-20.36781],[-43.42167,-20.36828],[-43.42174,-20.36876],[-43.42117,-20.36914]]]}},{"id":"1","type":"Feature","properties":{"bairro":"Aguas Claras","distrito":"Cláudio Manuel","regiao":"Cláudio Manuel","setores":1,"urbano":0},"geometry":{"type":"Polygon","coordinates":[[[-43.22673,-20.25135],[-43.22613,-20.25226],[-43.22582,-20.25247],[-43.2254,-20.25184],[-43.22519,-20.25217],[-43.22448,-20.25239],[-43.22346,-20.25227],[-43.2224,-20.25099],[-43.22178,-20.25123],[-43.22114,-20.25176],[-43.22104,-20.25242],[-43.2207,-20.25261],[-43.22048,-20.25363],[-43.22216,-20.25485],[-43.22211,-20.25518],[-43.22168,-20.25542],[-43.2216,-20.25575],[-43.22193,-20.25638],[-43.22323,-20.25667],[-43.22411,-20.25627],[-43.22487,-20.2551],[-43.2254,-20.25508],[-43.22639,-20.2554],[-43.22709,-20.25614],[-43.22786,-20.25626],[-43.22831,-20.25611],[-43.22876,-20.25576],[-43.22927,-20.25473],[-43.22898,-20.25467],[-43.22888,-20.25437],[-43.22905,-20.25371],[-43.22967,-20.25377],[-43.23043,-20.25341],[-43.23135,-20.25346],[-43.23157,-20.25339],[-43.23198,-20.25265],[-43.23324,-20.25284],[-43.23439,-20.25202],[-43.23421,-20.25137],[-43.23334,-20.25084],[-43.2315,-20.25133],[-43.22922,-20.25134],[-43.22835,-20.25168],[-43.22673,-20.25135]]]}},{"id":"2","type":"Feature","properties":{"bairro":"Alvorada","distrito":"Mariana","regiao":"Mariana","setores":2,"urbano":1},"geometry":{"type":"Polygon","coordinates":[[[-43.42482,-20.37452],[-43.42568,-20.37713],[-43.42575,-20.37791],[-43.42601,-20.37786],[-43.42655,-20.37846],[-43.42715,-20.37872],[-43.4277,-20.37864],[-43.42866,-20.37965],[-43.42873,-20.37996],[-43.43129,-20.37951],[-43.43186,-20.3792],[-43.43784,-20.37873],[-43.43926,-20.37847],[-43.43944,-20.37777],[-43.43868,-20.37556],[-43.43844,-20.37238],[-43.4388,-20.37129],[-43.43987,-20.37024],[-43.44191,-20.36924],[-43.44241,-20.3693],[-43.4452,-20.36857],[-43.44953,-20.36821],[-43.45205,-20.36759],[-43.45327,-20.36701],[-43.45563,-20.36474],[-43.4573,-20.36125],[-43.45936,-20.35979],[-43.46062,-20.35951],[-43.46079,-20.35855],[-43.46171,-20.35756],[-43.46469,-20.35487],[-43.46766,-20.35259],[-43.46792,-20.35107],[-43.4684,-20.35026],[-43.46975,-20.34885],[-43.47115,-20.34693],[-43.47229,-20.34585],[-43.47241,-20.34556],[-43.4723,-20.3446],[-43.47152,-20.34316],[-43.46948,-20.34093],[-43.46875,-20.33988],[-43.46853,-20.33916],[-43.46883,-20.33784],[-43.4688,-20.33653],[-43.46824,-20.3354],[-43.46585,-20.33329],[-43.46326,-20.33212],[-43.46193,-20.3311],[-43.462,-20.33058],[-43.46289,-20.32931],[-43.46308,-20.32851],[-43.46307,-20.32596],[-43.46254,-20.32352],[-43.46259,-20.32277],[-43.45931,-20.32458],[-43.45739,-20.32521],[-43.45686,-20.32523],[-43.45558,-20.3248],[-43.45487,-20.32431],[-43.45299,-20.32214],[-43.45124,-20.32108],[-43.44842,-20.31815],[-43.44625,-20.31733],[-43.44543,-20.31718],[-43.44249,-20.31722],[-43.44036,-20.31784],[-43.43865,-20.31796],[-43.43649,-20.31878],[-43.4354,-20.31887],[-43.43406,-20.31867],[-43.43349,-20.31819],[-43.43274,-20.31707],[-43.4315,-20.31622],[-43.42904,-20.31669],[-43.4276,-20.31758],[-43.42692,-20.3188],[-43.42668,-20.3204],[-43.4275,-20.32327],[-43.42674,-20.32397],[-43.42542,-20.32467],[-43.42323,-20.3253],[-43.42254,-20.326],[-43.42242,-20.32726],[-43.42338,-20.32928],[-43.42347,-20.33003],[-43.42216,-20.33321],[-43.42022,-20.33632],[-43.41804,-20.33844],[-43.41775,-20.33919],[-43.41799,-20.33993],[-43.41791,-20.34019],[-43.41752,-20.34057],[-43.41504,-20.34164],[-43.41474,-20.34259],[-43.41557,-20.34317],[-43.42239,-20.34452],[-43.42308,-20.34506],[-43.42376,-20.34612],[-43.42464,-20.34636],[-43.42587,-20.34713],[-43.4271,-20.34706],[-43.42743,-20.34679],[-43.4292,-20.34619],[-43.42994,-20.34542],[-43.43162,-20.34506],[-43.43241,-20.34458],[-43.43365,-20.3447],[-43.43482,-20.34533],[-43.43622,-20.34505],[-43.43658,-20.34428],[-43.43643,-20.3431],[-43.43658,-20.34258],[-43.43704,-20.34219],[-43.43737,-20.34128],[-43.43821,-20.34071],[-43.43836,-20.34016],[-43.43888,-20.3396],[-43.43929,-20.33946],[-43.43971,-20.3388],[-43.44003,-20.33899],[-43.43766,-20.34293],[-43.43765,-20.34534],[-43.43789,-20.34549],[-43.43787,-20.3461],[-43.4383,-20.34602],[-43.43875,-20.34621],[-43.43918,-20.34581],[-43.43959,-20.34603],[-43.44077,-20.34567],[-43.44154,-20.34698],[-43.44081,-20.34835],[-43.44074,-20.34928],[-43.44129,-20.34946],[-43.44254,-20.35037],[-43.44361,-20.3507],[-43.43438,-20.357],[-43.4338,-20.35715],[-43.4338,-20.35742],[-43.43336,-20.35712],[-43.433,-20.35722],[-43.43314,-20.35773],[-43.4315,-20.35904],[-43.43116,-20.35911],[-43.43118,-20.35953],[-43.43042,-20.35907],[-43.43029,-20.35867],[-43.43086,-20.35768],[-43.4305,-20.35663],[-43.43064,-20.35582],[-43.4316,-20.35431],[-43.43013,-20.35364],[-43.42939,-20.35339],[-43.42795,-20.35328],[-43.42657,-20.35359],[-43.42308,-20.35651],[-43.42334,-20.35736],[-43.42407,-20.3582],[-43.42456,-20.35846],[-43.4265,-20.35872],[-43.42721,-20.35932],[-43.42808,-20.35953],[-43.42852,-20.35956],[-43.42878,-20.35939],[-43.42814,-20.36262],[-43.42854,-20.36282],[-43.42887,-20.36273],[-43.42917,-20.36308],[-43.43069,-20.36285],[-43.43011,-20.36412],[-43.43074,-20.36446],[-43.43015,-20.36623],[-43.43042,-20.36684],[-43.43024,-20.36691],[-43.42991,-20.36659],[-43.42949,-20.36664],[-43.42906,-20.36627],[-43.42936,-20.36686],[-43.42764,-20.36735],[-43.42639,-20.36882],[-43.42636,-20.3691],[-43.42566,-20.37],[-43.42576,-20.3734],[-43.42635,-20.37336],[-43.42985,-20.37189],[-43.42951,-20.37283],[-43.429,-20.37299],[-43.42792,-20.37396],[-43.42758,-20.37406],[-43.42641,-20.37377],[-43.42554,-20.3745],[-43.42482,-20.37452]]]}},{"id":"3","type":"Feature","properties":{"bairro":"Bandeirantes","distrito":"Bandeirantes","regiao":"Bandeirantes","setores":3,"urbano":2},"geometry":{"type":"Polygon","coordinates":[[[-43.33787,-20.32541],[-43.33732,-20.32715],[-43.33646,-20.33154],[-43.33662,-20.33282],[-43.33654,-20.3342],[-43.33543,-20.33547],[-43.3348,-20.33659],[-43.33396,-20.33745],[-43.33307,-20.33777],[-43.32876,-20.33809],[-43.32651,-20.33781],[-43.32541,-20.33787],[-43.32439,-20.3383],[-43.32231,-20.3387],[-43.32138,-20.33912],[-43.32064,-20.33971],[-43.32023,-20.34036],[-43.32007,-20.34166],[-43.32048,-20.34616],[-43.31999,-20.34767],[-43.31899,-20.34946],[-43.31887,-20.35026],[-43.3192,-20.35158],[-43.32012,-20.35318],[-43.32087,-20.35583],[-43.32151,-20.35871],[-43.32163,-20.3613],[-43.32213,-20.36183],[-43.32291,-20.36188],[-43.32544,-20.36282],[-43.32615,-20.36287],[-43.32754,-20.3662],[-43.32766,-20.36793],[-43.32803,-20.36857],[-43.32882,-20.36919],[-43.32936,-20.37035],[-43.3294,-20.3711],[-43.32875,-20.37248],[-43.32656,-20.37401],[-43.32446,-20.3762],[-43.3242,-20.37727],[-43.32409,-20.38324],[-43.3239,-20.38374],[-43.32227,-20.38479],[-43.31932,-20.38612],[-43.31798,-20.38706],[-43.31665,-20.3892],[-43.3164,-20.39029],[-43.31679,-20.3898],[-43.31802,-20.38927],[-43.31879,-20.38863],[-43.31956,-20.38854],[-43.32003,-20.38871],[-43.32105,-20.38975],[-43.32422,-20.39462],[-43.32504,-20.39517],[-43.32617,-20.39541],[-43.32752,-20.39544],[-43.33162,-20.39408],[-43.33253,-20.39355],[-43.33407,-20.39028],[-43.33524,-20.38859],[-43.33549,-20.38664],[-43.33618,-20.38522],[-43.33672,-20.38459],[-43.34008,-20.38213],[-43.34249,-20.38086],[-43.34655,-20.37957],[-43.348,-20.37887],[-43.34908,-20.3781],[-43.35253,-20.37665],[-43.35418,-20.37404],[-43.35783,-20.37565],[-43.35883,-20.37575],[-43.35978,-20.37519],[-43.36029,-20.37531],[-43.3604,-20.3756],[-43.35884,-20.37744],[-43.35748,-20.37852],[-43.35722,-20.37899],[-43.35729,-20.37976],[-43.35793,-20.38053],[-43.35817,-20.38129],[-43.35817,-20.38431],[-43.35871,-20.38518],[-43.35882,-20.38654],[-43.35908,-20.38671],[-43.35964,-20.38665],[-43.36062,-20.38621],[-43.36167,-20.38613],[-43.3642,-20.38632],[-43.36875,-20.38716],[-43.37145,-20.38699],[-43.37257,-20.38669],[-43.37361,-20.38671],[-43.37579,-20.38766],[-43.3766,-20.38778],[-43.37719,-20.38823],[-43.37873,-20.39038],[-43.37901,-20.39152],[-43.37895,-20.39442],[-43.37913,-20.39492],[-43.37988,-20.39537],[-43.38182,-20.39565],[-43.38394,-20.39625],[-43.38566,-20.39717],[-43.38808,-20.39931],[-43.38992,-20.4001],[-43.39013,-20.39877],[-43.39189,-20.39579],[-43.39328,-20.3917],[-43.39441,-20.38317],[-43.39457,-20.37945],[-43.39512,-20.37859],[-43.39593,-20.37847],[-43.39633,-20.37808],[-43.39615,-20.37478],[-43.39647,-20.37183],[-43.39739,-20.37078],[-43.39814,-20.37065],[-43.40029,-20.37089],[-43.40187,-20.37023],[-43.40296,-20.37043],[-43.4043,-20.37154],[-43.40534,-20.37164],[-43.40614,-20.37093],[-43.40691,-20.36934],[-43.40784,-20.36902],[-43.40725,-20.3679],[-43.40714,-20.36685],[-43.40729,-20.36596],[-43.40638,-20.36486],[-43.40706,-20.36168],[-43.40735,-20.36142],[-43.40594,-20.36084],[-43.40601,-20.35985],[-43.40697,-20.35896],[-43.40668,-20.35876],[-43.40684,-20.35815],[-43.406,-20.35832],[-43.4058,-20.35809],[-43.406,-20.35702],[-43.40653,-20.35616],[-43.40623,-20.35583],[-43.40643,-20.35583],[-43.40656,-20.35533],[-43.40676,-20.35549],[-43.40749,-20.35489],[-43.40769,-20.35443],[-43.40826,-20.35407],[-43.40844,-20.35372],[-43.40832,-20.35238],[-43.40892,-20.3517],[-43.409,-20.35002],[-43.40916,-20.34983],[-43.4107,-20.34953],[-43.41199,-20.34889],[-43.41236,-20.34904],[-43.4147,-20.34827],[-43.4162,-20.34823],[-43.41766,-20.34792],[-43.4178,-20.34774],[-43.4181,-20.34681],[-43.41807,-20.34587],[-43.41686,-20.34494],[-43.41557,-20.34317],[-43.41474,-20.34259],[-43.41479,-20.3421],[-43.41504,-20.34164],[-43.41752,-20.34057],[-43.41791,-20.34019],[-43.41799,-20.33993],[-43.41775,-20.33919],[-43.41804,-20.33844],[-43.42022,-20.33632],[-43.42216,-20.33321],[-43.42347,-20.33003],[-43.42338,-20.32928],[-43.42242,-20.32726],[-43.42254,-20.326],[-43.42323,-20.3253],[-43.42542,-20.32467],[-43.42674,-20.32397],[-43.4275,-20.32327],[-43.42668,-20.3204],[-43.42716,-20.31822],[-43.4276,-20.31758],[-43.42849,-20.31691],[-43.4315,-20.31622],[-43.42811,-20.31334],[-43.42763,-20.31254],[-43.427,-20.31056],[-43.42562,-20.30873],[-43.42452,-20.3083],[-43.42066,-20.30807],[-43.41835,-20.30846],[-43.41341,-20.31126],[-43.41244,-20.31164],[-43.41083,-20.31183],[-43.40942,-20.31238],[-43.40709,-20.31411],[-43.40595,-20.3146],[-43.40534,-20.31436],[-43.40459,-20.31252],[-43.40412,-20.31231],[-43.40255,-20.31311],[-43.40169,-20.31313],[-43.4001,-20.31185],[-43.39986,-20.31087],[-43.39788,-20.30649],[-43.39786,-20.30581],[-43.39851,-20.30476],[-43.39806,-20.30358],[-43.39802,-20.30212],[-43.39769,-20.30119],[-43.39743,-20.30119],[-43.3964,-20.30207],[-43.39348,-20.30323],[-43.39262,-20.30427],[-43.39234,-20.30421],[-43.39083,-20.30488],[-43.38878,-20.30518],[-43.38821,-20.30568],[-43.38759,-20.30673],[-43.38666,-20.30751],[-43.3848,-20.30794],[-43.38239,-20.30768],[-43.37997,-20.30903],[-43.37924,-20.309],[-43.37799,-20.30843],[-43.37727,-20.30845],[-43.37454,-20.30729],[-43.37217,-20.30776],[-43.37081,-20.30713],[-43.36883,-20.30709],[-43.36792,-20.30579],[-43.36672,-20.30543],[-43.36411,-20.30351],[-43.36177,-20.30502],[-43.35657,-20.30774],[-43.35647,-20.30818],[-43.35649,-20.31022],[-43.35739,-20.31181],[-43.35866,-20.31306],[-43.36117,-20.31441],[-43.36202,-20.31545],[-43.36226,-20.3162],[-43.36228,-20.31723],[-43.36215,-20.31773],[-43.3618,-20.3181],[-43.36087,-20.31839],[-43.35965,-20.31823],[-43.35725,-20.31829],[-43.35562,-20.31801],[-43.35288,-20.31677],[-43.35185,-20.31669],[-43.35073,-20.31736],[-43.34951,-20.31852],[-43.34921,-20.31946],[-43.34923,-20.32074],[-43.34949,-20.32183],[-43.34933,-20.32209],[-43.34768,-20.32272],[-43.34618,-20.3242],[-43.34457,-20.32468],[-43.34092,-20.32452],[-43.33972,-20.325],[-43.33787,-20.32541]]]}},{"id":"4","type":"Feature","properties":{"bairro":"Barro Branco","distrito":"Padre Viegas","regiao":"Padre Viegas","setores":1,"urbano":0},"geometry":{"type":"Polygon","coordinates":[[[-43.30349,-20.43614],[-43.30271,-20.43615],[-43.30254,-20.43855],[-43.30066,-20.44128],[-43.29981,-20.4419],[-43.29965,-20.44235],[-43.30082,-20.44362],[-43.30139,-20.44383],[-43.30373,-20.44589],[-43.30443,-20.44625],[-43.30728,-20.44649],[-43.3077,-20.44553],[-43.30762,-20.44504],[-43.30736,-20.44496],[-43.30644,-20.44531],[-43.30671,-20.4438],[-43.3063,-20.44164],[-43.30674,-20.44143],[-43.30683,-20.44117],[-43.30538,-20.43964],[-43.30513,-20.43895],[-43.30735,-20.43882],[-43.30812,-20.43764],[-43.30802,-20.43738],[-43.30735,-20.43688],[-43.30672,-20.43671],[-43.30573,-20.4366],[-43.30523,-20.43671],[-43.30498,-20.43706],[-43.30447,-20.43666],[-43.30485,-20.43525],[-43.30408,-20.43208],[-43.30223,-20.43353],[-43.30235,-20.43436],[-43.30304,-20.43501],[-43.30349,-20.43614]]]}},{"id":"5","type":"Feature","properties":{"bairro":"Barro Preto","distrito":"Mariana","regiao":"Mariana","setores":3,"urbano":3},"geometry":{"type":"MultiPolygon","coordinates":[[[[-43.41483,-20.3767],[-43.41503,-20.37647],[-43.41487,-20.37635],[-43.41467,-20.37658],[-43.41483,-20.3767]]],[[[-43.41773,-20.36771],[-43.41709,-20.36771],[-43.41773,-20.36834],[-43.41838,-20.37056],[-43.41891,-20.371],[-43.41934,-20.37019],[-43.42002,-20.37035],[-43.41996,-20.36958],[-43.42085,-20.36945],[-43.42068,-20.36904],[-43.42115,-20.36897],[-43.42117,-20.36914],[-43.42174,-20.36876],[-43.42167,-20.36828],[-43.42112,-20.36868],[-43.42095,-20.36759],[-43.41916,-20.36796],[-43.41913,-20.36706],[-43.41838,-20.36701],[-43.41773,-20.36771]]]]}},{"id":"6","type":"Feature","properties":{"bairro":"Barroca","distrito":"Cachoeira do Brumado","regiao":"Cachoeira do Brumado","setores":2,"urbano":0},"geometry":{"type":"Polygon","coordinates":[[[-43.23827,-20.43952],[-43.23819,-20.44135],[-43.2384,-20.44173],[-43.23942,-20.4414],[-43.24037,-20.44015],[-43.24047,-20.43933],[-43.23988,-20.43766],[-43.24215,-20.43632],[-43.24287,-20.43458],[-43.24589,-20.4347],[-43.24713,-20.43441],[-43.24856,-20.43291],[-43.24864,-20.43187],[-43.24769,-20.431],[-43.24664,-20.4287],[-43.24457,-20.42866],[-43.2442,-20.42897],[-43.24348,-20.42915],[-43.24153,-20.42902],[-43.24038,-20.4292],[-43.2378,-20.43048],[-43.23668,-20.43261],[-43.23869,-20.43304],[-43.23863,-20.43352],[-43.23766,-20.43509],[-43.23609,-20.4352],[-43.23526,-20.43567],[-43.23494,-20.43643],[-43.23524,-20.43737],[-43.23746,-20.43959],[-43.23827,-20.43952]]]}},{"id":"7","type":"Feature","properties":{"bairro":"Bela Ville","distrito":"Cachoeira do Brumado","regiao":"Cachoeira do Brumado","setores":1,"urbano":1},"geometry":{"type":"Polygon","coordinates":[[[-43.27736,-20.39466],[-43.27806,-20.39511],[-43.27842,-20.3957],[-43.27923,-20.39631],[-43.28036,-20.3969],[-43.28029,-20.39745],[-43.28005,-20.39769],[-43.28052,-20.39816],[-43.28028,-20.39894],[-43.28072,-20.39924],[-43.2804,-20.39953],[-43.28048,-20.39967],[-43.28193,-20.40012],[-43.28247,-20.40079],[-43.28348,-20.40017],[-43.2845,-20.39993],[-43.28527,-20.40016],[-43.28762,-20.39819],[-43.28851,-20.39715],[-43.28894,-20.39575],[-43.28853,-20.39409],[-43.28945,-20.39379],[-43.28988,-20.39399],[-43.29031,-20.39392],[-43.29057,-20.3928],[-43.29135,-20.39187],[-43.29152,-20.39025],[-43.29085,-20.38976],[-43.2911,-20.39029],[-43.29102,-20.39053],[-43.28983,-20.39108],[-43.28918,-20.39163],[-43.28863,-20.39117],[-43.28728,-20.39101],[-43.28682,-20.3912],[-43.28644,-20.39171],[-43.28551,-20.39191],[-43.28483,-20.3918],[-43.28412,-20.39136],[-43.28367,-20.3914],[-43.2827,-20.39179],[-43.28173,-20.39332],[-43.28136,-20.39323],[-43.28095,-20.39266],[-43.27985,-20.39208],[-43.27894,-20.39325],[-43.27854,-20.39432],[-43.27736,-20.39466]]]}},{"id":"8","type":"Feature","properties":{"bairro":"Cabanas","distrito":"Mariana","regiao":"Mariana","setores":9,"urbano":9},"geometry":{"type":"Polygon","coordinates":[[[-43.41592,-20.39733],[-43.41659,-20.39953],[-43.41775,-20.39947],[-43.41872,-20.3989],[-43.42023,-20.3988],[-43.42048,-20.39936],[-43.42069,-20.39925],[-43.42142,-20.39941],[-43.42177,-20.39818],[-43.42012,-20.39517],[-43.4198,-20.39527],[-43.41951,-20.39437],[-43.42,-20.39421],[-43.4198,-20.3935],[-43.41948,-20.39356],[-43.41948,-20.39338],[-43.42036,-20.39303],[-43.42095,-20.3921],[-43.42127,-20.39212],[-43.42145,-20.39176],[-43.42059,-20.39119],[-43.42097,-20.39059],[-43.4206,-20.38957],[-43.41925,-20.38824],[-43.41993,-20.38804],[-43.42097,-20.38874],[-43.42137,-20.38882],[-43.42169,-20.38941],[-43.42257,-20.3901],[-43.42326,-20.39018],[-43.4243,-20.38981],[-43.42271,-20.3873],[-43.42184,-20.38715],[-43.41708,-20.38821],[-43.41603,-20.38827],[-43.41604,-20.38849],[-43.41549,-20.38879],[-43.41561,-20.38915],[-43.41536,-20.38927],[-43.41511,-20.39],[-43.41534,-20.39043],[-43.41521,-20.39141],[-43.4157,-20.39105],[-43.41586,-20.39146],[-43.41704,-20.39274],[-43.41828,-20.39232],[-43.41907,-20.39445],[-43.41747,-20.39494],[-43.41707,-20.39527],[-43.41513,-20.39474],[-43.41474,-20.39502],[-43.41436,-20.39502],[-43.4135,-20.39471],[-43.41403,-20.39519],[-43.41427,-20.39577],[-43.41451,-20.39721],[-43.4149,-20.39704],[-43.4154,-20.39745],[-43.41592,-20.39733]]]}},{"id":"9","type":"Feature","properties":{"bairro":"Cachoeira do Brumado","distrito":"Cachoeira do Brumado","regiao":"Cachoeira do Brumado","setores":3,"urbano":3},"geometry":{"type":"MultiPolygon","coordinates":[[[[-43.27013,-20.40145],[-43.27075,-20.40148],[-43.27234,-20.40055],[-43.27326,-20.39963],[-43.27455,-20.39945],[-43.27481,-20.4005],[-43.27545,-20.4016],[-43.27648,-20.40204],[-43.27764,-20.40346],[-43.2785,-20.40294],[-43.27914,-20.40202],[-43.27846,-20.40105],[-43.27901,-20.4005],[-43.28047,-20.40043],[-43.2804,-20.39953],[-43.28072,-20.39924],[-43.28028,-20.39894],[-43.28052,-20.39816],[-43.28005,-20.39769],[-43.28029,-20.39745],[-43.28036,-20.3969],[-43.27842,-20.3957],[-43.27806,-20.39511],[-43.27734,-20.39464],[-43.27716,-20.39431],[-43.27647,-20.39455],[-43.27528,-20.39546],[-43.27471,-20.39562],[-43.274,-20.39497],[-43.27304,-20.39459],[-43.27254,-20.39378],[-43.27191,-20.39422],[-43.27154,-20.39381],[-43.27142,-20.39406],[-43.27064,-20.39342],[-43.2705,-20.39308],[-43.27008,-20.39332],[-43.26943,-20.39419],[-43.2705,-20.39658],[-43.26997,-20.3974],[-43.2702,-20.39754],[-43.27077,-20.39877],[-43.2705,-20.39896],[-43.27003,-20.39861],[-43.26962,-20.39858],[-43.26902,-20.3992],[-43.26906,-20.39999],[-43.26882,-20.4001],[-43.26805,-20.39992],[-43.26673,-20.40072],[-43.26628,-20.40075],[-43.26751,-20.40272],[-43.26828,-20.40288],[-43.26763,-20.40451],[-43.26856,-20.40426],[-43.26962,-20.40309],[-43.27,-20.40311],[-43.2699,-20.40245],[-43.27013,-20.40145]]],[[[-43.29065,-20.38638],[-43.29088,-20.38716],[-43.2917,-20.38792],[-43.29157,-20.3882],[-43.29087,-20.38846],[-43.29073,-20.38913],[-43.29085,-20.38976],[-43.29157,-20.3904],[-43.29141,-20.39169],[-43.29128,-20.39208],[-43.29057,-20.3928],[-43.29031,-20.39392],[-43.28988,-20.39399],[-43.28945,-20.39379],[-43.28853,-20.39409],[-43.28894,-20.39575],[-43.28864,-20.39669],[-43.29073,-20.39756],[-43.29135,-20.39867],[-43.29099,-20.39904],[-43.29093,-20.39949],[-43.2919,-20.39989],[-43.29282,-20.40086],[-43.29335,-20.40112],[-43.29359,-20.40217],[-43.29285,-20.40317],[-43.29282,-20.40349],[-43.29294,-20.4048],[-43.29332,-20.40497],[-43.29405,-20.4042],[-43.294,-20.4039],[-43.29431,-20.40389],[-43.29445,-20.40286],[-43.2953,-20.40273],[-43.29538,-20.40125],[-43.29646,-20.4008],[-43.29717,-20.39996],[-43.29693,-20.39886],[-43.29663,-20.39845],[-43.29657,-20.39741],[-43.29614,-20.39642],[-43.29642,-20.39526],[-43.29679,-20.39504],[-43.29734,-20.39377],[-43.29699,-20.39305],[-43.29695,-20.39234],[-43.29664,-20.3919],[-43.29535,-20.39132],[-43.2942,-20.38953],[-43.29337,-20.38881],[-43.2935,-20.38826],[-43.29336,-20.38742],[-43.29294,-20.38693],[-43.29075,-20.38552],[-43.29022,-20.38585],[-43.29065,-20.38638]]]]}},{"id":"10","type":"Feature","properties":{"bairro":"Cafundao de Baixo","distrito":"Cachoeira do Brumado","regiao":"Cachoeira do Brumado","setores":1,"urbano":0},"geometry":{"type":"Polygon","coordinates":[[[-43.28539,-20.4043],[-43.28501,-20.40496],[-43.28433,-20.40494],[-43.28338,-20.4045],[-43.28295,-20.40469],[-43.28145,-20.40444],[-43.28088,-20.40535],[-43.28104,-20.40568],[-43.28096,-20.40642],[-43.28124,-20.40639],[-43.28138,-20.40572],[-43.28185,-20.40529],[-43.28257,-20.40519],[-43.28306,-20.4054],[-43.28356,-20.40574],[-43.28391,-20.4065],[-43.28363,-20.40756],[-43.2841,-20.40805],[-43.28454,-20.4082],[-43.28689,-20.40662],[-43.28712,-20.40636],[-43.28684,-20.40615],[-43.28691,-20.40585],[-43.2874,-20.40548],[-43.28599,-20.40399],[-43.28539,-20.4043]]]}},{"id":"11","type":"Feature","properties":{"bairro":"Camargos","distrito":"Camargos","regiao":"Camargos","setores":2,"urbano":1},"geometry":{"type":"Polygon","coordinates":[[[-43.27658,-20.25544],[-43.27812,-20.25655],[-43.27853,-20.25714],[-43.27889,-20.25899],[-43.27866,-20.26213],[-43.28046,-20.26416],[-43.28115,-20.2661],[-43.28147,-20.26779],[-43.28195,-20.26833],[-43.28462,-20.26992],[-43.2851,-20.27061],[-43.28565,-20.27204],[-43.28625,-20.27287],[-43.28576,-20.2757],[-43.28608,-20.27728],[-43.28682,-20.27839],[-43.28821,-20.27916],[-43.29105,-20.28199],[-43.29121,-20.28293],[-43.29042,-20.2844],[-43.29023,-20.28516],[-43.29023,-20.28614],[-43.29063,-20.287],[-43.29212,-20.28811],[-43.29378,-20.28897],[-43.29406,-20.28933],[-43.29453,-20.28957],[-43.2961,-20.28971],[-43.29718,-20.29093],[-43.29832,-20.29159],[-43.29914,-20.29176],[-43.29976,-20.29173],[-43.301,-20.29119],[-43.30441,-20.29037],[-43.30726,-20.2903],[-43.31081,-20.28977],[-43.31168,-20.28985],[-43.31292,-20.29028],[-43.31337,-20.2909],[-43.31322,-20.29292],[-43.31377,-20.29414],[-43.31471,-20.29471],[-43.31738,-20.29512],[-43.31839,-20.29608],[-43.3185,-20.29687],[-43.31831,-20.29878],[-43.31857,-20.29966],[-43.31867,-20.30174],[-43.31888,-20.30244],[-43.31935,-20.30306],[-43.31997,-20.30501],[-43.32057,-20.30541],[-43.3219,-20.30582],[-43.32469,-20.30598],[-43.32579,-20.30628],[-43.3265,-20.30664],[-43.32683,-20.30706],[-43.32684,-20.30836],[-43.32658,-20.30878],[-43.32567,-20.30967],[-43.32428,-20.31056],[-43.32344,-20.31153],[-43.32305,-20.31247],[-43.3234,-20.31361],[-43.32392,-20.31415],[-43.32462,-20.31441],[-43.32506,-20.31525],[-43.3255,-20.3171],[-43.32617,-20.31852],[-43.32735,-20.31976],[-43.32878,-20.32045],[-43.33085,-20.32193],[-43.33303,-20.32269],[-43.33407,-20.32324],[-43.33421,-20.32349],[-43.33698,-20.32432],[-43.33778,-20.32497],[-43.33787,-20.32541],[-43.33972,-20.325],[-43.34092,-20.32452],[-43.34457,-20.32468],[-43.34618,-20.3242],[-43.34768,-20.32272],[-43.34933,-20.32209],[-43.34949,-20.32183],[-43.34923,-20.32074],[-43.34921,-20.31946],[-43.34951,-20.31852],[-43.35073,-20.31736],[-43.35185,-20.31669],[-43.35288,-20.31677],[-43.35562,-20.31801],[-43.35725,-20.31829],[-43.35965,-20.31823],[-43.36087,-20.31839],[-43.3618,-20.3181],[-43.36215,-20.31773],[-43.36228,-20.31723],[-43.36226,-20.3162],[-43.36202,-20.31545],[-43.36117,-20.31441],[-43.35866,-20.31306],[-43.35739,-20.31181],[-43.35649,-20.31022],[-43.35647,-20.30818],[-43.35657,-20.30774],[-43.36177,-20.30502],[-43.36411,-20.30351],[-43.36672,-20.30543],[-43.36792,-20.30579],[-43.36883,-20.30709],[-43.37081,-20.30713],[-43.37217,-20.30776],[-43.37454,-20.30729],[-43.37727,-20.30845],[-43.37799,-20.30843],[-43.37924,-20.309],[-43.37997,-20.30903],[-43.38239,-20.30768],[-43.3848,-20.30794],[-43.38666,-20.30751],[-43.38759,-20.30673],[-43.38821,-20.30568],[-43.38878,-20.30518],[-43.39083,-20.30488],[-43.39234,-20.30421],[-43.39262,-20.30427],[-43.39348,-20.30323],[-43.3964,-20.30207],[-43.39743,-20.30119],[-43.39769,-20.30119],[-43.39794,-20.30184],[-43.39806,-20.30358],[-43.39851,-20.30476],[-43.39786,-20.30581],[-43.39788,-20.30649],[-43.39986,-20.31087],[-43.4001,-20.31185],[-43.40169,-20.31313],[-43.40255,-20.31311],[-43.40388,-20.31234],[-43.40459,-20.31252],[-43.4052,-20.31418],[-43.40572,-20.31461],[-43.40709,-20.31411],[-43.40942,-20.31238],[-43.41083,-20.31183],[-43.41244,-20.31164],[-43.41341,-20.31126],[-43.41835,-20.30846],[-43.42066,-20.30807],[-43.42485,-20.30834],[-43.42562,-20.30873],[-43.427,-20.31056],[-43.42763,-20.31254],[-43.42811,-20.31334],[-43.4312,-20.31607],[-43.43236,-20.31672],[-43.43406,-20.31867],[-43.43514,-20.31887],[-43.43649,-20.31878],[-43.43865,-20.31796],[-43.44036,-20.31784],[-43.44249,-20.31722],[-43.44543,-20.31718],[-43.44625,-20.31733],[-43.44842,-20.31815],[-43.45124,-20.32108],[-43.45299,-20.32214],[-43.45487,-20.32431],[-43.45558,-20.3248],[-43.45686,-20.32523],[-43.45739,-20.32521],[-43.45931,-20.32458],[-43.46259,-20.32277],[-43.46281,-20.3221],[-43.46323,-20.32172],[-43.46564,-20.32092],[-43.4673,-20.31954],[-43.46805,-20.31834],[-43.46803,-20.31766],[-43.46493,-20.31351],[-43.46443,-20.31166],[-43.46414,-20.31129],[-43.4618,-20.31066],[-43.4608,-20.31021],[-43.46042,-20.30981],[-43.45823,-20.30916],[-43.45622,-20.30716],[-43.45489,-20.30653],[-43.45431,-20.30596],[-43.45316,-20.30476],[-43.45269,-20.30367],[-43.45208,-20.29998],[-43.45215,-20.29863],[-43.45377,-20.29712],[-43.45551,-20.29614],[-43.45652,-20.29524],[-43.45682,-20.29279],[-43.45717,-20.29202],[-43.45835,-20.29069],[-43.45882,-20.28839],[-43.45971,-20.28601],[-43.45988,-20.285],[-43.4596,-20.28527],[-43.45805,-20.28567],[-43.45546,-20.2844],[-43.45253,-20.28419],[-43.45131,-20.28459],[-43.45028,-20.28339],[-43.44896,-20.28284],[-43.44793,-20.28289],[-43.44738,-20.28257],[-43.44693,-20.28201],[-43.44685,-20.28117],[-43.44637,-20.28078],[-43.44566,-20.28081],[-43.44501,-20.28041],[-43.4444,-20.28036],[-43.44282,-20.27946],[-43.44216,-20.27974],[-43.44153,-20.27971],[-43.44022,-20.27962],[-43.43963,-20.27931],[-43.4388,-20.27823],[-43.43922,-20.27768],[-43.43917,-20.27746],[-43.43848,-20.27701],[-43.43802,-20.27584],[-43.43612,-20.27521],[-43.4357,-20.27516],[-43.43523,-20.27537],[-43.43483,-20.27639],[-43.43315,-20.27534],[-43.433,-20.27594],[-43.43233,-20.27635],[-43.43096,-20.27639],[-43.43005,-20.27671],[-43.4292,-20.27649],[-43.42877,-20.27675],[-43.4282,-20.2762],[-43.42796,-20.27611],[-43.42759,-20.2763],[-43.42698,-20.27587],[-43.42587,-20.27611],[-43.42471,-20.27463],[-43.42372,-20.27492],[-43.42259,-20.2744],[-43.42236,-20.27418],[-43.4232,-20.27332],[-43.4232,-20.27288],[-43.42266,-20.2717],[-43.42304,-20.27109],[-43.42326,-20.26943],[-43.4231,-20.26877],[-43.42236,-20.26776],[-43.42214,-20.26665],[-43.42296,-20.26573],[-43.42282,-20.26456],[-43.42319,-20.26409],[-43.42406,-20.2636],[-43.42478,-20.26372],[-43.42505,-20.26322],[-43.42486,-20.26293],[-43.42423,-20.26268],[-43.42351,-20.26282],[-43.42278,-20.26272],[-43.42238,-20.26245],[-43.42231,-20.26074],[-43.42194,-20.26036],[-43.4207,-20.26067],[-43.4206,-20.25999],[-43.4201,-20.25918],[-43.41969,-20.25778],[-43.41577,-20.25697],[-43.41543,-20.25665],[-43.41468,-20.25648],[-43.41432,-20.25701],[-43.41406,-20.25695],[-43.41354,-20.25581],[-43.41416,-20.25446],[-43.41401,-20.25382],[-43.41233,-20.25192],[-43.4117,-20.25143],[-43.41107,-20.25132],[-43.41087,-20.25089],[-43.41129,-20.25041],[-43.41202,-20.25007],[-43.41237,-20.24878],[-43.41209,-20.24827],[-43.41066,-20.24784],[-43.41027,-20.24749],[-43.41019,-20.24686],[-43.41052,-20.24523],[-43.41138,-20.24442],[-43.4112,-20.24216],[-43.40929,-20.24163],[-43.40907,-20.24137],[-43.40897,-20.24052],[-43.40803,-20.23966],[-43.40634,-20.24036],[-43.40564,-20.24199],[-43.40507,-20.24252],[-43.40415,-20.24272],[-43.40351,-20.24252],[-43.40228,-20.24144],[-43.40187,-20.24145],[-43.40191,-20.24186],[-43.39992,-20.243],[-43.39819,-20.24286],[-43.39783,-20.24323],[-43.39793,-20.24397],[-43.39754,-20.24539],[-43.39641,-20.24625],[-43.39582,-20.24621],[-43.3945,-20.24516],[-43.39388,-20.24317],[-43.39406,-20.24251],[-43.39282,-20.24289],[-43.39142,-20.24263],[-43.39095,-20.24282],[-43.39032,-20.24343],[-43.38792,-20.24114],[-43.38736,-20.2407],[-43.38655,-20.24044],[-43.38593,-20.23937],[-43.38505,-20.23872],[-43.38414,-20.239],[-43.38197,-20.24086],[-43.38112,-20.24096],[-43.38074,-20.24155],[-43.37899,-20.24263],[-43.37736,-20.24175],[-43.37693,-20.24213],[-43.37704,-20.24341],[-43.37615,-20.24416],[-43.37599,-20.2451],[-43.37506,-20.24561],[-43.37465,-20.24639],[-43.37487,-20.24686],[-43.37553,-20.24668],[-43.37774,-20.24763],[-43.37824,-20.24839],[-43.37822,-20.24903],[-43.37578,-20.25046],[-43.37564,-20.2515],[-43.37532,-20.252],[-43.37482,-20.25188],[-43.37433,-20.25131],[-43.37382,-20.25149],[-43.37232,-20.25147],[-43.37093,-20.25347],[-43.36912,-20.25411],[-43.36602,-20.25442],[-43.36494,-20.25505],[-43.36462,-20.25556],[-43.3646,-20.25605],[-43.36491,-20.25692],[-43.36484,-20.25757],[-43.36393,-20.25961],[-43.36339,-20.25962],[-43.36255,-20.25912],[-43.36224,-20.2586],[-43.3606,-20.25824],[-43.36038,-20.25793],[-43.36069,-20.25752],[-43.36029,-20.25692],[-43.35868,-20.25592],[-43.35648,-20.25349],[-43.35556,-20.25308],[-43.35448,-20.25187],[-43.35333,-20.25146],[-43.35285,-20.25055],[-43.3527,-20.24972],[-43.35284,-20.24888],[-43.35252,-20.24805],[-43.35209,-20.24768],[-43.35039,-20.24837],[-43.34908,-20.24811],[-43.3482,-20.24759],[-43.34798,-20.24606],[-43.34645,-20.24472],[-43.34583,-20.24352],[-43.34314,-20.24051],[-43.34232,-20.23903],[-43.34087,-20.23829],[-43.33976,-20.23809],[-43.33671,-20.23928],[-43.33584,-20.23938],[-43.33386,-20.24043],[-43.33225,-20.23951],[-43.33149,-20.23938],[-43.33098,-20.23955],[-43.33038,-20.24058],[-43.33033,-20.24182],[-43.33122,-20.2424],[-43.33172,-20.24314],[-43.33272,-20.2439],[-43.33368,-20.245],[-43.33393,-20.24551],[-43.33365,-20.24627],[-43.33251,-20.24616],[-43.33091,-20.24641],[-43.32765,-20.24745],[-43.32642,-20.24599],[-43.32392,-20.24551],[-43.3218,-20.24395],[-43.31947,-20.24338],[-43.31892,-20.24338],[-43.31621,-20.24436],[-43.31516,-20.2451],[-43.31418,-20.24525],[-43.31328,-20.24565],[-43.31258,-20.24549],[-43.3119,-20.24477],[-43.3116,-20.24363],[-43.31176,-20.24293],[-43.3125,-20.24189],[-43.31257,-20.24144],[-43.31227,-20.24078],[-43.31057,-20.23968],[-43.31043,-20.23817],[-43.31007,-20.23721],[-43.30956,-20.23669],[-43.30743,-20.2359],[-43.30639,-20.2346],[-43.30603,-20.23489],[-43.3053,-20.23614],[-43.30443,-20.23665],[-43.30414,-20.23739],[-43.30371,-20.23777],[-43.29913,-20.23904],[-43.29815,-20.23986],[-43.29688,-20.23991],[-43.29443,-20.23905],[-43.29267,-20.23891],[-43.29159,-20.23893],[-43.28986,-20.23957],[-43.28956,-20.24017],[-43.28958,-20.24257],[-43.29006,-20.24429],[-43.29073,-20.24567],[-43.29056,-20.24815],[-43.29096,-20.24932],[-43.29069,-20.25027],[-43.29003,-20.25074],[-43.28496,-20.25279],[-43.28338,-20.25252],[-43.2826,-20.25181],[-43.28173,-20.25039],[-43.28215,-20.24952],[-43.28215,-20.24833],[-43.2813,-20.24737],[-43.28057,-20.24763],[-43.27807,-20.24958],[-43.27605,-20.25042],[-43.27514,-20.25107],[-43.27285,-20.25132],[-43.27296,-20.25196],[-43.27427,-20.25388],[-43.27542,-20.25491],[-43.27658,-20.25544]]]}},{"id":"12","type":"Feature","properties":{"bairro":"Campinas","distrito":"Cláudio Manuel","regiao":"Cláudio Manuel","setores":1,"urbano":0},"geometry":{"type":"Polygon","coordinates":[[[-43.16984,-20.2689],[-43.17034,-20.26841],[-43.17105,-20.26825],[-43.17117,-20.26778],[-43.17146,-20.26773],[-43.17122,-20.2681],[-43.17206,-20.26827],[-43.17299,-20.26806],[-43.17356,-20.26768],[-43.175,-20.26528],[-43.17551,-20.26358],[-43.17464,-20.26209],[-43.17602,-20.26013],[-43.17592,-20.25846],[-43.17539,-20.25857],[-43.17472,-20.2592],[-43.17307,-20.25947],[-43.17105,-20.25887],[-43.17079,-20.25824],[-43.17012,-20.25809],[-43.1696,-20.25752],[-43.1689,-20.25772],[-43.16744,-20.25753],[-43.16691,-20.2566],[-43.16621,-20.25844],[-43.17053,-20.26061],[-43.1728,-20.26231],[-43.17269,-20.26274],[-43.17282,-20.26303],[-43.1724,-20.26382],[-43.17237,-20.26498],[-43.17196,-20.26553],[-43.17176,-20.26671],[-43.17086,-20.26661],[-43.1687,-20.26732],[-43.16779,-20.26787],[-43.16984,-20.2689]]]}},{"id":"13","type":"Feature","properties":{"bairro":"Campo Grande Vila Rica","distrito":"Passagem de Mariana","regiao":"Passagem de Mariana","setores":1,"urbano":1},"geometry":{"type":"Polygon","coordinates":[[[-43.46959,-20.37419],[-43.4707,-20.37105],[-43.46984,-20.36971],[-43.4686,-20.36923],[-43.46791,-20.36921],[-43.46628,-20.36986],[-43.46537,-20.36995],[-43.46446,-20.3697],[-43.46386,-20.36911],[-43.46359,-20.36931],[-43.46306,-20.37019],[-43.46434,-20.37249],[-43.46638,-20.37349],[-43.46959,-20.37419]]]}},{"id":"14","type":"Feature","properties":{"bairro":"Cartuxa","distrito":"Mariana","regiao":"Mariana","setores":1,"urbano":1},"geometry":{"type":"Polygon","coordinates":[[[-43.41064,-20.39249],[-43.40995,-20.39408],[-43.41002,-20.39465],[-43.41051,-20.39475],[-43.41109,-20.39556],[-43.41115,-20.39493],[-43.4106,-20.39446],[-43.41036,-20.39446],[-43.41031,-20.39405],[-43.41084,-20.39306],[-43.41215,-20.39254],[-43.41228,-20.39311],[-43.41192,-20.3936],[-43.41221,-20.39374],[-43.41252,-20.39497],[-43.41218,-20.39532],[-43.41225,-20.39588],[-43.41193,-20.39666],[-43.41239,-20.39699],[-43.41248,-20.39743],[-43.41415,-20.39903],[-43.4149,-20.39913],[-43.41532,-20.39987],[-43.41507,-20.40085],[-43.41538,-20.40121],[-43.41548,-20.40084],[-43.41626,-20.40021],[-43.41659,-20.39953],[-43.41592,-20.39733],[-43.4154,-20.39745],[-43.4149,-20.39704],[-43.41451,-20.39721],[-43.41403,-20.39519],[-43.41339,-20.39464],[-43.41287,-20.39383],[-43.41232,-20.39246],[-43.41282,-20.39071],[-43.41187,-20.39158],[-43.41152,-20.39218],[-43.41064,-20.39249]]]}},{"id":"15","type":"Feature","properties":{"bairro":"Centro","distrito":"Mariana","regiao":"Mariana","setores":8,"urbano":8},"geometry":{"type":"Polygon","coordinates":[[[-43.41949,-20.38242],[-43.419,-20.38328],[-43.4188,-20.38416],[-43.41925,-20.3848],[-43.41991,-20.38457],[-43.42039,-20.38416],[-43.42098,-20.38414],[-43.4211,-20.38336],[-43.422,-20.38301],[-43.42071,-20.38153],[-43.4199,-20.37994],[-43.41982,-20.37933],[-43.41857,-20.37711],[-43.41771,-20.37746],[-43.41727,-20.37655],[-43.4169,-20.37667],[-43.41673,-20.37616],[-43.41868,-20.37561],[-43.41778,-20.37401],[-43.41834,-20.37192],[-43.41891,-20.371],[-43.41838,-20.37056],[-43.41773,-20.36834],[-43.41709,-20.36771],[-43.41551,-20.36742],[-43.41587,-20.36988],[-43.41569,-20.37194],[-43.4155,-20.3725],[-43.41521,-20.37242],[-43.41495,-20.37302],[-43.4134,-20.37462],[-43.41379,-20.37558],[-43.41347,-20.37672],[-43.41215,-20.37737],[-43.4104,-20.37758],[-43.40984,-20.37839],[-43.41042,-20.37807],[-43.41089,-20.37836],[-43.41138,-20.37807],[-43.41286,-20.37792],[-43.41313,-20.37842],[-43.41283,-20.37925],[-43.41382,-20.37946],[-43.41425,-20.37986],[-43.41371,-20.38071],[-43.41396,-20.38116],[-43.4151,-20.38147],[-43.41523,-20.3807],[-43.41699,-20.38012],[-43.41745,-20.38135],[-43.41763,-20.38262],[-43.41949,-20.38242]],[[-43.41483,-20.3767],[-43.41467,-20.37658],[-43.41487,-20.37635],[-43.41503,-20.37647],[-43.41483,-20.3767]]]}},{"id":"16","type":"Feature","properties":{"bairro":"Comunidade Quilombola Embaubas Vila Santa Efigenia","distrito":"Monsenhor Horta","regiao":"Monsenhor Horta","setores":1,"urbano":0},"geometry":{"type":"Polygon","coordinates":[[[-43.24625,-20.37271],[-43.24728,-20.37294],[-43.24813,-20.3727],[-43.24882,-20.37188],[-43.24849,-20.3713],[-43.24871,-20.37059],[-43.24656,-20.37119],[-43.24625,-20.37271]]]}},{"id":"17","type":"Feature","properties":{"bairro":"Cruzeiro do Sul","distrito":"Mariana","regiao":"Mariana","setores":2,"urbano":2},"geometry":{"type":"Polygon","coordinates":[[[-43.41172,-20.38621],[-43.41269,-20.38691],[-43.41443,-20.3877],[-43.41473,-20.38709],[-43.41477,-20.38587],[-43.416,-20.38452],[-43.41622,-20.38398],[-43.41762,-20.38287],[-43.41745,-20.38135],[-43.41699,-20.38012],[-43.41523,-20.3807],[-43.4151,-20.38147],[-43.41452,-20.38141],[-43.41396,-20.38116],[-43.4137,-20.38078],[-43.41423,-20.38005],[-43.41417,-20.37967],[-43.41323,-20.37922],[-43.41283,-20.37925],[-43.41313,-20.37842],[-43.41286,-20.37792],[-43.41138,-20.37807],[-43.41089,-20.37836],[-43.41042,-20.37807],[-43.40984,-20.37839],[-43.4104,-20.37758],[-43.40811,-20.37773],[-43.40761,-20.3775],[-43.40691,-20.37749],[-43.40645,-20.37701],[-43.40485,-20.37666],[-43.40452,-20.37698],[-43.40443,-20.37767],[-43.40933,-20.37915],[-43.40907,-20.3798],[-43.40917,-20.38025],[-43.4104,-20.38136],[-43.41075,-20.38204],[-43.41071,-20.38286],[-43.41044,-20.3833],[-43.40885,-20.38464],[-43.40814,-20.3847],[-43.40753,-20.38424],[-43.40662,-20.38409],[-43.40849,-20.38525],[-43.40992,-20.38451],[-43.41058,-20.38448],[-43.41099,-20.38479],[-43.41172,-20.38621]]]}},{"id":"18","type":"Feature","properties":{"bairro":"Fazenda Sao Jose","distrito":"Cláudio Manuel","regiao":"Cláudio Manuel","setores":2,"urbano":1},"geometry":{"type":"Polygon","coordinates":[[[-43.16277,-20.17723],[-43.16193,-20.17912],[-43.1619,-20.17986],[-43.16213,-20.18032],[-43.16398,-20.18142],[-43.16474,-20.18283],[-43.16513,-20.18456],[-43.16412,-20.18647],[-43.16244,-20.18658],[-43.16087,-20.18694],[-43.16,-20.18754],[-43.15952,-20.18842],[-43.15963,-20.19013],[-43.16129,-20.19335],[-43.16161,-20.195],[-43.16118,-20.19759],[-43.15971,-20.20046],[-43.15914,-20.20075],[-43.15862,-20.20149],[-43.158,-20.20296],[-43.15822,-20.20395],[-43.15855,-20.20434],[-43.15989,-20.20497],[-43.15989,-20.2058],[-43.15763,-20.20714],[-43.15683,-20.208],[-43.15465,-20.20966],[-43.15447,-20.21007],[-43.15281,-20.21119],[-43.15208,-20.21192],[-43.15185,-20.21274],[-43.15239,-20.21434],[-43.15415,-20.21668],[-43.15419,-20.21714],[-43.15369,-20.21731],[-43.15244,-20.21721],[-43.15205,-20.21745],[-43.15147,-20.2207],[-43.151,-20.22129],[-43.15015,-20.22183],[-43.14957,-20.22351],[-43.14923,-20.22469],[-43.14918,-20.2257],[-43.15016,-20.22687],[-43.15051,-20.22785],[-43.15059,-20.22883],[-43.15036,-20.22956],[-43.14904,-20.23118],[-43.14634,-20.23239],[-43.14573,-20.23355],[-43.14677,-20.2357],[-43.14893,-20.23713],[-43.14942,-20.23728],[-43.15015,-20.23802],[-43.15048,-20.23871],[-43.1501,-20.24149],[-43.15124,-20.24445],[-43.15121,-20.24551],[-43.15043,-20.24812],[-43.15059,-20.24977],[-43.15096,-20.25112],[-43.15153,-20.25167],[-43.15205,-20.25177],[-43.15397,-20.25315],[-43.15576,-20.25338],[-43.15765,-20.25452],[-43.15796,-20.25493],[-43.15807,-20.25564],[-43.15924,-20.25665],[-43.16046,-20.25829],[-43.16083,-20.25926],[-43.16224,-20.26138],[-43.16202,-20.26332],[-43.1626,-20.26503],[-43.16235,-20.2666],[-43.16098,-20.26835],[-43.15956,-20.26914],[-43.15861,-20.26924],[-43.15792,-20.26953],[-43.15696,-20.27038],[-43.15654,-20.27123],[-43.15654,-20.27228],[-43.15831,-20.27522],[-43.15926,-20.27547],[-43.15975,-20.27525],[-43.16007,-20.27434],[-43.15991,-20.27314],[-43.15996,-20.27291],[-43.16023,-20.27287],[-43.16223,-20.273],[-43.16365,-20.27353],[-43.16568,-20.27484],[-43.16651,-20.2749],[-43.16701,-20.27429],[-43.16734,-20.27345],[-43.16916,-20.27184],[-43.16961,-20.27091],[-43.16984,-20.2689],[-43.16779,-20.26787],[-43.1687,-20.26732],[-43.17086,-20.26661],[-43.17176,-20.26671],[-43.17196,-20.26553],[-43.17237,-20.26498],[-43.1724,-20.26382],[-43.17282,-20.26303],[-43.17269,-20.26274],[-43.1728,-20.26231],[-43.17053,-20.26061],[-43.16621,-20.25844],[-43.16691,-20.2566],[-43.16744,-20.25753],[-43.1689,-20.25772],[-43.1696,-20.25752],[-43.17012,-20.25809],[-43.17079,-20.25824],[-43.17105,-20.25887],[-43.17307,-20.25947],[-43.17472,-20.2592],[-43.17539,-20.25857],[-43.17592,-20.25846],[-43.17602,-20.26013],[-43.17464,-20.26209],[-43.17551,-20.26358],[-43.175,-20.26528],[-43.17356,-20.26768],[-43.17299,-20.26806],[-43.17177,-20.26828],[-43.17122,-20.2681],[-43.17146,-20.26773],[-43.17125,-20.26775],[-43.17094,-20.26827],[-43.17248,-20.26845],[-43.17323,-20.26875],[-43.17484,-20.27097],[-43.17556,-20.27125],[-43.17663,-20.27125],[-43.17734,-20.27188],[-43.17916,-20.27225],[-43.18011,-20.27312],[-43.18044,-20.27241],[-43.18097,-20.27201],[-43.18166,-20.27243],[-43.18181,-20.27313],[-43.18325,-20.2739],[-43.18536,-20.27349],[-43.18579,-20.27241],[-43.18663,-20.27126],[-43.18785,-20.27085],[-43.18919,-20.27118],[-43.18984,-20.27205],[-43.19094,-20.27211],[-43.19197,-20.27293],[-43.19296,-20.27264],[-43.19466,-20.27253],[-43.19569,-20.27189],[-43.19681,-20.27307],[-43.19753,-20.27291],[-43.19894,-20.27202],[-43.19968,-20.27192],[-43.20017,-20.27241],[-43.20051,-20.27728],[-43.20152,-20.27877],[-43.20121,-20.27942],[-43.19532,-20.28156],[-43.1954,-20.28309],[-43.19573,-20.28429],[-43.19526,-20.2854],[-43.19473,-20.28581],[-43.19468,-20.28758],[-43.19511,-20.2891],[-43.19499,-20.28985],[-43.19393,-20.29168],[-43.19397,-20.29206],[-43.1943,-20.29231],[-43.19392,-20.29324],[-43.19398,-20.29417],[-43.19372,-20.29522],[-43.19419,-20.2957],[-43.19431,-20.29437],[-43.19537,-20.29329],[-43.1979,-20.29286],[-43.20059,-20.2928],[-43.20267,-20.29214],[-43.20341,-20.29103],[-43.20433,-20.28792],[-43.20527,-20.28751],[-43.20679,-20.28633],[-43.20805,-20.28376],[-43.20856,-20.28322],[-43.21146,-20.28299],[-43.21424,-20.28435],[-43.21504,-20.2845],[-43.21553,-20.28436],[-43.21617,-20.28389],[-43.2192,-20.27952],[-43.21995,-20.27907],[-43.22217,-20.27825],[-43.22263,-20.27844],[-43.22487,-20.28073],[-43.22652,-20.28148],[-43.22773,-20.28163],[-43.22952,-20.28141],[-43.23033,-20.28103],[-43.2325,-20.28075],[-43.23519,-20.28145],[-43.2374,-20.2808],[-43.23935,-20.28064],[-43.24069,-20.28176],[-43.24185,-20.28325],[-43.24466,-20.28344],[-43.24675,-20.28302],[-43.2466,-20.28203],[-43.24707,-20.27966],[-43.24698,-20.27832],[-43.24662,-20.27729],[-43.24588,-20.27629],[-43.24541,-20.27489],[-43.24387,-20.27416],[-43.2434,-20.2734],[-43.24263,-20.27271],[-43.2406,-20.2718],[-43.23967,-20.27013],[-43.2395,-20.26906],[-43.23853,-20.26782],[-43.23659,-20.26652],[-43.23396,-20.26408],[-43.23431,-20.26228],[-43.23349,-20.2609],[-43.23357,-20.25879],[-43.23282,-20.2579],[-43.23003,-20.25504],[-43.22914,-20.25494],[-43.22876,-20.25576],[-43.22786,-20.25626],[-43.22709,-20.25614],[-43.22639,-20.2554],[-43.2254,-20.25508],[-43.22487,-20.2551],[-43.22411,-20.25627],[-43.22323,-20.25667],[-43.22193,-20.25638],[-43.2216,-20.25575],[-43.22168,-20.25542],[-43.22211,-20.25518],[-43.22216,-20.25485],[-43.22048,-20.25363],[-43.2207,-20.25261],[-43.22104,-20.25242],[-43.22114,-20.25176],[-43.22178,-20.25123],[-43.2224,-20.25099],[-43.22326,-20.2522],[-43.22448,-20.25239],[-43.22519,-20.25217],[-43.2254,-20.25184],[-43.22582,-20.25247],[-43.22602,-20.25237],[-43.22624,-20.25188],[-43.22561,-20.25119],[-43.22559,-20.25094],[-43.22685,-20.24919],[-43.22694,-20.24881],[-43.22701,-20.24766],[-43.22656,-20.2437],[-43.22541,-20.24202],[-43.22472,-20.24009],[-43.22378,-20.2389],[-43.22349,-20.23669],[-43.22292,-20.2362],[-43.2218,-20.23652],[-43.22151,-20.23643],[-43.22047,-20.23441],[-43.21983,-20.23368],[-43.21876,-20.23403],[-43.217,-20.23329],[-43.21652,-20.23268],[-43.21529,-20.23217],[-43.21496,-20.23145],[-43.21518,-20.22999],[-43.21467,-20.22956],[-43.21463,-20.22858],[-43.21415,-20.22829],[-43.21402,-20.22745],[-43.21348,-20.22667],[-43.2114,-20.22619],[-43.20995,-20.22478],[-43.20871,-20.22459],[-43.20722,-20.2236],[-43.20582,-20.22421],[-43.20539,-20.2233],[-43.20448,-20.22265],[-43.20215,-20.22012],[-43.20208,-20.21854],[-43.20162,-20.2177],[-43.20177,-20.21767],[-43.20279,-20.21864],[-43.20257,-20.21801],[-43.20269,-20.2149],[-43.20323,-20.21038],[-43.20566,-20.20684],[-43.20548,-20.20678],[-43.20492,-20.20711],[-43.20454,-20.20685],[-43.20419,-20.20695],[-43.2046,-20.20516],[-43.20523,-20.20454],[-43.20517,-20.20417],[-43.20816,-20.20176],[-43.20632,-20.19909],[-43.20585,-20.19902],[-43.20596,-20.19702],[-43.20707,-20.19578],[-43.20788,-20.19522],[-43.20818,-20.19409],[-43.20897,-20.19307],[-43.20989,-20.1922],[-43.21023,-20.19218],[-43.20796,-20.19021],[-43.20556,-20.19059],[-43.20483,-20.19021],[-43.20368,-20.18868],[-43.20216,-20.18741],[-43.20164,-20.18408],[-43.20085,-20.18223],[-43.19796,-20.18078],[-43.19632,-20.17899],[-43.19504,-20.17716],[-43.19402,-20.17683],[-43.19367,-20.17649],[-43.19234,-20.17434],[-43.1894,-20.17363],[-43.18881,-20.17319],[-43.18609,-20.17246],[-43.18552,-20.17265],[-43.18471,-20.17334],[-43.18433,-20.17422],[-43.1843,-20.17702],[-43.18251,-20.17876],[-43.18216,-20.1794],[-43.18173,-20.17961],[-43.18004,-20.1783],[-43.17949,-20.17835],[-43.17763,-20.17918],[-43.17612,-20.17932],[-43.17087,-20.17815],[-43.16683,-20.17822],[-43.16277,-20.17723]]]}},{"id":"19","type":"Feature","properties":{"bairro":"Galego","distrito":"Mariana","regiao":"Mariana","setores":1,"urbano":1},"geometry":{"type":"Polygon","coordinates":[[[-43.41184,-20.37382],[-43.41213,-20.37407],[-43.41221,-20.37475],[-43.41188,-20.37506],[-43.41222,-20.37537],[-43.41339,-20.37469],[-43.4138,-20.37423],[-43.41366,-20.37411],[-43.41411,-20.37283],[-43.41386,-20.37189],[-43.41355,-20.37186],[-43.41327,-20.37259],[-43.4121,-20.37343],[-43.41184,-20.37382]]]}},{"id":"20","type":"Feature","properties":{"bairro":"Goiabeiras","distrito":"Furquim","regiao":"Furquim","setores":2,"urbano":1},"geometry":{"type":"Polygon","coordinates":[[[-43.20331,-20.35947],[-43.20445,-20.36012],[-43.20511,-20.36014],[-43.20566,-20.35987],[-43.20609,-20.35907],[-43.2069,-20.35883],[-43.20737,-20.35898],[-43.20891,-20.36019],[-43.21068,-20.36022],[-43.21089,-20.36045],[-43.21142,-20.36047],[-43.21229,-20.3609],[-43.21252,-20.3612],[-43.21223,-20.36172],[-43.21224,-20.36236],[-43.21283,-20.36354],[-43.21339,-20.3637],[-43.21435,-20.36357],[-43.21469,-20.36462],[-43.21485,-20.3647],[-43.21553,-20.36435],[-43.21776,-20.36604],[-43.21791,-20.36663],[-43.21856,-20.36648],[-43.21916,-20.36603],[-43.21986,-20.36601],[-43.22029,-20.3656],[-43.21972,-20.36483],[-43.21777,-20.36423],[-43.21664,-20.36288],[-43.21639,-20.36125],[-43.21517,-20.3604],[-43.21513,-20.35958],[-43.21454,-20.35901],[-43.21483,-20.35799],[-43.21262,-20.35613],[-43.21199,-20.35448],[-43.20886,-20.35206],[-43.20913,-20.35027],[-43.20757,-20.35037],[-43.207,-20.34965],[-43.20589,-20.35006],[-43.20544,-20.34924],[-43.20445,-20.34945],[-43.20404,-20.34911],[-43.20366,-20.34914],[-43.20272,-20.34861],[-43.20261,-20.34871],[-43.20207,-20.34755],[-43.20195,-20.34339],[-43.20231,-20.34234],[-43.20063,-20.3406],[-43.19974,-20.33892],[-43.19915,-20.33867],[-43.19892,-20.33726],[-43.19709,-20.33463],[-43.19688,-20.33381],[-43.19712,-20.33323],[-43.19697,-20.33284],[-43.19507,-20.33187],[-43.19389,-20.33176],[-43.19333,-20.33149],[-43.19287,-20.33057],[-43.1921,-20.33009],[-43.19124,-20.3291],[-43.19073,-20.32889],[-43.18929,-20.3273],[-43.18926,-20.32622],[-43.1885,-20.32522],[-43.18709,-20.32392],[-43.18602,-20.32375],[-43.18475,-20.32299],[-43.18409,-20.32197],[-43.18438,-20.32159],[-43.18501,-20.32146],[-43.18773,-20.31982],[-43.18808,-20.31916],[-43.18757,-20.31718],[-43.18596,-20.31568],[-43.18507,-20.31435],[-43.18496,-20.31375],[-43.18416,-20.31287],[-43.18377,-20.31208],[-43.18382,-20.31156],[-43.18433,-20.31066],[-43.18536,-20.31063],[-43.1855,-20.31022],[-43.18583,-20.3101],[-43.18579,-20.3094],[-43.18702,-20.30848],[-43.18753,-20.30836],[-43.18867,-20.30691],[-43.18869,-20.30634],[-43.18906,-20.30602],[-43.18888,-20.30592],[-43.18919,-20.30506],[-43.18901,-20.30504],[-43.18898,-20.30448],[-43.18856,-20.30395],[-43.18863,-20.30367],[-43.19058,-20.30279],[-43.19087,-20.30241],[-43.19233,-20.30232],[-43.19277,-20.30197],[-43.19306,-20.30126],[-43.19288,-20.30073],[-43.19312,-20.30004],[-43.19286,-20.29909],[-43.19354,-20.29878],[-43.19457,-20.29879],[-43.19487,-20.29814],[-43.19475,-20.29767],[-43.19504,-20.29669],[-43.1956,-20.29667],[-43.19582,-20.29618],[-43.19419,-20.2957],[-43.19372,-20.29522],[-43.19398,-20.29417],[-43.19392,-20.29324],[-43.1943,-20.29231],[-43.19397,-20.29206],[-43.19393,-20.29168],[-43.19499,-20.28985],[-43.19511,-20.2891],[-43.19468,-20.28758],[-43.19473,-20.28581],[-43.19526,-20.2854],[-43.19573,-20.28429],[-43.1954,-20.28309],[-43.19532,-20.28156],[-43.20121,-20.27942],[-43.20152,-20.27877],[-43.20051,-20.27728],[-43.20017,-20.27241],[-43.19968,-20.27192],[-43.19894,-20.27202],[-43.19753,-20.27291],[-43.19681,-20.27307],[-43.19569,-20.27189],[-43.19466,-20.27253],[-43.19296,-20.27264],[-43.19197,-20.27293],[-43.19094,-20.27211],[-43.18984,-20.27205],[-43.18919,-20.27118],[-43.18785,-20.27085],[-43.18663,-20.27126],[-43.18579,-20.27241],[-43.18536,-20.27349],[-43.18325,-20.2739],[-43.18181,-20.27313],[-43.18166,-20.27243],[-43.18097,-20.27201],[-43.18044,-20.27241],[-43.18011,-20.27312],[-43.17916,-20.27225],[-43.17734,-20.27188],[-43.17686,-20.27146],[-43.17691,-20.27257],[-43.17621,-20.27336],[-43.17589,-20.27494],[-43.1772,-20.27789],[-43.17895,-20.27987],[-43.1804,-20.28007],[-43.18233,-20.27978],[-43.18283,-20.27998],[-43.18287,-20.28072],[-43.18246,-20.28102],[-43.18105,-20.28145],[-43.1807,-20.28191],[-43.18047,-20.28287],[-43.18051,-20.28415],[-43.18127,-20.28577],[-43.18109,-20.28712],[-43.18209,-20.28882],[-43.18155,-20.28889],[-43.18079,-20.28868],[-43.18006,-20.28893],[-43.1795,-20.29013],[-43.1793,-20.29161],[-43.17862,-20.29284],[-43.17753,-20.29393],[-43.1757,-20.29496],[-43.17467,-20.29609],[-43.17441,-20.29727],[-43.17473,-20.29911],[-43.17464,-20.29996],[-43.17396,-20.30044],[-43.17189,-20.30116],[-43.17157,-20.30159],[-43.17151,-20.30237],[-43.17213,-20.304],[-43.17369,-20.30655],[-43.1737,-20.30708],[-43.17284,-20.3082],[-43.17281,-20.30933],[-43.17298,-20.30985],[-43.17372,-20.31068],[-43.17487,-20.31124],[-43.17577,-20.31222],[-43.17729,-20.31326],[-43.1777,-20.31394],[-43.17769,-20.31463],[-43.17677,-20.31492],[-43.17477,-20.3142],[-43.17367,-20.31414],[-43.17072,-20.31449],[-43.17044,-20.31483],[-43.17012,-20.31454],[-43.16672,-20.31431],[-43.16634,-20.31398],[-43.16548,-20.31249],[-43.16461,-20.3117],[-43.16064,-20.31036],[-43.16027,-20.31046],[-43.15927,-20.31129],[-43.15656,-20.31198],[-43.15464,-20.3123],[-43.15335,-20.31193],[-43.15248,-20.31206],[-43.15081,-20.31306],[-43.14943,-20.31429],[-43.14825,-20.31454],[-43.14691,-20.31448],[-43.14657,-20.31551],[-43.14657,-20.3199],[-43.14612,-20.32058],[-43.14465,-20.32149],[-43.14396,-20.32235],[-43.14367,-20.32333],[-43.14372,-20.32585],[-43.14333,-20.32645],[-43.14222,-20.32743],[-43.14164,-20.32865],[-43.14055,-20.33013],[-43.14026,-20.33156],[-43.14017,-20.33361],[-43.13987,-20.334],[-43.13939,-20.33422],[-43.1378,-20.33416],[-43.13637,-20.33522],[-43.13591,-20.33582],[-43.13527,-20.33746],[-43.13321,-20.33926],[-43.13291,-20.33991],[-43.13289,-20.34066],[-43.13565,-20.34169],[-43.13868,-20.34243],[-43.14124,-20.34262],[-43.14337,-20.34432],[-43.14415,-20.34461],[-43.14674,-20.34461],[-43.1488,-20.34487],[-43.15288,-20.34469],[-43.15729,-20.34526],[-43.15769,-20.34477],[-43.15856,-20.34525],[-43.15976,-20.34803],[-43.15976,-20.35075],[-43.16053,-20.3518],[-43.16313,-20.35324],[-43.16389,-20.35391],[-43.1641,-20.35535],[-43.16502,-20.35594],[-43.16609,-20.3556],[-43.16725,-20.35405],[-43.17062,-20.35392],[-43.17148,-20.35263],[-43.17349,-20.35279],[-43.17594,-20.34989],[-43.17932,-20.34896],[-43.18006,-20.3491],[-43.18029,-20.34958],[-43.18032,-20.35045],[-43.17898,-20.35532],[-43.17936,-20.3562],[-43.18262,-20.35492],[-43.18413,-20.35494],[-43.18532,-20.3553],[-43.18698,-20.35691],[-43.18791,-20.35721],[-43.18843,-20.35669],[-43.1905,-20.35723],[-43.19169,-20.35621],[-43.19271,-20.35365],[-43.19372,-20.35343],[-43.19532,-20.35208],[-43.19541,-20.35095],[-43.1969,-20.35068],[-43.19808,-20.3508],[-43.20005,-20.34985],[-43.20079,-20.35033],[-43.20133,-20.35161],[-43.20124,-20.35369],[-43.20074,-20.35429],[-43.19952,-20.35435],[-43.19835,-20.35531],[-43.19712,-20.35602],[-43.1976,-20.35747],[-43.19824,-20.3583],[-43.1978,-20.35898],[-43.19758,-20.3598],[-43.19872,-20.36104],[-43.19926,-20.3611],[-43.19979,-20.36081],[-43.20079,-20.35926],[-43.20211,-20.3582],[-43.20331,-20.35947]],[[-43.15118,-20.3296],[-43.15241,-20.32984],[-43.15315,-20.3297],[-43.15358,-20.32988],[-43.15301,-20.33093],[-43.15269,-20.33115],[-43.15276,-20.33145],[-43.1541,-20.33234],[-43.15455,-20.333],[-43.155,-20.33484],[-43.15553,-20.33458],[-43.1558,-20.3347],[-43.15545,-20.33697],[-43.15577,-20.3375],[-43.15425,-20.33981],[-43.15375,-20.33954],[-43.1537,-20.33965],[-43.15362,-20.34032],[-43.15394,-20.34082],[-43.15377,-20.34084],[-43.15401,-20.34124],[-43.154,-20.34185],[-43.15276,-20.3415],[-43.15291,-20.34042],[-43.15265,-20.33889],[-43.15136,-20.33762],[-43.15268,-20.33535],[-43.15236,-20.33513],[-43.15209,-20.33455],[-43.15214,-20.33309],[-43.15183,-20.33317],[-43.15127,-20.33288],[-43.15068,-20.3311],[-43.15079,-20.33082],[-43.15051,-20.33068],[-43.15044,-20.32976],[-43.15118,-20.3296]]]}},{"id":"21","type":"Feature","properties":{"bairro":"Jardim Santana","distrito":"Mariana","regiao":"Mariana","setores":3,"urbano":3},"geometry":{"type":"Polygon","coordinates":[[[-43.41706,-20.36377],[-43.41675,-20.36624],[-43.41784,-20.36766],[-43.41838,-20.36701],[-43.41917,-20.36708],[-43.41896,-20.3665],[-43.41931,-20.36573],[-43.42026,-20.36497],[-43.42131,-20.36447],[-43.42188,-20.36359],[-43.42328,-20.36261],[-43.42483,-20.36255],[-43.42554,-20.36291],[-43.42688,-20.3628],[-43.42723,-20.36254],[-43.42775,-20.36272],[-43.42814,-20.36262],[-43.42878,-20.35939],[-43.42852,-20.35956],[-43.42808,-20.35953],[-43.42721,-20.35932],[-43.4265,-20.35872],[-43.42456,-20.35846],[-43.42407,-20.3582],[-43.42334,-20.35736],[-43.42308,-20.35651],[-43.42073,-20.35856],[-43.42022,-20.35923],[-43.41924,-20.36187],[-43.4194,-20.36228],[-43.41967,-20.36201],[-43.42066,-20.36203],[-43.42103,-20.3615],[-43.42147,-20.36223],[-43.42028,-20.36371],[-43.41899,-20.36371],[-43.4186,-20.36296],[-43.41706,-20.36377]]]}},{"id":"22","type":"Feature","properties":{"bairro":"Jardim dos Inconfidentes","distrito":"Mariana","regiao":"Mariana","setores":1,"urbano":1},"geometry":{"type":"Polygon","coordinates":[[[-43.41924,-20.36187],[-43.41836,-20.36269],[-43.41689,-20.36341],[-43.41706,-20.36377],[-43.4186,-20.36296],[-43.41899,-20.36371],[-43.42028,-20.36371],[-43.42147,-20.36223],[-43.42103,-20.3615],[-43.42066,-20.36203],[-43.41967,-20.36201],[-43.4194,-20.36228],[-43.41924,-20.36187]]]}},{"id":"23","type":"Feature","properties":{"bairro":"Liberdade","distrito":"Passagem de Mariana","regiao":"Passagem de Mariana","setores":1,"urbano":1},"geometry":{"type":"Polygon","coordinates":[[[-43.47015,-20.38831],[-43.46904,-20.38738],[-43.4678,-20.38573],[-43.4672,-20.38607],[-43.46483,-20.38652],[-43.46377,-20.38697],[-43.46216,-20.38733],[-43.4614,-20.38729],[-43.46133,-20.38756],[-43.46314,-20.38959],[-43.46335,-20.38998],[-43.46312,-20.39079],[-43.46427,-20.39099],[-43.46602,-20.39043],[-43.46645,-20.38995],[-43.47031,-20.38885],[-43.47015,-20.38831]]]}},{"id":"24","type":"Feature","properties":{"bairro":"Monsenhor Horta","distrito":"Monsenhor Horta","regiao":"Monsenhor Horta","setores":3,"urbano":2},"geometry":{"type":"Polygon","coordinates":[[[-43.24722,-20.28299],[-43.24466,-20.28344],[-43.24185,-20.28325],[-43.24069,-20.28176],[-43.23935,-20.28064],[-43.2374,-20.2808],[-43.23519,-20.28145],[-43.2325,-20.28075],[-43.23033,-20.28103],[-43.22952,-20.28141],[-43.22773,-20.28163],[-43.22652,-20.28148],[-43.22487,-20.28073],[-43.22263,-20.27844],[-43.22217,-20.27825],[-43.21995,-20.27907],[-43.2192,-20.27952],[-43.21617,-20.28389],[-43.21553,-20.28436],[-43.21504,-20.2845],[-43.21424,-20.28435],[-43.21146,-20.28299],[-43.20856,-20.28322],[-43.20805,-20.28376],[-43.20679,-20.28633],[-43.20527,-20.28751],[-43.20433,-20.28792],[-43.20341,-20.29103],[-43.20244,-20.29232],[-43.20114,-20.29252],[-43.20059,-20.2928],[-43.1979,-20.29286],[-43.19566,-20.29317],[-43.19496,-20.29355],[-43.19423,-20.29464],[-43.19419,-20.2957],[-43.19512,-20.29585],[-43.19663,-20.29649],[-43.19697,-20.29609],[-43.1995,-20.29816],[-43.20007,-20.2984],[-43.20105,-20.29935],[-43.20212,-20.29986],[-43.20245,-20.29977],[-43.20322,-20.29885],[-43.20418,-20.29881],[-43.20447,-20.29847],[-43.20492,-20.29861],[-43.20537,-20.29777],[-43.20541,-20.29711],[-43.20565,-20.29702],[-43.20605,-20.29706],[-43.20732,-20.29781],[-43.20768,-20.29824],[-43.20878,-20.29876],[-43.20951,-20.29854],[-43.21005,-20.29865],[-43.21247,-20.29966],[-43.21421,-20.29989],[-43.21598,-20.30085],[-43.21595,-20.30148],[-43.2142,-20.3023],[-43.21405,-20.30264],[-43.21438,-20.30308],[-43.21607,-20.30364],[-43.21654,-20.30435],[-43.2167,-20.30501],[-43.21747,-20.30538],[-43.21719,-20.30632],[-43.2169,-20.30662],[-43.21651,-20.30668],[-43.2165,-20.30693],[-43.21706,-20.30759],[-43.21739,-20.30836],[-43.21714,-20.30949],[-43.21734,-20.30975],[-43.21801,-20.30988],[-43.21831,-20.31034],[-43.21891,-20.31301],[-43.21867,-20.3143],[-43.21788,-20.31447],[-43.21753,-20.3148],[-43.21677,-20.31603],[-43.21618,-20.31657],[-43.21542,-20.31819],[-43.21465,-20.3188],[-43.21446,-20.3195],[-43.2147,-20.32129],[-43.21526,-20.32297],[-43.21599,-20.32409],[-43.21995,-20.32925],[-43.22543,-20.33204],[-43.22761,-20.33263],[-43.23114,-20.33262],[-43.23506,-20.3329],[-43.23599,-20.33239],[-43.23631,-20.33123],[-43.2366,-20.33082],[-43.23745,-20.33052],[-43.23994,-20.33354],[-43.24145,-20.33464],[-43.2421,-20.33546],[-43.24257,-20.33636],[-43.24281,-20.33744],[-43.24192,-20.33838],[-43.24106,-20.33885],[-43.2408,-20.33955],[-43.24115,-20.33986],[-43.2424,-20.34003],[-43.24372,-20.34106],[-43.24282,-20.34395],[-43.24201,-20.34524],[-43.24169,-20.34677],[-43.24162,-20.34885],[-43.24191,-20.35103],[-43.24165,-20.35221],[-43.24195,-20.3529],[-43.24289,-20.35373],[-43.24292,-20.35419],[-43.24265,-20.35472],[-43.24223,-20.35498],[-43.23924,-20.35597],[-43.23887,-20.35637],[-43.23867,-20.35716],[-43.23878,-20.35818],[-43.23928,-20.3596],[-43.24018,-20.36066],[-43.24168,-20.36165],[-43.24188,-20.36207],[-43.24135,-20.36535],[-43.24138,-20.3662],[-43.24177,-20.36743],[-43.24181,-20.36853],[-43.24123,-20.37009],[-43.23995,-20.37169],[-43.24206,-20.37224],[-43.24625,-20.37271],[-43.24656,-20.37119],[-43.24871,-20.37059],[-43.24849,-20.3713],[-43.24882,-20.37188],[-43.24813,-20.3727],[-43.24849,-20.37255],[-43.2494,-20.37264],[-43.25003,-20.37297],[-43.25081,-20.37376],[-43.25226,-20.37407],[-43.25397,-20.37521],[-43.25558,-20.37526],[-43.25677,-20.37477],[-43.25805,-20.37386],[-43.25878,-20.37303],[-43.25998,-20.37106],[-43.2611,-20.36984],[-43.26152,-20.36962],[-43.26231,-20.3696],[-43.26591,-20.37057],[-43.26664,-20.37058],[-43.26983,-20.36895],[-43.27289,-20.36877],[-43.27425,-20.36893],[-43.27686,-20.37012],[-43.27903,-20.3718],[-43.28073,-20.37272],[-43.28383,-20.37367],[-43.28614,-20.37377],[-43.28655,-20.37415],[-43.28692,-20.37495],[-43.28685,-20.37586],[-43.28631,-20.37697],[-43.28633,-20.37745],[-43.28652,-20.3776],[-43.287,-20.3777],[-43.28746,-20.37752],[-43.2882,-20.37659],[-43.28915,-20.37615],[-43.29198,-20.37637],[-43.29798,-20.3756],[-43.29904,-20.37583],[-43.30028,-20.37674],[-43.30017,-20.37764],[-43.30167,-20.37868],[-43.30254,-20.38096],[-43.30299,-20.3813],[-43.30501,-20.38428],[-43.30598,-20.38461],[-43.30793,-20.38457],[-43.311,-20.38562],[-43.31247,-20.38658],[-43.31396,-20.38897],[-43.31497,-20.38971],[-43.3164,-20.39029],[-43.31665,-20.3892],[-43.31798,-20.38706],[-43.31932,-20.38612],[-43.32227,-20.38479],[-43.3239,-20.38374],[-43.32409,-20.38324],[-43.3242,-20.37727],[-43.32446,-20.3762],[-43.32656,-20.37401],[-43.32875,-20.37248],[-43.3294,-20.3711],[-43.32936,-20.37035],[-43.32882,-20.36919],[-43.32803,-20.36857],[-43.32766,-20.36793],[-43.32754,-20.3662],[-43.32615,-20.36287],[-43.32544,-20.36282],[-43.32291,-20.36188],[-43.32213,-20.36183],[-43.32163,-20.3613],[-43.32151,-20.35871],[-43.32087,-20.35583],[-43.32012,-20.35318],[-43.3192,-20.35158],[-43.31887,-20.35026],[-43.31899,-20.34946],[-43.31999,-20.34767],[-43.32048,-20.34616],[-43.32007,-20.34166],[-43.32023,-20.34036],[-43.32064,-20.33971],[-43.32138,-20.33912],[-43.32231,-20.3387],[-43.32439,-20.3383],[-43.32541,-20.33787],[-43.32651,-20.33781],[-43.32876,-20.33809],[-43.33307,-20.33777],[-43.33396,-20.33745],[-43.3348,-20.33659],[-43.33543,-20.33547],[-43.33654,-20.3342],[-43.33662,-20.33282],[-43.33646,-20.33154],[-43.33732,-20.32715],[-43.33787,-20.32541],[-43.33778,-20.32497],[-43.33698,-20.32432],[-43.33421,-20.32349],[-43.33407,-20.32324],[-43.33303,-20.32269],[-43.33085,-20.32193],[-43.32878,-20.32045],[-43.32735,-20.31976],[-43.32602,-20.3183],[-43.3255,-20.3171],[-43.32506,-20.31525],[-43.32462,-20.31441],[-43.32392,-20.31415],[-43.3234,-20.31361],[-43.32305,-20.31247],[-43.32344,-20.31153],[-43.32428,-20.31056],[-43.32567,-20.30967],[-43.32658,-20.30878],[-43.32684,-20.30836],[-43.32683,-20.30706],[-43.3265,-20.30664],[-43.32579,-20.30628],[-43.32469,-20.30598],[-43.3219,-20.30582],[-43.32057,-20.30541],[-43.31997,-20.30501],[-43.31935,-20.30306],[-43.31888,-20.30244],[-43.31867,-20.30174],[-43.31857,-20.29966],[-43.31831,-20.29878],[-43.3185,-20.29687],[-43.31839,-20.29608],[-43.31738,-20.29512],[-43.31471,-20.29471],[-43.31377,-20.29414],[-43.31322,-20.29292],[-43.31337,-20.2909],[-43.31292,-20.29028],[-43.31168,-20.28985],[-43.31081,-20.28977],[-43.30726,-20.2903],[-43.30441,-20.29037],[-43.301,-20.29119],[-43.29976,-20.29173],[-43.29914,-20.29176],[-43.29832,-20.29159],[-43.29718,-20.29093],[-43.2961,-20.28971],[-43.29453,-20.28957],[-43.29406,-20.28933],[-43.29378,-20.28897],[-43.29212,-20.28811],[-43.29063,-20.287],[-43.29023,-20.28614],[-43.29023,-20.28516],[-43.29042,-20.2844],[-43.29121,-20.28293],[-43.29105,-20.28199],[-43.28821,-20.27916],[-43.28682,-20.27839],[-43.28608,-20.27728],[-43.28576,-20.2757],[-43.28625,-20.27287],[-43.28565,-20.27204],[-43.2851,-20.27061],[-43.28462,-20.26992],[-43.28195,-20.26833],[-43.28147,-20.26779],[-43.28115,-20.2661],[-43.28046,-20.26416],[-43.27866,-20.26213],[-43.27889,-20.25899],[-43.27853,-20.25714],[-43.27812,-20.25655],[-43.27703,-20.25576],[-43.27719,-20.25752],[-43.2764,-20.25948],[-43.27497,-20.25996],[-43.27473,-20.26035],[-43.27526,-20.26189],[-43.27508,-20.26289],[-43.2729,-20.26463],[-43.27139,-20.26493],[-43.27035,-20.26556],[-43.26935,-20.26817],[-43.26886,-20.26831],[-43.26833,-20.26807],[-43.2667,-20.26596],[-43.26565,-20.26574],[-43.26333,-20.26606],[-43.26258,-20.26599],[-43.26185,-20.2662],[-43.26026,-20.26784],[-43.25774,-20.26854],[-43.25603,-20.26993],[-43.25557,-20.27097],[-43.25545,-20.27492],[-43.2552,-20.27567],[-43.25407,-20.27665],[-43.25265,-20.27705],[-43.25187,-20.27805],[-43.25135,-20.28027],[-43.25116,-20.28293],[-43.2509,-20.28383],[-43.24999,-20.28415],[-43.24936,-20.28371],[-43.24722,-20.28299]],[[-43.24638,-20.35381],[-43.24617,-20.35324],[-43.24838,-20.35196],[-43.2509,-20.35183],[-43.253,-20.35263],[-43.25421,-20.3534],[-43.2542,-20.3541],[-43.25456,-20.35511],[-43.25401,-20.35562],[-43.25384,-20.35615],[-43.25214,-20.35756],[-43.24975,-20.35854],[-43.24861,-20.35807],[-43.24791,-20.35574],[-43.24638,-20.35381]],[[-43.23305,-20.30234],[-43.23276,-20.30112],[-43.23284,-20.30067],[-43.2355,-20.30124],[-43.23447,-20.30445],[-43.23382,-20.30829],[-43.2332,-20.30895],[-43.2304,-20.30982],[-43.22881,-20.30849],[-43.22849,-20.30714],[-43.22852,-20.30669],[-43.22884,-20.30634],[-43.22868,-20.30537],[-43.22803,-20.30419],[-43.22815,-20.30317],[-43.22895,-20.30263],[-43.22883,-20.30204],[-43.22968,-20.30192],[-43.23069,-20.30116],[-43.23164,-20.3015],[-43.23191,-20.30187],[-43.23174,-20.30269],[-43.23186,-20.30301],[-43.23279,-20.30282],[-43.23305,-20.30234]]]}},{"id":"25","type":"Feature","properties":{"bairro":"Morada do Sol","distrito":"Mariana","regiao":"Mariana","setores":2,"urbano":2},"geometry":{"type":"Polygon","coordinates":[[[-43.42792,-20.36401],[-43.42883,-20.36421],[-43.42903,-20.36498],[-43.42964,-20.36586],[-43.42973,-20.36479],[-43.43011,-20.3644],[-43.43038,-20.36327],[-43.43069,-20.36285],[-43.42917,-20.36308],[-43.42872,-20.36268],[-43.42854,-20.36282],[-43.42723,-20.36254],[-43.42688,-20.3628],[-43.42554,-20.36291],[-43.42483,-20.36255],[-43.424,-20.3625],[-43.42328,-20.36261],[-43.42225,-20.36336],[-43.42348,-20.36386],[-43.42382,-20.36379],[-43.42453,-20.36318],[-43.42523,-20.3632],[-43.42564,-20.36361],[-43.42507,-20.3649],[-43.42546,-20.3655],[-43.42592,-20.36578],[-43.42711,-20.36475],[-43.42778,-20.36473],[-43.42792,-20.36401]]]}},{"id":"26","type":"Feature","properties":{"bairro":"Morro Santana","distrito":"Mariana","regiao":"Mariana","setores":1,"urbano":1},"geometry":{"type":"Polygon","coordinates":[[[-43.42939,-20.35339],[-43.43158,-20.3542],[-43.43064,-20.35582],[-43.4305,-20.35663],[-43.43086,-20.35768],[-43.43029,-20.35867],[-43.43042,-20.35907],[-43.4311,-20.35955],[-43.43116,-20.35911],[-43.4315,-20.35904],[-43.43314,-20.35773],[-43.433,-20.35722],[-43.43336,-20.35712],[-43.4338,-20.35742],[-43.4338,-20.35715],[-43.43438,-20.357],[-43.44361,-20.3507],[-43.44254,-20.35037],[-43.44129,-20.34946],[-43.44074,-20.34928],[-43.44081,-20.34835],[-43.44154,-20.34698],[-43.44077,-20.34567],[-43.43959,-20.34603],[-43.43918,-20.34581],[-43.43875,-20.34621],[-43.4383,-20.34602],[-43.43787,-20.3461],[-43.43789,-20.34549],[-43.43765,-20.34534],[-43.43718,-20.34583],[-43.43401,-20.34731],[-43.43273,-20.34824],[-43.43183,-20.34954],[-43.4307,-20.35284],[-43.43031,-20.35322],[-43.42939,-20.35339]]]}},{"id":"27","type":"Feature","properties":{"bairro":"Mundinho","distrito":"Cachoeira do Brumado","regiao":"Cachoeira do Brumado","setores":1,"urbano":0},"geometry":{"type":"Polygon","coordinates":[[[-43.29022,-20.38585],[-43.29075,-20.38552],[-43.29111,-20.38566],[-43.29294,-20.38693],[-43.29336,-20.38742],[-43.2935,-20.38826],[-43.29337,-20.38881],[-43.2942,-20.38953],[-43.29535,-20.39132],[-43.29664,-20.3919],[-43.29695,-20.39234],[-43.29699,-20.39305],[-43.29734,-20.39377],[-43.29679,-20.39504],[-43.29642,-20.39526],[-43.29614,-20.39642],[-43.29657,-20.39741],[-43.29663,-20.39845],[-43.29693,-20.39886],[-43.29717,-20.39996],[-43.29646,-20.4008],[-43.29538,-20.40125],[-43.29524,-20.40282],[-43.29445,-20.40286],[-43.29431,-20.40389],[-43.294,-20.4039],[-43.29405,-20.4042],[-43.29342,-20.40494],[-43.29294,-20.4048],[-43.29285,-20.40317],[-43.29361,-20.40201],[-43.29335,-20.40112],[-43.29282,-20.40086],[-43.2919,-20.39989],[-43.29093,-20.39949],[-43.29099,-20.39904],[-43.29135,-20.39867],[-43.29073,-20.39756],[-43.28962,-20.39697],[-43.28927,-20.39704],[-43.28866,-20.39677],[-43.28762,-20.39819],[-43.28527,-20.40016],[-43.2845,-20.39993],[-43.28348,-20.40017],[-43.28247,-20.40079],[-43.28193,-20.40012],[-43.28048,-20.39967],[-43.28047,-20.40043],[-43.27901,-20.4005],[-43.27846,-20.40105],[-43.27914,-20.40202],[-43.2785,-20.40294],[-43.27764,-20.40346],[-43.27648,-20.40204],[-43.27545,-20.4016],[-43.27481,-20.4005],[-43.27455,-20.39945],[-43.27384,-20.39945],[-43.27326,-20.39963],[-43.27234,-20.40055],[-43.27075,-20.40148],[-43.27013,-20.40145],[-43.2699,-20.40245],[-43.27,-20.40311],[-43.26962,-20.40309],[-43.26856,-20.40426],[-43.26763,-20.40451],[-43.26828,-20.40288],[-43.26751,-20.40272],[-43.26628,-20.40075],[-43.26607,-20.40157],[-43.26549,-20.40153],[-43.26532,-20.40171],[-43.2654,-20.40336],[-43.26504,-20.40418],[-43.26492,-20.40529],[-43.26452,-20.40603],[-43.26444,-20.40686],[-43.26312,-20.40866],[-43.26299,-20.40993],[-43.26237,-20.41069],[-43.2619,-20.41205],[-43.26215,-20.41293],[-43.26129,-20.41412],[-43.26087,-20.41508],[-43.26047,-20.41534],[-43.25958,-20.41544],[-43.25917,-20.41582],[-43.25775,-20.41608],[-43.25592,-20.41567],[-43.25577,-20.41535],[-43.2554,-20.41519],[-43.25423,-20.41528],[-43.25315,-20.41614],[-43.25255,-20.41613],[-43.25103,-20.41657],[-43.25078,-20.41684],[-43.25112,-20.41725],[-43.25111,-20.4175],[-43.25009,-20.41756],[-43.24997,-20.41847],[-43.24937,-20.41888],[-43.24927,-20.41948],[-43.24835,-20.42059],[-43.24773,-20.421],[-43.24733,-20.42482],[-43.24693,-20.42599],[-43.24746,-20.42823],[-43.24724,-20.4287],[-43.24664,-20.4287],[-43.24769,-20.431],[-43.24864,-20.43187],[-43.24856,-20.43291],[-43.24713,-20.43441],[-43.24589,-20.4347],[-43.24287,-20.43458],[-43.24215,-20.43632],[-43.23988,-20.43766],[-43.24047,-20.43933],[-43.24037,-20.44015],[-43.23942,-20.4414],[-43.2384,-20.44173],[-43.2384,-20.44221],[-43.23785,-20.44243],[-43.23819,-20.44305],[-43.23809,-20.4437],[-43.23768,-20.44406],[-43.23702,-20.44583],[-43.23709,-20.44614],[-43.23745,-20.44586],[-43.23784,-20.446],[-43.23852,-20.44853],[-43.23937,-20.44936],[-43.24001,-20.44972],[-43.24175,-20.45015],[-43.24242,-20.45005],[-43.24248,-20.44919],[-43.2423,-20.44868],[-43.24064,-20.44691],[-43.24035,-20.44637],[-43.2403,-20.44586],[-43.24078,-20.44535],[-43.24703,-20.44496],[-43.24774,-20.44561],[-43.24875,-20.44555],[-43.25021,-20.44615],[-43.25253,-20.44608],[-43.25278,-20.44648],[-43.25293,-20.44851],[-43.25347,-20.44915],[-43.25483,-20.44962],[-43.25672,-20.45109],[-43.2584,-20.45164],[-43.25914,-20.45237],[-43.25992,-20.45272],[-43.26065,-20.45282],[-43.26203,-20.4516],[-43.26387,-20.45249],[-43.26527,-20.45206],[-43.26655,-20.45226],[-43.26863,-20.45112],[-43.26955,-20.4516],[-43.27,-20.45247],[-43.27097,-20.45272],[-43.27219,-20.45267],[-43.27282,-20.45296],[-43.27252,-20.45132],[-43.27295,-20.44975],[-43.27285,-20.44766],[-43.27182,-20.44678],[-43.27156,-20.44614],[-43.27398,-20.44317],[-43.27405,-20.44271],[-43.27352,-20.44015],[-43.27369,-20.43845],[-43.27351,-20.43683],[-43.27329,-20.43629],[-43.27205,-20.43479],[-43.27218,-20.43289],[-43.27266,-20.43179],[-43.27333,-20.43152],[-43.27498,-20.43172],[-43.27595,-20.4322],[-43.27691,-20.43301],[-43.27738,-20.43313],[-43.27934,-20.43211],[-43.28135,-20.43256],[-43.28195,-20.43242],[-43.28333,-20.43155],[-43.28409,-20.43083],[-43.28475,-20.43055],[-43.28526,-20.43057],[-43.28779,-20.43215],[-43.28898,-20.43352],[-43.29039,-20.43598],[-43.29097,-20.43871],[-43.29115,-20.43888],[-43.29187,-20.43852],[-43.2922,-20.43813],[-43.29302,-20.43569],[-43.29306,-20.43462],[-43.29264,-20.43285],[-43.29274,-20.43238],[-43.29373,-20.43211],[-43.29538,-20.43228],[-43.29619,-20.43266],[-43.2972,-20.43407],[-43.29763,-20.43421],[-43.29787,-20.43414],[-43.29856,-20.43309],[-43.30118,-20.43292],[-43.30222,-20.43264],[-43.30415,-20.43116],[-43.30645,-20.43049],[-43.30809,-20.42946],[-43.30844,-20.42879],[-43.30829,-20.42776],[-43.3071,-20.42731],[-43.30607,-20.4264],[-43.30518,-20.42603],[-43.3035,-20.42407],[-43.30172,-20.42354],[-43.30112,-20.42307],[-43.30129,-20.4221],[-43.30238,-20.42084],[-43.30271,-20.42008],[-43.30273,-20.41907],[-43.30226,-20.41668],[-43.30272,-20.41583],[-43.30455,-20.41472],[-43.30834,-20.41389],[-43.30902,-20.41344],[-43.30952,-20.4127],[-43.30975,-20.41189],[-43.31064,-20.41028],[-43.31067,-20.40983],[-43.30896,-20.4074],[-43.30881,-20.40663],[-43.30908,-20.40535],[-43.31124,-20.40077],[-43.31167,-20.40045],[-43.31272,-20.40055],[-43.31315,-20.40002],[-43.31328,-20.39958],[-43.31323,-20.39711],[-43.31381,-20.39442],[-43.31545,-20.39229],[-43.3164,-20.39029],[-43.31497,-20.38971],[-43.31396,-20.38897],[-43.31247,-20.38658],[-43.311,-20.38562],[-43.30793,-20.38457],[-43.30598,-20.38461],[-43.30501,-20.38428],[-43.30299,-20.3813],[-43.30254,-20.38096],[-43.30167,-20.37868],[-43.30017,-20.37764],[-43.29988,-20.37786],[-43.30012,-20.37993],[-43.29949,-20.38091],[-43.29852,-20.38023],[-43.29759,-20.37919],[-43.29703,-20.37883],[-43.29639,-20.37873],[-43.29319,-20.37969],[-43.29093,-20.37996],[-43.28922,-20.38105],[-43.28917,-20.38136],[-43.28947,-20.38184],[-43.29028,-20.3824],[-43.2904,-20.38332],[-43.29069,-20.38366],[-43.29067,-20.38404],[-43.28997,-20.3849],[-43.28995,-20.38542],[-43.29022,-20.38585]],[[-43.28501,-20.40496],[-43.28539,-20.4043],[-43.28599,-20.40399],[-43.2874,-20.40548],[-43.28691,-20.40585],[-43.28684,-20.40615],[-43.28712,-20.40636],[-43.28689,-20.40662],[-43.28454,-20.4082],[-43.2841,-20.40805],[-43.28363,-20.40756],[-43.28391,-20.4065],[-43.28356,-20.40574],[-43.28306,-20.4054],[-43.28257,-20.40519],[-43.28185,-20.40529],[-43.28138,-20.40572],[-43.28124,-20.40639],[-43.28096,-20.40642],[-43.28104,-20.40568],[-43.28088,-20.40535],[-43.28145,-20.40444],[-43.28295,-20.40469],[-43.28338,-20.4045],[-43.28433,-20.40494],[-43.28501,-20.40496]]]}},{"id":"28","type":"Feature","properties":{"bairro":"Nossa Senhora Aparecida","distrito":"Mariana","regiao":"Mariana","setores":4,"urbano":4},"geometry":{"type":"Polygon","coordinates":[[[-43.40617,-20.37563],[-43.40541,-20.37671],[-43.40651,-20.37704],[-43.40691,-20.37749],[-43.40761,-20.3775],[-43.40829,-20.37775],[-43.4104,-20.37758],[-43.41092,-20.3767],[-43.41188,-20.37374],[-43.41327,-20.37259],[-43.41348,-20.3722],[-43.41335,-20.37075],[-43.41449,-20.36921],[-43.41437,-20.36861],[-43.41378,-20.36802],[-43.41354,-20.36741],[-43.4142,-20.36633],[-43.41295,-20.36368],[-43.41167,-20.36297],[-43.41181,-20.36266],[-43.41096,-20.36235],[-43.41046,-20.36252],[-43.41006,-20.36316],[-43.40802,-20.3625],[-43.40692,-20.36237],[-43.40638,-20.36486],[-43.40729,-20.36596],[-43.40714,-20.36685],[-43.40725,-20.3679],[-43.40852,-20.37081],[-43.40803,-20.3725],[-43.40888,-20.3733],[-43.40934,-20.3742],[-43.40921,-20.37529],[-43.40838,-20.37644],[-43.40694,-20.37543],[-43.40617,-20.37563]]]}},{"id":"29","type":"Feature","properties":{"bairro":"Novo Horizonte","distrito":"Mariana","regiao":"Mariana","setores":1,"urbano":1},"geometry":{"type":"Polygon","coordinates":[[[-43.42177,-20.36527],[-43.42142,-20.36586],[-43.42163,-20.36604],[-43.42136,-20.36762],[-43.42101,-20.36798],[-43.42112,-20.36868],[-43.42233,-20.36781],[-43.42219,-20.36721],[-43.42268,-20.36625],[-43.42256,-20.36567],[-43.42177,-20.36527]]]}},{"id":"30","type":"Feature","properties":{"bairro":"Padre Viegas — sem bairro declarado","distrito":"Padre Viegas","regiao":"Padre Viegas","setores":1,"urbano":1},"geometry":{"type":"Polygon","coordinates":[[[-43.34815,-20.39142],[-43.34842,-20.39272],[-43.34772,-20.39383],[-43.34663,-20.39405],[-43.34545,-20.39479],[-43.34622,-20.39523],[-43.34798,-20.39465],[-43.34841,-20.39537],[-43.35075,-20.39516],[-43.35248,-20.39658],[-43.35166,-20.39899],[-43.35187,-20.39949],[-43.35374,-20.40041],[-43.35488,-20.40347],[-43.35438,-20.40447],[-43.35586,-20.40496],[-43.35935,-20.40347],[-43.36078,-20.40181],[-43.36115,-20.40062],[-43.36079,-20.39981],[-43.36049,-20.39818],[-43.35969,-20.3979],[-43.3595,-20.39696],[-43.36025,-20.39584],[-43.36093,-20.39542],[-43.36166,-20.39445],[-43.36146,-20.39241],[-43.3613,-20.39221],[-43.36042,-20.39149],[-43.35758,-20.39255],[-43.3556,-20.39288],[-43.35533,-20.39257],[-43.35533,-20.3922],[-43.35473,-20.39235],[-43.35409,-20.39178],[-43.35256,-20.39178],[-43.35159,-20.39245],[-43.34959,-20.39229],[-43.34901,-20.39128],[-43.34815,-20.39142]]]}},{"id":"31","type":"Feature","properties":{"bairro":"Paracatu de Baixo","distrito":"Monsenhor Horta","regiao":"Monsenhor Horta","setores":1,"urbano":0},"geometry":{"type":"Polygon","coordinates":[[[-43.23244,-20.30297],[-43.23175,-20.30292],[-43.23191,-20.30187],[-43.23164,-20.3015],[-43.23069,-20.30116],[-43.22968,-20.30192],[-43.22883,-20.30204],[-43.22895,-20.30263],[-43.22815,-20.30317],[-43.22803,-20.30419],[-43.22868,-20.30537],[-43.22884,-20.30634],[-43.22852,-20.30669],[-43.22849,-20.30714],[-43.22881,-20.30849],[-43.2304,-20.30982],[-43.2332,-20.30895],[-43.23382,-20.30829],[-43.23447,-20.30445],[-43.2355,-20.30124],[-43.23284,-20.30067],[-43.23276,-20.30112],[-43.23305,-20.30234],[-43.23293,-20.30269],[-43.23244,-20.30297]]]}},{"id":"32","type":"Feature","properties":{"bairro":"Passagem de Mariana","distrito":"Mariana","regiao":"Mariana","setores":12,"urbano":11},"geometry":{"type":"Polygon","coordinates":[[[-43.43129,-20.37951],[-43.42873,-20.37996],[-43.42866,-20.37965],[-43.4277,-20.37864],[-43.42715,-20.37872],[-43.42655,-20.37846],[-43.42601,-20.37786],[-43.42575,-20.37791],[-43.42568,-20.37713],[-43.4253,-20.37612],[-43.42438,-20.37624],[-43.42407,-20.37539],[-43.4223,-20.37549],[-43.42147,-20.37452],[-43.42086,-20.37506],[-43.41975,-20.37553],[-43.4213,-20.37611],[-43.42199,-20.37772],[-43.42267,-20.37856],[-43.42353,-20.37879],[-43.42482,-20.37987],[-43.42387,-20.38422],[-43.42688,-20.38753],[-43.42752,-20.38775],[-43.42671,-20.38817],[-43.4246,-20.38835],[-43.42286,-20.38742],[-43.4243,-20.38981],[-43.42326,-20.39018],[-43.42238,-20.39002],[-43.42169,-20.38941],[-43.42137,-20.38882],[-43.42097,-20.38874],[-43.41993,-20.38804],[-43.41925,-20.38824],[-43.4206,-20.38957],[-43.42097,-20.39059],[-43.42059,-20.39119],[-43.42141,-20.39164],[-43.42125,-20.3923],[-43.42153,-20.39292],[-43.42222,-20.39367],[-43.42313,-20.39411],[-43.42412,-20.39505],[-43.42469,-20.39655],[-43.42437,-20.39627],[-43.42358,-20.39656],[-43.42327,-20.39734],[-43.4227,-20.39747],[-43.42302,-20.39799],[-43.42365,-20.39835],[-43.42245,-20.40125],[-43.42237,-20.40171],[-43.42268,-20.40185],[-43.42246,-20.40212],[-43.42174,-20.40182],[-43.42018,-20.40419],[-43.41933,-20.40599],[-43.41776,-20.40595],[-43.41646,-20.40684],[-43.4161,-20.40744],[-43.4152,-20.40781],[-43.41524,-20.40851],[-43.41485,-20.40922],[-43.41483,-20.40989],[-43.41521,-20.41366],[-43.41589,-20.41482],[-43.41617,-20.41582],[-43.41628,-20.41813],[-43.4168,-20.41914],[-43.41753,-20.42001],[-43.42007,-20.42065],[-43.42235,-20.4205],[-43.42293,-20.4207],[-43.42575,-20.42073],[-43.42729,-20.42185],[-43.42892,-20.4225],[-43.4302,-20.42459],[-43.43188,-20.42625],[-43.43291,-20.42676],[-43.43838,-20.4309],[-43.44035,-20.43272],[-43.44113,-20.43375],[-43.4424,-20.43482],[-43.44334,-20.43535],[-43.44644,-20.43843],[-43.44871,-20.44008],[-43.44952,-20.44001],[-43.45067,-20.43898],[-43.45339,-20.43761],[-43.45544,-20.43604],[-43.45614,-20.43574],[-43.46021,-20.43567],[-43.46293,-20.43652],[-43.4642,-20.43638],[-43.46527,-20.43555],[-43.46731,-20.43339],[-43.46909,-20.42975],[-43.47001,-20.42887],[-43.47127,-20.42892],[-43.47334,-20.42972],[-43.47481,-20.42992],[-43.47724,-20.42871],[-43.48122,-20.42821],[-43.48256,-20.42711],[-43.48275,-20.42546],[-43.48328,-20.42357],[-43.48328,-20.42281],[-43.483,-20.4219],[-43.48119,-20.41988],[-43.47994,-20.41657],[-43.47845,-20.41641],[-43.4778,-20.41608],[-43.47632,-20.41432],[-43.47527,-20.41236],[-43.47397,-20.40852],[-43.47263,-20.40673],[-43.47229,-20.40575],[-43.47229,-20.40514],[-43.47256,-20.40445],[-43.47404,-20.40305],[-43.47445,-20.40231],[-43.47477,-20.40125],[-43.47501,-20.39877],[-43.4756,-20.39788],[-43.47665,-20.39699],[-43.47695,-20.39626],[-43.47679,-20.3953],[-43.47523,-20.39374],[-43.47396,-20.39299],[-43.47302,-20.39355],[-43.4704,-20.38826],[-43.47015,-20.38831],[-43.47031,-20.38885],[-43.46645,-20.38995],[-43.46602,-20.39043],[-43.46427,-20.39099],[-43.46312,-20.39079],[-43.46335,-20.38998],[-43.46314,-20.38959],[-43.46133,-20.38756],[-43.4614,-20.38729],[-43.46216,-20.38733],[-43.46377,-20.38697],[-43.46483,-20.38652],[-43.4672,-20.38607],[-43.4678,-20.38573],[-43.46711,-20.38408],[-43.46766,-20.3801],[-43.46959,-20.37419],[-43.46638,-20.37349],[-43.46434,-20.37249],[-43.46306,-20.37019],[-43.46386,-20.36911],[-43.46356,-20.36832],[-43.46359,-20.36625],[-43.46246,-20.36293],[-43.46079,-20.3606],[-43.46062,-20.35951],[-43.45936,-20.35979],[-43.4573,-20.36125],[-43.45548,-20.36494],[-43.45346,-20.36688],[-43.45283,-20.36727],[-43.45136,-20.3678],[-43.44921,-20.36827],[-43.4452,-20.36857],[-43.44241,-20.3693],[-43.44191,-20.36924],[-43.43987,-20.37024],[-43.4388,-20.37129],[-43.43844,-20.37238],[-43.43868,-20.37556],[-43.43944,-20.37777],[-43.43926,-20.37847],[-43.43784,-20.37873],[-43.43186,-20.3792],[-43.43129,-20.37951]]]}},{"id":"33","type":"Feature","properties":{"bairro":"Pico da Cartuxa","distrito":"Mariana","regiao":"Mariana","setores":4,"urbano":3},"geometry":{"type":"Polygon","coordinates":[[[-43.39448,-20.38244],[-43.39328,-20.3917],[-43.39189,-20.39579],[-43.39045,-20.39807],[-43.38996,-20.39945],[-43.38992,-20.4001],[-43.39113,-20.4014],[-43.39129,-20.40227],[-43.39092,-20.40298],[-43.3903,-20.40311],[-43.39018,-20.40329],[-43.39018,-20.4036],[-43.39082,-20.40397],[-43.39058,-20.4043],[-43.3901,-20.40713],[-43.38957,-20.40879],[-43.38956,-20.41024],[-43.38983,-20.41152],[-43.38958,-20.41539],[-43.38968,-20.41666],[-43.38938,-20.41714],[-43.38903,-20.41887],[-43.3888,-20.41935],[-43.38744,-20.4202],[-43.38603,-20.42165],[-43.38377,-20.42252],[-43.38247,-20.42439],[-43.38021,-20.42479],[-43.37759,-20.42564],[-43.37678,-20.42664],[-43.37633,-20.42686],[-43.3759,-20.42811],[-43.37582,-20.42942],[-43.37608,-20.43291],[-43.37582,-20.43629],[-43.37628,-20.43681],[-43.37806,-20.43729],[-43.3786,-20.43788],[-43.37866,-20.43926],[-43.37828,-20.44136],[-43.37839,-20.44244],[-43.37906,-20.44353],[-43.38025,-20.44442],[-43.38121,-20.44569],[-43.38246,-20.44678],[-43.38368,-20.44682],[-43.38617,-20.44614],[-43.38855,-20.4452],[-43.39321,-20.44534],[-43.39366,-20.44555],[-43.39472,-20.44671],[-43.39586,-20.44746],[-43.39643,-20.44755],[-43.39891,-20.4487],[-43.39968,-20.44856],[-43.40055,-20.44877],[-43.40079,-20.44971],[-43.40082,-20.45099],[-43.40172,-20.45053],[-43.40281,-20.45127],[-43.40355,-20.45098],[-43.40513,-20.45077],[-43.40618,-20.45023],[-43.40658,-20.44974],[-43.40736,-20.44962],[-43.40784,-20.45019],[-43.4084,-20.45049],[-43.41039,-20.44999],[-43.41152,-20.44939],[-43.41473,-20.44824],[-43.41581,-20.4473],[-43.41653,-20.44723],[-43.41728,-20.44629],[-43.41758,-20.44625],[-43.41847,-20.44701],[-43.41898,-20.44698],[-43.4197,-20.44764],[-43.41965,-20.44804],[-43.41987,-20.44808],[-43.42167,-20.44732],[-43.42285,-20.44724],[-43.42364,-20.44598],[-43.42389,-20.44394],[-43.4237,-20.44385],[-43.42304,-20.44427],[-43.42152,-20.44374],[-43.42133,-20.44359],[-43.42124,-20.44272],[-43.42079,-20.44238],[-43.42073,-20.44174],[-43.42121,-20.44102],[-43.42124,-20.44042],[-43.4216,-20.44021],[-43.42144,-20.43964],[-43.42198,-20.43971],[-43.42222,-20.43953],[-43.42245,-20.43902],[-43.42248,-20.43813],[-43.42282,-20.43804],[-43.42262,-20.43746],[-43.42265,-20.43723],[-43.42292,-20.43709],[-43.42313,-20.43504],[-43.4252,-20.433],[-43.42525,-20.43185],[-43.42548,-20.43128],[-43.42531,-20.42954],[-43.42556,-20.42822],[-43.42663,-20.42647],[-43.42672,-20.42583],[-43.42641,-20.42513],[-43.42652,-20.42423],[-43.42761,-20.42278],[-43.42799,-20.42268],[-43.42812,-20.42344],[-43.42838,-20.42344],[-43.42892,-20.4225],[-43.42729,-20.42185],[-43.42575,-20.42073],[-43.42293,-20.4207],[-43.42235,-20.4205],[-43.42007,-20.42065],[-43.41782,-20.42021],[-43.41714,-20.41963],[-43.41628,-20.41813],[-43.41617,-20.41582],[-43.41589,-20.41482],[-43.41521,-20.41366],[-43.41483,-20.40989],[-43.41485,-20.40922],[-43.41524,-20.40851],[-43.4152,-20.40781],[-43.4161,-20.40744],[-43.41646,-20.40684],[-43.41776,-20.40595],[-43.41933,-20.40599],[-43.42047,-20.40369],[-43.42151,-20.40236],[-43.42189,-20.40139],[-43.4216,-20.40134],[-43.42023,-20.3988],[-43.41872,-20.3989],[-43.41775,-20.39947],[-43.41664,-20.3995],[-43.41626,-20.40021],[-43.41548,-20.40084],[-43.41538,-20.40121],[-43.41507,-20.40085],[-43.41532,-20.39987],[-43.4149,-20.39913],[-43.41415,-20.39903],[-43.41248,-20.39743],[-43.41239,-20.39699],[-43.41193,-20.39666],[-43.41225,-20.39588],[-43.41218,-20.39532],[-43.41252,-20.39497],[-43.41221,-20.39374],[-43.41192,-20.3936],[-43.41228,-20.39311],[-43.41215,-20.39254],[-43.41084,-20.39306],[-43.41031,-20.39405],[-43.41036,-20.39446],[-43.4106,-20.39446],[-43.41115,-20.39493],[-43.41109,-20.39556],[-43.41051,-20.39475],[-43.41002,-20.39465],[-43.40995,-20.39408],[-43.41047,-20.39268],[-43.41152,-20.39218],[-43.41187,-20.39158],[-43.41294,-20.39058],[-43.41335,-20.3893],[-43.41439,-20.38772],[-43.41184,-20.38631],[-43.41099,-20.38479],[-43.41058,-20.38448],[-43.40992,-20.38451],[-43.40849,-20.38525],[-43.40662,-20.38409],[-43.40753,-20.38424],[-43.40814,-20.3847],[-43.40885,-20.38464],[-43.41044,-20.3833],[-43.41077,-20.38256],[-43.41057,-20.38161],[-43.40907,-20.38002],[-43.40933,-20.37915],[-43.40443,-20.37767],[-43.40452,-20.37698],[-43.40485,-20.37666],[-43.40541,-20.37671],[-43.40617,-20.37563],[-43.40694,-20.37543],[-43.40838,-20.37644],[-43.40921,-20.37529],[-43.40934,-20.3742],[-43.40888,-20.3733],[-43.40803,-20.3725],[-43.40852,-20.37081],[-43.40784,-20.36902],[-43.40691,-20.36934],[-43.40614,-20.37093],[-43.40534,-20.37164],[-43.4043,-20.37154],[-43.40296,-20.37043],[-43.40219,-20.37024],[-43.40162,-20.37027],[-43.40004,-20.37091],[-43.39786,-20.37066],[-43.39718,-20.3709],[-43.3968,-20.37129],[-43.39642,-20.37206],[-43.39615,-20.37478],[-43.39633,-20.37808],[-43.39593,-20.37847],[-43.39512,-20.37859],[-43.39457,-20.37945],[-43.39448,-20.38244]]]}},{"id":"34","type":"Feature","properties":{"bairro":"Prata","distrito":"Cláudio Manuel","regiao":"Cláudio Manuel","setores":1,"urbano":0},"geometry":{"type":"Polygon","coordinates":[[[-43.21199,-20.19334],[-43.21023,-20.19218],[-43.20989,-20.1922],[-43.20946,-20.19255],[-43.20818,-20.19409],[-43.20788,-20.19522],[-43.20707,-20.19578],[-43.20596,-20.19702],[-43.20585,-20.19902],[-43.20632,-20.19909],[-43.20816,-20.20176],[-43.20517,-20.20417],[-43.20523,-20.20454],[-43.2046,-20.20516],[-43.20419,-20.20695],[-43.20454,-20.20685],[-43.20492,-20.20711],[-43.20548,-20.20678],[-43.20566,-20.20684],[-43.20323,-20.21038],[-43.20269,-20.2149],[-43.20257,-20.21801],[-43.20279,-20.21864],[-43.20177,-20.21767],[-43.20162,-20.2177],[-43.20208,-20.21854],[-43.20215,-20.22012],[-43.20448,-20.22265],[-43.20539,-20.2233],[-43.20582,-20.22421],[-43.20722,-20.2236],[-43.20871,-20.22459],[-43.20995,-20.22478],[-43.2114,-20.22619],[-43.21348,-20.22667],[-43.21402,-20.22745],[-43.21415,-20.22829],[-43.21463,-20.22858],[-43.21467,-20.22956],[-43.21518,-20.22999],[-43.21496,-20.23145],[-43.21529,-20.23217],[-43.21652,-20.23268],[-43.217,-20.23329],[-43.21876,-20.23403],[-43.21983,-20.23368],[-43.22047,-20.23441],[-43.22151,-20.23643],[-43.2218,-20.23652],[-43.22292,-20.2362],[-43.22322,-20.23632],[-43.22349,-20.23669],[-43.22378,-20.2389],[-43.22472,-20.24009],[-43.22541,-20.24202],[-43.22656,-20.2437],[-43.22674,-20.24436],[-43.22672,-20.24572],[-43.22701,-20.24766],[-43.22694,-20.24881],[-43.22685,-20.24919],[-43.22559,-20.25094],[-43.22561,-20.25119],[-43.22624,-20.25188],[-43.22673,-20.25135],[-43.22835,-20.25168],[-43.22922,-20.25134],[-43.2315,-20.25133],[-43.23334,-20.25084],[-43.23421,-20.25137],[-43.23439,-20.25202],[-43.23324,-20.25284],[-43.23198,-20.25265],[-43.23157,-20.25339],[-43.23043,-20.25341],[-43.22967,-20.25377],[-43.22905,-20.25371],[-43.22888,-20.25437],[-43.22898,-20.25467],[-43.22927,-20.25473],[-43.22914,-20.25494],[-43.23026,-20.25517],[-43.23357,-20.25879],[-43.23349,-20.2609],[-43.23431,-20.26228],[-43.23391,-20.26375],[-43.23418,-20.26438],[-43.23659,-20.26652],[-43.23853,-20.26782],[-43.2395,-20.26906],[-43.23967,-20.27013],[-43.2406,-20.2718],[-43.24263,-20.27271],[-43.2434,-20.2734],[-43.24387,-20.27416],[-43.24541,-20.27489],[-43.24588,-20.27629],[-43.24662,-20.27729],[-43.24698,-20.27832],[-43.24707,-20.27966],[-43.2466,-20.28203],[-43.24675,-20.28302],[-43.24805,-20.28318],[-43.24936,-20.28371],[-43.24999,-20.28415],[-43.2507,-20.28397],[-43.25106,-20.28363],[-43.25135,-20.28027],[-43.25187,-20.27805],[-43.25265,-20.27705],[-43.25407,-20.27665],[-43.2552,-20.27567],[-43.25545,-20.27492],[-43.2555,-20.2712],[-43.25603,-20.26993],[-43.25693,-20.26911],[-43.25774,-20.26854],[-43.26026,-20.26784],[-43.26185,-20.2662],[-43.26512,-20.26576],[-43.26589,-20.26574],[-43.2667,-20.26596],[-43.26815,-20.26791],[-43.26861,-20.26823],[-43.26911,-20.26826],[-43.26961,-20.26778],[-43.27035,-20.26556],[-43.27139,-20.26493],[-43.2729,-20.26463],[-43.27508,-20.26289],[-43.27526,-20.26189],[-43.27473,-20.26035],[-43.27497,-20.25996],[-43.2764,-20.25948],[-43.27719,-20.25752],[-43.27703,-20.25576],[-43.27542,-20.25491],[-43.27427,-20.25388],[-43.27296,-20.25196],[-43.27285,-20.25132],[-43.27514,-20.25107],[-43.27605,-20.25042],[-43.27807,-20.24958],[-43.28057,-20.24763],[-43.2813,-20.24737],[-43.28215,-20.24833],[-43.28215,-20.24952],[-43.28173,-20.25039],[-43.2826,-20.25181],[-43.28338,-20.25252],[-43.28445,-20.25279],[-43.28585,-20.25254],[-43.2872,-20.25179],[-43.28797,-20.25164],[-43.29051,-20.25049],[-43.29089,-20.24996],[-43.29096,-20.24932],[-43.29056,-20.24815],[-43.29079,-20.24597],[-43.29006,-20.24429],[-43.28958,-20.24257],[-43.28956,-20.24017],[-43.28971,-20.23974],[-43.29132,-20.239],[-43.29267,-20.23891],[-43.29443,-20.23905],[-43.29688,-20.23991],[-43.29792,-20.23992],[-43.29913,-20.23904],[-43.30371,-20.23777],[-43.30414,-20.23739],[-43.30443,-20.23665],[-43.3053,-20.23614],[-43.30603,-20.23489],[-43.30639,-20.2346],[-43.30617,-20.23367],[-43.30622,-20.23266],[-43.30651,-20.23203],[-43.30733,-20.23109],[-43.30777,-20.22942],[-43.30993,-20.22798],[-43.30987,-20.22729],[-43.30914,-20.22545],[-43.30843,-20.22547],[-43.30707,-20.22603],[-43.30594,-20.22599],[-43.30534,-20.22549],[-43.30386,-20.22352],[-43.30155,-20.22216],[-43.30122,-20.2215],[-43.301,-20.21964],[-43.29877,-20.21718],[-43.29798,-20.21714],[-43.29676,-20.21662],[-43.29537,-20.21651],[-43.2947,-20.21601],[-43.29444,-20.21558],[-43.29335,-20.21526],[-43.29217,-20.21444],[-43.29206,-20.21397],[-43.29253,-20.21273],[-43.29242,-20.21077],[-43.29341,-20.209],[-43.29332,-20.20716],[-43.29268,-20.20633],[-43.2919,-20.20596],[-43.29027,-20.20584],[-43.2881,-20.20633],[-43.28694,-20.20636],[-43.28623,-20.20606],[-43.28553,-20.2054],[-43.28552,-20.2049],[-43.28599,-20.20405],[-43.286,-20.20332],[-43.28483,-20.20128],[-43.28463,-20.1983],[-43.28421,-20.19761],[-43.28306,-20.19656],[-43.28202,-20.19605],[-43.28096,-20.19595],[-43.27816,-20.19625],[-43.27557,-20.19581],[-43.27311,-20.19508],[-43.27089,-20.19498],[-43.26599,-20.19382],[-43.265,-20.19424],[-43.26428,-20.19655],[-43.26355,-20.19757],[-43.26249,-20.19767],[-43.26168,-20.19713],[-43.26068,-20.19774],[-43.2602,-20.19774],[-43.25918,-20.19707],[-43.259,-20.19631],[-43.25907,-20.19419],[-43.25849,-20.1924],[-43.25608,-20.18997],[-43.25458,-20.18914],[-43.25333,-20.18902],[-43.25267,-20.18945],[-43.25224,-20.19057],[-43.25144,-20.19134],[-43.25045,-20.1916],[-43.24849,-20.1917],[-43.24593,-20.19348],[-43.24494,-20.19394],[-43.24121,-20.1933],[-43.23908,-20.19343],[-43.23869,-20.19377],[-43.23817,-20.19492],[-43.23504,-20.19602],[-43.23261,-20.19751],[-43.23187,-20.1982],[-43.23163,-20.19914],[-43.23098,-20.19997],[-43.22808,-20.20069],[-43.22751,-20.20174],[-43.22736,-20.20456],[-43.22654,-20.20826],[-43.22575,-20.21038],[-43.22487,-20.21128],[-43.22233,-20.21277],[-43.21933,-20.21327],[-43.21836,-20.2131],[-43.21782,-20.21258],[-43.21738,-20.21191],[-43.21733,-20.21121],[-43.21748,-20.21042],[-43.21863,-20.2099],[-43.21909,-20.20709],[-43.22011,-20.20556],[-43.2199,-20.20486],[-43.21896,-20.2036],[-43.21859,-20.20274],[-43.21683,-20.20044],[-43.21616,-20.19901],[-43.21545,-20.19827],[-43.2144,-20.19761],[-43.21354,-20.19583],[-43.21228,-20.19492],[-43.21228,-20.194],[-43.21199,-20.19334]]]}},{"id":"35","type":"Feature","properties":{"bairro":"Rosario","distrito":"Mariana","regiao":"Mariana","setores":11,"urbano":11},"geometry":{"type":"Polygon","coordinates":[[[-43.42441,-20.37619],[-43.42527,-20.37608],[-43.42483,-20.37441],[-43.42554,-20.3745],[-43.42641,-20.37377],[-43.42758,-20.37406],[-43.42792,-20.37396],[-43.429,-20.37299],[-43.42951,-20.37283],[-43.42985,-20.37189],[-43.42635,-20.37336],[-43.42576,-20.3734],[-43.42566,-20.37],[-43.42636,-20.3691],[-43.42639,-20.36882],[-43.42764,-20.36735],[-43.42936,-20.36686],[-43.42906,-20.36627],[-43.42949,-20.36664],[-43.42991,-20.36659],[-43.43024,-20.36691],[-43.43042,-20.36684],[-43.43015,-20.36623],[-43.43074,-20.36446],[-43.43011,-20.36412],[-43.43011,-20.3644],[-43.42967,-20.365],[-43.42964,-20.36586],[-43.42903,-20.36498],[-43.42879,-20.36416],[-43.42792,-20.36401],[-43.42778,-20.36473],[-43.42711,-20.36475],[-43.42596,-20.36576],[-43.42507,-20.36607],[-43.42408,-20.36699],[-43.42379,-20.36705],[-43.42392,-20.36834],[-43.4236,-20.36922],[-43.42292,-20.36914],[-43.41996,-20.36958],[-43.42002,-20.37035],[-43.41934,-20.37019],[-43.41834,-20.37192],[-43.41778,-20.37401],[-43.41868,-20.37561],[-43.41922,-20.3754],[-43.42032,-20.37427],[-43.42103,-20.37409],[-43.42157,-20.3744],[-43.42147,-20.37452],[-43.4223,-20.37549],[-43.42407,-20.37539],[-43.42441,-20.37619]]]}},{"id":"36","type":"Feature","properties":{"bairro":"Santa Clara","distrito":"Mariana","regiao":"Mariana","setores":3,"urbano":3},"geometry":{"type":"Polygon","coordinates":[[[-43.42275,-20.39746],[-43.42327,-20.39734],[-43.42358,-20.39656],[-43.42437,-20.39627],[-43.42469,-20.39655],[-43.42462,-20.39605],[-43.42412,-20.39505],[-43.42313,-20.39411],[-43.42222,-20.39367],[-43.42137,-20.39267],[-43.42127,-20.39212],[-43.42095,-20.3921],[-43.42036,-20.39303],[-43.41948,-20.39338],[-43.41948,-20.39356],[-43.4198,-20.3935],[-43.42,-20.39421],[-43.41951,-20.39437],[-43.4198,-20.39527],[-43.42012,-20.39517],[-43.42009,-20.39504],[-43.42132,-20.39486],[-43.4223,-20.39647],[-43.42209,-20.39665],[-43.42281,-20.39675],[-43.42275,-20.39746]]]}},{"id":"37","type":"Feature","properties":{"bairro":"Santa Rita Durao","distrito":"Santa Rita Durão","regiao":"Santa Rita Durão","setores":2,"urbano":1},"geometry":{"type":"Polygon","coordinates":[[[-43.34509,-20.13971],[-43.34487,-20.14158],[-43.34604,-20.14271],[-43.34637,-20.14395],[-43.34616,-20.14437],[-43.34435,-20.14578],[-43.34403,-20.14655],[-43.34401,-20.14713],[-43.3444,-20.14826],[-43.34502,-20.14906],[-43.34512,-20.15016],[-43.34542,-20.15091],[-43.34639,-20.15184],[-43.34715,-20.15211],[-43.34752,-20.1528],[-43.34877,-20.15312],[-43.34905,-20.15358],[-43.34927,-20.15495],[-43.35019,-20.15536],[-43.35145,-20.15685],[-43.35257,-20.15706],[-43.35295,-20.15743],[-43.35299,-20.15897],[-43.35264,-20.15969],[-43.35265,-20.16036],[-43.35311,-20.16122],[-43.35389,-20.16196],[-43.35388,-20.16223],[-43.35326,-20.16363],[-43.35336,-20.16484],[-43.35274,-20.16591],[-43.35345,-20.16685],[-43.35335,-20.16777],[-43.35351,-20.16888],[-43.35261,-20.17013],[-43.35236,-20.17085],[-43.35253,-20.17104],[-43.35361,-20.17101],[-43.35413,-20.17155],[-43.35537,-20.17113],[-43.35602,-20.17121],[-43.3562,-20.17138],[-43.35608,-20.17208],[-43.35681,-20.17223],[-43.35673,-20.17274],[-43.3564,-20.17313],[-43.35681,-20.17371],[-43.35635,-20.17463],[-43.35663,-20.17524],[-43.35629,-20.17595],[-43.35697,-20.17841],[-43.35646,-20.18085],[-43.35716,-20.18191],[-43.35675,-20.18422],[-43.35685,-20.18627],[-43.35637,-20.18686],[-43.35624,-20.18768],[-43.35639,-20.1882],[-43.3569,-20.18874],[-43.35692,-20.18924],[-43.35678,-20.18974],[-43.3559,-20.19048],[-43.35534,-20.19179],[-43.35538,-20.19627],[-43.35565,-20.19668],[-43.35621,-20.19683],[-43.35929,-20.19724],[-43.36136,-20.19872],[-43.36144,-20.19922],[-43.36079,-20.20009],[-43.36041,-20.20138],[-43.36102,-20.20414],[-43.35907,-20.20484],[-43.35757,-20.20482],[-43.35673,-20.2046],[-43.3558,-20.20395],[-43.35455,-20.20346],[-43.35315,-20.20319],[-43.35026,-20.2042],[-43.34915,-20.20428],[-43.34685,-20.20251],[-43.34531,-20.20168],[-43.34286,-20.20189],[-43.34086,-20.20172],[-43.34043,-20.20223],[-43.34031,-20.20306],[-43.3392,-20.20469],[-43.33875,-20.2059],[-43.33708,-20.20715],[-43.33546,-20.2105],[-43.33488,-20.21101],[-43.33396,-20.21145],[-43.33221,-20.21091],[-43.33145,-20.21118],[-43.33018,-20.21212],[-43.32941,-20.21227],[-43.32908,-20.21215],[-43.32651,-20.21052],[-43.3256,-20.20961],[-43.32505,-20.20849],[-43.3246,-20.20654],[-43.32411,-20.20618],[-43.32355,-20.20614],[-43.32278,-20.2064],[-43.32199,-20.20706],[-43.32126,-20.20839],[-43.32077,-20.20992],[-43.3203,-20.21042],[-43.31944,-20.21082],[-43.318,-20.21102],[-43.3151,-20.21258],[-43.31369,-20.2126],[-43.31318,-20.2124],[-43.31191,-20.21134],[-43.30963,-20.21119],[-43.30874,-20.21063],[-43.30742,-20.21046],[-43.30615,-20.21108],[-43.30422,-20.21391],[-43.30236,-20.21424],[-43.30124,-20.21474],[-43.29982,-20.21657],[-43.29877,-20.21718],[-43.301,-20.21964],[-43.30122,-20.2215],[-43.30155,-20.22216],[-43.30386,-20.22352],[-43.30534,-20.22549],[-43.30594,-20.22599],[-43.30707,-20.22603],[-43.30843,-20.22547],[-43.30914,-20.22545],[-43.30987,-20.22729],[-43.30993,-20.22798],[-43.30777,-20.22942],[-43.30733,-20.23109],[-43.30651,-20.23203],[-43.30622,-20.23266],[-43.30617,-20.23367],[-43.30639,-20.2346],[-43.30724,-20.23574],[-43.30882,-20.23654],[-43.30956,-20.23669],[-43.31007,-20.23721],[-43.31043,-20.23817],[-43.31057,-20.23968],[-43.31213,-20.24059],[-43.3125,-20.24121],[-43.3125,-20.24189],[-43.31167,-20.24316],[-43.31163,-20.24387],[-43.3119,-20.24477],[-43.31237,-20.24536],[-43.31328,-20.24565],[-43.31418,-20.24525],[-43.31516,-20.2451],[-43.31595,-20.24449],[-43.31698,-20.24407],[-43.31892,-20.24338],[-43.31947,-20.24338],[-43.3218,-20.24395],[-43.32392,-20.24551],[-43.32642,-20.24599],[-43.32765,-20.24745],[-43.33091,-20.24641],[-43.33251,-20.24616],[-43.33365,-20.24627],[-43.33393,-20.24551],[-43.33368,-20.245],[-43.33272,-20.2439],[-43.33172,-20.24314],[-43.33122,-20.2424],[-43.33033,-20.24182],[-43.33038,-20.24058],[-43.33061,-20.23994],[-43.33098,-20.23955],[-43.33149,-20.23938],[-43.33314,-20.23989],[-43.33386,-20.24043],[-43.33584,-20.23938],[-43.33671,-20.23928],[-43.33976,-20.23809],[-43.34087,-20.23829],[-43.34232,-20.23903],[-43.34314,-20.24051],[-43.34583,-20.24352],[-43.34645,-20.24472],[-43.34798,-20.24606],[-43.3482,-20.24759],[-43.34908,-20.24811],[-43.35039,-20.24837],[-43.35209,-20.24768],[-43.35252,-20.24805],[-43.35284,-20.24888],[-43.3527,-20.24972],[-43.35285,-20.25055],[-43.35333,-20.25146],[-43.35448,-20.25187],[-43.35556,-20.25308],[-43.35648,-20.25349],[-43.35868,-20.25592],[-43.36029,-20.25692],[-43.36069,-20.25752],[-43.36038,-20.25793],[-43.3606,-20.25824],[-43.36224,-20.2586],[-43.36255,-20.25912],[-43.36339,-20.25962],[-43.36393,-20.25961],[-43.36484,-20.25757],[-43.36491,-20.25692],[-43.3646,-20.25605],[-43.36462,-20.25556],[-43.36494,-20.25505],[-43.36602,-20.25442],[-43.36912,-20.25411],[-43.37093,-20.25347],[-43.37232,-20.25147],[-43.37382,-20.25149],[-43.37433,-20.25131],[-43.37482,-20.25188],[-43.37532,-20.252],[-43.37564,-20.2515],[-43.37578,-20.25046],[-43.37822,-20.24903],[-43.37824,-20.24839],[-43.37774,-20.24763],[-43.37553,-20.24668],[-43.37487,-20.24686],[-43.37465,-20.24639],[-43.37506,-20.24561],[-43.37599,-20.2451],[-43.37615,-20.24416],[-43.37704,-20.24341],[-43.37693,-20.24213],[-43.37736,-20.24175],[-43.37899,-20.24263],[-43.38074,-20.24155],[-43.38112,-20.24096],[-43.38197,-20.24086],[-43.38414,-20.239],[-43.38505,-20.23872],[-43.38593,-20.23937],[-43.38655,-20.24044],[-43.38736,-20.2407],[-43.38792,-20.24114],[-43.39032,-20.24343],[-43.39095,-20.24282],[-43.39142,-20.24263],[-43.39282,-20.24289],[-43.39406,-20.24251],[-43.39388,-20.24317],[-43.3945,-20.24516],[-43.39582,-20.24621],[-43.39641,-20.24625],[-43.39754,-20.24539],[-43.39793,-20.24397],[-43.39783,-20.24323],[-43.39819,-20.24286],[-43.39992,-20.243],[-43.40191,-20.24186],[-43.40187,-20.24145],[-43.40228,-20.24144],[-43.40351,-20.24252],[-43.40415,-20.24272],[-43.40507,-20.24252],[-43.40564,-20.24199],[-43.40634,-20.24036],[-43.40803,-20.23966],[-43.40897,-20.24052],[-43.40907,-20.24137],[-43.40929,-20.24163],[-43.4112,-20.24216],[-43.41138,-20.24442],[-43.41052,-20.24523],[-43.41019,-20.24686],[-43.41027,-20.24749],[-43.41066,-20.24784],[-43.41209,-20.24827],[-43.41237,-20.24878],[-43.41202,-20.25007],[-43.41129,-20.25041],[-43.41087,-20.25089],[-43.41107,-20.25132],[-43.4117,-20.25143],[-43.41233,-20.25192],[-43.41401,-20.25382],[-43.41416,-20.25446],[-43.41354,-20.25581],[-43.41406,-20.25695],[-43.41432,-20.25701],[-43.41468,-20.25648],[-43.41543,-20.25665],[-43.41577,-20.25697],[-43.41969,-20.25778],[-43.4201,-20.25918],[-43.4206,-20.25999],[-43.4207,-20.26067],[-43.42194,-20.26036],[-43.42231,-20.26074],[-43.42238,-20.26245],[-43.42278,-20.26272],[-43.42351,-20.26282],[-43.42423,-20.26268],[-43.42486,-20.26293],[-43.42505,-20.26322],[-43.42478,-20.26372],[-43.42406,-20.2636],[-43.42319,-20.26409],[-43.42282,-20.26456],[-43.42296,-20.26573],[-43.42214,-20.26665],[-43.42236,-20.26776],[-43.4231,-20.26877],[-43.42326,-20.26943],[-43.42304,-20.27109],[-43.42266,-20.2717],[-43.4232,-20.27288],[-43.4232,-20.27332],[-43.42236,-20.27418],[-43.42282,-20.27459],[-43.42372,-20.27492],[-43.42471,-20.27463],[-43.42587,-20.27611],[-43.42698,-20.27587],[-43.42759,-20.2763],[-43.42796,-20.27611],[-43.4282,-20.2762],[-43.42877,-20.27675],[-43.4292,-20.27649],[-43.43005,-20.27671],[-43.4311,-20.2764],[-43.43104,-20.27617],[-43.43001,-20.27586],[-43.42888,-20.27599],[-43.42832,-20.27538],[-43.42705,-20.27514],[-43.42696,-20.27456],[-43.42678,-20.27445],[-43.42528,-20.27381],[-43.42465,-20.27374],[-43.42416,-20.27337],[-43.42432,-20.27278],[-43.42367,-20.27192],[-43.42353,-20.26906],[-43.42387,-20.26695],[-43.42533,-20.26546],[-43.42628,-20.26533],[-43.42624,-20.26474],[-43.42665,-20.26385],[-43.42626,-20.26321],[-43.42626,-20.26262],[-43.42606,-20.2623],[-43.42455,-20.26144],[-43.42446,-20.26122],[-43.42537,-20.26019],[-43.42562,-20.25858],[-43.42623,-20.25789],[-43.42539,-20.25476],[-43.42623,-20.2536],[-43.42703,-20.25303],[-43.42717,-20.25194],[-43.42752,-20.25135],[-43.42701,-20.25006],[-43.42479,-20.24843],[-43.42477,-20.24713],[-43.42534,-20.24657],[-43.42566,-20.24547],[-43.42542,-20.24528],[-43.42412,-20.24511],[-43.42395,-20.24479],[-43.42422,-20.2438],[-43.42368,-20.24146],[-43.42416,-20.23852],[-43.42399,-20.23789],[-43.42386,-20.23772],[-43.42336,-20.23787],[-43.42186,-20.23927],[-43.42103,-20.23941],[-43.42022,-20.23906],[-43.41938,-20.2391],[-43.41878,-20.23939],[-43.41835,-20.23919],[-43.41722,-20.23989],[-43.41638,-20.23988],[-43.41626,-20.23968],[-43.41637,-20.23936],[-43.41589,-20.23874],[-43.41598,-20.23939],[-43.41567,-20.23956],[-43.41508,-20.23946],[-43.41538,-20.23906],[-43.41483,-20.23889],[-43.4146,-20.23853],[-43.41449,-20.23901],[-43.41415,-20.23907],[-43.41329,-20.23859],[-43.41343,-20.23811],[-43.41412,-20.23732],[-43.41537,-20.23675],[-43.41604,-20.2354],[-43.41672,-20.23509],[-43.4169,-20.23304],[-43.41752,-20.23251],[-43.41865,-20.23067],[-43.41825,-20.23047],[-43.41788,-20.23052],[-43.41778,-20.23104],[-43.41709,-20.23224],[-43.41432,-20.23329],[-43.41457,-20.23421],[-43.41433,-20.23572],[-43.41316,-20.23572],[-43.41236,-20.23501],[-43.41119,-20.23457],[-43.41132,-20.23397],[-43.41238,-20.23334],[-43.41277,-20.23272],[-43.41282,-20.23209],[-43.41236,-20.2322],[-43.41203,-20.23187],[-43.41209,-20.2307],[-43.41237,-20.22988],[-43.41263,-20.22956],[-43.41352,-20.22917],[-43.41395,-20.22833],[-43.41361,-20.22643],[-43.414,-20.22514],[-43.41478,-20.22419],[-43.41485,-20.22382],[-43.41377,-20.22267],[-43.41384,-20.22221],[-43.41499,-20.22061],[-43.41501,-20.21957],[-43.41472,-20.2191],[-43.41585,-20.2189],[-43.4162,-20.21777],[-43.41662,-20.21747],[-43.41749,-20.21597],[-43.418,-20.21418],[-43.41781,-20.21295],[-43.41883,-20.21268],[-43.41941,-20.21202],[-43.41982,-20.21115],[-43.42093,-20.21059],[-43.422,-20.20963],[-43.42267,-20.20969],[-43.42406,-20.21071],[-43.42481,-20.21037],[-43.42519,-20.20968],[-43.42598,-20.20904],[-43.42758,-20.20853],[-43.42799,-20.20812],[-43.42847,-20.20627],[-43.42832,-20.20568],[-43.42661,-20.20457],[-43.42622,-20.20348],[-43.42649,-20.20288],[-43.42631,-20.20258],[-43.42559,-20.20233],[-43.42519,-20.20198],[-43.42506,-20.20121],[-43.42457,-20.20018],[-43.42502,-20.19896],[-43.42443,-20.19775],[-43.42288,-20.19643],[-43.42132,-20.19578],[-43.42031,-20.19493],[-43.42021,-20.19429],[-43.41919,-20.19392],[-43.41938,-20.1932],[-43.41949,-20.19329],[-43.41988,-20.19306],[-43.42011,-20.19247],[-43.41971,-20.19221],[-43.41921,-20.19146],[-43.41947,-20.19108],[-43.41951,-20.1893],[-43.41866,-20.18888],[-43.41813,-20.18818],[-43.41735,-20.18764],[-43.41633,-20.18723],[-43.41596,-20.18688],[-43.41498,-20.18661],[-43.4149,-20.18402],[-43.41444,-20.18253],[-43.41287,-20.18169],[-43.41237,-20.18202],[-43.41184,-20.18208],[-43.41091,-20.18278],[-43.4098,-20.18326],[-43.40953,-20.1831],[-43.40939,-20.18185],[-43.40891,-20.18124],[-43.40843,-20.18093],[-43.40809,-20.18111],[-43.4066,-20.18064],[-43.40605,-20.1801],[-43.40683,-20.17952],[-43.40702,-20.17856],[-43.40689,-20.1779],[-43.40773,-20.17692],[-43.40828,-20.17581],[-43.40802,-20.17469],[-43.40857,-20.17391],[-43.40871,-20.17292],[-43.40818,-20.17163],[-43.4085,-20.17084],[-43.40926,-20.17002],[-43.40909,-20.16922],[-43.40962,-20.16674],[-43.40996,-20.16651],[-43.41185,-20.16606],[-43.41227,-20.16577],[-43.41294,-20.16477],[-43.41338,-20.16362],[-43.41451,-20.16266],[-43.41539,-20.16263],[-43.41658,-20.16315],[-43.41704,-20.16315],[-43.4179,-20.16245],[-43.41827,-20.16234],[-43.4192,-20.16277],[-43.42002,-20.16237],[-43.42012,-20.16208],[-43.41925,-20.16025],[-43.41931,-20.15962],[-43.41874,-20.15865],[-43.41864,-20.15767],[-43.41765,-20.1567],[-43.41654,-20.15632],[-43.41634,-20.15507],[-43.41591,-20.15409],[-43.41685,-20.15322],[-43.41691,-20.15189],[-43.41567,-20.15053],[-43.41321,-20.1494],[-43.41229,-20.14867],[-43.40965,-20.14258],[-43.40767,-20.13982],[-43.40813,-20.13855],[-43.40809,-20.13731],[-43.40622,-20.13754],[-43.40509,-20.13848],[-43.40497,-20.14246],[-43.4047,-20.14288],[-43.40426,-20.14301],[-43.40251,-20.14218],[-43.40124,-20.14182],[-43.39911,-20.1407],[-43.39834,-20.14049],[-43.39749,-20.14055],[-43.3968,-20.14025],[-43.39522,-20.13843],[-43.39456,-20.13806],[-43.39226,-20.1378],[-43.3917,-20.13683],[-43.39115,-20.13453],[-43.39104,-20.13315],[-43.39056,-20.13201],[-43.39038,-20.13101],[-43.38982,-20.13007],[-43.38961,-20.12911],[-43.38962,-20.12825],[-43.39019,-20.12664],[-43.39027,-20.12571],[-43.39033,-20.12326],[-43.39001,-20.12262],[-43.38896,-20.12297],[-43.3851,-20.12568],[-43.38363,-20.12683],[-43.38299,-20.12774],[-43.3823,-20.12816],[-43.38151,-20.12899],[-43.38034,-20.12941],[-43.37951,-20.1305],[-43.37867,-20.13207],[-43.37648,-20.13436],[-43.37582,-20.13481],[-43.37361,-20.135],[-43.37239,-20.13488],[-43.36991,-20.13393],[-43.3688,-20.13283],[-43.36779,-20.13264],[-43.36591,-20.13361],[-43.36471,-20.13469],[-43.36219,-20.13619],[-43.36015,-20.1367],[-43.35756,-20.13694],[-43.35441,-20.13757],[-43.34862,-20.13948],[-43.34509,-20.13971]]]}},{"id":"38","type":"Feature","properties":{"bairro":"Santa Rita de Cassia","distrito":"Mariana","regiao":"Mariana","setores":3,"urbano":3},"geometry":{"type":"Polygon","coordinates":[[[-43.42061,-20.39942],[-43.4216,-20.40134],[-43.42189,-20.40139],[-43.42178,-20.40186],[-43.42254,-20.40208],[-43.42268,-20.40185],[-43.42237,-20.40171],[-43.42245,-20.40125],[-43.42365,-20.39835],[-43.4228,-20.39776],[-43.42281,-20.39675],[-43.42209,-20.39665],[-43.4223,-20.39647],[-43.42132,-20.39486],[-43.42009,-20.39504],[-43.42177,-20.39818],[-43.42142,-20.39941],[-43.42069,-20.39925],[-43.42061,-20.39942]]]}},{"id":"39","type":"Feature","properties":{"bairro":"Santa Rita do Durao","distrito":"Santa Rita Durão","regiao":"Santa Rita Durão","setores":1,"urbano":1},"geometry":{"type":"Polygon","coordinates":[[[-43.40685,-20.17914],[-43.40677,-20.17961],[-43.40605,-20.1801],[-43.4066,-20.18064],[-43.40809,-20.18111],[-43.40843,-20.18093],[-43.40891,-20.18124],[-43.40939,-20.18185],[-43.40953,-20.1831],[-43.4098,-20.18326],[-43.41091,-20.18278],[-43.41184,-20.18208],[-43.41237,-20.18202],[-43.41287,-20.18169],[-43.41318,-20.1818],[-43.41324,-20.18203],[-43.41444,-20.18253],[-43.4149,-20.18402],[-43.41498,-20.18661],[-43.41596,-20.18688],[-43.41633,-20.18723],[-43.41711,-20.18752],[-43.41748,-20.18729],[-43.41869,-20.18746],[-43.41804,-20.18645],[-43.41797,-20.18593],[-43.41828,-20.18571],[-43.41792,-20.18421],[-43.41818,-20.18382],[-43.41751,-20.18354],[-43.41781,-20.18281],[-43.4171,-20.1827],[-43.41696,-20.18182],[-43.4174,-20.18034],[-43.41816,-20.17927],[-43.41818,-20.17856],[-43.41736,-20.17838],[-43.41631,-20.17861],[-43.41551,-20.17852],[-43.41462,-20.17756],[-43.41369,-20.17745],[-43.41273,-20.17787],[-43.41173,-20.17757],[-43.41092,-20.17818],[-43.40999,-20.17821],[-43.41037,-20.17982],[-43.40873,-20.1797],[-43.40685,-20.17914]]]}},{"id":"40","type":"Feature","properties":{"bairro":"Santana","distrito":"Mariana","regiao":"Mariana","setores":1,"urbano":1},"geometry":{"type":"Polygon","coordinates":[[[-43.4104,-20.37758],[-43.41215,-20.37737],[-43.41347,-20.37672],[-43.41379,-20.37558],[-43.41342,-20.37466],[-43.41222,-20.37537],[-43.41188,-20.37506],[-43.41221,-20.37475],[-43.41213,-20.37407],[-43.41184,-20.37382],[-43.41092,-20.3767],[-43.4104,-20.37758]]]}},{"id":"41","type":"Feature","properties":{"bairro":"Sao Cristovao","distrito":"Mariana","regiao":"Mariana","setores":3,"urbano":3},"geometry":{"type":"Polygon","coordinates":[[[-43.41456,-20.36495],[-43.41551,-20.36742],[-43.41669,-20.36773],[-43.41784,-20.36766],[-43.41675,-20.36624],[-43.41709,-20.36429],[-43.41689,-20.36341],[-43.41886,-20.36235],[-43.41924,-20.36187],[-43.42022,-20.35923],[-43.42073,-20.35856],[-43.42361,-20.35604],[-43.42277,-20.3553],[-43.42105,-20.35569],[-43.41993,-20.35625],[-43.41923,-20.35747],[-43.4192,-20.35803],[-43.41834,-20.35928],[-43.4178,-20.35974],[-43.41786,-20.36098],[-43.41743,-20.36166],[-43.41375,-20.3623],[-43.41429,-20.36345],[-43.41456,-20.36495]]]}},{"id":"42","type":"Feature","properties":{"bairro":"Sao Goncalo","distrito":"Mariana","regiao":"Mariana","setores":3,"urbano":3},"geometry":{"type":"Polygon","coordinates":[[[-43.41857,-20.37711],[-43.41982,-20.37933],[-43.4199,-20.37994],[-43.42046,-20.37984],[-43.42097,-20.37932],[-43.42267,-20.37856],[-43.42199,-20.37772],[-43.4213,-20.37611],[-43.41975,-20.37553],[-43.42086,-20.37506],[-43.42157,-20.3744],[-43.4212,-20.37413],[-43.42061,-20.37411],[-43.41922,-20.3754],[-43.41673,-20.37616],[-43.4169,-20.37667],[-43.41727,-20.37655],[-43.41771,-20.37746],[-43.41857,-20.37711]]]}},{"id":"43","type":"Feature","properties":{"bairro":"Sao Jose","distrito":"Mariana","regiao":"Mariana","setores":1,"urbano":1},"geometry":{"type":"Polygon","coordinates":[[[-43.41335,-20.3893],[-43.41278,-20.39111],[-43.41342,-20.39165],[-43.41401,-20.39125],[-43.41521,-20.39141],[-43.41534,-20.39043],[-43.41512,-20.3899],[-43.41536,-20.38927],[-43.41561,-20.38915],[-43.41549,-20.38879],[-43.41604,-20.38849],[-43.41603,-20.38827],[-43.41439,-20.38772],[-43.41335,-20.3893]]]}},{"id":"44","type":"Feature","properties":{"bairro":"Sao Pedro","distrito":"Mariana","regiao":"Mariana","setores":3,"urbano":3},"geometry":{"type":"Polygon","coordinates":[[[-43.41762,-20.38287],[-43.41622,-20.38398],[-43.416,-20.38452],[-43.41477,-20.38587],[-43.41473,-20.38709],[-43.41439,-20.38772],[-43.41571,-20.38824],[-43.4166,-20.38828],[-43.42184,-20.38715],[-43.42271,-20.3873],[-43.42235,-20.38662],[-43.42252,-20.38511],[-43.42232,-20.38466],[-43.42059,-20.38463],[-43.41955,-20.38489],[-43.41892,-20.38448],[-43.41887,-20.38365],[-43.41949,-20.38242],[-43.41763,-20.38262],[-43.41762,-20.38287]]]}},{"id":"45","type":"Feature","properties":{"bairro":"Sao Sebastiao","distrito":"Mariana","regiao":"Mariana","setores":3,"urbano":3},"geometry":{"type":"Polygon","coordinates":[[[-43.41358,-20.36724],[-43.41369,-20.36787],[-43.4145,-20.36888],[-43.41446,-20.36931],[-43.41372,-20.37007],[-43.41335,-20.37075],[-43.41355,-20.37186],[-43.41386,-20.37189],[-43.41411,-20.37283],[-43.41366,-20.37411],[-43.4138,-20.37423],[-43.41495,-20.37302],[-43.41521,-20.37242],[-43.4155,-20.3725],[-43.41569,-20.37194],[-43.41587,-20.36988],[-43.41557,-20.36767],[-43.41486,-20.36545],[-43.41458,-20.36579],[-43.41447,-20.36571],[-43.41337,-20.36343],[-43.4128,-20.3627],[-43.41158,-20.36219],[-43.41145,-20.36252],[-43.41181,-20.36266],[-43.41167,-20.36297],[-43.41295,-20.36368],[-43.4142,-20.36633],[-43.41358,-20.36724]]]}},{"id":"46","type":"Feature","properties":{"bairro":"Sitio Vargem do Engenho","distrito":"Cachoeira do Brumado","regiao":"Cachoeira do Brumado","setores":1,"urbano":0},"geometry":{"type":"Polygon","coordinates":[[[-43.24849,-20.37255],[-43.24728,-20.37294],[-43.24364,-20.37238],[-43.24424,-20.37401],[-43.24437,-20.3757],[-43.24527,-20.37672],[-43.2451,-20.3775],[-43.24544,-20.3779],[-43.24507,-20.37828],[-43.24502,-20.37865],[-43.24554,-20.37957],[-43.24486,-20.38006],[-43.24437,-20.38118],[-43.24474,-20.38126],[-43.24495,-20.38163],[-43.24441,-20.38208],[-43.24429,-20.38196],[-43.24346,-20.38228],[-43.24327,-20.38196],[-43.2428,-20.38184],[-43.24156,-20.38247],[-43.24095,-20.3825],[-43.23999,-20.3818],[-43.23955,-20.38068],[-43.23849,-20.38053],[-43.23763,-20.38085],[-43.23613,-20.38243],[-43.23431,-20.38211],[-43.23397,-20.38234],[-43.23388,-20.38317],[-43.23362,-20.38352],[-43.2335,-20.38363],[-43.23305,-20.38341],[-43.23226,-20.38754],[-43.23286,-20.3896],[-43.23273,-20.39056],[-43.23325,-20.39204],[-43.23298,-20.39303],[-43.23127,-20.39475],[-43.22975,-20.39519],[-43.22861,-20.39584],[-43.226,-20.39951],[-43.2265,-20.40039],[-43.22754,-20.40118],[-43.2276,-20.40152],[-43.22812,-20.40191],[-43.23338,-20.40272],[-43.23437,-20.40484],[-43.23268,-20.406],[-43.23205,-20.40947],[-43.23223,-20.41022],[-43.23312,-20.41166],[-43.23395,-20.41203],[-43.23534,-20.41352],[-43.23532,-20.41625],[-43.23503,-20.41782],[-43.23525,-20.41898],[-43.23485,-20.42024],[-43.23221,-20.42243],[-43.23099,-20.42272],[-43.23035,-20.42129],[-43.22926,-20.42033],[-43.22856,-20.42016],[-43.22531,-20.4181],[-43.22435,-20.41778],[-43.22213,-20.41762],[-43.21989,-20.41813],[-43.21905,-20.41864],[-43.21776,-20.41992],[-43.2164,-20.42074],[-43.21507,-20.42116],[-43.2143,-20.42123],[-43.21255,-20.42077],[-43.21098,-20.4206],[-43.20995,-20.42077],[-43.2093,-20.42123],[-43.20847,-20.42149],[-43.20612,-20.424],[-43.2056,-20.42417],[-43.20604,-20.42567],[-43.20528,-20.42641],[-43.205,-20.42699],[-43.20512,-20.42811],[-43.20414,-20.42937],[-43.20333,-20.42905],[-43.20268,-20.42923],[-43.20088,-20.42998],[-43.20004,-20.4308],[-43.19942,-20.43111],[-43.19846,-20.4303],[-43.19816,-20.43066],[-43.19788,-20.43161],[-43.19645,-20.43157],[-43.19544,-20.43464],[-43.1944,-20.43588],[-43.19391,-20.43695],[-43.19384,-20.43764],[-43.19435,-20.43806],[-43.19559,-20.4382],[-43.19707,-20.43724],[-43.19831,-20.43875],[-43.20015,-20.43911],[-43.20081,-20.43884],[-43.20116,-20.43796],[-43.20154,-20.43771],[-43.20196,-20.43795],[-43.20241,-20.43879],[-43.20491,-20.44063],[-43.20629,-20.44102],[-43.20969,-20.44069],[-43.21029,-20.44101],[-43.21106,-20.44238],[-43.21136,-20.44436],[-43.21138,-20.44556],[-43.21104,-20.44596],[-43.21071,-20.44724],[-43.21095,-20.44765],[-43.21252,-20.44851],[-43.21316,-20.44929],[-43.21304,-20.45003],[-43.21227,-20.45129],[-43.21244,-20.45193],[-43.21288,-20.45251],[-43.21293,-20.45365],[-43.21203,-20.45547],[-43.21181,-20.45647],[-43.21227,-20.45673],[-43.213,-20.45664],[-43.21369,-20.45755],[-43.21414,-20.45748],[-43.21481,-20.45622],[-43.21559,-20.45526],[-43.21746,-20.45467],[-43.21809,-20.45418],[-43.21886,-20.45409],[-43.21927,-20.45431],[-43.2197,-20.45411],[-43.22105,-20.45289],[-43.22232,-20.45207],[-43.22248,-20.45138],[-43.22232,-20.45117],[-43.22059,-20.45116],[-43.22014,-20.45097],[-43.22015,-20.45047],[-43.22074,-20.44995],[-43.22082,-20.4495],[-43.22074,-20.44915],[-43.22009,-20.44886],[-43.2197,-20.4482],[-43.21954,-20.44668],[-43.21968,-20.44601],[-43.22001,-20.44566],[-43.22049,-20.4456],[-43.22114,-20.44631],[-43.22296,-20.44757],[-43.22545,-20.44896],[-43.22717,-20.45072],[-43.22819,-20.451],[-43.22892,-20.45081],[-43.22942,-20.44998],[-43.22927,-20.4487],[-43.22845,-20.44767],[-43.22845,-20.44698],[-43.22907,-20.44647],[-43.22962,-20.44629],[-43.231,-20.44468],[-43.23147,-20.44458],[-43.23193,-20.44481],[-43.2329,-20.44657],[-43.23356,-20.44688],[-43.2343,-20.44694],[-43.23667,-20.44652],[-43.23709,-20.44614],[-43.23702,-20.44583],[-43.23768,-20.44406],[-43.23809,-20.4437],[-43.23819,-20.44305],[-43.23785,-20.44243],[-43.2384,-20.44221],[-43.23844,-20.4418],[-43.23816,-20.441],[-43.23827,-20.43952],[-43.23746,-20.43959],[-43.23524,-20.43737],[-43.23494,-20.43643],[-43.23526,-20.43567],[-43.23609,-20.4352],[-43.23766,-20.43509],[-43.23863,-20.43352],[-43.23869,-20.43304],[-43.23668,-20.43261],[-43.2378,-20.43048],[-43.24038,-20.4292],[-43.24153,-20.42902],[-43.24348,-20.42915],[-43.2442,-20.42897],[-43.24457,-20.42866],[-43.24615,-20.42858],[-43.24654,-20.42876],[-43.24732,-20.42861],[-43.24747,-20.42806],[-43.24693,-20.42599],[-43.24733,-20.42482],[-43.24767,-20.42114],[-43.24927,-20.41948],[-43.24937,-20.41888],[-43.24997,-20.41847],[-43.25009,-20.41756],[-43.25111,-20.4175],[-43.25112,-20.41725],[-43.25078,-20.41684],[-43.25103,-20.41657],[-43.25255,-20.41613],[-43.25315,-20.41614],[-43.25423,-20.41528],[-43.2554,-20.41519],[-43.25577,-20.41535],[-43.25592,-20.41567],[-43.25775,-20.41608],[-43.25917,-20.41582],[-43.25958,-20.41544],[-43.26047,-20.41534],[-43.26087,-20.41508],[-43.26129,-20.41412],[-43.26215,-20.41293],[-43.2619,-20.41205],[-43.26237,-20.41069],[-43.26299,-20.40993],[-43.26312,-20.40866],[-43.26444,-20.40686],[-43.26452,-20.40603],[-43.26492,-20.40529],[-43.26504,-20.40418],[-43.2654,-20.40336],[-43.26532,-20.40171],[-43.26549,-20.40153],[-43.26607,-20.40157],[-43.26628,-20.40075],[-43.26673,-20.40072],[-43.26805,-20.39992],[-43.26882,-20.4001],[-43.26906,-20.39999],[-43.26902,-20.3992],[-43.26962,-20.39858],[-43.27003,-20.39861],[-43.2705,-20.39896],[-43.27077,-20.39877],[-43.2702,-20.39754],[-43.26997,-20.3974],[-43.2705,-20.39658],[-43.26943,-20.39419],[-43.27008,-20.39332],[-43.2705,-20.39308],[-43.27074,-20.39352],[-43.27142,-20.39406],[-43.27154,-20.39381],[-43.27191,-20.39422],[-43.27254,-20.39378],[-43.27304,-20.39459],[-43.274,-20.39497],[-43.27471,-20.39562],[-43.27528,-20.39546],[-43.27647,-20.39455],[-43.27716,-20.39431],[-43.27736,-20.39466],[-43.27854,-20.39432],[-43.27894,-20.39325],[-43.27985,-20.39208],[-43.28095,-20.39266],[-43.28154,-20.39334],[-43.28181,-20.39325],[-43.2827,-20.39179],[-43.28367,-20.3914],[-43.28412,-20.39136],[-43.28483,-20.3918],[-43.28551,-20.39191],[-43.28644,-20.39171],[-43.28682,-20.3912],[-43.28728,-20.39101],[-43.28863,-20.39117],[-43.28904,-20.3916],[-43.2893,-20.3916],[-43.28983,-20.39108],[-43.29105,-20.39048],[-43.29072,-20.38941],[-43.29076,-20.38878],[-43.29087,-20.38846],[-43.29157,-20.3882],[-43.2917,-20.38792],[-43.29088,-20.38716],[-43.29065,-20.38638],[-43.28995,-20.38542],[-43.28997,-20.3849],[-43.29067,-20.38404],[-43.29069,-20.38366],[-43.2904,-20.38332],[-43.29028,-20.3824],[-43.28947,-20.38184],[-43.28917,-20.38136],[-43.28922,-20.38105],[-43.29093,-20.37996],[-43.29319,-20.37969],[-43.29639,-20.37873],[-43.29703,-20.37883],[-43.29759,-20.37919],[-43.29935,-20.38088],[-43.29962,-20.38087],[-43.30012,-20.37993],[-43.29988,-20.37786],[-43.30017,-20.37764],[-43.30028,-20.37674],[-43.29904,-20.37583],[-43.29798,-20.3756],[-43.29198,-20.37637],[-43.28915,-20.37615],[-43.2882,-20.37659],[-43.28746,-20.37752],[-43.287,-20.3777],[-43.28652,-20.3776],[-43.28633,-20.37745],[-43.28631,-20.37697],[-43.28685,-20.37586],[-43.28692,-20.37495],[-43.28655,-20.37415],[-43.28614,-20.37377],[-43.28383,-20.37367],[-43.28073,-20.37272],[-43.27903,-20.3718],[-43.27686,-20.37012],[-43.274,-20.36887],[-43.27123,-20.3688],[-43.26983,-20.36895],[-43.26664,-20.37058],[-43.26591,-20.37057],[-43.26231,-20.3696],[-43.26152,-20.36962],[-43.2611,-20.36984],[-43.25998,-20.37106],[-43.25878,-20.37303],[-43.25805,-20.37386],[-43.25677,-20.37477],[-43.25558,-20.37526],[-43.25397,-20.37521],[-43.25226,-20.37407],[-43.25081,-20.37376],[-43.25003,-20.37297],[-43.2494,-20.37264],[-43.24849,-20.37255]]]}},{"id":"47","type":"Feature","properties":{"bairro":"Vale Verde","distrito":"Mariana","regiao":"Mariana","setores":2,"urbano":2},"geometry":{"type":"Polygon","coordinates":[[[-43.41707,-20.39527],[-43.41907,-20.39445],[-43.41828,-20.39232],[-43.41704,-20.39274],[-43.41586,-20.39146],[-43.4157,-20.39105],[-43.41521,-20.39141],[-43.41401,-20.39125],[-43.41352,-20.39169],[-43.41278,-20.39111],[-43.41294,-20.39058],[-43.4127,-20.39085],[-43.41232,-20.39246],[-43.41301,-20.39413],[-43.41343,-20.39468],[-43.41436,-20.39502],[-43.41474,-20.39502],[-43.41513,-20.39474],[-43.41707,-20.39527]]]}},{"id":"48","type":"Feature","properties":{"bairro":"Vila Del Rei","distrito":"Mariana","regiao":"Mariana","setores":2,"urbano":2},"geometry":{"type":"Polygon","coordinates":[[[-43.40735,-20.36142],[-43.40692,-20.36237],[-43.40802,-20.3625],[-43.40999,-20.36314],[-43.41046,-20.36252],[-43.41096,-20.36235],[-43.41145,-20.36252],[-43.41158,-20.36219],[-43.4128,-20.3627],[-43.41337,-20.36343],[-43.41458,-20.36579],[-43.41486,-20.36545],[-43.41456,-20.36495],[-43.41429,-20.36345],[-43.41375,-20.3623],[-43.41621,-20.36185],[-43.41546,-20.36072],[-43.41484,-20.36052],[-43.41467,-20.35964],[-43.41481,-20.35916],[-43.41522,-20.35912],[-43.41533,-20.35876],[-43.41508,-20.35837],[-43.4147,-20.35824],[-43.41448,-20.35771],[-43.41425,-20.35565],[-43.41642,-20.35457],[-43.42129,-20.35504],[-43.42231,-20.35489],[-43.42361,-20.35604],[-43.42657,-20.35359],[-43.42763,-20.35329],[-43.42971,-20.35339],[-43.43043,-20.35314],[-43.43081,-20.35263],[-43.43183,-20.34954],[-43.43273,-20.34824],[-43.43401,-20.34731],[-43.43718,-20.34583],[-43.43765,-20.34534],[-43.43777,-20.34505],[-43.43758,-20.34332],[-43.43773,-20.34269],[-43.44003,-20.33899],[-43.43971,-20.3388],[-43.43929,-20.33946],[-43.43888,-20.3396],[-43.43836,-20.34016],[-43.43821,-20.34071],[-43.43737,-20.34128],[-43.43704,-20.34219],[-43.43647,-20.34285],[-43.43658,-20.34428],[-43.43622,-20.34505],[-43.43482,-20.34533],[-43.43365,-20.3447],[-43.43241,-20.34458],[-43.43162,-20.34506],[-43.42994,-20.34542],[-43.4292,-20.34619],[-43.42743,-20.34679],[-43.4271,-20.34706],[-43.42587,-20.34713],[-43.42464,-20.34636],[-43.42376,-20.34612],[-43.42308,-20.34506],[-43.42239,-20.34452],[-43.41557,-20.34317],[-43.41686,-20.34494],[-43.41807,-20.34587],[-43.4181,-20.34681],[-43.4178,-20.34774],[-43.41766,-20.34792],[-43.4162,-20.34823],[-43.4147,-20.34827],[-43.41236,-20.34904],[-43.41199,-20.34889],[-43.4107,-20.34953],[-43.40937,-20.34972],[-43.409,-20.35002],[-43.40892,-20.3517],[-43.40832,-20.35238],[-43.40844,-20.35372],[-43.40826,-20.35407],[-43.40769,-20.35443],[-43.40749,-20.35489],[-43.40676,-20.35549],[-43.40664,-20.35532],[-43.40639,-20.35551],[-43.40643,-20.35583],[-43.40623,-20.35587],[-43.40653,-20.35616],[-43.406,-20.35702],[-43.40601,-20.35754],[-43.40578,-20.35764],[-43.4059,-20.35829],[-43.40684,-20.35815],[-43.40668,-20.35876],[-43.40697,-20.35896],[-43.40601,-20.35985],[-43.40594,-20.36084],[-43.40735,-20.36142]]]}},{"id":"49","type":"Feature","properties":{"bairro":"Vila Maquine","distrito":"Mariana","regiao":"Mariana","setores":1,"urbano":1},"geometry":{"type":"Polygon","coordinates":[[[-43.41621,-20.36187],[-43.41758,-20.36151],[-43.41786,-20.36098],[-43.4178,-20.35974],[-43.41834,-20.35928],[-43.4192,-20.35803],[-43.41923,-20.35747],[-43.41993,-20.35625],[-43.42105,-20.35569],[-43.42277,-20.3553],[-43.42231,-20.35489],[-43.42129,-20.35504],[-43.41642,-20.35457],[-43.41425,-20.35565],[-43.41448,-20.35771],[-43.4147,-20.35824],[-43.41508,-20.35837],[-43.41533,-20.35876],[-43.41522,-20.35912],[-43.41481,-20.35916],[-43.41467,-20.35964],[-43.41484,-20.36052],[-43.41546,-20.36072],[-43.41621,-20.36187]]]}},{"id":"50","type":"Feature","properties":{"bairro":"Vila do Carmo","distrito":"Mariana","regiao":"Mariana","setores":2,"urbano":2},"geometry":{"type":"Polygon","coordinates":[[[-43.41928,-20.38484],[-43.42059,-20.38463],[-43.42232,-20.38466],[-43.42252,-20.38511],[-43.42234,-20.3865],[-43.4226,-20.38712],[-43.42438,-20.38828],[-43.42649,-20.38821],[-43.42752,-20.38775],[-43.42688,-20.38753],[-43.42387,-20.38422],[-43.42482,-20.37987],[-43.42385,-20.37899],[-43.42307,-20.3786],[-43.42269,-20.37853],[-43.42097,-20.37932],[-43.42046,-20.37984],[-43.4199,-20.37994],[-43.42071,-20.38153],[-43.422,-20.38301],[-43.4211,-20.38336],[-43.42098,-20.38414],[-43.42039,-20.38416],[-43.41928,-20.38484]]]}},{"id":"51","type":"Feature","properties":{"bairro":"Zona rural — Cachoeira do Brumado","distrito":"Cachoeira do Brumado","regiao":"Cachoeira do Brumado","setores":1,"urbano":0},"geometry":{"type":"Polygon","coordinates":[[[-43.23841,-20.37328],[-43.23329,-20.37587],[-43.23155,-20.37867],[-43.23305,-20.38341],[-43.2335,-20.38363],[-43.23362,-20.38352],[-43.23388,-20.38317],[-43.23397,-20.38234],[-43.23431,-20.38211],[-43.23613,-20.38243],[-43.23763,-20.38085],[-43.23849,-20.38053],[-43.23955,-20.38068],[-43.23999,-20.3818],[-43.24095,-20.3825],[-43.24156,-20.38247],[-43.2428,-20.38184],[-43.24307,-20.38184],[-43.2436,-20.3823],[-43.24429,-20.38196],[-43.24441,-20.38208],[-43.24489,-20.38175],[-43.2449,-20.38142],[-43.24437,-20.38118],[-43.24486,-20.38006],[-43.24554,-20.37957],[-43.24502,-20.37865],[-43.24507,-20.37828],[-43.24544,-20.3779],[-43.2451,-20.3775],[-43.24527,-20.37672],[-43.24437,-20.3757],[-43.24424,-20.37401],[-43.24364,-20.37238],[-43.23975,-20.37174],[-43.23858,-20.37282],[-43.23841,-20.37328]]]}},{"id":"52","type":"Feature","properties":{"bairro":"Zona rural — Furquim","distrito":"Furquim","regiao":"Furquim","setores":5,"urbano":0},"geometry":{"type":"MultiPolygon","coordinates":[[[[-43.12313,-20.43285],[-43.12131,-20.43413],[-43.12078,-20.43472],[-43.12083,-20.43521],[-43.1221,-20.43559],[-43.12245,-20.43598],[-43.12427,-20.4416],[-43.12528,-20.44369],[-43.1256,-20.44527],[-43.12553,-20.4471],[-43.12526,-20.44805],[-43.1248,-20.44873],[-43.12474,-20.4495],[-43.12532,-20.45006],[-43.12753,-20.45107],[-43.13021,-20.45169],[-43.13189,-20.4524],[-43.13235,-20.45293],[-43.13257,-20.45367],[-43.13263,-20.4542],[-43.13231,-20.45517],[-43.13042,-20.45715],[-43.13006,-20.4581],[-43.12943,-20.46183],[-43.12997,-20.46585],[-43.13056,-20.46664],[-43.13157,-20.46698],[-43.13198,-20.46732],[-43.13285,-20.4694],[-43.13387,-20.47066],[-43.13457,-20.47101],[-43.13769,-20.4712],[-43.13872,-20.47087],[-43.13903,-20.4702],[-43.13812,-20.46611],[-43.13818,-20.46512],[-43.13864,-20.46498],[-43.14216,-20.46629],[-43.14319,-20.4663],[-43.14407,-20.46572],[-43.14495,-20.46374],[-43.1456,-20.46098],[-43.14595,-20.46036],[-43.14655,-20.45992],[-43.14786,-20.45989],[-43.14865,-20.46006],[-43.15033,-20.46094],[-43.15184,-20.46126],[-43.1525,-20.46115],[-43.15535,-20.45995],[-43.15572,-20.45927],[-43.15568,-20.45632],[-43.15611,-20.45489],[-43.15667,-20.45489],[-43.15885,-20.45424],[-43.15968,-20.45332],[-43.16048,-20.45278],[-43.16099,-20.45259],[-43.16239,-20.45254],[-43.16327,-20.45204],[-43.16354,-20.45136],[-43.16503,-20.45035],[-43.16539,-20.4497],[-43.16534,-20.44798],[-43.16608,-20.44718],[-43.16916,-20.44496],[-43.17027,-20.44345],[-43.17353,-20.44326],[-43.17433,-20.4418],[-43.17455,-20.44076],[-43.17363,-20.43892],[-43.17351,-20.43714],[-43.17184,-20.43467],[-43.17161,-20.43394],[-43.1716,-20.43287],[-43.17296,-20.43152],[-43.17543,-20.42779],[-43.17665,-20.42676],[-43.17793,-20.42605],[-43.1812,-20.42483],[-43.18201,-20.42471],[-43.18576,-20.42704],[-43.18826,-20.42727],[-43.1895,-20.42724],[-43.19014,-20.42697],[-43.19182,-20.42702],[-43.19235,-20.42685],[-43.19315,-20.42699],[-43.19387,-20.42741],[-43.1943,-20.42834],[-43.19611,-20.43034],[-43.19645,-20.43157],[-43.19788,-20.43161],[-43.19816,-20.43066],[-43.19846,-20.4303],[-43.19942,-20.43111],[-43.20004,-20.4308],[-43.20088,-20.42998],[-43.20268,-20.42923],[-43.20333,-20.42905],[-43.20414,-20.42937],[-43.20512,-20.42811],[-43.205,-20.42699],[-43.20528,-20.42641],[-43.20604,-20.42567],[-43.2056,-20.42417],[-43.20612,-20.424],[-43.20847,-20.42149],[-43.21042,-20.42061],[-43.21255,-20.42077],[-43.2143,-20.42123],[-43.21507,-20.42116],[-43.2164,-20.42074],[-43.21776,-20.41992],[-43.21905,-20.41864],[-43.21989,-20.41813],[-43.22213,-20.41762],[-43.22435,-20.41778],[-43.22531,-20.4181],[-43.22856,-20.42016],[-43.22926,-20.42033],[-43.23035,-20.42129],[-43.23099,-20.42272],[-43.23221,-20.42243],[-43.23485,-20.42024],[-43.23525,-20.41898],[-43.23503,-20.41782],[-43.23532,-20.41625],[-43.23534,-20.41352],[-43.23395,-20.41203],[-43.23312,-20.41166],[-43.23223,-20.41022],[-43.23205,-20.40947],[-43.23268,-20.406],[-43.23437,-20.40484],[-43.23338,-20.40272],[-43.22812,-20.40191],[-43.2276,-20.40152],[-43.22754,-20.40118],[-43.2265,-20.40039],[-43.226,-20.39951],[-43.22861,-20.39584],[-43.22975,-20.39519],[-43.23127,-20.39475],[-43.23298,-20.39303],[-43.23325,-20.39204],[-43.23273,-20.39056],[-43.23286,-20.3896],[-43.23226,-20.38754],[-43.23305,-20.38341],[-43.23155,-20.37867],[-43.23329,-20.37587],[-43.23803,-20.3736],[-43.23841,-20.37328],[-43.23858,-20.37282],[-43.2404,-20.37117],[-43.24123,-20.37009],[-43.24168,-20.36908],[-43.2418,-20.36767],[-43.24138,-20.3662],[-43.24135,-20.36535],[-43.24188,-20.36207],[-43.24168,-20.36165],[-43.24018,-20.36066],[-43.23928,-20.3596],[-43.23878,-20.35818],[-43.23867,-20.35716],[-43.23887,-20.35637],[-43.23924,-20.35597],[-43.24223,-20.35498],[-43.24265,-20.35472],[-43.24292,-20.35419],[-43.24289,-20.35373],[-43.24195,-20.3529],[-43.24165,-20.35221],[-43.24191,-20.35103],[-43.24162,-20.34885],[-43.24169,-20.34677],[-43.24201,-20.34524],[-43.24282,-20.34395],[-43.24372,-20.34106],[-43.2424,-20.34003],[-43.24115,-20.33986],[-43.2408,-20.33955],[-43.24106,-20.33885],[-43.24192,-20.33838],[-43.24281,-20.33744],[-43.24257,-20.33636],[-43.24167,-20.33486],[-43.23994,-20.33354],[-43.23745,-20.33052],[-43.2366,-20.33082],[-43.23631,-20.33123],[-43.23599,-20.33239],[-43.23506,-20.3329],[-43.23114,-20.33262],[-43.22761,-20.33263],[-43.22633,-20.33239],[-43.22429,-20.33152],[-43.21995,-20.32925],[-43.21615,-20.32433],[-43.21526,-20.32297],[-43.21482,-20.32177],[-43.21447,-20.31926],[-43.21465,-20.3188],[-43.21542,-20.31819],[-43.21618,-20.31657],[-43.21677,-20.31603],[-43.21753,-20.3148],[-43.21788,-20.31447],[-43.21867,-20.3143],[-43.21891,-20.31301],[-43.21831,-20.31034],[-43.21801,-20.30988],[-43.21734,-20.30975],[-43.21714,-20.30949],[-43.21739,-20.30836],[-43.21706,-20.30759],[-43.2165,-20.30693],[-43.21651,-20.30668],[-43.2169,-20.30662],[-43.21719,-20.30632],[-43.21747,-20.30538],[-43.2167,-20.30501],[-43.21654,-20.30435],[-43.21607,-20.30364],[-43.21438,-20.30308],[-43.21405,-20.30264],[-43.2142,-20.3023],[-43.21595,-20.30148],[-43.21598,-20.30085],[-43.21421,-20.29989],[-43.21247,-20.29966],[-43.21005,-20.29865],[-43.20951,-20.29854],[-43.20878,-20.29876],[-43.20768,-20.29824],[-43.20732,-20.29781],[-43.20605,-20.29706],[-43.20541,-20.29711],[-43.20537,-20.29777],[-43.20492,-20.29861],[-43.20447,-20.29847],[-43.20418,-20.29881],[-43.20322,-20.29885],[-43.20245,-20.29977],[-43.20212,-20.29986],[-43.20105,-20.29935],[-43.20007,-20.2984],[-43.1995,-20.29816],[-43.19697,-20.29609],[-43.19663,-20.29649],[-43.19582,-20.29618],[-43.1956,-20.29667],[-43.19504,-20.29669],[-43.19475,-20.29767],[-43.19487,-20.29814],[-43.19457,-20.29879],[-43.19354,-20.29878],[-43.19286,-20.29909],[-43.19312,-20.30004],[-43.19288,-20.30073],[-43.19306,-20.30126],[-43.19277,-20.30197],[-43.19233,-20.30232],[-43.19087,-20.30241],[-43.19058,-20.30279],[-43.18863,-20.30367],[-43.18856,-20.30395],[-43.18898,-20.30448],[-43.18901,-20.30504],[-43.18919,-20.30506],[-43.18888,-20.30592],[-43.18906,-20.30602],[-43.18869,-20.30634],[-43.18867,-20.30691],[-43.18753,-20.30836],[-43.18702,-20.30848],[-43.18579,-20.3094],[-43.18583,-20.3101],[-43.1855,-20.31022],[-43.18536,-20.31063],[-43.18433,-20.31066],[-43.18382,-20.31156],[-43.18377,-20.31208],[-43.18416,-20.31287],[-43.18496,-20.31375],[-43.18507,-20.31435],[-43.18596,-20.31568],[-43.18757,-20.31718],[-43.18808,-20.31916],[-43.18773,-20.31982],[-43.18501,-20.32146],[-43.18438,-20.32159],[-43.18409,-20.32197],[-43.18475,-20.32299],[-43.18602,-20.32375],[-43.18709,-20.32392],[-43.1885,-20.32522],[-43.18926,-20.32622],[-43.18929,-20.3273],[-43.19073,-20.32889],[-43.19124,-20.3291],[-43.1921,-20.33009],[-43.19287,-20.33057],[-43.19333,-20.33149],[-43.19389,-20.33176],[-43.19507,-20.33187],[-43.19697,-20.33284],[-43.19712,-20.33323],[-43.19688,-20.33381],[-43.19709,-20.33463],[-43.19892,-20.33726],[-43.19915,-20.33867],[-43.19974,-20.33892],[-43.20063,-20.3406],[-43.20231,-20.34234],[-43.20195,-20.34339],[-43.20207,-20.34755],[-43.20261,-20.34871],[-43.20272,-20.34861],[-43.20366,-20.34914],[-43.20404,-20.34911],[-43.20445,-20.34945],[-43.20544,-20.34924],[-43.20589,-20.35006],[-43.207,-20.34965],[-43.20757,-20.35037],[-43.20913,-20.35027],[-43.20886,-20.35206],[-43.21199,-20.35448],[-43.21262,-20.35613],[-43.21483,-20.35799],[-43.21454,-20.35901],[-43.21513,-20.35958],[-43.21517,-20.3604],[-43.21639,-20.36125],[-43.21664,-20.36288],[-43.21777,-20.36423],[-43.21972,-20.36483],[-43.22029,-20.3656],[-43.2201,-20.36589],[-43.21916,-20.36603],[-43.21856,-20.36648],[-43.21791,-20.36663],[-43.21776,-20.36604],[-43.21553,-20.36435],[-43.21485,-20.3647],[-43.21469,-20.36462],[-43.21435,-20.36357],[-43.21339,-20.3637],[-43.21283,-20.36354],[-43.21224,-20.36236],[-43.21223,-20.36172],[-43.21252,-20.3612],[-43.21229,-20.3609],[-43.21142,-20.36047],[-43.21089,-20.36045],[-43.21068,-20.36022],[-43.20891,-20.36019],[-43.20823,-20.35976],[-43.20788,-20.35927],[-43.2069,-20.35883],[-43.20609,-20.35907],[-43.20566,-20.35987],[-43.20511,-20.36014],[-43.20445,-20.36012],[-43.20331,-20.35947],[-43.20211,-20.3582],[-43.20079,-20.35926],[-43.19979,-20.36081],[-43.19926,-20.3611],[-43.19872,-20.36104],[-43.19758,-20.3598],[-43.1978,-20.35898],[-43.19824,-20.3583],[-43.1976,-20.35747],[-43.19712,-20.35602],[-43.19835,-20.35531],[-43.19952,-20.35435],[-43.20074,-20.35429],[-43.20124,-20.35369],[-43.20133,-20.35161],[-43.20079,-20.35033],[-43.20005,-20.34985],[-43.19808,-20.3508],[-43.1969,-20.35068],[-43.19541,-20.35095],[-43.19532,-20.35208],[-43.19372,-20.35343],[-43.19271,-20.35365],[-43.19169,-20.35621],[-43.1905,-20.35723],[-43.18843,-20.35669],[-43.18791,-20.35721],[-43.18698,-20.35691],[-43.18532,-20.3553],[-43.18413,-20.35494],[-43.18262,-20.35492],[-43.17936,-20.3562],[-43.17898,-20.35532],[-43.18032,-20.35045],[-43.18029,-20.34958],[-43.18006,-20.3491],[-43.17932,-20.34896],[-43.17594,-20.34989],[-43.17349,-20.35279],[-43.17148,-20.35263],[-43.17062,-20.35392],[-43.16725,-20.35405],[-43.16609,-20.3556],[-43.16502,-20.35594],[-43.1641,-20.35535],[-43.16389,-20.35391],[-43.16313,-20.35324],[-43.16053,-20.3518],[-43.15976,-20.35075],[-43.15976,-20.34803],[-43.15856,-20.34525],[-43.15769,-20.34477],[-43.15729,-20.34526],[-43.15818,-20.34542],[-43.15845,-20.34579],[-43.15795,-20.34726],[-43.15778,-20.34872],[-43.15738,-20.34913],[-43.15473,-20.3505],[-43.15429,-20.35109],[-43.15433,-20.35133],[-43.15486,-20.35176],[-43.15681,-20.35227],[-43.15717,-20.3526],[-43.15751,-20.35361],[-43.15801,-20.35388],[-43.15929,-20.35412],[-43.15963,-20.35451],[-43.15974,-20.35543],[-43.15864,-20.35833],[-43.15985,-20.3612],[-43.16031,-20.36162],[-43.16215,-20.36198],[-43.16291,-20.36189],[-43.16375,-20.36236],[-43.16377,-20.36334],[-43.16315,-20.36446],[-43.16289,-20.36563],[-43.16289,-20.36672],[-43.16351,-20.3696],[-43.16293,-20.37098],[-43.1624,-20.37162],[-43.15994,-20.37351],[-43.15918,-20.37387],[-43.15863,-20.37384],[-43.15684,-20.37295],[-43.15613,-20.37297],[-43.15368,-20.37528],[-43.1528,-20.37573],[-43.15276,-20.3762],[-43.15486,-20.37776],[-43.15585,-20.37798],[-43.15794,-20.38097],[-43.15815,-20.38195],[-43.15772,-20.38289],[-43.15778,-20.3842],[-43.15808,-20.38493],[-43.15891,-20.38594],[-43.16035,-20.38715],[-43.16176,-20.38763],[-43.16435,-20.38787],[-43.16529,-20.38824],[-43.16565,-20.3895],[-43.16575,-20.39187],[-43.16819,-20.39371],[-43.16855,-20.39445],[-43.16857,-20.39562],[-43.16784,-20.39759],[-43.16788,-20.3986],[-43.16833,-20.39981],[-43.16829,-20.40028],[-43.16793,-20.40061],[-43.16574,-20.40139],[-43.1612,-20.40227],[-43.16025,-20.40261],[-43.1592,-20.40323],[-43.15879,-20.40465],[-43.15819,-20.40523],[-43.15768,-20.40543],[-43.15637,-20.40563],[-43.15352,-20.40498],[-43.15076,-20.40859],[-43.14999,-20.40895],[-43.14821,-20.40928],[-43.14537,-20.40936],[-43.14428,-20.40958],[-43.14355,-20.40994],[-43.14271,-20.41085],[-43.14212,-20.41249],[-43.14195,-20.41356],[-43.142,-20.41617],[-43.1417,-20.41737],[-43.14104,-20.41805],[-43.13876,-20.41923],[-43.13821,-20.41972],[-43.13802,-20.42042],[-43.13805,-20.42311],[-43.1383,-20.4251],[-43.13789,-20.42538],[-43.13622,-20.42529],[-43.13541,-20.42545],[-43.134,-20.42619],[-43.13206,-20.42674],[-43.13138,-20.4272],[-43.12816,-20.42781],[-43.12614,-20.42839],[-43.1246,-20.42909],[-43.12425,-20.42944],[-43.12293,-20.43006],[-43.1224,-20.43059],[-43.12239,-20.43083],[-43.12344,-20.4322],[-43.12313,-20.43285]]],[[[-43.15044,-20.32976],[-43.15051,-20.33068],[-43.15079,-20.33082],[-43.15068,-20.3311],[-43.15127,-20.33288],[-43.15183,-20.33317],[-43.15214,-20.33309],[-43.15209,-20.33455],[-43.15236,-20.33513],[-43.15268,-20.33535],[-43.15136,-20.33762],[-43.15265,-20.33889],[-43.15291,-20.34042],[-43.15276,-20.3415],[-43.154,-20.34185],[-43.15401,-20.34124],[-43.15377,-20.34084],[-43.15394,-20.34082],[-43.15362,-20.34032],[-43.1537,-20.33965],[-43.15375,-20.33954],[-43.15425,-20.33981],[-43.15577,-20.3375],[-43.15545,-20.33697],[-43.1558,-20.3347],[-43.15553,-20.33458],[-43.155,-20.33484],[-43.15455,-20.333],[-43.1541,-20.33234],[-43.15276,-20.33145],[-43.15269,-20.33115],[-43.15301,-20.33093],[-43.15358,-20.32988],[-43.15315,-20.3297],[-43.15241,-20.32984],[-43.15118,-20.3296],[-43.15044,-20.32976]]]]}},{"id":"53","type":"Feature","properties":{"bairro":"Zona rural — Mariana","distrito":"Mariana","regiao":"Mariana","setores":1,"urbano":0},"geometry":{"type":"Polygon","coordinates":[[[-43.40172,-20.45053],[-43.40066,-20.45117],[-43.40099,-20.45226],[-43.40081,-20.45298],[-43.40145,-20.45473],[-43.40207,-20.45571],[-43.40192,-20.45647],[-43.40148,-20.45714],[-43.40169,-20.45801],[-43.40291,-20.4586],[-43.40327,-20.45907],[-43.4036,-20.46013],[-43.40306,-20.46277],[-43.40523,-20.46504],[-43.40682,-20.46589],[-43.40681,-20.46665],[-43.40727,-20.46823],[-43.40738,-20.46853],[-43.40773,-20.46875],[-43.41062,-20.46716],[-43.41131,-20.46747],[-43.41207,-20.46752],[-43.41214,-20.46783],[-43.41249,-20.46792],[-43.41326,-20.46795],[-43.41415,-20.4675],[-43.41529,-20.46773],[-43.4157,-20.46894],[-43.4148,-20.4692],[-43.41416,-20.46886],[-43.41392,-20.46957],[-43.4144,-20.47014],[-43.41537,-20.47077],[-43.41677,-20.47099],[-43.41796,-20.47068],[-43.41911,-20.46968],[-43.41974,-20.46877],[-43.42061,-20.46897],[-43.42244,-20.46866],[-43.4229,-20.46881],[-43.42249,-20.46953],[-43.42191,-20.46993],[-43.42203,-20.47019],[-43.42313,-20.47051],[-43.42406,-20.47042],[-43.42464,-20.46994],[-43.42589,-20.46977],[-43.42714,-20.47025],[-43.42807,-20.46866],[-43.4292,-20.46898],[-43.42988,-20.4688],[-43.42998,-20.468],[-43.42925,-20.46757],[-43.42915,-20.46692],[-43.42964,-20.4665],[-43.43106,-20.46709],[-43.43387,-20.46641],[-43.43751,-20.46631],[-43.43902,-20.46567],[-43.43944,-20.4665],[-43.44202,-20.46784],[-43.44241,-20.46842],[-43.44364,-20.46857],[-43.44404,-20.46995],[-43.44447,-20.47058],[-43.44502,-20.47103],[-43.44626,-20.47148],[-43.44653,-20.47183],[-43.44724,-20.47215],[-43.44734,-20.47276],[-43.44936,-20.47018],[-43.45184,-20.46824],[-43.45515,-20.46816],[-43.45833,-20.46844],[-43.46096,-20.46806],[-43.46208,-20.46761],[-43.46476,-20.46544],[-43.46725,-20.46449],[-43.46987,-20.46382],[-43.47236,-20.46194],[-43.47286,-20.46183],[-43.47456,-20.46209],[-43.47621,-20.46154],[-43.47745,-20.46045],[-43.47868,-20.45799],[-43.48176,-20.45618],[-43.48277,-20.45589],[-43.4836,-20.45591],[-43.48595,-20.45685],[-43.4873,-20.45674],[-43.48898,-20.45617],[-43.48973,-20.4551],[-43.49042,-20.45299],[-43.49078,-20.45265],[-43.49227,-20.45214],[-43.49283,-20.4515],[-43.49333,-20.44849],[-43.49377,-20.44788],[-43.49497,-20.4472],[-43.4957,-20.44647],[-43.49587,-20.44423],[-43.49293,-20.43963],[-43.49205,-20.43781],[-43.49149,-20.43731],[-43.48958,-20.4372],[-43.48908,-20.43643],[-43.48757,-20.43532],[-43.48757,-20.43461],[-43.48808,-20.43363],[-43.48843,-20.43188],[-43.4884,-20.43113],[-43.48781,-20.43066],[-43.48514,-20.43003],[-43.48423,-20.42956],[-43.4827,-20.42806],[-43.48256,-20.42711],[-43.48122,-20.42821],[-43.47724,-20.42871],[-43.47481,-20.42992],[-43.47334,-20.42972],[-43.47127,-20.42892],[-43.47001,-20.42887],[-43.46909,-20.42975],[-43.46731,-20.43339],[-43.46527,-20.43555],[-43.4642,-20.43638],[-43.46293,-20.43652],[-43.46021,-20.43567],[-43.45614,-20.43574],[-43.45544,-20.43604],[-43.45339,-20.43761],[-43.45067,-20.43898],[-43.44952,-20.44001],[-43.44871,-20.44008],[-43.44644,-20.43843],[-43.44334,-20.43535],[-43.4424,-20.43482],[-43.44113,-20.43375],[-43.44035,-20.43272],[-43.43838,-20.4309],[-43.43291,-20.42676],[-43.43188,-20.42625],[-43.4302,-20.42459],[-43.42892,-20.4225],[-43.42838,-20.42344],[-43.42812,-20.42344],[-43.42799,-20.42268],[-43.42761,-20.42278],[-43.42652,-20.42423],[-43.42641,-20.42513],[-43.42672,-20.42583],[-43.42663,-20.42647],[-43.42556,-20.42822],[-43.42531,-20.42954],[-43.42548,-20.43128],[-43.42525,-20.43185],[-43.4252,-20.433],[-43.42313,-20.43504],[-43.42292,-20.43709],[-43.42265,-20.43723],[-43.42262,-20.43746],[-43.42282,-20.43804],[-43.42248,-20.43813],[-43.42245,-20.43902],[-43.42222,-20.43953],[-43.42198,-20.43971],[-43.42144,-20.43964],[-43.4216,-20.44021],[-43.42124,-20.44042],[-43.42121,-20.44102],[-43.42073,-20.44174],[-43.42079,-20.44238],[-43.42124,-20.44272],[-43.42133,-20.44359],[-43.42152,-20.44374],[-43.42304,-20.44427],[-43.4237,-20.44385],[-43.42389,-20.44394],[-43.42364,-20.44598],[-43.42285,-20.44724],[-43.42167,-20.44732],[-43.41987,-20.44808],[-43.41965,-20.44804],[-43.4197,-20.44764],[-43.41898,-20.44698],[-43.41847,-20.44701],[-43.41758,-20.44625],[-43.41728,-20.44629],[-43.41653,-20.44723],[-43.41581,-20.4473],[-43.41473,-20.44824],[-43.41152,-20.44939],[-43.41039,-20.44999],[-43.4084,-20.45049],[-43.40784,-20.45019],[-43.40736,-20.44962],[-43.40658,-20.44974],[-43.40618,-20.45023],[-43.40513,-20.45077],[-43.40355,-20.45098],[-43.40281,-20.45127],[-43.40172,-20.45053]]]}},{"id":"54","type":"Feature","properties":{"bairro":"Zona rural — Monsenhor Horta","distrito":"Monsenhor Horta","regiao":"Monsenhor Horta","setores":1,"urbano":0},"geometry":{"type":"Polygon","coordinates":[[[-43.24975,-20.35854],[-43.25214,-20.35756],[-43.25384,-20.35615],[-43.25401,-20.35562],[-43.25456,-20.35511],[-43.2542,-20.3541],[-43.25421,-20.3534],[-43.253,-20.35263],[-43.2509,-20.35183],[-43.24838,-20.35196],[-43.24617,-20.35324],[-43.24638,-20.35381],[-43.24791,-20.35574],[-43.24861,-20.35807],[-43.24975,-20.35854]]]}},{"id":"55","type":"Feature","properties":{"bairro":"Zona rural — Padre Viegas","distrito":"Padre Viegas","regiao":"Padre Viegas","setores":4,"urbano":0},"geometry":{"type":"Polygon","coordinates":[[[-43.35887,-20.53223],[-43.36046,-20.53247],[-43.3612,-20.53219],[-43.36291,-20.532],[-43.36379,-20.53213],[-43.36515,-20.53329],[-43.36766,-20.53614],[-43.36837,-20.53822],[-43.36927,-20.53947],[-43.36934,-20.54023],[-43.36895,-20.54053],[-43.36733,-20.54082],[-43.36517,-20.54167],[-43.36351,-20.54196],[-43.36323,-20.54238],[-43.36318,-20.54289],[-43.36442,-20.54566],[-43.36706,-20.54917],[-43.36789,-20.5497],[-43.36898,-20.54964],[-43.37088,-20.54895],[-43.37201,-20.54966],[-43.37337,-20.54983],[-43.37468,-20.54929],[-43.3759,-20.54852],[-43.37703,-20.54838],[-43.37731,-20.54839],[-43.37899,-20.55021],[-43.37951,-20.55027],[-43.38118,-20.55018],[-43.38395,-20.54934],[-43.38659,-20.54933],[-43.38843,-20.54995],[-43.39311,-20.54955],[-43.39676,-20.54856],[-43.39898,-20.54745],[-43.40276,-20.5468],[-43.40334,-20.54704],[-43.40474,-20.54642],[-43.40554,-20.54581],[-43.40607,-20.54579],[-43.40716,-20.54654],[-43.40798,-20.54653],[-43.40889,-20.54605],[-43.40979,-20.5446],[-43.41068,-20.54406],[-43.41261,-20.54416],[-43.41374,-20.54504],[-43.414,-20.54506],[-43.41469,-20.54496],[-43.41641,-20.54412],[-43.41711,-20.54316],[-43.41776,-20.54065],[-43.41882,-20.53933],[-43.41954,-20.53759],[-43.42019,-20.53708],[-43.42118,-20.53672],[-43.42348,-20.53636],[-43.42399,-20.53607],[-43.42443,-20.53537],[-43.42537,-20.53215],[-43.42829,-20.52552],[-43.42867,-20.52253],[-43.43017,-20.51959],[-43.43002,-20.51757],[-43.42929,-20.51497],[-43.42947,-20.51051],[-43.42931,-20.50703],[-43.42906,-20.50563],[-43.4283,-20.50421],[-43.42865,-20.50329],[-43.42996,-20.50235],[-43.43109,-20.50052],[-43.43127,-20.49858],[-43.43107,-20.49817],[-43.42976,-20.49692],[-43.42898,-20.49507],[-43.42768,-20.49346],[-43.42681,-20.49193],[-43.42654,-20.4912],[-43.42661,-20.49027],[-43.42735,-20.48956],[-43.42981,-20.48849],[-43.43063,-20.48845],[-43.43675,-20.48646],[-43.43771,-20.48588],[-43.43882,-20.48487],[-43.43976,-20.48451],[-43.44081,-20.48436],[-43.44389,-20.48514],[-43.44587,-20.48495],[-43.44606,-20.48431],[-43.44607,-20.48015],[-43.44655,-20.4749],[-43.44734,-20.47276],[-43.44724,-20.47215],[-43.44653,-20.47183],[-43.44626,-20.47148],[-43.44502,-20.47103],[-43.44447,-20.47058],[-43.44404,-20.46995],[-43.44364,-20.46857],[-43.44241,-20.46842],[-43.44202,-20.46784],[-43.43944,-20.4665],[-43.43902,-20.46567],[-43.43751,-20.46631],[-43.43387,-20.46641],[-43.43106,-20.46709],[-43.42964,-20.4665],[-43.42915,-20.46692],[-43.42925,-20.46757],[-43.42998,-20.468],[-43.42988,-20.4688],[-43.4292,-20.46898],[-43.42807,-20.46866],[-43.42714,-20.47025],[-43.42589,-20.46977],[-43.42464,-20.46994],[-43.42406,-20.47042],[-43.42313,-20.47051],[-43.42203,-20.47019],[-43.42191,-20.46993],[-43.42249,-20.46953],[-43.4229,-20.46881],[-43.42244,-20.46866],[-43.42061,-20.46897],[-43.41974,-20.46877],[-43.41911,-20.46968],[-43.41796,-20.47068],[-43.41677,-20.47099],[-43.41537,-20.47077],[-43.4144,-20.47014],[-43.41392,-20.46957],[-43.41416,-20.46886],[-43.4148,-20.4692],[-43.4157,-20.46894],[-43.41529,-20.46773],[-43.41415,-20.4675],[-43.41326,-20.46795],[-43.41249,-20.46792],[-43.41214,-20.46783],[-43.41207,-20.46752],[-43.41131,-20.46747],[-43.41062,-20.46716],[-43.40773,-20.46875],[-43.40738,-20.46853],[-43.40727,-20.46823],[-43.40681,-20.46665],[-43.40682,-20.46589],[-43.40523,-20.46504],[-43.40306,-20.46277],[-43.4036,-20.46013],[-43.40327,-20.45907],[-43.40291,-20.4586],[-43.40169,-20.45801],[-43.40148,-20.45714],[-43.40192,-20.45647],[-43.40207,-20.45571],[-43.40145,-20.45473],[-43.40081,-20.45298],[-43.40099,-20.45226],[-43.40066,-20.45117],[-43.40082,-20.45099],[-43.40079,-20.44971],[-43.40055,-20.44877],[-43.39968,-20.44856],[-43.39891,-20.4487],[-43.39643,-20.44755],[-43.39586,-20.44746],[-43.39453,-20.44655],[-43.39366,-20.44555],[-43.39264,-20.44526],[-43.38855,-20.4452],[-43.38586,-20.44624],[-43.38345,-20.44686],[-43.38272,-20.44687],[-43.3818,-20.44628],[-43.38042,-20.44459],[-43.37906,-20.44353],[-43.37839,-20.44244],[-43.37828,-20.44189],[-43.37866,-20.43926],[-43.3786,-20.43788],[-43.37806,-20.43729],[-43.37628,-20.43681],[-43.37582,-20.43629],[-43.37608,-20.43291],[-43.3758,-20.42859],[-43.37604,-20.42761],[-43.37633,-20.42686],[-43.37678,-20.42664],[-43.37759,-20.42564],[-43.38021,-20.42479],[-43.38247,-20.42439],[-43.38377,-20.42252],[-43.38603,-20.42165],[-43.38744,-20.4202],[-43.3888,-20.41935],[-43.38925,-20.41821],[-43.38938,-20.41714],[-43.38968,-20.41666],[-43.38958,-20.41539],[-43.38983,-20.41152],[-43.38956,-20.41024],[-43.38957,-20.40879],[-43.3901,-20.40713],[-43.39058,-20.4043],[-43.39082,-20.40397],[-43.39018,-20.4036],[-43.39018,-20.40329],[-43.39098,-20.40288],[-43.39129,-20.40227],[-43.39121,-20.40158],[-43.39038,-20.40044],[-43.38741,-20.39885],[-43.38566,-20.39717],[-43.38394,-20.39625],[-43.38182,-20.39565],[-43.37988,-20.39537],[-43.37913,-20.39492],[-43.37895,-20.39442],[-43.37901,-20.39152],[-43.37873,-20.39038],[-43.37719,-20.38823],[-43.3766,-20.38778],[-43.37579,-20.38766],[-43.37361,-20.38671],[-43.37257,-20.38669],[-43.37145,-20.38699],[-43.36875,-20.38716],[-43.3642,-20.38632],[-43.36167,-20.38613],[-43.36062,-20.38621],[-43.35964,-20.38665],[-43.35908,-20.38671],[-43.35882,-20.38654],[-43.35871,-20.38518],[-43.35817,-20.38431],[-43.35817,-20.38129],[-43.35793,-20.38053],[-43.35729,-20.37976],[-43.35722,-20.37899],[-43.35748,-20.37852],[-43.35884,-20.37744],[-43.3604,-20.3756],[-43.36029,-20.37531],[-43.35978,-20.37519],[-43.35883,-20.37575],[-43.35783,-20.37565],[-43.35418,-20.37404],[-43.35253,-20.37665],[-43.34908,-20.3781],[-43.348,-20.37887],[-43.34655,-20.37957],[-43.34249,-20.38086],[-43.34008,-20.38213],[-43.33672,-20.38459],[-43.33618,-20.38522],[-43.33549,-20.38664],[-43.33524,-20.38859],[-43.33407,-20.39028],[-43.33253,-20.39355],[-43.33162,-20.39408],[-43.32752,-20.39544],[-43.32617,-20.39541],[-43.32504,-20.39517],[-43.32422,-20.39462],[-43.32105,-20.38975],[-43.32003,-20.38871],[-43.31956,-20.38854],[-43.31879,-20.38863],[-43.31802,-20.38927],[-43.31661,-20.38996],[-43.31545,-20.39229],[-43.31381,-20.39442],[-43.31323,-20.39711],[-43.31328,-20.39958],[-43.31315,-20.40002],[-43.31272,-20.40055],[-43.31167,-20.40045],[-43.31124,-20.40077],[-43.30908,-20.40535],[-43.30881,-20.40663],[-43.30896,-20.4074],[-43.31067,-20.40983],[-43.31064,-20.41028],[-43.30975,-20.41189],[-43.30952,-20.4127],[-43.30902,-20.41344],[-43.30834,-20.41389],[-43.30455,-20.41472],[-43.30272,-20.41583],[-43.30226,-20.41668],[-43.30273,-20.41907],[-43.30271,-20.42008],[-43.30238,-20.42084],[-43.30129,-20.4221],[-43.30112,-20.42307],[-43.30172,-20.42354],[-43.3035,-20.42407],[-43.30518,-20.42603],[-43.30607,-20.4264],[-43.3071,-20.42731],[-43.30829,-20.42776],[-43.30844,-20.42879],[-43.3077,-20.42983],[-43.30645,-20.43049],[-43.30415,-20.43116],[-43.30252,-20.43251],[-43.30169,-20.43282],[-43.29856,-20.43309],[-43.29787,-20.43414],[-43.29763,-20.43421],[-43.2972,-20.43407],[-43.29619,-20.43266],[-43.29538,-20.43228],[-43.29373,-20.43211],[-43.29274,-20.43238],[-43.29264,-20.43285],[-43.29306,-20.43462],[-43.29302,-20.43569],[-43.2922,-20.43813],[-43.29187,-20.43852],[-43.29115,-20.43888],[-43.29097,-20.43871],[-43.29039,-20.43598],[-43.28898,-20.43352],[-43.28779,-20.43215],[-43.28526,-20.43057],[-43.28475,-20.43055],[-43.28409,-20.43083],[-43.28333,-20.43155],[-43.28195,-20.43242],[-43.28135,-20.43256],[-43.27934,-20.43211],[-43.27738,-20.43313],[-43.27691,-20.43301],[-43.27595,-20.4322],[-43.27498,-20.43172],[-43.27333,-20.43152],[-43.27248,-20.43196],[-43.27205,-20.43369],[-43.27205,-20.43479],[-43.27329,-20.43629],[-43.27359,-20.43712],[-43.27369,-20.43845],[-43.27352,-20.44015],[-43.27404,-20.44295],[-43.27285,-20.44461],[-43.27162,-20.44592],[-43.27153,-20.44636],[-43.27285,-20.44766],[-43.27295,-20.44975],[-43.27252,-20.45132],[-43.27282,-20.45296],[-43.27305,-20.45307],[-43.27333,-20.45414],[-43.27488,-20.45553],[-43.27522,-20.45637],[-43.27491,-20.45833],[-43.27405,-20.45891],[-43.2731,-20.45897],[-43.27094,-20.4586],[-43.27,-20.45887],[-43.26905,-20.45948],[-43.26877,-20.46047],[-43.26903,-20.46285],[-43.26792,-20.46473],[-43.26837,-20.46548],[-43.26931,-20.46492],[-43.27115,-20.46491],[-43.27186,-20.46536],[-43.27228,-20.46603],[-43.27214,-20.4665],[-43.2711,-20.46687],[-43.27058,-20.46742],[-43.27037,-20.46953],[-43.2705,-20.47029],[-43.27119,-20.47196],[-43.27203,-20.47311],[-43.27239,-20.47456],[-43.27238,-20.47638],[-43.27269,-20.47732],[-43.27322,-20.47815],[-43.27286,-20.47897],[-43.273,-20.47996],[-43.2728,-20.48095],[-43.27317,-20.48164],[-43.27324,-20.4828],[-43.27739,-20.48807],[-43.27817,-20.48865],[-43.27874,-20.48988],[-43.28029,-20.49172],[-43.28038,-20.49195],[-43.27972,-20.49275],[-43.27958,-20.49348],[-43.28021,-20.49448],[-43.28071,-20.49621],[-43.28159,-20.4981],[-43.28229,-20.4984],[-43.28462,-20.49881],[-43.28686,-20.49869],[-43.28784,-20.49839],[-43.28913,-20.49732],[-43.29025,-20.49679],[-43.29274,-20.49644],[-43.29378,-20.4961],[-43.29603,-20.49682],[-43.29858,-20.49716],[-43.30011,-20.49694],[-43.30079,-20.49631],[-43.30049,-20.4946],[-43.30053,-20.49437],[-43.30098,-20.49435],[-43.30337,-20.49702],[-43.30402,-20.49807],[-43.30446,-20.49945],[-43.30382,-20.50039],[-43.30367,-20.50085],[-43.30378,-20.50133],[-43.30625,-20.50308],[-43.30668,-20.5037],[-43.30687,-20.50455],[-43.30737,-20.50551],[-43.30786,-20.50588],[-43.30868,-20.506],[-43.30925,-20.50589],[-43.31042,-20.50524],[-43.31106,-20.50509],[-43.31215,-20.50517],[-43.31294,-20.50548],[-43.31711,-20.50859],[-43.31788,-20.50894],[-43.32001,-20.50905],[-43.32028,-20.50951],[-43.32057,-20.51143],[-43.32144,-20.51195],[-43.32314,-20.51241],[-43.32403,-20.51373],[-43.3252,-20.51483],[-43.32589,-20.51522],[-43.32629,-20.51584],[-43.32632,-20.51655],[-43.32519,-20.51792],[-43.32491,-20.51867],[-43.32495,-20.51925],[-43.32582,-20.51996],[-43.32755,-20.52082],[-43.32892,-20.521],[-43.33024,-20.52193],[-43.3312,-20.52225],[-43.33223,-20.52317],[-43.33333,-20.52552],[-43.33385,-20.52565],[-43.33568,-20.52526],[-43.33763,-20.52514],[-43.33928,-20.52451],[-43.34077,-20.52464],[-43.34239,-20.52591],[-43.34308,-20.52672],[-43.34447,-20.5277],[-43.34737,-20.52819],[-43.34973,-20.5282],[-43.35176,-20.52913],[-43.3552,-20.53117],[-43.35659,-20.53145],[-43.35724,-20.53112],[-43.35769,-20.53111],[-43.35887,-20.53223]],[[-43.34815,-20.39142],[-43.34901,-20.39128],[-43.34959,-20.39229],[-43.35159,-20.39245],[-43.35256,-20.39178],[-43.35409,-20.39178],[-43.35473,-20.39235],[-43.35533,-20.3922],[-43.35533,-20.39257],[-43.3556,-20.39288],[-43.35758,-20.39255],[-43.36042,-20.39149],[-43.3613,-20.39221],[-43.36146,-20.39241],[-43.36166,-20.39445],[-43.36093,-20.39542],[-43.36025,-20.39584],[-43.3595,-20.39696],[-43.35969,-20.3979],[-43.36049,-20.39818],[-43.36079,-20.39981],[-43.36115,-20.40062],[-43.36078,-20.40181],[-43.35935,-20.40347],[-43.35586,-20.40496],[-43.35438,-20.40447],[-43.35488,-20.40347],[-43.35374,-20.40041],[-43.35187,-20.39949],[-43.35166,-20.39899],[-43.35248,-20.39658],[-43.35075,-20.39516],[-43.34841,-20.39537],[-43.34798,-20.39465],[-43.34622,-20.39523],[-43.34545,-20.39479],[-43.34663,-20.39405],[-43.34772,-20.39383],[-43.34842,-20.39272],[-43.34815,-20.39142]],[[-43.30349,-20.43614],[-43.30304,-20.43501],[-43.30235,-20.43436],[-43.30223,-20.43353],[-43.30408,-20.43208],[-43.30485,-20.43525],[-43.30447,-20.43666],[-43.30498,-20.43706],[-43.30523,-20.43671],[-43.30573,-20.4366],[-43.30672,-20.43671],[-43.30735,-20.43688],[-43.30802,-20.43738],[-43.30812,-20.43764],[-43.30735,-20.43882],[-43.30513,-20.43895],[-43.30538,-20.43964],[-43.30683,-20.44117],[-43.30674,-20.44143],[-43.3063,-20.44164],[-43.30671,-20.4438],[-43.30644,-20.44531],[-43.30736,-20.44496],[-43.30762,-20.44504],[-43.3077,-20.44553],[-43.30728,-20.44649],[-43.30443,-20.44625],[-43.30373,-20.44589],[-43.30139,-20.44383],[-43.30082,-20.44362],[-43.29965,-20.44235],[-43.29981,-20.4419],[-43.30066,-20.44128],[-43.30254,-20.43855],[-43.30271,-20.43615],[-43.30349,-20.43614]]]}},{"id":"56","type":"Feature","properties":{"bairro":"Zona rural — Santa Rita Durão","distrito":"Santa Rita Durão","regiao":"Santa Rita Durão","setores":2,"urbano":0},"geometry":{"type":"Polygon","coordinates":[[[-43.41864,-20.23067],[-43.41752,-20.23251],[-43.4169,-20.23304],[-43.41672,-20.23509],[-43.41604,-20.2354],[-43.41537,-20.23675],[-43.41412,-20.23732],[-43.41343,-20.23811],[-43.41329,-20.23859],[-43.41415,-20.23907],[-43.41449,-20.23901],[-43.4146,-20.23853],[-43.41483,-20.23889],[-43.41538,-20.23906],[-43.41508,-20.23946],[-43.41567,-20.23956],[-43.41598,-20.23939],[-43.41589,-20.23874],[-43.41637,-20.23936],[-43.41626,-20.23968],[-43.41638,-20.23988],[-43.41722,-20.23989],[-43.41835,-20.23919],[-43.41878,-20.23939],[-43.41938,-20.2391],[-43.42022,-20.23906],[-43.42103,-20.23941],[-43.42186,-20.23927],[-43.42336,-20.23787],[-43.42386,-20.23772],[-43.42399,-20.23789],[-43.42416,-20.23852],[-43.42368,-20.24146],[-43.42422,-20.2438],[-43.42395,-20.24479],[-43.42412,-20.24511],[-43.42542,-20.24528],[-43.42566,-20.24547],[-43.42534,-20.24657],[-43.42477,-20.24713],[-43.42479,-20.24843],[-43.42701,-20.25006],[-43.42752,-20.25135],[-43.42717,-20.25194],[-43.42703,-20.25303],[-43.42623,-20.2536],[-43.42539,-20.25476],[-43.42623,-20.25789],[-43.42562,-20.25858],[-43.42537,-20.26019],[-43.42446,-20.26122],[-43.42455,-20.26144],[-43.42606,-20.2623],[-43.42626,-20.26262],[-43.42626,-20.26321],[-43.42665,-20.26385],[-43.42624,-20.26474],[-43.42628,-20.26533],[-43.42533,-20.26546],[-43.42387,-20.26695],[-43.4237,-20.26865],[-43.42354,-20.26889],[-43.42351,-20.27083],[-43.42367,-20.27192],[-43.42432,-20.27278],[-43.42416,-20.27337],[-43.42465,-20.27374],[-43.42528,-20.27381],[-43.42678,-20.27445],[-43.42696,-20.27456],[-43.42705,-20.27514],[-43.42832,-20.27538],[-43.42902,-20.27604],[-43.43001,-20.27586],[-43.43104,-20.27617],[-43.4311,-20.2764],[-43.4319,-20.27647],[-43.433,-20.27594],[-43.43301,-20.27552],[-43.43334,-20.27533],[-43.43483,-20.27639],[-43.43523,-20.27537],[-43.4357,-20.27516],[-43.43787,-20.27578],[-43.43821,-20.27607],[-43.43848,-20.27701],[-43.43917,-20.27746],[-43.43922,-20.27768],[-43.4388,-20.27823],[-43.43963,-20.27931],[-43.44022,-20.27962],[-43.44153,-20.27971],[-43.44216,-20.27974],[-43.44282,-20.27946],[-43.4444,-20.28036],[-43.44501,-20.28041],[-43.44566,-20.28081],[-43.44637,-20.28078],[-43.44685,-20.28117],[-43.44693,-20.28201],[-43.44738,-20.28257],[-43.44793,-20.28289],[-43.44896,-20.28284],[-43.45028,-20.28339],[-43.45131,-20.28459],[-43.45253,-20.28419],[-43.45546,-20.2844],[-43.45805,-20.28567],[-43.4596,-20.28527],[-43.45988,-20.285],[-43.45998,-20.28398],[-43.45992,-20.28317],[-43.45957,-20.2825],[-43.45823,-20.28077],[-43.45579,-20.27885],[-43.45395,-20.27643],[-43.45363,-20.27546],[-43.45348,-20.27345],[-43.45275,-20.27073],[-43.45277,-20.26998],[-43.45326,-20.26903],[-43.45596,-20.26697],[-43.45623,-20.26626],[-43.45641,-20.26402],[-43.45705,-20.26313],[-43.45882,-20.26226],[-43.46056,-20.26218],[-43.46253,-20.26246],[-43.46293,-20.26221],[-43.46291,-20.26016],[-43.46253,-20.25914],[-43.46276,-20.2576],[-43.46245,-20.25603],[-43.46267,-20.25408],[-43.46254,-20.25306],[-43.46206,-20.25201],[-43.46168,-20.25167],[-43.45976,-20.25099],[-43.4594,-20.25051],[-43.45931,-20.24953],[-43.46131,-20.24836],[-43.46252,-20.24716],[-43.46309,-20.24707],[-43.46609,-20.24568],[-43.46741,-20.24345],[-43.46821,-20.24303],[-43.46906,-20.24291],[-43.47009,-20.24217],[-43.47012,-20.24168],[-43.46957,-20.24061],[-43.4696,-20.23979],[-43.46973,-20.23933],[-43.47086,-20.23803],[-43.47138,-20.23706],[-43.47138,-20.23607],[-43.4707,-20.23529],[-43.46936,-20.23487],[-43.46806,-20.23415],[-43.46826,-20.23351],[-43.46987,-20.23258],[-43.4705,-20.23146],[-43.47032,-20.22978],[-43.46892,-20.22774],[-43.47009,-20.22655],[-43.47053,-20.22579],[-43.47051,-20.22551],[-43.46963,-20.22483],[-43.46927,-20.22415],[-43.46984,-20.22265],[-43.47032,-20.222],[-43.47096,-20.22155],[-43.47156,-20.2215],[-43.47306,-20.22193],[-43.4739,-20.22301],[-43.47425,-20.22401],[-43.47515,-20.22412],[-43.477,-20.22311],[-43.47925,-20.22227],[-43.48038,-20.22145],[-43.481,-20.22141],[-43.48228,-20.2217],[-43.48284,-20.22204],[-43.48356,-20.22204],[-43.4878,-20.22071],[-43.49047,-20.22093],[-43.49143,-20.22016],[-43.49228,-20.21797],[-43.4933,-20.21693],[-43.49526,-20.2165],[-43.49697,-20.21689],[-43.49853,-20.21697],[-43.49945,-20.21625],[-43.4999,-20.21537],[-43.4995,-20.21344],[-43.49937,-20.20932],[-43.49955,-20.20821],[-43.50026,-20.20727],[-43.50058,-20.20566],[-43.50036,-20.20478],[-43.49952,-20.20395],[-43.49896,-20.20259],[-43.49879,-20.20123],[-43.49888,-20.1978],[-43.49934,-20.19673],[-43.50005,-20.19625],[-43.50076,-20.19612],[-43.50135,-20.19558],[-43.5022,-20.19438],[-43.50224,-20.19384],[-43.50182,-20.19265],[-43.50106,-20.19184],[-43.50051,-20.19028],[-43.49867,-20.18846],[-43.49733,-20.18777],[-43.49778,-20.18485],[-43.49777,-20.18306],[-43.49749,-20.18206],[-43.4976,-20.18014],[-43.49711,-20.17867],[-43.49762,-20.17734],[-43.49731,-20.1758],[-43.49737,-20.17324],[-43.49695,-20.17265],[-43.49549,-20.17148],[-43.49421,-20.17072],[-43.49398,-20.17007],[-43.49409,-20.16987],[-43.4954,-20.1694],[-43.49734,-20.17006],[-43.49986,-20.16978],[-43.50071,-20.17044],[-43.50151,-20.17072],[-43.50229,-20.17206],[-43.50256,-20.17215],[-43.5061,-20.17213],[-43.50661,-20.17202],[-43.50745,-20.17149],[-43.50954,-20.17137],[-43.51059,-20.17113],[-43.51111,-20.17053],[-43.51218,-20.17049],[-43.51289,-20.17017],[-43.5141,-20.17001],[-43.51502,-20.16926],[-43.51629,-20.1692],[-43.51715,-20.16873],[-43.51844,-20.16877],[-43.51902,-20.16826],[-43.51996,-20.16787],[-43.52175,-20.16612],[-43.52404,-20.16563],[-43.52474,-20.16501],[-43.5249,-20.1645],[-43.52526,-20.16417],[-43.52753,-20.16374],[-43.52895,-20.16366],[-43.5315,-20.16239],[-43.53279,-20.16126],[-43.53372,-20.16086],[-43.5325,-20.15709],[-43.53259,-20.15661],[-43.5335,-20.15531],[-43.53534,-20.15408],[-43.53536,-20.15363],[-43.53386,-20.15159],[-43.53337,-20.15026],[-43.53225,-20.14881],[-43.5314,-20.1471],[-43.53012,-20.14552],[-43.52985,-20.14486],[-43.52851,-20.14302],[-43.52764,-20.1421],[-43.52401,-20.13972],[-43.52288,-20.13856],[-43.52098,-20.1372],[-43.51853,-20.13662],[-43.51433,-20.13609],[-43.51243,-20.13552],[-43.51098,-20.13413],[-43.51149,-20.12957],[-43.51128,-20.12889],[-43.51094,-20.12858],[-43.50886,-20.12934],[-43.50613,-20.12945],[-43.50504,-20.12986],[-43.50339,-20.13086],[-43.49976,-20.13155],[-43.49687,-20.13127],[-43.49365,-20.13173],[-43.49227,-20.13174],[-43.49133,-20.13163],[-43.48956,-20.13093],[-43.48811,-20.13088],[-43.48712,-20.13115],[-43.4859,-20.13119],[-43.48363,-20.13293],[-43.48111,-20.13348],[-43.47998,-20.13452],[-43.47703,-20.13647],[-43.47605,-20.13779],[-43.47325,-20.13982],[-43.47141,-20.14041],[-43.46663,-20.14074],[-43.46463,-20.14226],[-43.46283,-20.14323],[-43.46146,-20.1435],[-43.45827,-20.14357],[-43.45759,-20.14308],[-43.45695,-20.14189],[-43.45598,-20.14135],[-43.45516,-20.13901],[-43.45345,-20.13832],[-43.45208,-20.13716],[-43.45086,-20.13283],[-43.45033,-20.13192],[-43.45036,-20.13095],[-43.44971,-20.13052],[-43.44782,-20.13007],[-43.44672,-20.12915],[-43.44507,-20.12847],[-43.44356,-20.12687],[-43.44209,-20.12663],[-43.43974,-20.12526],[-43.43771,-20.1245],[-43.43585,-20.12415],[-43.43387,-20.12347],[-43.42914,-20.12345],[-43.42815,-20.12257],[-43.42715,-20.12207],[-43.42442,-20.12158],[-43.42236,-20.12161],[-43.42045,-20.12232],[-43.41935,-20.1225],[-43.41831,-20.12305],[-43.41767,-20.12392],[-43.41745,-20.12509],[-43.41768,-20.12809],[-43.41942,-20.13073],[-43.41983,-20.13177],[-43.41971,-20.13198],[-43.4179,-20.13281],[-43.41698,-20.13454],[-43.41504,-20.13632],[-43.41366,-20.13667],[-43.41119,-20.13823],[-43.41009,-20.13846],[-43.40879,-20.13744],[-43.40809,-20.13731],[-43.40813,-20.13855],[-43.40767,-20.13982],[-43.40965,-20.14258],[-43.41229,-20.14867],[-43.41321,-20.1494],[-43.41567,-20.15053],[-43.41691,-20.15189],[-43.41685,-20.15322],[-43.41591,-20.15409],[-43.41634,-20.15507],[-43.41654,-20.15632],[-43.41765,-20.1567],[-43.41864,-20.15767],[-43.41874,-20.15865],[-43.41931,-20.15962],[-43.41925,-20.16025],[-43.42012,-20.16208],[-43.42002,-20.16237],[-43.4192,-20.16277],[-43.41827,-20.16234],[-43.4179,-20.16245],[-43.41704,-20.16315],[-43.41658,-20.16315],[-43.41539,-20.16263],[-43.41451,-20.16266],[-43.41338,-20.16362],[-43.41294,-20.16477],[-43.41227,-20.16577],[-43.41185,-20.16606],[-43.40996,-20.16651],[-43.40962,-20.16674],[-43.40909,-20.16922],[-43.40926,-20.17002],[-43.4085,-20.17084],[-43.40818,-20.17163],[-43.40871,-20.17292],[-43.40857,-20.17391],[-43.40802,-20.17469],[-43.40828,-20.17581],[-43.40773,-20.17692],[-43.40689,-20.1779],[-43.40702,-20.17856],[-43.40685,-20.17914],[-43.40873,-20.1797],[-43.41037,-20.17982],[-43.40999,-20.17821],[-43.41092,-20.17818],[-43.41173,-20.17757],[-43.41273,-20.17787],[-43.41369,-20.17745],[-43.41462,-20.17756],[-43.41551,-20.17852],[-43.41631,-20.17861],[-43.41736,-20.17838],[-43.41818,-20.17856],[-43.41816,-20.17927],[-43.4174,-20.18034],[-43.41696,-20.18182],[-43.4171,-20.1827],[-43.41781,-20.18281],[-43.41751,-20.18354],[-43.41818,-20.18382],[-43.41792,-20.18421],[-43.41828,-20.18571],[-43.41797,-20.18593],[-43.41804,-20.18645],[-43.41869,-20.18746],[-43.41748,-20.18729],[-43.41711,-20.18752],[-43.41813,-20.18818],[-43.41866,-20.18888],[-43.41951,-20.1893],[-43.41947,-20.19108],[-43.41921,-20.19146],[-43.41971,-20.19221],[-43.42011,-20.19247],[-43.41988,-20.19306],[-43.41949,-20.19329],[-43.41938,-20.1932],[-43.41919,-20.19392],[-43.42021,-20.19429],[-43.42031,-20.19493],[-43.42132,-20.19578],[-43.42288,-20.19643],[-43.42443,-20.19775],[-43.42502,-20.19896],[-43.42457,-20.20018],[-43.42506,-20.20121],[-43.42519,-20.20198],[-43.42559,-20.20233],[-43.42631,-20.20258],[-43.42649,-20.20288],[-43.42622,-20.20348],[-43.42661,-20.20457],[-43.42832,-20.20568],[-43.42847,-20.20627],[-43.42799,-20.20812],[-43.42758,-20.20853],[-43.42598,-20.20904],[-43.42519,-20.20968],[-43.42481,-20.21037],[-43.42406,-20.21071],[-43.42267,-20.20969],[-43.422,-20.20963],[-43.42093,-20.21059],[-43.41982,-20.21115],[-43.41941,-20.21202],[-43.41883,-20.21268],[-43.41781,-20.21295],[-43.418,-20.21418],[-43.41749,-20.21597],[-43.41662,-20.21747],[-43.4162,-20.21777],[-43.41585,-20.2189],[-43.41472,-20.2191],[-43.41501,-20.21957],[-43.41499,-20.22061],[-43.41384,-20.22221],[-43.41377,-20.22267],[-43.41485,-20.22382],[-43.41478,-20.22419],[-43.414,-20.22514],[-43.41361,-20.22643],[-43.41395,-20.22833],[-43.41352,-20.22917],[-43.41263,-20.22956],[-43.41237,-20.22988],[-43.41209,-20.2307],[-43.41203,-20.23187],[-43.41236,-20.2322],[-43.41282,-20.23209],[-43.41277,-20.23272],[-43.41238,-20.23334],[-43.41132,-20.23397],[-43.41119,-20.23457],[-43.41236,-20.23501],[-43.41316,-20.23572],[-43.41433,-20.23572],[-43.41457,-20.23421],[-43.41432,-20.23329],[-43.41692,-20.23234],[-43.41778,-20.23104],[-43.41788,-20.23052],[-43.41825,-20.23047],[-43.41864,-20.23067]]]}}]}