{"type":"FeatureCollection","features":[{"id":"0","type":"Feature","properties":{"bairro":"Laranjeiras","distrito":"Betim","regiao":"Imbiruçu"},"geometry":{"type":"Polygon","coordinates":[[[-44.13628,-19.94517],[-44.13372,-19.94388],[-44.1315,-19.94384],[-44.12863,-19.94324],[-44.12755,-19.94239],[-44.12485,-19.9391],[-44.12316,-19.93801],[-44.12193,-19.93984],[-44.12186,-19.94014],[-44.12233,-19.94043],[-44.12153,-19.94155],[-44.1206,-19.94558],[-44.125,-19.94806],[-44.12725,-19.94819],[-44.1294,-19.94886],[-44.13383,-19.94878],[-44.13515,-19.94927],[-44.13618,-19.95053],[-44.137,-19.94993],[-44.13689,-19.94979],[-44.13837,-19.94887],[-44.13628,-19.94517]]]}},{"id":"1","type":"Feature","properties":{"bairro":"D. I. Jardim Piemonte / Sul","distrito":"Betim","regiao":"PTB"},"geometry":{"type":"Polygon","coordinates":[[[-44.06945,-19.95896],[-44.06976,-19.96024],[-44.07046,-19.96055],[-44.07097,-19.96119],[-44.0714,-19.96266],[-44.0728,-19.9634],[-44.07568,-19.96734],[-44.07765,-19.96823],[-44.07883,-19.9684],[-44.07965,-19.96802],[-44.08036,-19.96638],[-44.08051,-19.96539],[-44.08078,-19.96515],[-44.08151,-19.96672],[-44.08706,-19.96773],[-44.09115,-19.95871],[-44.08959,-19.95927],[-44.0822,-19.9597],[-44.08114,-19.95921],[-44.07957,-19.9578],[-44.07864,-19.95752],[-44.07429,-19.95889],[-44.06945,-19.95896]]]}},{"id":"2","type":"Feature","properties":{"bairro":"Chácara Várzea das Flores","distrito":"Betim","regiao":"Norte"},"geometry":{"type":"Polygon","coordinates":[[[-44.17655,-19.9129],[-44.17796,-19.91518],[-44.17832,-19.9152],[-44.17912,-19.91611],[-44.17913,-19.91691],[-44.17943,-19.91744],[-44.17923,-19.91818],[-44.17844,-19.91873],[-44.17843,-19.91897],[-44.17873,-19.91885],[-44.17869,-19.9191],[-44.17784,-19.91998],[-44.17949,-19.92053],[-44.18067,-19.92417],[-44.18137,-19.92386],[-44.18231,-19.92386],[-44.18397,-19.92306],[-44.18443,-19.92114],[-44.18396,-19.9202],[-44.18383,-19.91916],[-44.18461,-19.91872],[-44.18502,-19.91664],[-44.18624,-19.91576],[-44.18649,-19.91513],[-44.18693,-19.91511],[-44.18744,-19.91394],[-44.18857,-19.91334],[-44.18863,-19.91288],[-44.18922,-19.91307],[-44.18959,-19.91288],[-44.18996,-19.91183],[-44.18965,-19.91075],[-44.18896,-19.91052],[-44.18871,-19.91083],[-44.1875,-19.91059],[-44.18721,-19.91175],[-44.18637,-19.91234],[-44.18515,-19.91186],[-44.18354,-19.91045],[-44.18231,-19.9101],[-44.17655,-19.9129]]]}},{"id":"3","type":"Feature","properties":{"bairro":"Monte Verde","distrito":"Betim","regiao":"Sede"},"geometry":{"type":"Polygon","coordinates":[[[-44.17777,-19.97677],[-44.17766,-19.97355],[-44.17839,-19.97363],[-44.17843,-19.97285],[-44.17725,-19.97147],[-44.17503,-19.9708],[-44.17418,-19.97139],[-44.17376,-19.97242],[-44.17364,-19.97369],[-44.17128,-19.9751],[-44.1711,-19.97667],[-44.17036,-19.97819],[-44.16705,-19.97725],[-44.16638,-19.97811],[-44.16648,-19.97831],[-44.16558,-19.9793],[-44.16509,-19.97858],[-44.16283,-19.98151],[-44.16947,-19.98625],[-44.17072,-19.98654],[-44.1754,-19.9868],[-44.17548,-19.98604],[-44.17599,-19.98538],[-44.17707,-19.98469],[-44.17698,-19.98364],[-44.17638,-19.98208],[-44.17641,-19.98117],[-44.17824,-19.97994],[-44.17993,-19.97789],[-44.17964,-19.97675],[-44.17777,-19.97677]]]}},{"id":"4","type":"Feature","properties":{"bairro":"Pingo D'Água","distrito":"Betim","regiao":"Vianópolis"},"geometry":{"type":"Polygon","coordinates":[[[-44.23037,-19.97037],[-44.22691,-19.97144],[-44.22568,-19.97425],[-44.22532,-19.97432],[-44.22551,-19.97498],[-44.22511,-19.97659],[-44.22602,-19.97703],[-44.22652,-19.97788],[-44.22652,-19.97872],[-44.22614,-19.97976],[-44.22636,-19.98012],[-44.23245,-19.98263],[-44.2396,-19.9842],[-44.24115,-19.98432],[-44.24341,-19.98375],[-44.26395,-19.97331],[-44.26638,-19.97303],[-44.27072,-19.97401],[-44.27464,-19.97345],[-44.27607,-19.97304],[-44.27631,-19.97067],[-44.27701,-19.96956],[-44.27929,-19.96727],[-44.27681,-19.9676],[-44.27601,-19.96755],[-44.27572,-19.96726],[-44.27477,-19.96915],[-44.27386,-19.96955],[-44.27335,-19.97057],[-44.2726,-19.97048],[-44.27199,-19.97077],[-44.27207,-19.97204],[-44.27187,-19.97267],[-44.27137,-19.97285],[-44.27074,-19.9727],[-44.27111,-19.97152],[-44.27099,-19.97127],[-44.27005,-19.9713],[-44.26936,-19.97084],[-44.26929,-19.97048],[-44.26966,-19.97012],[-44.26965,-19.96974],[-44.26796,-19.96989],[-44.26817,-19.96878],[-44.26729,-19.96892],[-44.26677,-19.96812],[-44.26613,-19.96778],[-44.26572,-19.96843],[-44.26551,-19.96843],[-44.26511,-19.96779],[-44.26299,-19.96796],[-44.2622,-19.96753],[-44.2621,-19.96772],[-44.26256,-19.96843],[-44.26205,-19.9688],[-44.26172,-19.96971],[-44.26116,-19.96991],[-44.26133,-19.97061],[-44.26083,-19.97113],[-44.26092,-19.97349],[-44.25989,-19.97435],[-44.25915,-19.97434],[-44.25788,-19.97493],[-44.25757,-19.97542],[-44.25608,-19.97497],[-44.25538,-19.97426],[-44.25477,-19.97497],[-44.25396,-19.97473],[-44.25332,-19.97488],[-44.25321,-19.97325],[-44.25354,-19.97226],[-44.25306,-19.97159],[-44.25219,-19.97147],[-44.25231,-19.97064],[-44.25157,-19.97022],[-44.25199,-19.96944],[-44.25083,-19.96967],[-44.25016,-19.96798],[-44.25004,-19.96685],[-44.24853,-19.96676],[-44.24813,-19.96638],[-44.2472,-19.96643],[-44.24645,-19.96528],[-44.24553,-19.96602],[-44.24435,-19.9652],[-44.24398,-19.96553],[-44.24396,-19.96607],[-44.24285,-19.96575],[-44.24214,-19.96589],[-44.24226,-19.96672],[-44.2411,-19.96697],[-44.23999,-19.96761],[-44.2393,-19.96767],[-44.23919,-19.96806],[-44.2386,-19.96806],[-44.23864,-19.96853],[-44.23773,-19.96826],[-44.23737,-19.96855],[-44.23742,-19.96902],[-44.23672,-19.96889],[-44.2361,-19.9684],[-44.23544,-19.96869],[-44.2348,-19.96728],[-44.23386,-19.96768],[-44.23264,-19.96742],[-44.2317,-19.9681],[-44.23168,-19.96852],[-44.23087,-19.96881],[-44.22977,-19.96876],[-44.2294,-19.96967],[-44.23026,-19.97013],[-44.23037,-19.97037]]]}},{"id":"5","type":"Feature","properties":{"bairro":"Niterói","distrito":"Betim","regiao":"Alterosas"},"geometry":{"type":"Polygon","coordinates":[[[-44.17194,-19.94864],[-44.17027,-19.94936],[-44.17243,-19.95052],[-44.17574,-19.95126],[-44.17698,-19.95186],[-44.17766,-19.95254],[-44.17896,-19.95294],[-44.17926,-19.95115],[-44.17901,-19.95104],[-44.18194,-19.94748],[-44.18094,-19.94553],[-44.18128,-19.9446],[-44.18024,-19.94298],[-44.18148,-19.93861],[-44.18019,-19.93834],[-44.17874,-19.93861],[-44.17753,-19.93812],[-44.17633,-19.93967],[-44.17701,-19.94009],[-44.17648,-19.94019],[-44.17543,-19.94153],[-44.17337,-19.94587],[-44.17312,-19.9458],[-44.17258,-19.94762],[-44.17193,-19.9483],[-44.17194,-19.94864]]]}},{"id":"6","type":"Feature","properties":{"bairro":"Residencial Montserrat","distrito":"Betim","regiao":"Vianópolis"},"geometry":{"type":"Polygon","coordinates":[[[-44.24136,-19.95677],[-44.2418,-19.95617],[-44.24281,-19.95573],[-44.24397,-19.9548],[-44.24456,-19.95404],[-44.24646,-19.95334],[-44.2479,-19.95338],[-44.24859,-19.95459],[-44.24884,-19.95593],[-44.2549,-19.95369],[-44.25472,-19.95287],[-44.25493,-19.95167],[-44.25463,-19.9505],[-44.25488,-19.95],[-44.25481,-19.94947],[-44.25362,-19.94854],[-44.25214,-19.94821],[-44.25109,-19.94834],[-44.25032,-19.94815],[-44.24999,-19.94783],[-44.24998,-19.94482],[-44.24955,-19.94327],[-44.24901,-19.94303],[-44.24778,-19.94317],[-44.24651,-19.94277],[-44.24589,-19.94181],[-44.24208,-19.94028],[-44.24117,-19.94116],[-44.2403,-19.9411],[-44.23978,-19.94224],[-44.2403,-19.9439],[-44.23984,-19.94868],[-44.23877,-19.95222],[-44.23964,-19.95418],[-44.23927,-19.95436],[-44.24016,-19.95616],[-44.24136,-19.95677]]]}},{"id":"7","type":"Feature","properties":{"bairro":"Centro","distrito":"Betim","regiao":"Sede"},"geometry":{"type":"Polygon","coordinates":[[[-44.19812,-19.97297],[-44.20184,-19.96859],[-44.20322,-19.96974],[-44.20386,-19.96875],[-44.20507,-19.96862],[-44.20639,-19.96775],[-44.20025,-19.96378],[-44.19888,-19.96372],[-44.1979,-19.9645],[-44.19739,-19.96458],[-44.19628,-19.96399],[-44.19457,-19.96364],[-44.1939,-19.96318],[-44.1921,-19.96595],[-44.19212,-19.96741],[-44.19166,-19.96911],[-44.19157,-19.97138],[-44.19054,-19.97368],[-44.19034,-19.97504],[-44.19669,-19.97561],[-44.19747,-19.97462],[-44.19812,-19.97297]]]}},{"id":"8","type":"Feature","properties":{"bairro":"Califórnia","distrito":"Betim","regiao":"Vianópolis"},"geometry":{"type":"Polygon","coordinates":[[[-44.26117,-19.90975],[-44.26189,-19.91133],[-44.26211,-19.91271],[-44.26256,-19.9132],[-44.26342,-19.9155],[-44.26328,-19.91654],[-44.26277,-19.91775],[-44.26318,-19.91862],[-44.26928,-19.91758],[-44.27139,-19.91644],[-44.27126,-19.91572],[-44.27173,-19.9103],[-44.2694,-19.9103],[-44.2687,-19.90826],[-44.26302,-19.90815],[-44.26117,-19.90975]]]}},{"id":"9","type":"Feature","properties":{"bairro":"Jardim Casa Branca","distrito":"Betim","regiao":"Sede"},"geometry":{"type":"Polygon","coordinates":[[[-44.18897,-19.97994],[-44.19119,-19.98023],[-44.19198,-19.97859],[-44.19206,-19.97718],[-44.19281,-19.97606],[-44.19302,-19.97521],[-44.18676,-19.97465],[-44.18667,-19.97487],[-44.18776,-19.97551],[-44.1868,-19.97634],[-44.18612,-19.97915],[-44.18443,-19.98015],[-44.18428,-19.98053],[-44.18481,-19.9815],[-44.18618,-19.9822],[-44.18669,-19.98417],[-44.18735,-19.9853],[-44.18897,-19.97994]]]}},{"id":"10","type":"Feature","properties":{"bairro":"Alto das Flores","distrito":"Betim","regiao":"Norte"},"geometry":{"type":"Polygon","coordinates":[[[-44.18849,-19.93253],[-44.18527,-19.93115],[-44.18221,-19.93342],[-44.1813,-19.93705],[-44.18291,-19.93709],[-44.18345,-19.93733],[-44.18677,-19.94084],[-44.18767,-19.94],[-44.18763,-19.93967],[-44.18891,-19.93719],[-44.18904,-19.93644],[-44.18967,-19.93571],[-44.18993,-19.93475],[-44.19078,-19.93414],[-44.18959,-19.93369],[-44.18849,-19.93253]]]}},{"id":"11","type":"Feature","properties":{"bairro":"Vila Boa Esperança","distrito":"Betim","regiao":"Teresópolis"},"geometry":{"type":"Polygon","coordinates":[[[-44.10517,-19.95052],[-44.10697,-19.94899],[-44.10785,-19.94875],[-44.10724,-19.94809],[-44.10534,-19.94788],[-44.10375,-19.94831],[-44.10156,-19.94955],[-44.10099,-19.95022],[-44.10103,-19.95096],[-44.09926,-19.95111],[-44.09982,-19.95323],[-44.1036,-19.95344],[-44.10345,-19.95192],[-44.1046,-19.95183],[-44.10517,-19.95052]]]}},{"id":"12","type":"Feature","properties":{"bairro":"Filadélfia","distrito":"Betim","regiao":"Sede"},"geometry":{"type":"Polygon","coordinates":[[[-44.17917,-19.9668],[-44.18499,-19.97379],[-44.18574,-19.97437],[-44.19034,-19.97504],[-44.19054,-19.97368],[-44.19157,-19.97138],[-44.19166,-19.96911],[-44.19212,-19.96741],[-44.1921,-19.96595],[-44.19302,-19.9645],[-44.18995,-19.96382],[-44.18884,-19.96384],[-44.18283,-19.96597],[-44.18097,-19.96632],[-44.17615,-19.9656],[-44.17789,-19.96605],[-44.17917,-19.9668]]]}},{"id":"13","type":"Feature","properties":{"bairro":"São Luiz","distrito":"Betim","regiao":"Imbiruçu"},"geometry":{"type":"Polygon","coordinates":[[[-44.12739,-19.93503],[-44.12976,-19.93377],[-44.13259,-19.93346],[-44.13289,-19.93325],[-44.13278,-19.93202],[-44.1317,-19.93017],[-44.1318,-19.92826],[-44.13138,-19.92657],[-44.12935,-19.92671],[-44.12948,-19.92746],[-44.12733,-19.92678],[-44.12751,-19.92698],[-44.12719,-19.92737],[-44.12734,-19.92755],[-44.12696,-19.92801],[-44.12622,-19.9304],[-44.12505,-19.9329],[-44.12436,-19.93266],[-44.12384,-19.93406],[-44.12182,-19.93555],[-44.12279,-19.93734],[-44.12393,-19.93666],[-44.12638,-19.93588],[-44.12739,-19.93503]]]}},{"id":"14","type":"Feature","properties":{"bairro":"Guarujá Mansões","distrito":"Betim","regiao":"Sede"},"geometry":{"type":"Polygon","coordinates":[[[-44.22367,-19.95065],[-44.22366,-19.95044],[-44.22163,-19.94933],[-44.22018,-19.94942],[-44.21942,-19.94981],[-44.21923,-19.95039],[-44.21842,-19.95067],[-44.21796,-19.95138],[-44.2175,-19.95162],[-44.21729,-19.9523],[-44.21744,-19.95295],[-44.21711,-19.95327],[-44.21731,-19.95365],[-44.2165,-19.95447],[-44.21556,-19.95496],[-44.21534,-19.95585],[-44.21439,-19.95663],[-44.21375,-19.95655],[-44.21342,-19.95618],[-44.21289,-19.95633],[-44.21237,-19.95688],[-44.21164,-19.95702],[-44.21204,-19.95815],[-44.21202,-19.95946],[-44.21477,-19.96023],[-44.215,-19.95993],[-44.21585,-19.95991],[-44.21653,-19.95991],[-44.21676,-19.96021],[-44.21846,-19.9602],[-44.21858,-19.96055],[-44.21775,-19.96154],[-44.21879,-19.96294],[-44.21903,-19.96372],[-44.22004,-19.96187],[-44.22174,-19.96059],[-44.22198,-19.95693],[-44.22311,-19.95537],[-44.22381,-19.95333],[-44.22578,-19.95205],[-44.22703,-19.95031],[-44.22771,-19.94978],[-44.229,-19.94948],[-44.23112,-19.94996],[-44.23201,-19.94955],[-44.232,-19.94916],[-44.23135,-19.94911],[-44.23125,-19.94883],[-44.2308,-19.9489],[-44.23084,-19.94863],[-44.2303,-19.94868],[-44.23042,-19.94847],[-44.22899,-19.94834],[-44.22813,-19.94869],[-44.22746,-19.94954],[-44.22609,-19.94888],[-44.22513,-19.95003],[-44.22408,-19.95028],[-44.22395,-19.95061],[-44.22367,-19.95065]]]}},{"id":"15","type":"Feature","properties":{"bairro":"Cidade Verde","distrito":"Betim","regiao":"Sede"},"geometry":{"type":"Polygon","coordinates":[[[-44.19473,-19.98918],[-44.19722,-19.98777],[-44.20306,-19.98586],[-44.19934,-19.97642],[-44.1982,-19.97578],[-44.19302,-19.97521],[-44.19281,-19.97606],[-44.19206,-19.97718],[-44.19198,-19.97859],[-44.19119,-19.98023],[-44.18897,-19.97994],[-44.18711,-19.98615],[-44.18654,-19.98698],[-44.18557,-19.98763],[-44.19076,-19.9898],[-44.19261,-19.98983],[-44.19473,-19.98918]]]}},{"id":"16","type":"Feature","properties":{"bairro":"Dom Bosco","distrito":"Betim","regiao":"Alterosas"},"geometry":{"type":"Polygon","coordinates":[[[-44.15525,-19.95264],[-44.15369,-19.952],[-44.1524,-19.95287],[-44.14998,-19.95471],[-44.14976,-19.95552],[-44.15,-19.95623],[-44.15466,-19.95983],[-44.16104,-19.96157],[-44.1613,-19.96063],[-44.16087,-19.95991],[-44.1608,-19.95913],[-44.16255,-19.95733],[-44.16209,-19.95735],[-44.15835,-19.95106],[-44.15525,-19.95264]]]}},{"id":"17","type":"Feature","properties":{"bairro":"Citrolândia","distrito":"Betim","regiao":"Citrolândia"},"geometry":{"type":"Polygon","coordinates":[[[-44.2233,-20.03478],[-44.22272,-20.03562],[-44.22282,-20.03712],[-44.22349,-20.03808],[-44.22405,-20.0382],[-44.22441,-20.03856],[-44.22608,-20.03713],[-44.22724,-20.03676],[-44.23011,-20.03741],[-44.23233,-20.03694],[-44.23449,-20.03767],[-44.2337,-20.03679],[-44.23394,-20.03596],[-44.23299,-20.03553],[-44.232,-20.0343],[-44.23263,-20.03387],[-44.23247,-20.03326],[-44.23193,-20.03293],[-44.23226,-20.03236],[-44.23466,-20.03264],[-44.23479,-20.03134],[-44.23605,-20.03023],[-44.23464,-20.02861],[-44.23167,-20.02593],[-44.23028,-20.02395],[-44.22956,-20.02233],[-44.22926,-20.02242],[-44.2291,-20.02205],[-44.22676,-20.02277],[-44.22598,-20.02067],[-44.224,-20.02249],[-44.22168,-20.02328],[-44.21813,-20.02386],[-44.21562,-20.02583],[-44.215,-20.02496],[-44.21027,-20.03038],[-44.20954,-20.0322],[-44.20848,-20.03176],[-44.20757,-20.03196],[-44.20729,-20.03231],[-44.20624,-20.03239],[-44.20609,-20.03254],[-44.20636,-20.03309],[-44.20606,-20.03382],[-44.20625,-20.03406],[-44.20527,-20.03489],[-44.20559,-20.03543],[-44.20642,-20.03566],[-44.20739,-20.03636],[-44.20763,-20.03698],[-44.20894,-20.03724],[-44.21088,-20.03858],[-44.21123,-20.0385],[-44.21192,-20.03883],[-44.21239,-20.03849],[-44.21264,-20.0376],[-44.21358,-20.03713],[-44.21402,-20.03634],[-44.21599,-20.03692],[-44.21641,-20.03728],[-44.21638,-20.03759],[-44.21785,-20.03805],[-44.21959,-20.03716],[-44.2197,-20.03607],[-44.22021,-20.03546],[-44.22068,-20.03519],[-44.22178,-20.03518],[-44.22219,-20.03473],[-44.22243,-20.0349],[-44.2233,-20.03478]]]}},{"id":"18","type":"Feature","properties":{"bairro":"Morada do Trevo","distrito":"Betim","regiao":"Sede"},"geometry":{"type":"Polygon","coordinates":[[[-44.20004,-19.97847],[-44.20169,-19.98278],[-44.20211,-19.98276],[-44.20501,-19.98168],[-44.20568,-19.98026],[-44.20575,-19.9793],[-44.20368,-19.97725],[-44.20316,-19.97702],[-44.20012,-19.97756],[-44.19988,-19.97763],[-44.20004,-19.97847]]]}},{"id":"19","type":"Feature","properties":{"bairro":"Marimbá","distrito":"Betim","regiao":"Vianópolis"},"geometry":{"type":"Polygon","coordinates":[[[-44.27476,-19.92828],[-44.27628,-19.92638],[-44.27761,-19.9258],[-44.28075,-19.92206],[-44.28236,-19.92213],[-44.28235,-19.92113],[-44.2829,-19.91978],[-44.28523,-19.91897],[-44.28602,-19.9179],[-44.28725,-19.9171],[-44.28907,-19.91666],[-44.28888,-19.9155],[-44.28825,-19.91449],[-44.28842,-19.91395],[-44.28817,-19.91324],[-44.28729,-19.91312],[-44.288,-19.91264],[-44.28769,-19.91237],[-44.28635,-19.91159],[-44.28366,-19.91058],[-44.28254,-19.91062],[-44.27831,-19.91359],[-44.27726,-19.91463],[-44.27514,-19.91567],[-44.27156,-19.91667],[-44.27234,-19.91747],[-44.27251,-19.91808],[-44.2715,-19.92033],[-44.27087,-19.92537],[-44.26887,-19.92794],[-44.26869,-19.92875],[-44.27109,-19.93469],[-44.27145,-19.93501],[-44.27275,-19.93526],[-44.27328,-19.93597],[-44.27435,-19.93473],[-44.27501,-19.93437],[-44.27426,-19.93337],[-44.27401,-19.93264],[-44.27433,-19.93246],[-44.27436,-19.93206],[-44.2738,-19.93118],[-44.27427,-19.93074],[-44.27512,-19.9289],[-44.27472,-19.92869],[-44.27476,-19.92828]]]}},{"id":"20","type":"Feature","properties":{"bairro":"Parque Industrial de Betim","distrito":"Betim","regiao":"Citrolândia"},"geometry":{"type":"Polygon","coordinates":[[[-44.25708,-19.99518],[-44.25687,-19.99749],[-44.25636,-19.99884],[-44.2568,-20.00079],[-44.25675,-20.00326],[-44.25711,-20.00365],[-44.25741,-20.00381],[-44.25765,-20.00339],[-44.25858,-20.00279],[-44.26443,-20.00014],[-44.26528,-19.99999],[-44.26582,-20.00013],[-44.26648,-20.00089],[-44.26731,-20.00398],[-44.26797,-20.00423],[-44.27032,-20.00392],[-44.27119,-20.00124],[-44.27155,-19.99841],[-44.27127,-19.99731],[-44.27015,-19.99575],[-44.27057,-19.99476],[-44.27107,-19.99185],[-44.27184,-19.98923],[-44.27323,-19.98684],[-44.27506,-19.98233],[-44.27497,-19.98163],[-44.27414,-19.9807],[-44.27218,-19.98042],[-44.27228,-19.97989],[-44.27203,-19.97981],[-44.27339,-19.97791],[-44.27655,-19.97483],[-44.27698,-19.97385],[-44.27689,-19.9729],[-44.27072,-19.97401],[-44.26638,-19.97303],[-44.26395,-19.97331],[-44.24388,-19.98352],[-44.24211,-19.9842],[-44.23986,-19.98425],[-44.23217,-19.98254],[-44.23046,-19.98439],[-44.23009,-19.98564],[-44.22888,-19.99356],[-44.23469,-19.99149],[-44.23514,-19.99067],[-44.23802,-19.99284],[-44.23811,-19.9935],[-44.23854,-19.99373],[-44.23699,-19.99463],[-44.23395,-19.99704],[-44.23418,-19.99806],[-44.23373,-19.99902],[-44.23033,-20.00097],[-44.22997,-20.00167],[-44.23048,-20.00156],[-44.2279,-20.00722],[-44.22946,-20.00688],[-44.23047,-20.00731],[-44.23226,-20.00688],[-44.23361,-20.00599],[-44.2355,-20.006],[-44.23703,-20.0069],[-44.2376,-20.00815],[-44.23787,-20.00959],[-44.23973,-20.01047],[-44.24034,-20.0114],[-44.24072,-20.0113],[-44.24234,-20.00873],[-44.24283,-20.0064],[-44.24403,-20.00356],[-44.24493,-20.00216],[-44.24516,-20.00118],[-44.24538,-19.99976],[-44.24521,-19.99918],[-44.24473,-19.99875],[-44.24388,-19.99566],[-44.24584,-19.99596],[-44.24632,-19.99532],[-44.24648,-19.99462],[-44.24736,-19.99511],[-44.24887,-19.99684],[-44.24882,-19.99774],[-44.25154,-19.99739],[-44.2521,-19.99762],[-44.25253,-19.99818],[-44.25377,-19.99689],[-44.25708,-19.99518]]]}},{"id":"21","type":"Feature","properties":{"bairro":"Casa Amarela","distrito":"Betim","regiao":"Citrolândia"},"geometry":{"type":"Polygon","coordinates":[[[-44.22032,-20.01249],[-44.22287,-20.01648],[-44.22475,-20.01747],[-44.22471,-20.01575],[-44.22429,-20.01461],[-44.22512,-20.01373],[-44.22411,-20.01313],[-44.22643,-20.01006],[-44.22629,-20.00875],[-44.2257,-20.00699],[-44.2279,-20.00722],[-44.23048,-20.00156],[-44.22997,-20.00167],[-44.23094,-19.99873],[-44.22402,-19.9951],[-44.22408,-19.99583],[-44.2237,-19.99622],[-44.22196,-19.99672],[-44.22145,-19.99725],[-44.21742,-19.99972],[-44.2171,-19.99974],[-44.21407,-19.99789],[-44.2123,-19.99767],[-44.21165,-19.99674],[-44.21093,-19.99644],[-44.21,-19.99635],[-44.20953,-19.99662],[-44.21057,-19.99851],[-44.21297,-20.00406],[-44.22032,-20.01249]]]}},{"id":"22","type":"Feature","properties":{"bairro":"Quintas dos Godoy","distrito":"Betim","regiao":"Vianópolis"},"geometry":{"type":"Polygon","coordinates":[[[-44.24489,-19.93416],[-44.24581,-19.93138],[-44.24286,-19.93084],[-44.2374,-19.92868],[-44.23345,-19.93239],[-44.23157,-19.93562],[-44.23157,-19.93617],[-44.23064,-19.93792],[-44.23289,-19.93688],[-44.23361,-19.93685],[-44.23622,-19.9381],[-44.23588,-19.93903],[-44.23595,-19.94018],[-44.24063,-19.93999],[-44.24208,-19.94028],[-44.24375,-19.9389],[-44.24428,-19.93783],[-44.24499,-19.93525],[-44.24581,-19.93523],[-44.24489,-19.93416]]]}},{"id":"23","type":"Feature","properties":{"bairro":"Senhora das Graças","distrito":"Betim","regiao":"Norte"},"geometry":{"type":"Polygon","coordinates":[[[-44.19232,-19.94484],[-44.19457,-19.94592],[-44.19634,-19.9464],[-44.19803,-19.94233],[-44.19533,-19.9373],[-44.19423,-19.93631],[-44.19218,-19.93557],[-44.19078,-19.93414],[-44.18993,-19.93475],[-44.18967,-19.93571],[-44.18904,-19.93644],[-44.18891,-19.93719],[-44.18763,-19.93967],[-44.18767,-19.94],[-44.18677,-19.94084],[-44.18794,-19.94523],[-44.18871,-19.94647],[-44.19136,-19.94509],[-44.19232,-19.94484]]]}},{"id":"24","type":"Feature","properties":{"bairro":"Recanto da Serra","distrito":"Betim","regiao":"Norte"},"geometry":{"type":"Polygon","coordinates":[[[-44.19897,-19.8376],[-44.19874,-19.8388],[-44.19888,-19.84021],[-44.19862,-19.84113],[-44.19899,-19.84147],[-44.19991,-19.84343],[-44.20005,-19.84483],[-44.20182,-19.84773],[-44.20297,-19.85039],[-44.20349,-19.84955],[-44.20367,-19.84711],[-44.20484,-19.84634],[-44.20515,-19.84353],[-44.20632,-19.84249],[-44.20608,-19.84241],[-44.20625,-19.84166],[-44.20591,-19.83996],[-44.20595,-19.83892],[-44.20554,-19.8379],[-44.206,-19.83762],[-44.2079,-19.83977],[-44.20993,-19.8386],[-44.20964,-19.83806],[-44.20656,-19.83524],[-44.20696,-19.83477],[-44.20693,-19.83457],[-44.20655,-19.83451],[-44.20358,-19.83457],[-44.20034,-19.83632],[-44.19897,-19.8376]]]}},{"id":"25","type":"Feature","properties":{"bairro":"Santa Izabel","distrito":"Betim","regiao":"Citrolândia"},"geometry":{"type":"Polygon","coordinates":[[[-44.21857,-20.04246],[-44.22273,-20.04071],[-44.22441,-20.03856],[-44.22405,-20.0382],[-44.22349,-20.03808],[-44.22282,-20.03712],[-44.22272,-20.03562],[-44.2233,-20.03478],[-44.22243,-20.0349],[-44.22219,-20.03473],[-44.22178,-20.03518],[-44.22068,-20.03519],[-44.22021,-20.03546],[-44.2197,-20.03607],[-44.21959,-20.03716],[-44.21785,-20.03805],[-44.21638,-20.03759],[-44.21641,-20.03728],[-44.21599,-20.03692],[-44.21402,-20.03634],[-44.21358,-20.03713],[-44.21264,-20.0376],[-44.21239,-20.03849],[-44.21192,-20.03883],[-44.21123,-20.0385],[-44.21088,-20.03858],[-44.20894,-20.03724],[-44.20802,-20.0372],[-44.20763,-20.03698],[-44.20739,-20.03636],[-44.20642,-20.03566],[-44.20566,-20.03546],[-44.20561,-20.03573],[-44.20602,-20.03612],[-44.20688,-20.03822],[-44.20676,-20.03931],[-44.20782,-20.04142],[-44.20602,-20.04112],[-44.20385,-20.04122],[-44.2021,-20.04011],[-44.20155,-20.03999],[-44.20031,-20.04051],[-44.19853,-20.04261],[-44.19692,-20.04604],[-44.19727,-20.04813],[-44.19678,-20.04933],[-44.19474,-20.05129],[-44.19526,-20.05178],[-44.19574,-20.05174],[-44.1975,-20.04938],[-44.19858,-20.04865],[-44.20016,-20.04815],[-44.20052,-20.04539],[-44.20106,-20.04406],[-44.20195,-20.043],[-44.20308,-20.04259],[-44.2049,-20.0425],[-44.20577,-20.04283],[-44.20613,-20.04346],[-44.20645,-20.04373],[-44.20669,-20.04363],[-44.20848,-20.0465],[-44.21055,-20.04792],[-44.21223,-20.04837],[-44.2151,-20.04813],[-44.21855,-20.04873],[-44.21906,-20.04819],[-44.21901,-20.04768],[-44.21833,-20.04672],[-44.21549,-20.04426],[-44.21508,-20.0427],[-44.21521,-20.04219],[-44.21577,-20.04178],[-44.21768,-20.04251],[-44.21857,-20.04246]]]}},{"id":"26","type":"Feature","properties":{"bairro":"Vila Cristina / C.H. Celso A. Pedra","distrito":"Betim","regiao":"Imbiruçu"},"geometry":{"type":"Polygon","coordinates":[[[-44.1401,-19.93027],[-44.13526,-19.9292],[-44.13404,-19.92843],[-44.13268,-19.9271],[-44.13138,-19.92657],[-44.1318,-19.92826],[-44.1317,-19.93017],[-44.13278,-19.93202],[-44.13289,-19.93325],[-44.13259,-19.93346],[-44.13074,-19.93362],[-44.13088,-19.93706],[-44.12753,-19.93913],[-44.12613,-19.93973],[-44.1253,-19.93967],[-44.12808,-19.94291],[-44.12976,-19.94358],[-44.13334,-19.94385],[-44.13394,-19.94129],[-44.13412,-19.94126],[-44.13577,-19.94111],[-44.13608,-19.9415],[-44.13791,-19.94224],[-44.13855,-19.94372],[-44.13936,-19.94468],[-44.14015,-19.94491],[-44.14033,-19.94523],[-44.14021,-19.94711],[-44.14082,-19.94832],[-44.14204,-19.94968],[-44.1432,-19.95153],[-44.14317,-19.95185],[-44.14387,-19.95232],[-44.14814,-19.94834],[-44.14958,-19.94781],[-44.1476,-19.94526],[-44.14753,-19.94235],[-44.14719,-19.94146],[-44.1468,-19.94097],[-44.14478,-19.93967],[-44.14425,-19.93894],[-44.14238,-19.93209],[-44.14148,-19.93102],[-44.1401,-19.93027]]]}},{"id":"27","type":"Feature","properties":{"bairro":"Açude","distrito":"Betim","regiao":"Vianópolis"},"geometry":{"type":"Polygon","coordinates":[[[-44.23595,-19.94018],[-44.23588,-19.93903],[-44.23622,-19.9381],[-44.2341,-19.937],[-44.23322,-19.93683],[-44.23064,-19.93792],[-44.23157,-19.93617],[-44.23152,-19.93576],[-44.23074,-19.93529],[-44.22988,-19.93526],[-44.23015,-19.93644],[-44.22949,-19.93674],[-44.22959,-19.9377],[-44.22903,-19.9377],[-44.22868,-19.93731],[-44.22836,-19.93742],[-44.22839,-19.93843],[-44.22786,-19.9386],[-44.22673,-19.93971],[-44.2272,-19.94015],[-44.22675,-19.94032],[-44.22602,-19.94151],[-44.22674,-19.94206],[-44.22783,-19.94209],[-44.22826,-19.94186],[-44.22855,-19.94208],[-44.22867,-19.94246],[-44.22742,-19.94402],[-44.2273,-19.94448],[-44.22753,-19.94473],[-44.22848,-19.94473],[-44.22897,-19.94508],[-44.22905,-19.94673],[-44.22935,-19.94695],[-44.22939,-19.94752],[-44.23018,-19.94821],[-44.23005,-19.94845],[-44.23042,-19.94847],[-44.2303,-19.94868],[-44.23084,-19.94863],[-44.2308,-19.9489],[-44.23125,-19.94883],[-44.23135,-19.94911],[-44.232,-19.94916],[-44.23211,-19.95017],[-44.23156,-19.95072],[-44.23206,-19.95249],[-44.23301,-19.95398],[-44.23478,-19.95541],[-44.23617,-19.95725],[-44.23627,-19.95837],[-44.23599,-19.95946],[-44.23662,-19.95973],[-44.23624,-19.9604],[-44.23659,-19.96051],[-44.23699,-19.96127],[-44.23778,-19.96164],[-44.23857,-19.96124],[-44.23886,-19.96187],[-44.2395,-19.96237],[-44.24071,-19.96267],[-44.2417,-19.96241],[-44.24244,-19.96146],[-44.24127,-19.96067],[-44.24086,-19.95997],[-44.24073,-19.95888],[-44.24136,-19.95677],[-44.24016,-19.95616],[-44.23927,-19.95436],[-44.23964,-19.95418],[-44.23877,-19.95222],[-44.23984,-19.94868],[-44.2403,-19.9439],[-44.23978,-19.94224],[-44.2403,-19.9411],[-44.24117,-19.94116],[-44.24208,-19.94028],[-44.24063,-19.93999],[-44.23595,-19.94018]]]}},{"id":"28","type":"Feature","properties":{"bairro":"C. H. José Gomes de Castro","distrito":"Betim","regiao":"PTB"},"geometry":{"type":"Polygon","coordinates":[[[-44.15348,-19.98233],[-44.1535,-19.98182],[-44.15424,-19.98102],[-44.15335,-19.98042],[-44.1516,-19.97999],[-44.15068,-19.98144],[-44.14974,-19.98108],[-44.14966,-19.98035],[-44.14897,-19.98018],[-44.14897,-19.98141],[-44.14931,-19.98166],[-44.15093,-19.98231],[-44.1515,-19.98216],[-44.15316,-19.98264],[-44.15348,-19.98233]]]}},{"id":"29","type":"Feature","properties":{"bairro":"Riacho III","distrito":"Betim","regiao":"Teresópolis"},"geometry":{"type":"Polygon","coordinates":[[[-44.07377,-19.94921],[-44.07552,-19.94787],[-44.07558,-19.94736],[-44.07639,-19.9464],[-44.07914,-19.94504],[-44.08014,-19.94342],[-44.07969,-19.94305],[-44.07861,-19.94345],[-44.07723,-19.94349],[-44.07717,-19.94372],[-44.07668,-19.94333],[-44.07492,-19.94574],[-44.07298,-19.9476],[-44.07206,-19.94798],[-44.06947,-19.94814],[-44.06971,-19.94846],[-44.07171,-19.94838],[-44.07294,-19.948],[-44.07377,-19.94921]]]}},{"id":"30","type":"Feature","properties":{"bairro":"Teixeirinha","distrito":"Betim","regiao":"Norte"},"geometry":{"type":"Polygon","coordinates":[[[-44.22729,-19.94435],[-44.22864,-19.94227],[-44.22826,-19.94186],[-44.22783,-19.94209],[-44.22674,-19.94206],[-44.22602,-19.94151],[-44.22675,-19.94032],[-44.2272,-19.94015],[-44.22673,-19.93971],[-44.22786,-19.9386],[-44.22839,-19.93843],[-44.22836,-19.93742],[-44.22868,-19.93731],[-44.22903,-19.9377],[-44.22959,-19.9377],[-44.22944,-19.93686],[-44.23015,-19.93644],[-44.23018,-19.9361],[-44.22984,-19.93552],[-44.22978,-19.93469],[-44.229,-19.93435],[-44.22862,-19.93509],[-44.22791,-19.93484],[-44.22757,-19.9339],[-44.22725,-19.93385],[-44.22742,-19.93367],[-44.22705,-19.9332],[-44.22722,-19.93279],[-44.22646,-19.93112],[-44.22593,-19.93069],[-44.225,-19.93089],[-44.22425,-19.93043],[-44.22373,-19.92912],[-44.22317,-19.9287],[-44.2235,-19.92745],[-44.22337,-19.92646],[-44.22246,-19.92629],[-44.22177,-19.92578],[-44.22078,-19.92605],[-44.21975,-19.92814],[-44.21834,-19.92992],[-44.21878,-19.93082],[-44.21855,-19.9323],[-44.2188,-19.93262],[-44.21797,-19.93358],[-44.21792,-19.93411],[-44.21728,-19.934],[-44.216,-19.93482],[-44.21542,-19.9345],[-44.21469,-19.93458],[-44.2135,-19.93561],[-44.21249,-19.93589],[-44.21129,-19.9377],[-44.21125,-19.93916],[-44.21084,-19.94092],[-44.20976,-19.942],[-44.2096,-19.94345],[-44.20884,-19.94451],[-44.20928,-19.94598],[-44.20907,-19.94759],[-44.20778,-19.94818],[-44.20747,-19.94869],[-44.20773,-19.94899],[-44.20669,-19.94972],[-44.20593,-19.95197],[-44.20582,-19.95281],[-44.20734,-19.95358],[-44.20733,-19.9549],[-44.20785,-19.95695],[-44.20817,-19.95715],[-44.21078,-19.95738],[-44.21237,-19.95688],[-44.21289,-19.95633],[-44.21342,-19.95618],[-44.21375,-19.95655],[-44.21439,-19.95663],[-44.21534,-19.95585],[-44.21568,-19.95483],[-44.2165,-19.95447],[-44.21731,-19.95365],[-44.21711,-19.95327],[-44.21744,-19.95295],[-44.21729,-19.9523],[-44.21761,-19.95148],[-44.21796,-19.95138],[-44.21842,-19.95067],[-44.21923,-19.95039],[-44.21942,-19.94981],[-44.22018,-19.94942],[-44.22176,-19.94936],[-44.22366,-19.95044],[-44.22367,-19.95065],[-44.22395,-19.95061],[-44.22408,-19.95028],[-44.22513,-19.95003],[-44.22609,-19.94888],[-44.22746,-19.94954],[-44.2285,-19.94844],[-44.23005,-19.94845],[-44.23018,-19.94821],[-44.22939,-19.94752],[-44.22935,-19.94695],[-44.22905,-19.94673],[-44.22897,-19.94508],[-44.2283,-19.94467],[-44.22753,-19.94473],[-44.22729,-19.94435]]]}},{"id":"31","type":"Feature","properties":{"bairro":"Gentileza","distrito":"Betim","regiao":"Vianópolis"},"geometry":{"type":"Polygon","coordinates":[[[-44.27073,-19.9256],[-44.2715,-19.92033],[-44.27249,-19.91821],[-44.27234,-19.91747],[-44.27139,-19.91644],[-44.26928,-19.91758],[-44.26318,-19.91862],[-44.26277,-19.91775],[-44.26328,-19.91654],[-44.26342,-19.9155],[-44.26256,-19.9132],[-44.26211,-19.91271],[-44.26189,-19.91133],[-44.26117,-19.90975],[-44.26302,-19.90815],[-44.26766,-19.90819],[-44.2687,-19.90826],[-44.2694,-19.9103],[-44.27173,-19.9103],[-44.27134,-19.90825],[-44.27171,-19.90747],[-44.27279,-19.90659],[-44.27056,-19.90496],[-44.2692,-19.90455],[-44.26836,-19.90397],[-44.26734,-19.90278],[-44.2667,-19.90156],[-44.26549,-19.90038],[-44.26449,-19.89992],[-44.26137,-19.90038],[-44.25812,-19.89877],[-44.2571,-19.89769],[-44.25565,-19.89736],[-44.25447,-19.89768],[-44.25367,-19.89763],[-44.25176,-19.90165],[-44.25158,-19.90564],[-44.2494,-19.9054],[-44.2495,-19.9077],[-44.24921,-19.9104],[-44.25033,-19.91199],[-44.25207,-19.91351],[-44.25143,-19.9138],[-44.24968,-19.9154],[-44.24814,-19.91498],[-44.24709,-19.91367],[-44.2467,-19.9139],[-44.24717,-19.9151],[-44.2452,-19.91762],[-44.24326,-19.91919],[-44.24235,-19.92064],[-44.2422,-19.92167],[-44.24517,-19.92295],[-44.24558,-19.92333],[-44.25014,-19.92996],[-44.25555,-19.93319],[-44.25969,-19.93456],[-44.26236,-19.93506],[-44.26341,-19.935],[-44.26483,-19.9341],[-44.26633,-19.93169],[-44.26691,-19.92946],[-44.26874,-19.92893],[-44.26887,-19.92794],[-44.27073,-19.9256]]]}},{"id":"32","type":"Feature","properties":{"bairro":"C. H. Bueno Franco","distrito":"Betim","regiao":"Alterosas"},"geometry":{"type":"Polygon","coordinates":[[[-44.18128,-19.9446],[-44.18096,-19.94559],[-44.18194,-19.94748],[-44.18183,-19.94774],[-44.18212,-19.94789],[-44.18214,-19.94746],[-44.1849,-19.94529],[-44.18772,-19.94449],[-44.18677,-19.94084],[-44.18363,-19.93747],[-44.18291,-19.93709],[-44.17928,-19.93717],[-44.17763,-19.93804],[-44.17874,-19.93861],[-44.18019,-19.93834],[-44.18148,-19.93861],[-44.18024,-19.94298],[-44.18128,-19.9446]]]}},{"id":"33","type":"Feature","properties":{"bairro":"Bom Retiro","distrito":"Betim","regiao":"Norte"},"geometry":{"type":"Polygon","coordinates":[[[-44.19965,-19.94226],[-44.20112,-19.94144],[-44.20148,-19.94066],[-44.20139,-19.93962],[-44.20251,-19.93983],[-44.20474,-19.93559],[-44.20413,-19.93507],[-44.20431,-19.93444],[-44.20574,-19.93206],[-44.20296,-19.93077],[-44.20191,-19.92943],[-44.20141,-19.93015],[-44.20104,-19.92931],[-44.20009,-19.92826],[-44.19665,-19.93087],[-44.1941,-19.93153],[-44.19299,-19.93076],[-44.19018,-19.93393],[-44.19101,-19.93429],[-44.19134,-19.93488],[-44.19218,-19.93557],[-44.19423,-19.93631],[-44.19533,-19.9373],[-44.19789,-19.94177],[-44.19785,-19.94224],[-44.19837,-19.94216],[-44.19866,-19.94259],[-44.19862,-19.94488],[-44.19965,-19.94226]]]}},{"id":"34","type":"Feature","properties":{"bairro":"São Marcos","distrito":"Betim","regiao":"Citrolândia"},"geometry":{"type":"Polygon","coordinates":[[[-44.24575,-20.03621],[-44.23703,-20.03107],[-44.23605,-20.03023],[-44.23479,-20.03134],[-44.23466,-20.03264],[-44.23226,-20.03236],[-44.23193,-20.03293],[-44.23247,-20.03326],[-44.23263,-20.03387],[-44.232,-20.0343],[-44.23299,-20.03553],[-44.23398,-20.03603],[-44.23365,-20.03645],[-44.2337,-20.03679],[-44.23436,-20.03744],[-44.23674,-20.0383],[-44.23626,-20.04193],[-44.23698,-20.047],[-44.23776,-20.04905],[-44.24043,-20.0497],[-44.24286,-20.04945],[-44.24318,-20.04896],[-44.24453,-20.04801],[-44.24542,-20.04692],[-44.24672,-20.04421],[-44.24712,-20.04223],[-44.24765,-20.04153],[-44.24859,-20.04159],[-44.24969,-20.04212],[-44.25109,-20.04474],[-44.25295,-20.04591],[-44.25416,-20.04585],[-44.25515,-20.04508],[-44.25577,-20.04156],[-44.25649,-20.03904],[-44.25456,-20.03854],[-44.25066,-20.03803],[-44.24852,-20.03741],[-44.24575,-20.03621]]]}},{"id":"35","type":"Feature","properties":{"bairro":"Parque Ipiranga","distrito":"Betim","regiao":"Citrolândia"},"geometry":{"type":"Polygon","coordinates":[[[-44.21175,-20.01225],[-44.20213,-20.0154],[-44.20379,-20.01791],[-44.2042,-20.01948],[-44.20664,-20.02087],[-44.20716,-20.02165],[-44.21021,-20.02167],[-44.2139,-20.02228],[-44.21543,-20.02337],[-44.21498,-20.02478],[-44.21562,-20.02583],[-44.21813,-20.02386],[-44.22127,-20.02334],[-44.2211,-20.02135],[-44.2232,-20.02088],[-44.22584,-20.01792],[-44.22355,-20.01699],[-44.22287,-20.01648],[-44.22048,-20.01271],[-44.2194,-20.01145],[-44.21908,-20.0119],[-44.21709,-20.01204],[-44.2158,-20.01327],[-44.21498,-20.01312],[-44.21342,-20.01153],[-44.21168,-20.01175],[-44.21175,-20.01225]]]}},{"id":"36","type":"Feature","properties":{"bairro":"Jardim Alterosas 1 Seção","distrito":"Betim","regiao":"Alterosas"},"geometry":{"type":"Polygon","coordinates":[[[-44.15043,-19.94744],[-44.14803,-19.94843],[-44.14347,-19.95272],[-44.14517,-19.95502],[-44.14548,-19.95586],[-44.14881,-19.95627],[-44.15081,-19.95699],[-44.15007,-19.95634],[-44.14978,-19.95572],[-44.14983,-19.95501],[-44.1503,-19.95439],[-44.15369,-19.952],[-44.15525,-19.95264],[-44.15835,-19.95106],[-44.16209,-19.95735],[-44.16255,-19.95733],[-44.16341,-19.95536],[-44.16441,-19.95449],[-44.16478,-19.95575],[-44.16568,-19.95668],[-44.16735,-19.95509],[-44.16692,-19.95454],[-44.16631,-19.95284],[-44.16609,-19.95065],[-44.16542,-19.94924],[-44.16515,-19.94759],[-44.16356,-19.94415],[-44.16269,-19.94345],[-44.15696,-19.94341],[-44.1522,-19.9449],[-44.15152,-19.94527],[-44.15043,-19.94744]]]}},{"id":"37","type":"Feature","properties":{"bairro":"Pimentas","distrito":"Betim","regiao":"Vianópolis"},"geometry":{"type":"Polygon","coordinates":[[[-44.29085,-19.94544],[-44.29595,-19.94553],[-44.29805,-19.94503],[-44.29916,-19.94511],[-44.30491,-19.94874],[-44.30813,-19.94662],[-44.31048,-19.94447],[-44.31116,-19.94434],[-44.31271,-19.94476],[-44.31356,-19.94447],[-44.314,-19.94367],[-44.31419,-19.9424],[-44.31531,-19.93897],[-44.31579,-19.93838],[-44.31649,-19.93833],[-44.31485,-19.93755],[-44.31508,-19.9373],[-44.31502,-19.93676],[-44.31144,-19.9339],[-44.31036,-19.93364],[-44.30868,-19.9342],[-44.30787,-19.93424],[-44.30706,-19.93417],[-44.30579,-19.93358],[-44.30486,-19.93203],[-44.3045,-19.93049],[-44.3067,-19.92817],[-44.30662,-19.926],[-44.30692,-19.92552],[-44.30838,-19.92577],[-44.30937,-19.9264],[-44.31015,-19.92644],[-44.31239,-19.92559],[-44.3132,-19.92443],[-44.31429,-19.92346],[-44.31491,-19.9224],[-44.31554,-19.91975],[-44.31686,-19.91872],[-44.31734,-19.91798],[-44.31734,-19.91738],[-44.31621,-19.9166],[-44.31599,-19.9159],[-44.316,-19.90925],[-44.31561,-19.90695],[-44.31514,-19.90651],[-44.31258,-19.90638],[-44.30934,-19.90743],[-44.30288,-19.91044],[-44.30015,-19.91059],[-44.29927,-19.91021],[-44.30023,-19.9121],[-44.30124,-19.91266],[-44.30153,-19.91503],[-44.30115,-19.91597],[-44.29924,-19.91663],[-44.29809,-19.91753],[-44.29593,-19.92042],[-44.28998,-19.91882],[-44.2906,-19.91778],[-44.29057,-19.91627],[-44.28841,-19.91292],[-44.288,-19.91264],[-44.28729,-19.91312],[-44.28817,-19.91324],[-44.28842,-19.91395],[-44.28825,-19.91449],[-44.28888,-19.9155],[-44.28907,-19.91666],[-44.28725,-19.9171],[-44.28602,-19.9179],[-44.28523,-19.91897],[-44.2829,-19.91978],[-44.28235,-19.92113],[-44.28236,-19.92213],[-44.28075,-19.92206],[-44.27761,-19.9258],[-44.27628,-19.92638],[-44.27476,-19.92828],[-44.27472,-19.92869],[-44.27512,-19.9289],[-44.27427,-19.93074],[-44.2738,-19.93118],[-44.27436,-19.93206],[-44.27433,-19.93246],[-44.27401,-19.93264],[-44.27426,-19.93337],[-44.27501,-19.93437],[-44.27435,-19.93473],[-44.27328,-19.93597],[-44.27418,-19.94066],[-44.27496,-19.93969],[-44.27571,-19.93933],[-44.27673,-19.93949],[-44.27783,-19.94031],[-44.27815,-19.94104],[-44.27804,-19.94292],[-44.27913,-19.94422],[-44.27987,-19.94591],[-44.27986,-19.94635],[-44.28566,-19.94772],[-44.28651,-19.94747],[-44.28807,-19.94629],[-44.28955,-19.94563],[-44.29085,-19.94544]]]}},{"id":"38","type":"Feature","properties":{"bairro":"C.H. Homéro Gil","distrito":"Betim","regiao":"Norte"},"geometry":{"type":"Polygon","coordinates":[[[-44.19036,-19.92823],[-44.18788,-19.92627],[-44.18847,-19.92787],[-44.18832,-19.92835],[-44.18862,-19.92852],[-44.18688,-19.93179],[-44.18839,-19.93246],[-44.18942,-19.93357],[-44.19018,-19.93393],[-44.19299,-19.93076],[-44.19079,-19.92784],[-44.19036,-19.92823]]]}},{"id":"39","type":"Feature","properties":{"bairro":"Amazonas","distrito":"Betim","regiao":"Teresópolis"},"geometry":{"type":"Polygon","coordinates":[[[-44.10171,-19.94947],[-44.10375,-19.94831],[-44.10522,-19.94789],[-44.10724,-19.94809],[-44.10906,-19.94693],[-44.10819,-19.94651],[-44.10652,-19.94642],[-44.10587,-19.94607],[-44.10536,-19.94525],[-44.10511,-19.94391],[-44.1036,-19.94222],[-44.10292,-19.94018],[-44.10226,-19.93948],[-44.10113,-19.9411],[-44.09667,-19.94909],[-44.09727,-19.94932],[-44.09804,-19.9504],[-44.09834,-19.95038],[-44.09926,-19.95111],[-44.10103,-19.95096],[-44.10099,-19.95022],[-44.10171,-19.94947]]]}},{"id":"40","type":"Feature","properties":{"bairro":"C. H. Dicalino Cabral","distrito":"Betim","regiao":"Citrolândia"},"geometry":{"type":"Polygon","coordinates":[[[-44.22568,-20.01823],[-44.2232,-20.02088],[-44.2211,-20.02135],[-44.22127,-20.02334],[-44.224,-20.02249],[-44.22598,-20.02067],[-44.22634,-20.02164],[-44.22607,-20.0209],[-44.22649,-20.02038],[-44.22677,-20.01898],[-44.22568,-20.01823]]]}},{"id":"41","type":"Feature","properties":{"bairro":"D. I. Paulo Camilo / Norte","distrito":"Betim","regiao":"Teresópolis"},"geometry":{"type":"Polygon","coordinates":[[[-44.12382,-19.94762],[-44.12596,-19.95673],[-44.12862,-19.95606],[-44.13085,-19.9558],[-44.1374,-19.95666],[-44.13804,-19.95539],[-44.13739,-19.95222],[-44.13515,-19.94927],[-44.13364,-19.94876],[-44.129,-19.94881],[-44.12738,-19.94822],[-44.12552,-19.94819],[-44.12397,-19.94745],[-44.12382,-19.94762]]]}},{"id":"42","type":"Feature","properties":{"bairro":"São Salvador","distrito":"Betim","regiao":"Citrolândia"},"geometry":{"type":"Polygon","coordinates":[[[-44.22926,-20.02242],[-44.23182,-20.02208],[-44.23176,-20.02179],[-44.23257,-20.02137],[-44.23531,-20.02068],[-44.23559,-20.01978],[-44.2354,-20.01879],[-44.23449,-20.01685],[-44.23283,-20.01733],[-44.23278,-20.01712],[-44.23195,-20.01728],[-44.23154,-20.01745],[-44.23166,-20.01775],[-44.22837,-20.01859],[-44.22979,-20.01726],[-44.22777,-20.01715],[-44.22624,-20.01662],[-44.22576,-20.01612],[-44.22532,-20.01648],[-44.22473,-20.01656],[-44.22475,-20.01747],[-44.22584,-20.01792],[-44.22568,-20.01823],[-44.22677,-20.01898],[-44.22649,-20.02038],[-44.22607,-20.0209],[-44.22676,-20.02277],[-44.2291,-20.02205],[-44.22926,-20.02242]]]}},{"id":"43","type":"Feature","properties":{"bairro":"Petrovale","distrito":"Betim","regiao":"Petrovale"},"geometry":{"type":"Polygon","coordinates":[[[-44.11248,-19.99415],[-44.11195,-19.99565],[-44.11139,-19.9955],[-44.11091,-19.99647],[-44.11207,-19.99903],[-44.11099,-19.99989],[-44.11094,-20.00066],[-44.1112,-20.00126],[-44.11224,-20.00167],[-44.11491,-20.00155],[-44.11587,-20.00182],[-44.11624,-20.00245],[-44.11717,-20.00312],[-44.11729,-20.0037],[-44.11804,-20.00428],[-44.11997,-20.00485],[-44.12213,-20.00619],[-44.12526,-20.00864],[-44.12641,-20.00862],[-44.12762,-20.00952],[-44.12994,-20.00905],[-44.1306,-20.00962],[-44.13301,-20.00894],[-44.13448,-20.00878],[-44.13966,-20.00566],[-44.13995,-20.00438],[-44.13977,-20.00389],[-44.13504,-20.00252],[-44.13465,-20.00188],[-44.13319,-20.00134],[-44.13193,-20.00157],[-44.13155,-20.00052],[-44.13158,-19.99907],[-44.13131,-19.99876],[-44.13091,-19.99862],[-44.13007,-19.9988],[-44.1277,-19.99833],[-44.12733,-19.99722],[-44.129,-19.9968],[-44.13078,-19.99694],[-44.1314,-19.9965],[-44.13073,-19.99452],[-44.13095,-19.99367],[-44.13165,-19.99255],[-44.12861,-19.98867],[-44.12811,-19.98706],[-44.12759,-19.98309],[-44.12627,-19.982],[-44.12585,-19.9809],[-44.12451,-19.98004],[-44.12247,-19.97633],[-44.12209,-19.97604],[-44.12042,-19.97631],[-44.11972,-19.97776],[-44.11911,-19.9779],[-44.1179,-19.97912],[-44.11695,-19.97914],[-44.11547,-19.97836],[-44.11489,-19.97849],[-44.1126,-19.97986],[-44.11115,-19.98143],[-44.11093,-19.9831],[-44.11123,-19.98524],[-44.11016,-19.98517],[-44.10873,-19.98682],[-44.10905,-19.98708],[-44.10944,-19.98654],[-44.11094,-19.9879],[-44.11077,-19.9882],[-44.11154,-19.98824],[-44.11153,-19.98888],[-44.11173,-19.98897],[-44.11153,-19.98952],[-44.11161,-19.99071],[-44.11043,-19.99119],[-44.11038,-19.99185],[-44.11092,-19.99265],[-44.11132,-19.99261],[-44.11125,-19.99287],[-44.11216,-19.99405],[-44.11248,-19.99415]]]}},{"id":"44","type":"Feature","properties":{"bairro":"Decamão","distrito":"Betim","regiao":"Sede"},"geometry":{"type":"Polygon","coordinates":[[[-44.20865,-19.96644],[-44.20748,-19.96582],[-44.20367,-19.96601],[-44.20708,-19.96814],[-44.20784,-19.96814],[-44.20884,-19.96768],[-44.20943,-19.96775],[-44.21232,-19.96999],[-44.21608,-19.9668],[-44.21661,-19.96575],[-44.21845,-19.96451],[-44.21831,-19.96421],[-44.21438,-19.96632],[-44.20865,-19.96644]]]}},{"id":"45","type":"Feature","properties":{"bairro":"Tapera","distrito":"Betim","regiao":"Vianópolis"},"geometry":{"type":"Polygon","coordinates":[[[-44.25251,-19.88396],[-44.2533,-19.88449],[-44.25357,-19.88567],[-44.25246,-19.88695],[-44.25167,-19.88938],[-44.25097,-19.89043],[-44.25007,-19.89126],[-44.24984,-19.89216],[-44.25058,-19.89317],[-44.25348,-19.89516],[-44.25349,-19.89579],[-44.25313,-19.8966],[-44.25321,-19.89714],[-44.25367,-19.89763],[-44.25447,-19.89768],[-44.25565,-19.89736],[-44.2571,-19.89769],[-44.25812,-19.89877],[-44.26137,-19.90038],[-44.26449,-19.89992],[-44.26549,-19.90038],[-44.2667,-19.90156],[-44.26734,-19.90278],[-44.26836,-19.90397],[-44.2692,-19.90455],[-44.27056,-19.90496],[-44.27279,-19.90659],[-44.27599,-19.90419],[-44.2763,-19.90346],[-44.27629,-19.90189],[-44.27555,-19.90006],[-44.27405,-19.89806],[-44.27319,-19.89724],[-44.27074,-19.89586],[-44.26974,-19.89484],[-44.26735,-19.89441],[-44.26611,-19.89335],[-44.26574,-19.89215],[-44.26366,-19.89044],[-44.26332,-19.88946],[-44.26367,-19.88742],[-44.26327,-19.88579],[-44.26338,-19.8853],[-44.26558,-19.88288],[-44.26583,-19.88212],[-44.26643,-19.88133],[-44.26717,-19.88101],[-44.26728,-19.87947],[-44.26673,-19.87939],[-44.26444,-19.88059],[-44.26347,-19.88059],[-44.2623,-19.88022],[-44.26134,-19.88037],[-44.26008,-19.88184],[-44.25866,-19.88228],[-44.25792,-19.88364],[-44.25688,-19.8841],[-44.25496,-19.88422],[-44.25383,-19.88385],[-44.25251,-19.88396]]]}},{"id":"46","type":"Feature","properties":{"bairro":"Vila das Flores","distrito":"Betim","regiao":"Norte"},"geometry":{"type":"Polygon","coordinates":[[[-44.18221,-19.93342],[-44.18527,-19.93115],[-44.18688,-19.93179],[-44.18862,-19.92852],[-44.18832,-19.92835],[-44.18847,-19.92787],[-44.18788,-19.92627],[-44.18686,-19.92619],[-44.18618,-19.92681],[-44.18487,-19.92737],[-44.17961,-19.92595],[-44.17921,-19.92665],[-44.17941,-19.92703],[-44.17916,-19.92799],[-44.17922,-19.92874],[-44.17959,-19.92875],[-44.17963,-19.92894],[-44.17864,-19.93003],[-44.17754,-19.93021],[-44.17718,-19.93088],[-44.17761,-19.93184],[-44.17747,-19.93273],[-44.17779,-19.93273],[-44.17753,-19.93315],[-44.17678,-19.93347],[-44.17756,-19.93408],[-44.17698,-19.9361],[-44.17792,-19.93574],[-44.17818,-19.93609],[-44.17806,-19.93658],[-44.17858,-19.93656],[-44.17854,-19.93694],[-44.17791,-19.93741],[-44.17801,-19.9378],[-44.17928,-19.93717],[-44.1813,-19.93705],[-44.18221,-19.93342]]]}},{"id":"47","type":"Feature","properties":{"bairro":"Cruzeiro do Sul","distrito":"Betim","regiao":"Alterosas"},"geometry":{"type":"Polygon","coordinates":[[[-44.16474,-19.93188],[-44.17018,-19.93103],[-44.17077,-19.93062],[-44.17164,-19.93073],[-44.16739,-19.92616],[-44.16697,-19.92556],[-44.16684,-19.92485],[-44.16638,-19.92449],[-44.16634,-19.9236],[-44.16345,-19.9236],[-44.16129,-19.92396],[-44.15799,-19.92619],[-44.15661,-19.9268],[-44.15814,-19.92992],[-44.15793,-19.93119],[-44.15901,-19.93384],[-44.15863,-19.93509],[-44.15867,-19.93596],[-44.16109,-19.93697],[-44.16167,-19.93771],[-44.16384,-19.93713],[-44.1635,-19.93416],[-44.16448,-19.93281],[-44.16474,-19.93188]]]}},{"id":"48","type":"Feature","properties":{"bairro":"Estância do Sereno PTB","distrito":"Betim","regiao":"Petrovale"},"geometry":{"type":"Polygon","coordinates":[[[-44.14194,-20.01895],[-44.14409,-20.0181],[-44.1446,-20.0189],[-44.14589,-20.01788],[-44.14695,-20.01776],[-44.14803,-20.01838],[-44.14905,-20.01848],[-44.14943,-20.01824],[-44.14954,-20.01778],[-44.15051,-20.01743],[-44.15142,-20.01782],[-44.15173,-20.01874],[-44.15163,-20.0197],[-44.15249,-20.02028],[-44.15352,-20.02219],[-44.15356,-20.02417],[-44.15334,-20.02497],[-44.15202,-20.02554],[-44.15152,-20.02652],[-44.15157,-20.0271],[-44.15239,-20.02845],[-44.15249,-20.02976],[-44.15286,-20.03012],[-44.15365,-20.03019],[-44.15483,-20.02988],[-44.15537,-20.03008],[-44.15738,-20.03006],[-44.15827,-20.02923],[-44.15735,-20.02839],[-44.15741,-20.02769],[-44.15816,-20.02735],[-44.15957,-20.02722],[-44.16142,-20.02752],[-44.16138,-20.02533],[-44.16231,-20.02455],[-44.16304,-20.02466],[-44.16342,-20.02501],[-44.16398,-20.02696],[-44.16463,-20.02731],[-44.1651,-20.02824],[-44.16571,-20.02858],[-44.16601,-20.02944],[-44.16717,-20.02985],[-44.16851,-20.02907],[-44.16789,-20.02668],[-44.16726,-20.02574],[-44.16657,-20.0237],[-44.16657,-20.02321],[-44.16576,-20.02255],[-44.16562,-20.02152],[-44.16482,-20.02043],[-44.16513,-20.01785],[-44.16376,-20.01645],[-44.16309,-20.01611],[-44.1631,-20.01479],[-44.16334,-20.01406],[-44.16316,-20.01368],[-44.16218,-20.01298],[-44.16191,-20.01257],[-44.16196,-20.01214],[-44.1609,-20.01054],[-44.15819,-20.00868],[-44.15814,-20.00824],[-44.15763,-20.00781],[-44.15674,-20.00619],[-44.15687,-20.00522],[-44.1585,-20.00368],[-44.1594,-20.00204],[-44.1591,-20.00162],[-44.15921,-20.00144],[-44.15855,-20.00104],[-44.15814,-20.00108],[-44.15813,-20.00061],[-44.15761,-20.00065],[-44.15762,-20.00021],[-44.15671,-19.99964],[-44.1564,-19.99878],[-44.15651,-19.9981],[-44.15617,-19.99811],[-44.15629,-19.99778],[-44.15605,-19.99754],[-44.15635,-19.99699],[-44.15599,-19.9957],[-44.15541,-19.99494],[-44.15581,-19.99442],[-44.15462,-19.994],[-44.15401,-19.994],[-44.15393,-19.99421],[-44.15342,-19.99371],[-44.15251,-19.99396],[-44.15278,-19.99451],[-44.15191,-19.99476],[-44.1514,-19.99452],[-44.15069,-19.99315],[-44.15007,-19.99326],[-44.14964,-19.99265],[-44.14885,-19.99262],[-44.14881,-19.99211],[-44.14843,-19.99209],[-44.14738,-19.99096],[-44.14731,-19.99002],[-44.14662,-19.98932],[-44.14689,-19.98904],[-44.14583,-19.98762],[-44.14378,-19.98686],[-44.14353,-19.98638],[-44.1431,-19.98635],[-44.14285,-19.98538],[-44.13904,-19.98588],[-44.13543,-19.9909],[-44.13512,-19.9921],[-44.13418,-19.99368],[-44.13676,-19.99605],[-44.13802,-19.99976],[-44.13831,-20.00309],[-44.13856,-20.00344],[-44.13989,-20.00405],[-44.13966,-20.00566],[-44.13448,-20.00878],[-44.13301,-20.00894],[-44.1306,-20.00962],[-44.13071,-20.01081],[-44.13028,-20.01472],[-44.12906,-20.01495],[-44.12858,-20.0159],[-44.12668,-20.01515],[-44.12503,-20.01514],[-44.1241,-20.01602],[-44.12241,-20.01578],[-44.12253,-20.01656],[-44.12227,-20.01738],[-44.12141,-20.01726],[-44.12144,-20.01876],[-44.12085,-20.01908],[-44.11966,-20.01898],[-44.11725,-20.0198],[-44.11281,-20.02045],[-44.11191,-20.02098],[-44.11159,-20.02226],[-44.11203,-20.02216],[-44.11238,-20.02247],[-44.11288,-20.02223],[-44.11304,-20.02188],[-44.11364,-20.02187],[-44.11456,-20.02145],[-44.11485,-20.02212],[-44.11551,-20.02261],[-44.11592,-20.02257],[-44.1161,-20.02206],[-44.11675,-20.02204],[-44.11719,-20.02241],[-44.1165,-20.02339],[-44.11606,-20.02363],[-44.1166,-20.0237],[-44.11973,-20.0232],[-44.12282,-20.02187],[-44.12391,-20.0219],[-44.1242,-20.02229],[-44.12428,-20.02342],[-44.12374,-20.024],[-44.12347,-20.02516],[-44.12402,-20.02566],[-44.12381,-20.02633],[-44.12391,-20.02703],[-44.12436,-20.02721],[-44.12416,-20.02841],[-44.12571,-20.02907],[-44.12601,-20.02979],[-44.12656,-20.02987],[-44.12715,-20.02941],[-44.12895,-20.0292],[-44.13002,-20.02859],[-44.13183,-20.0282],[-44.1324,-20.02865],[-44.1344,-20.02894],[-44.13591,-20.03045],[-44.13696,-20.03078],[-44.13748,-20.03035],[-44.13773,-20.02819],[-44.13824,-20.02761],[-44.13903,-20.02514],[-44.14059,-20.02343],[-44.1406,-20.02246],[-44.14118,-20.0222],[-44.14165,-20.02111],[-44.14166,-20.02089],[-44.14102,-20.02045],[-44.14181,-20.01986],[-44.14194,-20.01895]]]}},{"id":"49","type":"Feature","properties":{"bairro":"Cachoeira","distrito":"Betim","regiao":"Sede"},"geometry":{"type":"Polygon","coordinates":[[[-44.22139,-19.961],[-44.2198,-19.96219],[-44.2192,-19.96353],[-44.21831,-19.96421],[-44.21841,-19.96467],[-44.21661,-19.96575],[-44.21608,-19.9668],[-44.21232,-19.96999],[-44.21277,-19.97085],[-44.21303,-19.97206],[-44.21516,-19.97241],[-44.2166,-19.97225],[-44.21905,-19.97112],[-44.2209,-19.97096],[-44.22145,-19.97172],[-44.22165,-19.97251],[-44.22253,-19.97351],[-44.22218,-19.97486],[-44.22253,-19.97528],[-44.22392,-19.97526],[-44.2243,-19.97424],[-44.22478,-19.97389],[-44.22562,-19.97435],[-44.22676,-19.97156],[-44.23027,-19.97049],[-44.23026,-19.97013],[-44.2294,-19.96967],[-44.22977,-19.96876],[-44.23087,-19.96881],[-44.23168,-19.96852],[-44.2317,-19.9681],[-44.23227,-19.96757],[-44.23264,-19.96742],[-44.23386,-19.96768],[-44.23465,-19.96724],[-44.23507,-19.96753],[-44.23544,-19.96869],[-44.2361,-19.9684],[-44.23722,-19.96904],[-44.23742,-19.96902],[-44.23737,-19.96855],[-44.23773,-19.96826],[-44.23864,-19.96853],[-44.2386,-19.96806],[-44.23919,-19.96806],[-44.2393,-19.96767],[-44.24084,-19.96727],[-44.2411,-19.96697],[-44.24074,-19.96696],[-44.24056,-19.96608],[-44.24085,-19.96559],[-44.24066,-19.96468],[-44.24195,-19.96361],[-44.24136,-19.9626],[-44.24055,-19.96266],[-44.24004,-19.96236],[-44.2395,-19.96237],[-44.23886,-19.96187],[-44.23857,-19.96124],[-44.23778,-19.96164],[-44.23685,-19.96114],[-44.23659,-19.96051],[-44.23624,-19.9604],[-44.23662,-19.95973],[-44.23599,-19.95946],[-44.23627,-19.95837],[-44.23617,-19.95725],[-44.23244,-19.95813],[-44.2296,-19.9591],[-44.2282,-19.95773],[-44.22794,-19.95496],[-44.22989,-19.95371],[-44.23061,-19.95387],[-44.23231,-19.95307],[-44.23156,-19.95072],[-44.23202,-19.95044],[-44.23201,-19.94955],[-44.23112,-19.94996],[-44.22918,-19.9495],[-44.22787,-19.9497],[-44.22703,-19.95031],[-44.22578,-19.95205],[-44.22381,-19.95333],[-44.22311,-19.95537],[-44.22198,-19.95693],[-44.2218,-19.96045],[-44.22139,-19.961]]]}},{"id":"50","type":"Feature","properties":{"bairro":"Charneca","distrito":"Betim","regiao":"Citrolândia"},"geometry":{"type":"Polygon","coordinates":[[[-44.24525,-19.99929],[-44.24538,-19.99976],[-44.24493,-20.00216],[-44.24403,-20.00356],[-44.24283,-20.0064],[-44.24234,-20.00873],[-44.24072,-20.0113],[-44.24034,-20.0114],[-44.23973,-20.01047],[-44.23787,-20.00959],[-44.2376,-20.00815],[-44.23703,-20.0069],[-44.2355,-20.006],[-44.23361,-20.00599],[-44.23226,-20.00688],[-44.23047,-20.00731],[-44.22946,-20.00688],[-44.2279,-20.00722],[-44.2257,-20.00699],[-44.22647,-20.0099],[-44.22596,-20.01092],[-44.22455,-20.01237],[-44.22411,-20.01313],[-44.22512,-20.01373],[-44.22429,-20.01461],[-44.22471,-20.01575],[-44.22473,-20.01656],[-44.22532,-20.01648],[-44.22576,-20.01612],[-44.22624,-20.01662],[-44.22777,-20.01715],[-44.22979,-20.01726],[-44.22837,-20.01859],[-44.23166,-20.01775],[-44.23154,-20.01745],[-44.23195,-20.01728],[-44.23278,-20.01712],[-44.23283,-20.01733],[-44.23449,-20.01685],[-44.2354,-20.01879],[-44.23559,-20.01978],[-44.23494,-20.02214],[-44.23436,-20.02216],[-44.237,-20.02425],[-44.23817,-20.0249],[-44.23882,-20.02566],[-44.23897,-20.02548],[-44.23971,-20.02651],[-44.24189,-20.0272],[-44.24394,-20.02889],[-44.24431,-20.0303],[-44.2437,-20.03025],[-44.24224,-20.03214],[-44.2418,-20.03389],[-44.24575,-20.03621],[-44.24852,-20.03741],[-44.25066,-20.03803],[-44.25456,-20.03854],[-44.25649,-20.03904],[-44.25693,-20.03803],[-44.25966,-20.03549],[-44.26288,-20.03453],[-44.26379,-20.03386],[-44.26361,-20.03214],[-44.26202,-20.02846],[-44.25876,-20.02646],[-44.25611,-20.02655],[-44.25475,-20.02593],[-44.25443,-20.02498],[-44.25468,-20.02405],[-44.25554,-20.0229],[-44.25798,-20.0209],[-44.25845,-20.0199],[-44.25803,-20.01891],[-44.25361,-20.01759],[-44.25287,-20.0167],[-44.25313,-20.01624],[-44.25298,-20.01596],[-44.25315,-20.01412],[-44.25407,-20.01178],[-44.25634,-20.00914],[-44.25766,-20.00822],[-44.25885,-20.00615],[-44.25863,-20.00514],[-44.25675,-20.00326],[-44.2568,-20.00079],[-44.25636,-19.99884],[-44.25687,-19.99749],[-44.25708,-19.99518],[-44.25377,-19.99689],[-44.25253,-19.99818],[-44.2521,-19.99762],[-44.25154,-19.99739],[-44.24882,-19.99774],[-44.24887,-19.99684],[-44.24736,-19.99511],[-44.24648,-19.99462],[-44.24632,-19.99532],[-44.24584,-19.99596],[-44.24388,-19.99566],[-44.24473,-19.99875],[-44.24525,-19.99929]]]}},{"id":"51","type":"Feature","properties":{"bairro":"Vargem das Flores / C. H. Jalila C. Pedrosa","distrito":"Betim","regiao":"Alterosas"},"geometry":{"type":"Polygon","coordinates":[[[-44.17397,-19.93516],[-44.17732,-19.93388],[-44.17678,-19.93347],[-44.17753,-19.93315],[-44.17779,-19.93273],[-44.17747,-19.93273],[-44.17761,-19.93184],[-44.17718,-19.93088],[-44.17754,-19.93021],[-44.17864,-19.93003],[-44.17963,-19.92894],[-44.17959,-19.92875],[-44.17922,-19.92874],[-44.17916,-19.92799],[-44.17941,-19.92703],[-44.17921,-19.92665],[-44.17962,-19.92613],[-44.17952,-19.92577],[-44.17829,-19.9261],[-44.17757,-19.92598],[-44.17746,-19.92511],[-44.17782,-19.92484],[-44.17742,-19.92426],[-44.17769,-19.9236],[-44.17681,-19.9235],[-44.17681,-19.92298],[-44.17662,-19.92295],[-44.17473,-19.92356],[-44.17455,-19.92381],[-44.17512,-19.92415],[-44.17476,-19.92474],[-44.17468,-19.92578],[-44.17008,-19.92643],[-44.17061,-19.92759],[-44.16848,-19.92732],[-44.17164,-19.93073],[-44.17074,-19.93063],[-44.17018,-19.93103],[-44.17048,-19.93148],[-44.17143,-19.9325],[-44.17333,-19.93391],[-44.17397,-19.93516]]]}},{"id":"52","type":"Feature","properties":{"bairro":"Espírito Santo","distrito":"Betim","regiao":"Alterosas"},"geometry":{"type":"Polygon","coordinates":[[[-44.18467,-19.95194],[-44.18845,-19.95182],[-44.18827,-19.94875],[-44.18913,-19.94872],[-44.1893,-19.94702],[-44.18816,-19.94577],[-44.18772,-19.94449],[-44.18501,-19.94522],[-44.18214,-19.94746],[-44.18218,-19.94787],[-44.18183,-19.94774],[-44.17901,-19.95104],[-44.17926,-19.95115],[-44.17896,-19.95294],[-44.1804,-19.95287],[-44.18467,-19.95194]]]}},{"id":"53","type":"Feature","properties":{"bairro":"Senhora de Fátima","distrito":"Betim","regiao":"Alterosas"},"geometry":{"type":"Polygon","coordinates":[[[-44.1721,-19.94227],[-44.1741,-19.94164],[-44.17503,-19.9423],[-44.17643,-19.94024],[-44.17701,-19.94009],[-44.17633,-19.93967],[-44.17801,-19.9378],[-44.17791,-19.93741],[-44.17854,-19.93694],[-44.17858,-19.93656],[-44.17806,-19.93658],[-44.17818,-19.93609],[-44.17792,-19.93574],[-44.17698,-19.9361],[-44.17756,-19.93408],[-44.17732,-19.93388],[-44.17397,-19.93516],[-44.1734,-19.93398],[-44.17203,-19.9329],[-44.16894,-19.93889],[-44.17037,-19.94283],[-44.17124,-19.94216],[-44.1721,-19.94227]]]}},{"id":"54","type":"Feature","properties":{"bairro":"Guanabara","distrito":"Betim","regiao":"PTB"},"geometry":{"type":"Polygon","coordinates":[[[-44.13323,-19.97017],[-44.1364,-19.97268],[-44.13705,-19.97353],[-44.1387,-19.97412],[-44.13912,-19.97489],[-44.13849,-19.97551],[-44.13928,-19.97597],[-44.13968,-19.97567],[-44.14068,-19.9758],[-44.14249,-19.97681],[-44.14289,-19.97581],[-44.14303,-19.97605],[-44.14368,-19.97568],[-44.14364,-19.97509],[-44.14401,-19.97515],[-44.14476,-19.97465],[-44.14386,-19.97366],[-44.14162,-19.96975],[-44.13907,-19.96752],[-44.13856,-19.96579],[-44.13428,-19.96633],[-44.13411,-19.96662],[-44.13105,-19.96655],[-44.13086,-19.96851],[-44.13151,-19.96844],[-44.13184,-19.96864],[-44.13323,-19.97017]]]}},{"id":"55","type":"Feature","properties":{"bairro":"São José","distrito":"Betim","regiao":"Alterosas"},"geometry":{"type":"Polygon","coordinates":[[[-44.15609,-19.91054],[-44.15289,-19.91422],[-44.1519,-19.9163],[-44.15175,-19.9174],[-44.15076,-19.91876],[-44.15066,-19.91988],[-44.15094,-19.92087],[-44.14857,-19.92098],[-44.14766,-19.92132],[-44.14626,-19.92233],[-44.14435,-19.92424],[-44.14315,-19.92484],[-44.14239,-19.92489],[-44.14134,-19.92457],[-44.13994,-19.92357],[-44.1392,-19.92414],[-44.13748,-19.92648],[-44.14199,-19.9264],[-44.14259,-19.92659],[-44.14389,-19.92748],[-44.14565,-19.92993],[-44.14662,-19.93039],[-44.14764,-19.93045],[-44.15768,-19.92636],[-44.16129,-19.92396],[-44.16345,-19.9236],[-44.16915,-19.92338],[-44.1694,-19.91975],[-44.16907,-19.91958],[-44.16918,-19.91731],[-44.16893,-19.91674],[-44.16805,-19.91594],[-44.16796,-19.91532],[-44.16596,-19.91546],[-44.16537,-19.91489],[-44.16509,-19.91407],[-44.16548,-19.91369],[-44.16525,-19.91322],[-44.16559,-19.913],[-44.16526,-19.91277],[-44.16549,-19.91254],[-44.16533,-19.91226],[-44.16661,-19.91258],[-44.16664,-19.9121],[-44.16611,-19.91156],[-44.1665,-19.91135],[-44.16697,-19.91149],[-44.16742,-19.91201],[-44.16727,-19.91153],[-44.16771,-19.91173],[-44.16778,-19.91153],[-44.16703,-19.91069],[-44.16778,-19.91011],[-44.16865,-19.91016],[-44.16857,-19.90983],[-44.16744,-19.90936],[-44.16736,-19.90864],[-44.16699,-19.90945],[-44.16602,-19.90957],[-44.16471,-19.91026],[-44.16412,-19.91069],[-44.16339,-19.91174],[-44.16224,-19.91193],[-44.16181,-19.9115],[-44.15894,-19.91047],[-44.15704,-19.90746],[-44.15635,-19.90685],[-44.15694,-19.90515],[-44.15796,-19.90438],[-44.1612,-19.9044],[-44.16262,-19.90372],[-44.16332,-19.90359],[-44.16364,-19.9038],[-44.16339,-19.9032],[-44.16435,-19.90294],[-44.16398,-19.90197],[-44.16356,-19.90184],[-44.1627,-19.90208],[-44.16148,-19.903],[-44.1609,-19.90311],[-44.15956,-19.90282],[-44.15912,-19.9022],[-44.15855,-19.90193],[-44.15818,-19.90251],[-44.15657,-19.90238],[-44.15629,-19.90202],[-44.15504,-19.90171],[-44.1549,-19.90547],[-44.1563,-19.90957],[-44.15609,-19.91054]]]}},{"id":"56","type":"Feature","properties":{"bairro":"Cruzeiro","distrito":"Betim","regiao":"PTB"},"geometry":{"type":"Polygon","coordinates":[[[-44.14698,-19.9833],[-44.14519,-19.9847],[-44.14352,-19.98193],[-44.1433,-19.9831],[-44.14274,-19.98361],[-44.14273,-19.9851],[-44.1431,-19.98635],[-44.14353,-19.98638],[-44.14378,-19.98686],[-44.14583,-19.98762],[-44.14689,-19.98904],[-44.14662,-19.98932],[-44.14731,-19.99002],[-44.14738,-19.99096],[-44.14843,-19.99209],[-44.14881,-19.99211],[-44.14874,-19.99253],[-44.14964,-19.99265],[-44.15007,-19.99326],[-44.15069,-19.99315],[-44.1514,-19.99452],[-44.15175,-19.99476],[-44.15278,-19.99451],[-44.15198,-19.99191],[-44.15494,-19.98685],[-44.15399,-19.9863],[-44.15389,-19.98488],[-44.15431,-19.98433],[-44.15376,-19.98266],[-44.1515,-19.98216],[-44.15093,-19.98231],[-44.1488,-19.98132],[-44.14698,-19.9833]]]}},{"id":"57","type":"Feature","properties":{"bairro":"São Cristóvão","distrito":"Betim","regiao":"Imbiruçu"},"geometry":{"type":"Polygon","coordinates":[[[-44.12136,-19.94219],[-44.12233,-19.94043],[-44.12186,-19.94014],[-44.12197,-19.93975],[-44.12316,-19.93801],[-44.12147,-19.93521],[-44.12052,-19.93482],[-44.1194,-19.93495],[-44.11978,-19.93697],[-44.11944,-19.9368],[-44.11907,-19.93828],[-44.11817,-19.93938],[-44.11824,-19.94013],[-44.1169,-19.94181],[-44.12136,-19.94219]]]}},{"id":"58","type":"Feature","properties":{"bairro":"Horto","distrito":"Betim","regiao":"Sede"},"geometry":{"type":"Polygon","coordinates":[[[-44.19544,-19.95383],[-44.19744,-19.95895],[-44.20082,-19.95806],[-44.19993,-19.95476],[-44.19682,-19.95368],[-44.19544,-19.95383]]]}},{"id":"59","type":"Feature","properties":{"bairro":"Saraiva","distrito":"Betim","regiao":"Vianópolis"},"geometry":{"type":"Polygon","coordinates":[[[-44.2422,-19.92167],[-44.24235,-19.92064],[-44.24326,-19.91919],[-44.2452,-19.91762],[-44.24717,-19.9151],[-44.24691,-19.91424],[-44.24637,-19.91478],[-44.24433,-19.91515],[-44.24176,-19.91433],[-44.23953,-19.91401],[-44.23477,-19.9139],[-44.23414,-19.91425],[-44.23169,-19.91374],[-44.23274,-19.91257],[-44.23292,-19.91206],[-44.23041,-19.91159],[-44.22895,-19.91087],[-44.22809,-19.9113],[-44.2276,-19.91119],[-44.22625,-19.9096],[-44.226,-19.90828],[-44.2231,-19.91161],[-44.22237,-19.91208],[-44.22025,-19.9125],[-44.21816,-19.91476],[-44.21681,-19.91309],[-44.2156,-19.91242],[-44.21498,-19.9129],[-44.2151,-19.91312],[-44.21559,-19.913],[-44.21598,-19.91328],[-44.21675,-19.9143],[-44.21681,-19.91473],[-44.2166,-19.91535],[-44.21625,-19.91554],[-44.21646,-19.91554],[-44.21657,-19.91601],[-44.21593,-19.91626],[-44.21588,-19.91742],[-44.21617,-19.91829],[-44.21542,-19.91887],[-44.21569,-19.91906],[-44.21586,-19.92011],[-44.21674,-19.9212],[-44.21733,-19.92125],[-44.21744,-19.92062],[-44.21794,-19.92027],[-44.21878,-19.92038],[-44.21986,-19.91996],[-44.22032,-19.92013],[-44.22095,-19.92087],[-44.22161,-19.92293],[-44.22145,-19.92362],[-44.22198,-19.92406],[-44.22197,-19.92453],[-44.22265,-19.92489],[-44.22245,-19.9253],[-44.22337,-19.92646],[-44.2235,-19.92745],[-44.22321,-19.92886],[-44.22373,-19.92912],[-44.22425,-19.93043],[-44.225,-19.93089],[-44.22593,-19.93069],[-44.22646,-19.93112],[-44.22722,-19.93279],[-44.22705,-19.9332],[-44.22742,-19.93367],[-44.22725,-19.93385],[-44.22757,-19.9339],[-44.22791,-19.93484],[-44.22843,-19.93509],[-44.22916,-19.93436],[-44.22972,-19.93455],[-44.22988,-19.93526],[-44.23074,-19.93529],[-44.23152,-19.93576],[-44.23345,-19.93239],[-44.23482,-19.93098],[-44.23798,-19.92824],[-44.2398,-19.92747],[-44.24109,-19.92624],[-44.24181,-19.92338],[-44.24167,-19.92266],[-44.2422,-19.92167]]]}},{"id":"60","type":"Feature","properties":{"bairro":"Jardim da Cidade","distrito":"Betim","regiao":"Sede"},"geometry":{"type":"Polygon","coordinates":[[[-44.19958,-19.96182],[-44.19788,-19.96005],[-44.1964,-19.95628],[-44.19556,-19.95849],[-44.19391,-19.96089],[-44.19397,-19.96273],[-44.19457,-19.96364],[-44.19628,-19.96399],[-44.19739,-19.96458],[-44.1979,-19.9645],[-44.19888,-19.96372],[-44.20025,-19.96378],[-44.19983,-19.96325],[-44.19958,-19.96182]]]}},{"id":"61","type":"Feature","properties":{"bairro":"Fazenda Serra","distrito":"Betim","regiao":"Vianópolis"},"geometry":{"type":"Polygon","coordinates":[[[-44.2232,-19.88869],[-44.22405,-19.8865],[-44.22413,-19.8857],[-44.22546,-19.88488],[-44.22621,-19.88335],[-44.22764,-19.88238],[-44.22744,-19.88127],[-44.22566,-19.87856],[-44.22306,-19.87623],[-44.2215,-19.87634],[-44.22046,-19.87669],[-44.21831,-19.87627],[-44.2181,-19.87582],[-44.21845,-19.87477],[-44.21835,-19.87444],[-44.21748,-19.87404],[-44.21573,-19.87233],[-44.21523,-19.8723],[-44.21406,-19.87275],[-44.2142,-19.87304],[-44.21359,-19.87371],[-44.21396,-19.87408],[-44.21328,-19.87507],[-44.21347,-19.87526],[-44.21316,-19.87661],[-44.21271,-19.87667],[-44.21248,-19.87635],[-44.21158,-19.87687],[-44.21193,-19.87833],[-44.21079,-19.88002],[-44.21093,-19.88073],[-44.21058,-19.88113],[-44.21077,-19.882],[-44.21041,-19.88281],[-44.21026,-19.88424],[-44.21028,-19.88649],[-44.21087,-19.88756],[-44.21091,-19.88879],[-44.21162,-19.89026],[-44.21177,-19.89137],[-44.21234,-19.89165],[-44.21272,-19.89262],[-44.21289,-19.89337],[-44.21222,-19.89461],[-44.21273,-19.89561],[-44.21331,-19.89575],[-44.2135,-19.89632],[-44.21407,-19.89609],[-44.21458,-19.89672],[-44.21531,-19.89643],[-44.21537,-19.89559],[-44.21464,-19.89496],[-44.21451,-19.89427],[-44.21493,-19.89352],[-44.21421,-19.89286],[-44.21467,-19.89072],[-44.21508,-19.89078],[-44.2151,-19.89013],[-44.21698,-19.88965],[-44.21709,-19.89147],[-44.21968,-19.89352],[-44.21987,-19.89397],[-44.21999,-19.89504],[-44.21976,-19.89626],[-44.21876,-19.89721],[-44.21817,-19.89827],[-44.21946,-19.89964],[-44.2223,-19.90074],[-44.22643,-19.89705],[-44.22857,-19.89596],[-44.22718,-19.89305],[-44.22486,-19.89023],[-44.2232,-19.88869]]]}},{"id":"62","type":"Feature","properties":{"bairro":"Paquetá","distrito":"Betim","regiao":"Citrolândia"},"geometry":{"type":"Polygon","coordinates":[[[-44.24189,-20.0272],[-44.23971,-20.02651],[-44.23897,-20.02548],[-44.23882,-20.02566],[-44.23777,-20.02466],[-44.23355,-20.02771],[-44.23666,-20.0308],[-44.2418,-20.03389],[-44.24224,-20.03214],[-44.2437,-20.03025],[-44.24419,-20.03038],[-44.24436,-20.02991],[-44.24394,-20.02889],[-44.24343,-20.02844],[-44.24189,-20.0272]]]}},{"id":"63","type":"Feature","properties":{"bairro":"Residencial Lagoa","distrito":"Betim","regiao":"Norte"},"geometry":{"type":"Polygon","coordinates":[[[-44.20864,-19.93266],[-44.20663,-19.93365],[-44.20479,-19.9335],[-44.20462,-19.93376],[-44.20446,-19.93407],[-44.20609,-19.93649],[-44.20718,-19.9363],[-44.21129,-19.9377],[-44.21271,-19.93574],[-44.2135,-19.93561],[-44.21379,-19.93518],[-44.21492,-19.93448],[-44.216,-19.93482],[-44.21728,-19.934],[-44.21588,-19.93285],[-44.21079,-19.93255],[-44.21019,-19.933],[-44.20942,-19.93267],[-44.20864,-19.93266]]]}},{"id":"64","type":"Feature","properties":{"bairro":"Duque de Caxias","distrito":"Betim","regiao":"Alterosas"},"geometry":{"type":"Polygon","coordinates":[[[-44.15551,-19.94396],[-44.15807,-19.94208],[-44.15811,-19.94114],[-44.15775,-19.94004],[-44.15413,-19.9345],[-44.15391,-19.93374],[-44.15584,-19.93301],[-44.15867,-19.93596],[-44.15863,-19.93509],[-44.15901,-19.93384],[-44.15793,-19.93119],[-44.15814,-19.92992],[-44.15661,-19.9268],[-44.14872,-19.93015],[-44.14742,-19.93045],[-44.1465,-19.93035],[-44.14565,-19.92993],[-44.14375,-19.92734],[-44.14208,-19.92642],[-44.13167,-19.92661],[-44.13268,-19.9271],[-44.13404,-19.92843],[-44.13526,-19.9292],[-44.14024,-19.93031],[-44.14182,-19.93136],[-44.14279,-19.93318],[-44.14425,-19.93894],[-44.14478,-19.93967],[-44.1468,-19.94097],[-44.14719,-19.94146],[-44.14753,-19.94235],[-44.1476,-19.94526],[-44.14958,-19.94781],[-44.15062,-19.94723],[-44.15103,-19.94606],[-44.1518,-19.94505],[-44.15551,-19.94396]]]}},{"id":"65","type":"Feature","properties":{"bairro":"São Caetano","distrito":"Betim","regiao":"Imbiruçu"},"geometry":{"type":"Polygon","coordinates":[[[-44.11344,-19.9383],[-44.11458,-19.93858],[-44.11459,-19.94022],[-44.11683,-19.94187],[-44.11824,-19.94013],[-44.11817,-19.93938],[-44.11907,-19.93828],[-44.11944,-19.9368],[-44.11978,-19.93697],[-44.1194,-19.93495],[-44.11421,-19.93591],[-44.1132,-19.93588],[-44.11208,-19.93497],[-44.11136,-19.93371],[-44.10902,-19.93496],[-44.10922,-19.93519],[-44.10897,-19.93529],[-44.10648,-19.93573],[-44.10609,-19.93573],[-44.10617,-19.93531],[-44.10467,-19.93542],[-44.10489,-19.93666],[-44.1071,-19.94068],[-44.1113,-19.93897],[-44.11264,-19.93969],[-44.11344,-19.9383]]]}},{"id":"66","type":"Feature","properties":{"bairro":"Estância do Sereno Sede","distrito":"Betim","regiao":"Sede"},"geometry":{"type":"Polygon","coordinates":[[[-44.16616,-19.99761],[-44.1672,-19.99719],[-44.16849,-19.99596],[-44.1695,-19.99544],[-44.17027,-19.99543],[-44.17123,-19.99201],[-44.17091,-19.99131],[-44.16965,-19.99061],[-44.16928,-19.99066],[-44.16911,-19.99025],[-44.16874,-19.99029],[-44.16872,-19.98925],[-44.16848,-19.98883],[-44.16896,-19.9883],[-44.16777,-19.98677],[-44.16694,-19.98616],[-44.1672,-19.98567],[-44.16705,-19.98538],[-44.16377,-19.9829],[-44.16305,-19.98263],[-44.16279,-19.98275],[-44.16249,-19.98237],[-44.16166,-19.98238],[-44.16156,-19.98214],[-44.15875,-19.98449],[-44.1579,-19.98402],[-44.15561,-19.9846],[-44.15492,-19.98585],[-44.15486,-19.98652],[-44.15519,-19.98694],[-44.15595,-19.98702],[-44.15745,-19.98841],[-44.15793,-19.98916],[-44.15818,-19.9912],[-44.15811,-19.99198],[-44.15527,-19.99417],[-44.15581,-19.99442],[-44.15541,-19.99494],[-44.15599,-19.9957],[-44.15635,-19.99699],[-44.15605,-19.99754],[-44.15629,-19.99778],[-44.15617,-19.99811],[-44.15651,-19.9981],[-44.1564,-19.99878],[-44.15671,-19.99964],[-44.15762,-20.00021],[-44.15761,-20.00065],[-44.15813,-20.00061],[-44.15814,-20.00108],[-44.15855,-20.00104],[-44.15921,-20.00144],[-44.1591,-20.00162],[-44.1594,-20.00204],[-44.1585,-20.00368],[-44.15687,-20.00522],[-44.15674,-20.00619],[-44.15763,-20.00781],[-44.15814,-20.00824],[-44.15819,-20.00868],[-44.15905,-20.0094],[-44.1603,-20.01002],[-44.16096,-20.00969],[-44.16245,-20.00984],[-44.16295,-20.00951],[-44.16384,-20.00826],[-44.16512,-20.00772],[-44.16461,-20.00524],[-44.16562,-20.005],[-44.16597,-20.0042],[-44.16546,-20.00393],[-44.16532,-20.00315],[-44.16427,-20.00211],[-44.16417,-20.00166],[-44.16489,-19.99921],[-44.16476,-19.9976],[-44.16616,-19.99761]]]}},{"id":"67","type":"Feature","properties":{"bairro":"Imbiruçu","distrito":"Betim","regiao":"Imbiruçu"},"geometry":{"type":"Polygon","coordinates":[[[-44.10756,-19.94346],[-44.10719,-19.94295],[-44.1059,-19.94227],[-44.10546,-19.94178],[-44.10404,-19.94277],[-44.10511,-19.94391],[-44.10536,-19.94525],[-44.10615,-19.94628],[-44.10819,-19.94651],[-44.10984,-19.94706],[-44.11099,-19.94705],[-44.11938,-19.9456],[-44.1206,-19.94558],[-44.12136,-19.94219],[-44.11677,-19.94187],[-44.11459,-19.94022],[-44.11458,-19.93858],[-44.11344,-19.9383],[-44.11264,-19.93969],[-44.1113,-19.93897],[-44.10684,-19.94079],[-44.10756,-19.94346]]]}},{"id":"68","type":"Feature","properties":{"bairro":"Ingá Alto","distrito":"Betim","regiao":"Sede"},"geometry":{"type":"Polygon","coordinates":[[[-44.19504,-19.95929],[-44.1964,-19.95628],[-44.19379,-19.94952],[-44.1928,-19.94874],[-44.19194,-19.94924],[-44.19198,-19.95045],[-44.19116,-19.95124],[-44.18989,-19.95321],[-44.18796,-19.95346],[-44.18717,-19.95412],[-44.18822,-19.95637],[-44.18737,-19.9575],[-44.18805,-19.95861],[-44.18882,-19.95861],[-44.1899,-19.95909],[-44.19457,-19.96364],[-44.19397,-19.96273],[-44.19388,-19.96105],[-44.19504,-19.95929]]]}},{"id":"69","type":"Feature","properties":{"bairro":"D. I. Paulo Camilo / Sul","distrito":"Betim","regiao":"PTB"},"geometry":{"type":"Polygon","coordinates":[[[-44.13542,-19.99099],[-44.142,-19.98142],[-44.13876,-19.97976],[-44.13902,-19.97872],[-44.13859,-19.97689],[-44.13928,-19.97597],[-44.13849,-19.97551],[-44.13912,-19.97489],[-44.1387,-19.97412],[-44.13705,-19.97353],[-44.1364,-19.97268],[-44.13323,-19.97017],[-44.13184,-19.96864],[-44.13151,-19.96844],[-44.13086,-19.96851],[-44.13105,-19.96655],[-44.13411,-19.96662],[-44.13345,-19.96523],[-44.1323,-19.965],[-44.1309,-19.96556],[-44.12978,-19.96521],[-44.12951,-19.96503],[-44.1287,-19.96276],[-44.12911,-19.96227],[-44.13138,-19.96105],[-44.13027,-19.95863],[-44.13113,-19.95858],[-44.13148,-19.95725],[-44.13186,-19.95687],[-44.13382,-19.95682],[-44.13398,-19.95619],[-44.13152,-19.95583],[-44.12995,-19.95585],[-44.12108,-19.95785],[-44.11984,-19.95746],[-44.11713,-19.9553],[-44.10468,-19.95619],[-44.09738,-19.9556],[-44.09611,-19.95572],[-44.0945,-19.95646],[-44.09115,-19.95871],[-44.08706,-19.96773],[-44.08151,-19.96672],[-44.08264,-19.96824],[-44.08302,-19.96928],[-44.08328,-19.97227],[-44.08277,-19.9736],[-44.08279,-19.97411],[-44.0844,-19.97695],[-44.08555,-19.97741],[-44.08541,-19.97866],[-44.08566,-19.97911],[-44.08737,-19.98017],[-44.08829,-19.98016],[-44.08915,-19.97968],[-44.09028,-19.97946],[-44.09112,-19.9796],[-44.09219,-19.98022],[-44.09543,-19.98257],[-44.09722,-19.98526],[-44.09727,-19.98587],[-44.09798,-19.98716],[-44.09988,-19.98726],[-44.10301,-19.98667],[-44.10497,-19.98661],[-44.10725,-19.98579],[-44.10819,-19.98588],[-44.10891,-19.98639],[-44.11016,-19.98517],[-44.11123,-19.98524],[-44.11092,-19.98209],[-44.11115,-19.98143],[-44.1126,-19.97986],[-44.11489,-19.97849],[-44.11547,-19.97836],[-44.11695,-19.97914],[-44.11814,-19.97904],[-44.11911,-19.9779],[-44.11972,-19.97776],[-44.12042,-19.97631],[-44.12209,-19.97604],[-44.12247,-19.97633],[-44.12451,-19.98004],[-44.12585,-19.9809],[-44.12627,-19.982],[-44.12765,-19.9832],[-44.12811,-19.98706],[-44.12861,-19.98867],[-44.13165,-19.99255],[-44.13095,-19.99367],[-44.13073,-19.99452],[-44.1314,-19.9965],[-44.13331,-19.99523],[-44.13505,-19.99223],[-44.13542,-19.99099]]]}},{"id":"70","type":"Feature","properties":{"bairro":"Paulo Camilo","distrito":"Betim","regiao":"PTB"},"geometry":{"type":"Polygon","coordinates":[[[-44.13138,-19.96105],[-44.12874,-19.96256],[-44.12951,-19.96503],[-44.1309,-19.96556],[-44.1323,-19.965],[-44.13314,-19.96503],[-44.13351,-19.96531],[-44.13411,-19.96662],[-44.13508,-19.96491],[-44.13521,-19.96334],[-44.13563,-19.96339],[-44.13574,-19.96278],[-44.13608,-19.96286],[-44.13694,-19.95877],[-44.13758,-19.95869],[-44.13743,-19.95666],[-44.13398,-19.95619],[-44.13382,-19.95682],[-44.13186,-19.95687],[-44.13148,-19.95725],[-44.13113,-19.95858],[-44.13027,-19.95863],[-44.13138,-19.96105]]]}},{"id":"71","type":"Feature","properties":{"bairro":"Ponte Alta","distrito":"Betim","regiao":"Norte"},"geometry":{"type":"Polygon","coordinates":[[[-44.18788,-19.92627],[-44.18883,-19.92708],[-44.18904,-19.92547],[-44.18887,-19.92464],[-44.18807,-19.92393],[-44.18783,-19.92411],[-44.18704,-19.9237],[-44.18712,-19.92352],[-44.18744,-19.92349],[-44.1879,-19.92265],[-44.18889,-19.92217],[-44.18921,-19.92132],[-44.18975,-19.92152],[-44.19007,-19.92121],[-44.1905,-19.92138],[-44.19091,-19.92093],[-44.19072,-19.92067],[-44.19102,-19.92037],[-44.1901,-19.9194],[-44.19088,-19.91708],[-44.19061,-19.91667],[-44.19078,-19.91625],[-44.19041,-19.91602],[-44.1906,-19.9157],[-44.19007,-19.91506],[-44.19023,-19.91479],[-44.18959,-19.91288],[-44.18922,-19.91307],[-44.18863,-19.91288],[-44.18857,-19.91334],[-44.18744,-19.91394],[-44.18693,-19.91511],[-44.18649,-19.91513],[-44.18624,-19.91576],[-44.18502,-19.91664],[-44.18461,-19.91872],[-44.18383,-19.91916],[-44.18396,-19.9202],[-44.18443,-19.92114],[-44.18397,-19.92306],[-44.18231,-19.92386],[-44.18137,-19.92386],[-44.18067,-19.92417],[-44.18163,-19.92549],[-44.18146,-19.92651],[-44.18487,-19.92737],[-44.18618,-19.92681],[-44.18686,-19.92619],[-44.18788,-19.92627]]]}},{"id":"72","type":"Feature","properties":{"bairro":"Chácara","distrito":"Betim","regiao":"Sede"},"geometry":{"type":"Polygon","coordinates":[[[-44.18252,-19.96606],[-44.18906,-19.96381],[-44.19302,-19.9645],[-44.1939,-19.96318],[-44.18953,-19.95885],[-44.18831,-19.95855],[-44.18655,-19.95859],[-44.18304,-19.95949],[-44.18057,-19.96116],[-44.17828,-19.96177],[-44.17819,-19.96206],[-44.17704,-19.96251],[-44.17598,-19.96338],[-44.1748,-19.96384],[-44.17452,-19.96518],[-44.18038,-19.96634],[-44.18252,-19.96606]]]}},{"id":"73","type":"Feature","properties":{"bairro":"Bom Repouso","distrito":"Betim","regiao":"Norte"},"geometry":{"type":"Polygon","coordinates":[[[-44.20474,-19.93559],[-44.20251,-19.93983],[-44.20646,-19.94113],[-44.20611,-19.94202],[-44.20661,-19.94217],[-44.20694,-19.94185],[-44.20962,-19.94284],[-44.20976,-19.942],[-44.21084,-19.94092],[-44.21125,-19.93916],[-44.21129,-19.9377],[-44.20718,-19.9363],[-44.20609,-19.93649],[-44.20446,-19.93407],[-44.20413,-19.93507],[-44.20474,-19.93559]]]}},{"id":"74","type":"Feature","properties":{"bairro":"Vila Universal","distrito":"Betim","regiao":"Imbiruçu"},"geometry":{"type":"Polygon","coordinates":[[[-44.10621,-19.93218],[-44.10552,-19.93206],[-44.10565,-19.93242],[-44.1048,-19.93454],[-44.10467,-19.93542],[-44.10617,-19.93531],[-44.10609,-19.93573],[-44.10648,-19.93573],[-44.10897,-19.93529],[-44.10922,-19.93519],[-44.10902,-19.93496],[-44.11136,-19.93371],[-44.10991,-19.93206],[-44.10976,-19.93154],[-44.10922,-19.93139],[-44.10932,-19.93093],[-44.10911,-19.93086],[-44.10869,-19.9296],[-44.10867,-19.92839],[-44.10822,-19.92775],[-44.10746,-19.92732],[-44.10628,-19.92735],[-44.10361,-19.92866],[-44.1046,-19.9289],[-44.10621,-19.93218]]]}},{"id":"75","type":"Feature","properties":{"bairro":"São Jorge","distrito":"Betim","regiao":"Citrolândia"},"geometry":{"type":"Polygon","coordinates":[[[-44.23355,-20.02771],[-44.23777,-20.02466],[-44.23436,-20.02216],[-44.23494,-20.02214],[-44.23531,-20.02068],[-44.23257,-20.02137],[-44.23176,-20.02179],[-44.23182,-20.02208],[-44.22956,-20.02233],[-44.23028,-20.02395],[-44.23167,-20.02593],[-44.23355,-20.02771]]]}},{"id":"76","type":"Feature","properties":{"bairro":"Residencial Taquaril","distrito":"Betim","regiao":"Norte"},"geometry":{"type":"Polygon","coordinates":[[[-44.20614,-19.92444],[-44.20191,-19.92943],[-44.20296,-19.93077],[-44.20603,-19.93221],[-44.2068,-19.93134],[-44.2069,-19.93058],[-44.20657,-19.92861],[-44.20616,-19.92798],[-44.20646,-19.92735],[-44.20616,-19.92664],[-44.20655,-19.9259],[-44.20618,-19.92557],[-44.20638,-19.92503],[-44.20614,-19.92444]]]}},{"id":"77","type":"Feature","properties":{"bairro":"Fazenda Paraíso","distrito":"Betim","regiao":"Vianópolis"},"geometry":{"type":"Polygon","coordinates":[[[-44.24071,-19.90118],[-44.23722,-19.89913],[-44.23652,-19.90116],[-44.23461,-19.9017],[-44.2338,-19.90282],[-44.23223,-19.90359],[-44.23099,-19.90494],[-44.22934,-19.90582],[-44.22803,-19.90555],[-44.2269,-19.9061],[-44.22597,-19.90748],[-44.22642,-19.90991],[-44.2276,-19.91119],[-44.22809,-19.9113],[-44.22895,-19.91087],[-44.23041,-19.91159],[-44.23292,-19.91206],[-44.23274,-19.91257],[-44.23169,-19.91374],[-44.23414,-19.91425],[-44.23477,-19.9139],[-44.23953,-19.91401],[-44.24176,-19.91433],[-44.24433,-19.91515],[-44.24637,-19.91478],[-44.24691,-19.91424],[-44.2467,-19.9139],[-44.24709,-19.91367],[-44.24814,-19.91498],[-44.24937,-19.91542],[-44.24987,-19.91533],[-44.25143,-19.9138],[-44.25207,-19.91351],[-44.25033,-19.91199],[-44.24921,-19.9104],[-44.2495,-19.9077],[-44.2494,-19.9054],[-44.25158,-19.90564],[-44.25176,-19.90165],[-44.25367,-19.89763],[-44.25321,-19.89714],[-44.25313,-19.8966],[-44.25349,-19.89579],[-44.25348,-19.89516],[-44.25031,-19.89512],[-44.24835,-19.89552],[-44.24687,-19.89508],[-44.24677,-19.89473],[-44.24722,-19.89395],[-44.24724,-19.89304],[-44.24689,-19.89234],[-44.24547,-19.89159],[-44.24443,-19.89193],[-44.24396,-19.89314],[-44.24223,-19.89303],[-44.24058,-19.89418],[-44.23983,-19.89526],[-44.23968,-19.89585],[-44.24031,-19.89696],[-44.24006,-19.89781],[-44.2404,-19.89974],[-44.24091,-19.90094],[-44.24071,-19.90118]]]}},{"id":"78","type":"Feature","properties":{"bairro":"D.I. Bandeirinhas","distrito":"Betim","regiao":"Sede"},"geometry":{"type":"Polygon","coordinates":[[[-44.16124,-19.98147],[-44.16166,-19.98238],[-44.16249,-19.98237],[-44.16279,-19.98275],[-44.16305,-19.98263],[-44.16377,-19.9829],[-44.16705,-19.98538],[-44.1672,-19.98567],[-44.16694,-19.98616],[-44.16777,-19.98677],[-44.16896,-19.9883],[-44.16848,-19.98883],[-44.16872,-19.98925],[-44.16874,-19.99029],[-44.16911,-19.99025],[-44.16928,-19.99066],[-44.16979,-19.99067],[-44.17103,-19.99141],[-44.17123,-19.99201],[-44.17025,-19.99535],[-44.17053,-19.99548],[-44.17141,-19.99832],[-44.17503,-19.9958],[-44.17553,-19.99569],[-44.17603,-19.99599],[-44.17696,-19.99601],[-44.1773,-19.99636],[-44.17771,-19.99626],[-44.17852,-19.99696],[-44.18249,-19.99751],[-44.18313,-19.99784],[-44.1836,-19.99666],[-44.18351,-19.99607],[-44.18417,-19.99522],[-44.18383,-19.99445],[-44.18446,-19.99414],[-44.18479,-19.99335],[-44.18619,-19.99203],[-44.18608,-19.99161],[-44.18535,-19.99152],[-44.18546,-19.99115],[-44.18235,-19.99057],[-44.18307,-19.98945],[-44.18557,-19.98763],[-44.18245,-19.98698],[-44.17072,-19.98654],[-44.16899,-19.98602],[-44.16084,-19.97985],[-44.16045,-19.97835],[-44.1605,-19.97638],[-44.16076,-19.97653],[-44.16081,-19.97388],[-44.16012,-19.97339],[-44.15972,-19.97558],[-44.15999,-19.97698],[-44.15975,-19.97727],[-44.16012,-19.97821],[-44.15983,-19.97915],[-44.16048,-19.98032],[-44.16039,-19.98082],[-44.16124,-19.98147]]]}},{"id":"79","type":"Feature","properties":{"bairro":"Fazenda Serrinha","distrito":"Betim","regiao":"Citrolândia"},"geometry":{"type":"Polygon","coordinates":[[[-44.18852,-20.02036],[-44.18786,-20.02063],[-44.18773,-20.02025],[-44.1863,-20.02028],[-44.1861,-20.01986],[-44.18538,-20.02031],[-44.18485,-20.02199],[-44.18414,-20.02254],[-44.18314,-20.02296],[-44.18293,-20.02327],[-44.18192,-20.02332],[-44.1804,-20.02462],[-44.17908,-20.0249],[-44.17868,-20.02538],[-44.17837,-20.0262],[-44.17867,-20.02778],[-44.17919,-20.029],[-44.17906,-20.02955],[-44.17841,-20.03024],[-44.17839,-20.03066],[-44.17858,-20.0308],[-44.17869,-20.0304],[-44.17918,-20.03028],[-44.17984,-20.03056],[-44.18002,-20.03152],[-44.1798,-20.03385],[-44.18061,-20.03545],[-44.17972,-20.0359],[-44.17741,-20.03596],[-44.1765,-20.03562],[-44.17615,-20.03629],[-44.17491,-20.03714],[-44.17477,-20.03804],[-44.17516,-20.03924],[-44.17586,-20.0396],[-44.17712,-20.03976],[-44.17975,-20.04197],[-44.18115,-20.04588],[-44.18265,-20.04616],[-44.18278,-20.04637],[-44.18249,-20.04699],[-44.1826,-20.04744],[-44.18305,-20.04764],[-44.18494,-20.04759],[-44.18771,-20.04635],[-44.18925,-20.04515],[-44.18974,-20.04502],[-44.19045,-20.04617],[-44.19043,-20.04639],[-44.18994,-20.04654],[-44.18987,-20.04696],[-44.19045,-20.04738],[-44.19078,-20.04855],[-44.19187,-20.04926],[-44.19313,-20.04956],[-44.19474,-20.05129],[-44.19678,-20.04933],[-44.19727,-20.04813],[-44.19692,-20.04604],[-44.19853,-20.04261],[-44.20031,-20.04051],[-44.20155,-20.03999],[-44.2021,-20.04011],[-44.20385,-20.04122],[-44.20602,-20.04112],[-44.20782,-20.04142],[-44.20676,-20.03931],[-44.20688,-20.03822],[-44.20645,-20.03707],[-44.20527,-20.03489],[-44.20625,-20.03406],[-44.20607,-20.03369],[-44.20636,-20.03309],[-44.20609,-20.03254],[-44.20729,-20.03231],[-44.20757,-20.03196],[-44.20848,-20.03176],[-44.20954,-20.0322],[-44.21027,-20.03038],[-44.215,-20.02496],[-44.21543,-20.02337],[-44.2139,-20.02228],[-44.21021,-20.02167],[-44.20716,-20.02165],[-44.20664,-20.02087],[-44.2042,-20.01948],[-44.20379,-20.01791],[-44.20213,-20.0154],[-44.21175,-20.01225],[-44.21168,-20.01175],[-44.21295,-20.01144],[-44.21342,-20.01153],[-44.21498,-20.01312],[-44.2158,-20.01327],[-44.21709,-20.01204],[-44.21908,-20.0119],[-44.2194,-20.01145],[-44.21274,-20.00372],[-44.21057,-19.99851],[-44.2087,-19.99513],[-44.20693,-19.99085],[-44.20462,-19.98829],[-44.20335,-19.98646],[-44.20213,-19.98793],[-44.20117,-19.99044],[-44.20134,-19.991],[-44.20099,-19.99203],[-44.2015,-19.9929],[-44.20116,-19.99366],[-44.2014,-19.9949],[-44.20011,-19.99592],[-44.19985,-19.99714],[-44.19906,-19.99736],[-44.19868,-19.99799],[-44.19862,-20.00036],[-44.19699,-20.00127],[-44.19672,-20.00108],[-44.19577,-20.00202],[-44.19497,-20.00223],[-44.19432,-20.00353],[-44.19269,-20.00355],[-44.19155,-20.00636],[-44.19114,-20.00649],[-44.19116,-20.00681],[-44.18981,-20.00855],[-44.18982,-20.00946],[-44.19032,-20.00992],[-44.19058,-20.0125],[-44.1904,-20.01351],[-44.18997,-20.01391],[-44.18984,-20.01534],[-44.18904,-20.016],[-44.18981,-20.0176],[-44.18935,-20.01789],[-44.18923,-20.01859],[-44.18858,-20.01918],[-44.18852,-20.02036]]]}},{"id":"80","type":"Feature","properties":{"bairro":"Granja Verde","distrito":"Betim","regiao":"Imbiruçu"},"geometry":{"type":"Polygon","coordinates":[[[-44.09955,-19.93171],[-44.09977,-19.93427],[-44.10151,-19.93567],[-44.10332,-19.93613],[-44.10383,-19.9355],[-44.10467,-19.93542],[-44.1048,-19.93454],[-44.10565,-19.93242],[-44.10552,-19.93206],[-44.10621,-19.93218],[-44.1046,-19.9289],[-44.10361,-19.92866],[-44.10289,-19.92898],[-44.101,-19.92909],[-44.0996,-19.92961],[-44.099,-19.92959],[-44.10017,-19.93149],[-44.09955,-19.93171]]]}},{"id":"81","type":"Feature","properties":{"bairro":"Betim Industrial","distrito":"Betim","regiao":"Alterosas"},"geometry":{"type":"Polygon","coordinates":[[[-44.16492,-19.95595],[-44.16441,-19.95449],[-44.16341,-19.95536],[-44.16235,-19.95775],[-44.1608,-19.95913],[-44.16087,-19.95991],[-44.1613,-19.96063],[-44.16104,-19.96157],[-44.17452,-19.96518],[-44.1748,-19.96384],[-44.17598,-19.96338],[-44.17841,-19.96176],[-44.17742,-19.96145],[-44.17491,-19.9588],[-44.17192,-19.95763],[-44.16927,-19.95706],[-44.16735,-19.95509],[-44.16568,-19.95668],[-44.16492,-19.95595]]]}},{"id":"82","type":"Feature","properties":{"bairro":"São João","distrito":"Betim","regiao":"PTB"},"geometry":{"type":"Polygon","coordinates":[[[-44.17323946488294,-19.964831672240802],[-44.17239,-19.9646],[-44.17149,-19.96438],[-44.17107,-19.96425],[-44.16783,-19.96342],[-44.15976,-19.96122],[-44.1551,-19.96],[-44.15081,-19.95699],[-44.14881,-19.95627],[-44.14548,-19.95586],[-44.14588,-19.95594],[-44.14596,-19.95923],[-44.14537,-19.95939],[-44.14472,-19.96009],[-44.14461,-19.9613],[-44.14435,-19.96136],[-44.14413,-19.96241],[-44.14377,-19.96284],[-44.1423,-19.96394],[-44.1409,-19.9644],[-44.1399,-19.96562],[-44.14044,-19.96719],[-44.14071,-19.96718],[-44.14098,-19.96774],[-44.14176,-19.96739],[-44.14256,-19.96809],[-44.14461,-19.96886],[-44.14611,-19.97059],[-44.14693,-19.97094],[-44.14816,-19.97331],[-44.14996,-19.97431],[-44.15124,-19.97558],[-44.15158,-19.97752],[-44.1498,-19.97821],[-44.14916,-19.97879],[-44.14888,-19.97971],[-44.14897,-19.98018],[-44.14966,-19.98035],[-44.14974,-19.98108],[-44.15068,-19.98144],[-44.15165,-19.97998],[-44.15327,-19.98039],[-44.15424,-19.98102],[-44.1535,-19.98182],[-44.15347,-19.98249],[-44.15376,-19.98266],[-44.15431,-19.98433],[-44.15389,-19.98488],[-44.15399,-19.9863],[-44.15472,-19.98677],[-44.15506,-19.9868],[-44.15486,-19.98652],[-44.15492,-19.98585],[-44.15561,-19.9846],[-44.1579,-19.98402],[-44.15875,-19.98449],[-44.16156,-19.98214],[-44.16124,-19.98147],[-44.16039,-19.98082],[-44.16048,-19.98032],[-44.15983,-19.97915],[-44.16012,-19.97821],[-44.15975,-19.97727],[-44.15999,-19.97698],[-44.15972,-19.97558],[-44.16012,-19.97339],[-44.16081,-19.97388],[-44.16076,-19.97653],[-44.1605,-19.97638],[-44.16059,-19.97931],[-44.16099,-19.98004],[-44.16283,-19.98151],[-44.16509,-19.97858],[-44.16527,-19.97876],[-44.16602,-19.97788],[-44.16715,-19.97609],[-44.16761,-19.97633],[-44.16802,-19.97556],[-44.16806,-19.97469],[-44.17017,-19.97279],[-44.17059,-19.97228],[-44.17056,-19.972],[-44.17147,-19.97113],[-44.17177,-19.97136],[-44.1737,-19.96742],[-44.17315,-19.96706],[-44.173,-19.96558],[-44.17323946488294,-19.964831672240802]]]}},{"id":"83","type":"Feature","properties":{"bairro":"Capelinha","distrito":"Betim","regiao":"Imbiruçu"},"geometry":{"type":"Polygon","coordinates":[[[-44.09977,-19.93427],[-44.09948,-19.93212],[-44.09955,-19.93171],[-44.10017,-19.93149],[-44.099,-19.92959],[-44.09851,-19.92955],[-44.09812,-19.92983],[-44.09739,-19.92954],[-44.09568,-19.9303],[-44.09454,-19.93186],[-44.09322,-19.93242],[-44.09175,-19.9324],[-44.09082,-19.93371],[-44.08991,-19.93431],[-44.08567,-19.93459],[-44.08311,-19.93532],[-44.08228,-19.93607],[-44.08316,-19.93601],[-44.08559,-19.93522],[-44.08768,-19.93572],[-44.0883,-19.93662],[-44.08833,-19.93948],[-44.08899,-19.94019],[-44.08995,-19.94044],[-44.09093,-19.94001],[-44.09227,-19.93826],[-44.09416,-19.93808],[-44.09488,-19.93776],[-44.09534,-19.9372],[-44.09537,-19.93529],[-44.0957,-19.9346],[-44.09637,-19.93416],[-44.09751,-19.93413],[-44.09842,-19.93488],[-44.09934,-19.93752],[-44.10283,-19.94004],[-44.1035,-19.94202],[-44.10404,-19.94277],[-44.10546,-19.94178],[-44.1059,-19.94227],[-44.10719,-19.94295],[-44.10756,-19.94346],[-44.10684,-19.94079],[-44.1071,-19.94068],[-44.10489,-19.93666],[-44.10467,-19.93542],[-44.10383,-19.9355],[-44.10332,-19.93613],[-44.10243,-19.93596],[-44.10151,-19.93567],[-44.09977,-19.93427]]]}},{"id":"84","type":"Feature","properties":{"bairro":"Flores e Florestas","distrito":"Betim","regiao":"Vianópolis"},"geometry":{"type":"Polygon","coordinates":[[[-44.27722,-19.95789],[-44.27751,-19.95612],[-44.27399,-19.95555],[-44.27389,-19.95512],[-44.27332,-19.95523],[-44.27243,-19.95439],[-44.27052,-19.95354],[-44.26938,-19.95171],[-44.26939,-19.95082],[-44.26904,-19.95018],[-44.26735,-19.94888],[-44.26738,-19.9487],[-44.26698,-19.94865],[-44.26668,-19.94803],[-44.26691,-19.94592],[-44.26726,-19.94495],[-44.26678,-19.9443],[-44.26639,-19.94287],[-44.26193,-19.94266],[-44.25926,-19.94147],[-44.25767,-19.94112],[-44.25598,-19.94125],[-44.25351,-19.94218],[-44.25274,-19.94223],[-44.25071,-19.94092],[-44.2497,-19.94077],[-44.24788,-19.94225],[-44.24709,-19.94225],[-44.24589,-19.94181],[-44.24651,-19.94277],[-44.24778,-19.94317],[-44.24901,-19.94303],[-44.24955,-19.94327],[-44.24998,-19.94482],[-44.24985,-19.94697],[-44.24999,-19.94783],[-44.25032,-19.94815],[-44.25109,-19.94834],[-44.25214,-19.94821],[-44.25362,-19.94854],[-44.25481,-19.94947],[-44.25488,-19.95],[-44.25463,-19.9505],[-44.25493,-19.95167],[-44.25472,-19.95287],[-44.2549,-19.95369],[-44.24884,-19.95593],[-44.24859,-19.95459],[-44.2479,-19.95338],[-44.24646,-19.95334],[-44.24456,-19.95404],[-44.24281,-19.95573],[-44.2418,-19.95617],[-44.24111,-19.95747],[-44.24073,-19.95888],[-44.24078,-19.95973],[-44.24127,-19.96067],[-44.24244,-19.96146],[-44.2417,-19.96241],[-44.24095,-19.96246],[-44.24071,-19.96267],[-44.24136,-19.9626],[-44.24195,-19.96361],[-44.24066,-19.96468],[-44.24085,-19.96559],[-44.24056,-19.96608],[-44.24074,-19.96696],[-44.24226,-19.96672],[-44.24205,-19.96609],[-44.24244,-19.96577],[-44.24396,-19.96607],[-44.24398,-19.96553],[-44.24435,-19.9652],[-44.24538,-19.96604],[-44.24645,-19.96528],[-44.2472,-19.96643],[-44.24813,-19.96638],[-44.24853,-19.96676],[-44.25004,-19.96685],[-44.25016,-19.96798],[-44.25083,-19.96967],[-44.25199,-19.96944],[-44.25157,-19.97022],[-44.25231,-19.97064],[-44.25219,-19.97147],[-44.25306,-19.97159],[-44.25354,-19.97226],[-44.25321,-19.97325],[-44.25332,-19.97488],[-44.25396,-19.97473],[-44.25477,-19.97497],[-44.25538,-19.97426],[-44.25608,-19.97497],[-44.25757,-19.97542],[-44.25788,-19.97493],[-44.25883,-19.97448],[-44.26029,-19.97413],[-44.26104,-19.97317],[-44.26083,-19.97113],[-44.26133,-19.97061],[-44.26106,-19.97013],[-44.26172,-19.96971],[-44.26205,-19.9688],[-44.26256,-19.96843],[-44.2621,-19.96772],[-44.2622,-19.96753],[-44.26299,-19.96796],[-44.26511,-19.96779],[-44.26551,-19.96843],[-44.26572,-19.96843],[-44.26613,-19.96778],[-44.26677,-19.96812],[-44.26729,-19.96892],[-44.26817,-19.96878],[-44.26796,-19.96989],[-44.26965,-19.96974],[-44.26966,-19.97012],[-44.26929,-19.97048],[-44.26941,-19.97093],[-44.27005,-19.9713],[-44.27099,-19.97127],[-44.27111,-19.97152],[-44.27074,-19.9727],[-44.27168,-19.9728],[-44.27207,-19.97204],[-44.27199,-19.97077],[-44.2726,-19.97048],[-44.27335,-19.97057],[-44.27386,-19.96955],[-44.27477,-19.96915],[-44.27572,-19.96726],[-44.27601,-19.96755],[-44.27681,-19.9676],[-44.27929,-19.96727],[-44.28012,-19.96498],[-44.28052,-19.96298],[-44.28113,-19.96188],[-44.28202,-19.96107],[-44.28142,-19.95991],[-44.28158,-19.95898],[-44.28083,-19.95899],[-44.28006,-19.95827],[-44.27882,-19.95878],[-44.27722,-19.95789]]]}},{"id":"85","type":"Feature","properties":{"bairro":"Icaivera / Parque do Cedro","distrito":"Betim","regiao":"Icaivera"},"geometry":{"type":"Polygon","coordinates":[[[-44.15005,-19.85809],[-44.15005,-19.85861],[-44.15083,-19.86037],[-44.15086,-19.86083],[-44.15032,-19.86156],[-44.15057,-19.86275],[-44.1516,-19.86367],[-44.15116,-19.86505],[-44.15125,-19.86577],[-44.15152,-19.86638],[-44.15203,-19.86652],[-44.15242,-19.867],[-44.15287,-19.86702],[-44.15327,-19.86748],[-44.15307,-19.86891],[-44.15281,-19.86918],[-44.15363,-19.87107],[-44.15351,-19.87149],[-44.15383,-19.87189],[-44.15426,-19.87344],[-44.15434,-19.87454],[-44.15382,-19.87772],[-44.15593,-19.87746],[-44.15611,-19.87573],[-44.15709,-19.87552],[-44.15736,-19.87575],[-44.15881,-19.8757],[-44.15912,-19.87531],[-44.16283,-19.87437],[-44.16328,-19.87502],[-44.16398,-19.87486],[-44.16453,-19.8751],[-44.16526,-19.875],[-44.16623,-19.87465],[-44.16855,-19.87276],[-44.16773,-19.87203],[-44.16855,-19.86936],[-44.16744,-19.86845],[-44.16842,-19.86753],[-44.16887,-19.86609],[-44.17018,-19.86498],[-44.16993,-19.86317],[-44.17009,-19.86259],[-44.17059,-19.86185],[-44.17131,-19.86147],[-44.16943,-19.85979],[-44.16843,-19.85851],[-44.16974,-19.85712],[-44.17077,-19.85685],[-44.17122,-19.85545],[-44.16974,-19.8521],[-44.16825,-19.85151],[-44.16747,-19.85042],[-44.16743,-19.84821],[-44.16799,-19.8469],[-44.16713,-19.84669],[-44.16575,-19.84475],[-44.16435,-19.84442],[-44.16334,-19.84326],[-44.16295,-19.84243],[-44.16204,-19.84221],[-44.16048,-19.84336],[-44.15879,-19.84379],[-44.15813,-19.84593],[-44.15641,-19.84835],[-44.15375,-19.84932],[-44.15296,-19.85015],[-44.15285,-19.85076],[-44.15315,-19.85127],[-44.15251,-19.85283],[-44.15174,-19.85279],[-44.15139,-19.85369],[-44.15168,-19.85376],[-44.15156,-19.85389],[-44.15091,-19.85397],[-44.15015,-19.85512],[-44.14937,-19.85518],[-44.14985,-19.85581],[-44.14967,-19.85589],[-44.14966,-19.85646],[-44.1499,-19.85672],[-44.1497,-19.85674],[-44.14968,-19.85716],[-44.15005,-19.85737],[-44.1497,-19.85744],[-44.14971,-19.85784],[-44.15005,-19.85809]]]}},{"id":"86","type":"Feature","properties":{"bairro":"Vale Verde","distrito":"Betim","regiao":"Vianópolis"},"geometry":{"type":"Polygon","coordinates":[[[-44.2958,-19.95939],[-44.29669,-19.95526],[-44.29749,-19.95398],[-44.29996,-19.95242],[-44.3007,-19.95008],[-44.30123,-19.94972],[-44.30491,-19.94874],[-44.29916,-19.94511],[-44.29805,-19.94503],[-44.29595,-19.94553],[-44.2899,-19.94555],[-44.28866,-19.94597],[-44.28662,-19.94741],[-44.28566,-19.94772],[-44.27986,-19.94635],[-44.27854,-19.94798],[-44.27737,-19.94872],[-44.27647,-19.94871],[-44.27533,-19.94805],[-44.27363,-19.94867],[-44.27533,-19.94976],[-44.2696,-19.95219],[-44.27052,-19.95354],[-44.27243,-19.95439],[-44.27332,-19.95523],[-44.27389,-19.95512],[-44.27399,-19.95555],[-44.27751,-19.95612],[-44.27722,-19.95789],[-44.27882,-19.95878],[-44.28006,-19.95827],[-44.28083,-19.95899],[-44.28158,-19.95898],[-44.28142,-19.95991],[-44.28202,-19.96107],[-44.28308,-19.96043],[-44.28716,-19.95972],[-44.28814,-19.96021],[-44.2892,-19.96138],[-44.29073,-19.96255],[-44.29181,-19.96262],[-44.293,-19.96216],[-44.29516,-19.95921],[-44.2958,-19.95939]]]}},{"id":"87","type":"Feature","properties":{"bairro":"Jardim Terezópolis","distrito":"Betim","regiao":"Teresópolis"},"geometry":{"type":"Polygon","coordinates":[[[-44.11074,-19.95231],[-44.11087,-19.95582],[-44.11713,-19.9553],[-44.11984,-19.95746],[-44.12108,-19.95785],[-44.12596,-19.95673],[-44.12382,-19.94762],[-44.12397,-19.94745],[-44.12085,-19.94564],[-44.11938,-19.9456],[-44.11333,-19.94662],[-44.11369,-19.94971],[-44.11141,-19.95026],[-44.11083,-19.95016],[-44.11046,-19.95127],[-44.11074,-19.95231]]]}},{"id":"88","type":"Feature","properties":{"bairro":"Santa Lúcia","distrito":"Betim","regiao":"Norte"},"geometry":{"type":"Polygon","coordinates":[[[-44.19927,-19.94835],[-44.19976,-19.95039],[-44.2005,-19.95111],[-44.20042,-19.95197],[-44.20388,-19.95272],[-44.2036,-19.95367],[-44.20391,-19.95382],[-44.20493,-19.95253],[-44.20602,-19.9519],[-44.20669,-19.94972],[-44.20369,-19.94862],[-44.19927,-19.94835]]]}},{"id":"89","type":"Feature","properties":{"bairro":"Santa Cruz","distrito":"Betim","regiao":"PTB"},"geometry":{"type":"Polygon","coordinates":[[[-44.1409,-19.9644],[-44.14256,-19.96379],[-44.14413,-19.96241],[-44.14435,-19.96136],[-44.14461,-19.9613],[-44.14472,-19.96009],[-44.14537,-19.95939],[-44.14596,-19.95923],[-44.14588,-19.95594],[-44.13982,-19.95663],[-44.13743,-19.95666],[-44.13758,-19.95869],[-44.13694,-19.95877],[-44.1361,-19.96281],[-44.13574,-19.96278],[-44.13563,-19.96339],[-44.13521,-19.96334],[-44.13508,-19.96491],[-44.13428,-19.96633],[-44.1399,-19.96562],[-44.1409,-19.9644]]]}},{"id":"90","type":"Feature","properties":{"bairro":"Arquipélago Verde","distrito":"Betim","regiao":"Sede"},"geometry":{"type":"Polygon","coordinates":[[[-44.17964,-19.97675],[-44.17993,-19.97789],[-44.17824,-19.97994],[-44.17641,-19.98117],[-44.17638,-19.98208],[-44.17698,-19.98364],[-44.17707,-19.98469],[-44.17599,-19.98538],[-44.17548,-19.98604],[-44.1754,-19.9868],[-44.18245,-19.98698],[-44.18557,-19.98763],[-44.18678,-19.98672],[-44.18735,-19.9853],[-44.18669,-19.98417],[-44.18618,-19.9822],[-44.18481,-19.9815],[-44.18429,-19.98038],[-44.18574,-19.97954],[-44.18619,-19.97904],[-44.1868,-19.97634],[-44.18295,-19.97642],[-44.18111,-19.97615],[-44.1801,-19.97677],[-44.17964,-19.97675]]]}},{"id":"91","type":"Feature","properties":{"bairro":"Amarante","distrito":"Betim","regiao":"Imbiruçu"},"geometry":{"type":"Polygon","coordinates":[[[-44.13949,-19.94479],[-44.13855,-19.94372],[-44.13791,-19.94224],[-44.13608,-19.9415],[-44.13577,-19.94111],[-44.13394,-19.94129],[-44.13334,-19.94385],[-44.13432,-19.94406],[-44.13628,-19.94517],[-44.1385,-19.94907],[-44.14061,-19.95057],[-44.14178,-19.95112],[-44.14347,-19.95272],[-44.14387,-19.95232],[-44.14317,-19.95185],[-44.1432,-19.95153],[-44.14204,-19.94968],[-44.14088,-19.94841],[-44.14021,-19.94711],[-44.14033,-19.94523],[-44.14015,-19.94491],[-44.13949,-19.94479]]]}},{"id":"92","type":"Feature","properties":{"bairro":"Bodocó","distrito":"Betim","regiao":"Vianópolis"},"geometry":{"type":"Polygon","coordinates":[[[-44.2374,-19.92868],[-44.24286,-19.93084],[-44.24581,-19.93138],[-44.24489,-19.93416],[-44.24562,-19.93489],[-44.2479,-19.93958],[-44.24817,-19.94213],[-44.2497,-19.94077],[-44.25052,-19.94083],[-44.25216,-19.942],[-44.2531,-19.94225],[-44.2555,-19.94136],[-44.25722,-19.94112],[-44.25631,-19.94083],[-44.25791,-19.94066],[-44.25967,-19.94095],[-44.26253,-19.94258],[-44.26454,-19.94217],[-44.26649,-19.94228],[-44.26811,-19.94182],[-44.27071,-19.94216],[-44.27061,-19.94168],[-44.27123,-19.94063],[-44.27162,-19.94086],[-44.27281,-19.9408],[-44.27337,-19.94012],[-44.27272,-19.93826],[-44.27369,-19.93781],[-44.2732,-19.93574],[-44.27275,-19.93526],[-44.27118,-19.93482],[-44.26874,-19.92893],[-44.26691,-19.92946],[-44.26633,-19.93169],[-44.2649,-19.93399],[-44.26426,-19.93453],[-44.26341,-19.935],[-44.26236,-19.93506],[-44.25969,-19.93456],[-44.25555,-19.93319],[-44.25014,-19.92996],[-44.24558,-19.92333],[-44.24517,-19.92295],[-44.2422,-19.92167],[-44.24167,-19.92266],[-44.24181,-19.92338],[-44.24109,-19.92624],[-44.2398,-19.92747],[-44.2374,-19.92868]]]}},{"id":"93","type":"Feature","properties":{"bairro":"Santo Antônio","distrito":"Betim","regiao":"Teresópolis"},"geometry":{"type":"Polygon","coordinates":[[[-44.10386,-19.95615],[-44.11087,-19.95582],[-44.11092,-19.95374],[-44.11046,-19.95127],[-44.11083,-19.95016],[-44.11141,-19.95026],[-44.11369,-19.94971],[-44.11333,-19.94662],[-44.11099,-19.94705],[-44.10906,-19.94693],[-44.10724,-19.94809],[-44.10785,-19.94875],[-44.10697,-19.94899],[-44.10595,-19.95003],[-44.10538,-19.95021],[-44.1046,-19.95183],[-44.10345,-19.95192],[-44.1036,-19.95344],[-44.09726,-19.95298],[-44.09789,-19.95398],[-44.09786,-19.95447],[-44.0971,-19.95448],[-44.09671,-19.95525],[-44.0968,-19.95562],[-44.10386,-19.95615]]]}},{"id":"94","type":"Feature","properties":{"bairro":"Presidente Kennedy","distrito":"Betim","regiao":"PTB"},"geometry":{"type":"Polygon","coordinates":[[[-44.14162,-19.96975],[-44.14386,-19.97366],[-44.1452,-19.97515],[-44.14743,-19.97839],[-44.14804,-19.97968],[-44.14795,-19.98099],[-44.14851,-19.98159],[-44.14874,-19.98133],[-44.14897,-19.98141],[-44.14888,-19.97971],[-44.14916,-19.97879],[-44.1498,-19.97821],[-44.15158,-19.97752],[-44.15124,-19.97558],[-44.14996,-19.97431],[-44.14816,-19.97331],[-44.14693,-19.97094],[-44.14611,-19.97059],[-44.14461,-19.96886],[-44.14256,-19.96809],[-44.14176,-19.96739],[-44.14098,-19.96774],[-44.14071,-19.96718],[-44.14044,-19.96719],[-44.1399,-19.96562],[-44.13856,-19.96579],[-44.13907,-19.96752],[-44.14162,-19.96975]]]}},{"id":"95","type":"Feature","properties":{"bairro":"Jardim Alterosas 2 Seção","distrito":"Betim","regiao":"Alterosas"},"geometry":{"type":"Polygon","coordinates":[[[-44.1685,-19.95216],[-44.16992,-19.9497],[-44.17194,-19.94864],[-44.17193,-19.9483],[-44.17258,-19.94762],[-44.17312,-19.9458],[-44.17337,-19.94587],[-44.17503,-19.9423],[-44.1741,-19.94164],[-44.1721,-19.94227],[-44.17112,-19.9422],[-44.17037,-19.94283],[-44.16895,-19.93895],[-44.17203,-19.9329],[-44.17092,-19.93204],[-44.17018,-19.93103],[-44.16474,-19.93188],[-44.16448,-19.93281],[-44.1635,-19.93416],[-44.16384,-19.93713],[-44.16167,-19.93771],[-44.16109,-19.93697],[-44.1585,-19.93585],[-44.15584,-19.93301],[-44.15391,-19.93374],[-44.15413,-19.9345],[-44.1576,-19.93976],[-44.15811,-19.94114],[-44.15807,-19.94208],[-44.15551,-19.94396],[-44.15696,-19.94341],[-44.16107,-19.94331],[-44.16279,-19.9435],[-44.16356,-19.94415],[-44.16515,-19.94759],[-44.16542,-19.94924],[-44.16609,-19.95065],[-44.16628,-19.95271],[-44.16667,-19.95383],[-44.1685,-19.95216]]]}},{"id":"96","type":"Feature","properties":{"bairro":"Salomé","distrito":"Betim","regiao":"Sede"},"geometry":{"type":"Polygon","coordinates":[[[-44.20636,-19.96169],[-44.20926,-19.96103],[-44.21164,-19.9591],[-44.21204,-19.95815],[-44.21164,-19.95702],[-44.21117,-19.95731],[-44.21041,-19.9572],[-44.2101,-19.95741],[-44.20926,-19.95713],[-44.20817,-19.95715],[-44.20785,-19.95695],[-44.2076,-19.95624],[-44.20675,-19.95612],[-44.20644,-19.95569],[-44.20558,-19.95582],[-44.20482,-19.95817],[-44.20343,-19.95797],[-44.20346,-19.95845],[-44.20527,-19.95969],[-44.20636,-19.96169]]]}},{"id":"97","type":"Feature","properties":{"bairro":"Santo Afonso","distrito":"Betim","regiao":"Vianópolis"},"geometry":{"type":"Polygon","coordinates":[[[-44.27624,-19.89913],[-44.2763,-19.90346],[-44.27599,-19.90419],[-44.27221,-19.90702],[-44.27139,-19.90806],[-44.27134,-19.90881],[-44.27173,-19.91041],[-44.27125,-19.91585],[-44.27156,-19.91667],[-44.27604,-19.91526],[-44.27726,-19.91463],[-44.27831,-19.91359],[-44.28254,-19.91062],[-44.28343,-19.91055],[-44.28635,-19.91159],[-44.28841,-19.91292],[-44.29057,-19.91627],[-44.2906,-19.91778],[-44.28998,-19.91882],[-44.29593,-19.92042],[-44.29809,-19.91753],[-44.29924,-19.91663],[-44.30115,-19.91597],[-44.30153,-19.91503],[-44.30124,-19.91266],[-44.30023,-19.9121],[-44.29899,-19.90961],[-44.29857,-19.90678],[-44.29909,-19.90573],[-44.29765,-19.90538],[-44.29589,-19.90363],[-44.29538,-19.90281],[-44.29484,-19.90096],[-44.29362,-19.89891],[-44.29363,-19.8976],[-44.29438,-19.89556],[-44.29511,-19.89454],[-44.29509,-19.89408],[-44.29409,-19.89457],[-44.29178,-19.89433],[-44.28757,-19.89227],[-44.28516,-19.89284],[-44.28428,-19.89279],[-44.28207,-19.89057],[-44.28096,-19.89215],[-44.27994,-19.89427],[-44.27651,-19.89806],[-44.27624,-19.89913]]]}},{"id":"98","type":"Feature","properties":{"bairro":"Petrópolis","distrito":"Betim","regiao":"Sede"},"geometry":{"type":"Polygon","coordinates":[[[-44.17777,-19.97677],[-44.1801,-19.97677],[-44.18111,-19.97615],[-44.18295,-19.97642],[-44.1868,-19.97634],[-44.18776,-19.97551],[-44.18667,-19.97487],[-44.18676,-19.97465],[-44.18516,-19.97397],[-44.17917,-19.9668],[-44.17789,-19.96605],[-44.17324,-19.96483],[-44.173,-19.96558],[-44.17315,-19.96706],[-44.1737,-19.96742],[-44.17177,-19.97136],[-44.17272,-19.97186],[-44.17262,-19.97232],[-44.1733,-19.97249],[-44.17385,-19.97236],[-44.17418,-19.97139],[-44.17503,-19.9708],[-44.17725,-19.97147],[-44.17843,-19.97285],[-44.17839,-19.97363],[-44.17766,-19.97355],[-44.17777,-19.97677]]]}},{"id":"99","type":"Feature","properties":{"bairro":"Campos Elíseos","distrito":"Betim","regiao":"PTB"},"geometry":{"type":"Polygon","coordinates":[[[-44.14274,-19.98361],[-44.1433,-19.9831],[-44.14352,-19.98193],[-44.14519,-19.9847],[-44.14759,-19.98278],[-44.14789,-19.98214],[-44.14851,-19.98159],[-44.14788,-19.98085],[-44.14804,-19.97968],[-44.14743,-19.97839],[-44.14476,-19.97465],[-44.14401,-19.97515],[-44.14364,-19.97509],[-44.14368,-19.97568],[-44.14303,-19.97605],[-44.14289,-19.97581],[-44.14249,-19.97681],[-44.14086,-19.97586],[-44.13974,-19.97567],[-44.1386,-19.97683],[-44.13902,-19.97872],[-44.13876,-19.97976],[-44.142,-19.98142],[-44.13904,-19.98588],[-44.14285,-19.98538],[-44.14274,-19.98361]]]}},{"id":"100","type":"Feature","properties":{"bairro":"Serra das Flores","distrito":"Betim","regiao":"Norte"},"geometry":{"type":"Polygon","coordinates":[[[-44.17536,-19.87768],[-44.17516,-19.88024],[-44.17646,-19.88018],[-44.17745,-19.88168],[-44.17777,-19.88275],[-44.17866,-19.88432],[-44.17861,-19.88526],[-44.17876,-19.8854],[-44.17911,-19.88522],[-44.17955,-19.88564],[-44.18059,-19.88726],[-44.18036,-19.886],[-44.18055,-19.88559],[-44.18345,-19.88442],[-44.18516,-19.88421],[-44.18614,-19.88369],[-44.18655,-19.88314],[-44.18682,-19.88197],[-44.18762,-19.88103],[-44.18886,-19.88108],[-44.19052,-19.88042],[-44.1905,-19.88002],[-44.19136,-19.87817],[-44.19044,-19.87783],[-44.1896,-19.87864],[-44.18891,-19.87881],[-44.18821,-19.87835],[-44.18698,-19.87886],[-44.18687,-19.87916],[-44.18524,-19.87951],[-44.18404,-19.87877],[-44.18267,-19.87869],[-44.1818,-19.87817],[-44.17933,-19.87746],[-44.17839,-19.87729],[-44.17787,-19.87751],[-44.17747,-19.87662],[-44.17536,-19.87768]]]}},{"id":"101","type":"Feature","properties":{"bairro":"Brodoski","distrito":"Betim","regiao":"Vianópolis"},"geometry":{"type":"Polygon","coordinates":[[[-44.24208,-19.94028],[-44.24698,-19.94222],[-44.24817,-19.94213],[-44.2479,-19.93958],[-44.24569,-19.93524],[-44.24499,-19.93525],[-44.24428,-19.93783],[-44.24375,-19.9389],[-44.24208,-19.94028]]]}},{"id":"102","type":"Feature","properties":{"bairro":"D. I. Jardim Piemonte / Norte","distrito":"Betim","regiao":"Teresópolis"},"geometry":{"type":"Polygon","coordinates":[[[-44.07352,-19.9489],[-44.07294,-19.948],[-44.07171,-19.94838],[-44.06971,-19.94846],[-44.06947,-19.94814],[-44.06891,-19.94879],[-44.06812,-19.95084],[-44.06777,-19.9512],[-44.06737,-19.95234],[-44.06782,-19.95393],[-44.06756,-19.95632],[-44.06786,-19.95695],[-44.06862,-19.95751],[-44.06945,-19.95896],[-44.07429,-19.95889],[-44.07813,-19.95758],[-44.0793,-19.95764],[-44.07955,-19.95676],[-44.07936,-19.95576],[-44.08025,-19.95372],[-44.07835,-19.95285],[-44.07677,-19.95265],[-44.07542,-19.95039],[-44.07352,-19.9489]]]}},{"id":"103","type":"Feature","properties":{"bairro":"Angola","distrito":"Betim","regiao":"Sede"},"geometry":{"type":"Polygon","coordinates":[[[-44.20519,-19.96375],[-44.20636,-19.96169],[-44.20527,-19.95969],[-44.20346,-19.95845],[-44.20343,-19.95781],[-44.20468,-19.95574],[-44.20403,-19.95396],[-44.2036,-19.95367],[-44.20388,-19.95272],[-44.20042,-19.95197],[-44.19986,-19.95472],[-44.20082,-19.95806],[-44.19744,-19.95895],[-44.19788,-19.96005],[-44.19946,-19.96161],[-44.20002,-19.96355],[-44.20367,-19.96601],[-44.20553,-19.96594],[-44.20519,-19.96375]]]}},{"id":"104","type":"Feature","properties":{"bairro":"Parque das Acácias","distrito":"Betim","regiao":"Imbiruçu"},"geometry":{"type":"Polygon","coordinates":[[[-44.12753,-19.93913],[-44.13088,-19.93706],[-44.13074,-19.93362],[-44.12923,-19.93401],[-44.12805,-19.93459],[-44.12638,-19.93588],[-44.12393,-19.93666],[-44.12279,-19.93734],[-44.12337,-19.93826],[-44.12485,-19.9391],[-44.1253,-19.93967],[-44.12613,-19.93973],[-44.12753,-19.93913]]]}},{"id":"105","type":"Feature","properties":{"bairro":"Fazenda Liberatos","distrito":"Betim","regiao":"Norte"},"geometry":{"type":"Polygon","coordinates":[[[-44.21578,-19.9198],[-44.21569,-19.91906],[-44.21542,-19.91887],[-44.21617,-19.91829],[-44.21588,-19.91742],[-44.21593,-19.91626],[-44.21657,-19.91601],[-44.21646,-19.91554],[-44.21625,-19.91554],[-44.2166,-19.91535],[-44.21681,-19.91473],[-44.21646,-19.91382],[-44.21559,-19.913],[-44.21527,-19.91315],[-44.21498,-19.9129],[-44.21408,-19.9143],[-44.21166,-19.91446],[-44.21122,-19.91424],[-44.21075,-19.91442],[-44.20993,-19.91565],[-44.20959,-19.9158],[-44.20762,-19.9154],[-44.20651,-19.91583],[-44.20432,-19.91765],[-44.20424,-19.91804],[-44.20456,-19.9186],[-44.20324,-19.92107],[-44.20402,-19.922],[-44.20538,-19.92271],[-44.20596,-19.92354],[-44.20584,-19.9239],[-44.20638,-19.92503],[-44.20618,-19.92557],[-44.20655,-19.9259],[-44.20616,-19.92664],[-44.20646,-19.92735],[-44.20616,-19.92798],[-44.20657,-19.92861],[-44.2069,-19.93058],[-44.2068,-19.93134],[-44.20603,-19.93221],[-44.20574,-19.93206],[-44.20493,-19.93353],[-44.20649,-19.93368],[-44.20872,-19.93264],[-44.21019,-19.933],[-44.21079,-19.93255],[-44.21342,-19.93258],[-44.21588,-19.93285],[-44.21728,-19.934],[-44.21792,-19.93411],[-44.21797,-19.93358],[-44.2188,-19.93262],[-44.21855,-19.9323],[-44.21878,-19.93082],[-44.21834,-19.92992],[-44.21995,-19.92783],[-44.22048,-19.92636],[-44.22078,-19.92605],[-44.22177,-19.92578],[-44.22246,-19.92629],[-44.22306,-19.92627],[-44.22245,-19.9253],[-44.22265,-19.92489],[-44.22197,-19.92453],[-44.22198,-19.92406],[-44.22145,-19.92362],[-44.22161,-19.92293],[-44.22141,-19.92193],[-44.22095,-19.92087],[-44.22032,-19.92013],[-44.21986,-19.91996],[-44.21957,-19.92022],[-44.21949,-19.92],[-44.21933,-19.92025],[-44.21838,-19.92039],[-44.21812,-19.9202],[-44.21744,-19.92062],[-44.21744,-19.92104],[-44.21711,-19.92124],[-44.21647,-19.92107],[-44.21578,-19.9198]]]}},{"id":"106","type":"Feature","properties":{"bairro":"Santa Fé","distrito":"Betim","regiao":"Norte"},"geometry":{"type":"Polygon","coordinates":[[[-44.20557,-19.95587],[-44.20644,-19.95569],[-44.20675,-19.95612],[-44.2076,-19.95624],[-44.20734,-19.95358],[-44.20582,-19.95281],[-44.20593,-19.95197],[-44.20493,-19.95253],[-44.20391,-19.95382],[-44.20468,-19.95574],[-44.20343,-19.95797],[-44.20482,-19.95817],[-44.20557,-19.95587]]]}},{"id":"107","type":"Feature","properties":{"bairro":"Renascer","distrito":"Betim","regiao":"Teresópolis"},"geometry":{"type":"Polygon","coordinates":[[[-44.09667,-19.94909],[-44.09984,-19.94347],[-44.09771,-19.94092],[-44.09579,-19.94143],[-44.09389,-19.9433],[-44.09373,-19.94394],[-44.09393,-19.94458],[-44.09303,-19.94575],[-44.09307,-19.94715],[-44.09281,-19.94769],[-44.09122,-19.94913],[-44.09173,-19.94963],[-44.09332,-19.94983],[-44.09557,-19.94905],[-44.09667,-19.94909]]]}},{"id":"108","type":"Feature","properties":{"bairro":"Nova Baden","distrito":"Betim","regiao":"Imbiruçu"},"geometry":{"type":"Polygon","coordinates":[[[-44.137,-19.94993],[-44.13618,-19.95053],[-44.13739,-19.95222],[-44.13804,-19.95539],[-44.1374,-19.95666],[-44.13982,-19.95663],[-44.14588,-19.95594],[-44.14548,-19.95586],[-44.14411,-19.95341],[-44.14178,-19.95112],[-44.14061,-19.95057],[-44.13837,-19.94887],[-44.13689,-19.94979],[-44.137,-19.94993]]]}},{"id":"109","type":"Feature","properties":{"bairro":"Novo Horizonte","distrito":"Betim","regiao":"Norte"},"geometry":{"type":"Polygon","coordinates":[[[-44.2011,-19.94147],[-44.19956,-19.94239],[-44.19862,-19.94488],[-44.19865,-19.94593],[-44.19927,-19.94835],[-44.20369,-19.94862],[-44.20669,-19.94972],[-44.2076,-19.9492],[-44.20773,-19.94899],[-44.20747,-19.94869],[-44.20778,-19.94818],[-44.20907,-19.94759],[-44.20928,-19.94598],[-44.20884,-19.94451],[-44.2096,-19.94345],[-44.20962,-19.94284],[-44.20694,-19.94185],[-44.20661,-19.94217],[-44.20611,-19.94202],[-44.20646,-19.94113],[-44.20139,-19.93962],[-44.20143,-19.94085],[-44.2011,-19.94147]]]}},{"id":"110","type":"Feature","properties":{"bairro":"Santa Inês","distrito":"Betim","regiao":"Sede"},"geometry":{"type":"Polygon","coordinates":[[[-44.20865,-19.96644],[-44.21478,-19.96619],[-44.21863,-19.96403],[-44.21903,-19.96372],[-44.21879,-19.96294],[-44.21819,-19.96215],[-44.21731,-19.96294],[-44.21553,-19.96396],[-44.2151,-19.96462],[-44.21406,-19.96529],[-44.20916,-19.96304],[-44.20779,-19.96592],[-44.20865,-19.96644]]]}},{"id":"111","type":"Feature","properties":{"bairro":"Marmeleiros","distrito":"Betim","regiao":"Sede"},"geometry":{"type":"Polygon","coordinates":[[[-44.23251,-19.95297],[-44.23061,-19.95387],[-44.22989,-19.95371],[-44.22794,-19.95496],[-44.2282,-19.95773],[-44.2296,-19.9591],[-44.23244,-19.95813],[-44.23617,-19.95725],[-44.23478,-19.95541],[-44.23301,-19.95398],[-44.23251,-19.95297]]]}},{"id":"112","type":"Feature","properties":{"bairro":"Aroeiras","distrito":"Betim","regiao":"Citrolândia"},"geometry":{"type":"Polygon","coordinates":[[[-44.21972,-19.97849],[-44.21178,-19.9809],[-44.20825,-19.98375],[-44.20306,-19.98586],[-44.20462,-19.98829],[-44.20693,-19.99085],[-44.20953,-19.99662],[-44.21,-19.99635],[-44.21093,-19.99644],[-44.21165,-19.99674],[-44.2123,-19.99767],[-44.21407,-19.99789],[-44.2171,-19.99974],[-44.21742,-19.99972],[-44.22145,-19.99725],[-44.22196,-19.99672],[-44.2237,-19.99622],[-44.22408,-19.99583],[-44.22402,-19.9951],[-44.23094,-19.99873],[-44.23025,-20.00108],[-44.23221,-19.99972],[-44.23373,-19.99902],[-44.23418,-19.99806],[-44.23395,-19.99704],[-44.23699,-19.99463],[-44.23854,-19.99373],[-44.23811,-19.9935],[-44.23802,-19.99284],[-44.23514,-19.99067],[-44.23469,-19.99149],[-44.22888,-19.99356],[-44.23009,-19.98564],[-44.23046,-19.98439],[-44.23217,-19.98254],[-44.2215,-19.97832],[-44.21972,-19.97849]]]}},{"id":"113","type":"Feature","properties":{"bairro":"Vianópolis","distrito":"Betim","regiao":"Vianópolis"},"geometry":{"type":"Polygon","coordinates":[[[-44.27363,-19.94867],[-44.27533,-19.94805],[-44.27647,-19.94871],[-44.27737,-19.94872],[-44.27854,-19.94798],[-44.27987,-19.94623],[-44.27913,-19.94422],[-44.27804,-19.94292],[-44.27815,-19.94104],[-44.27792,-19.94044],[-44.27673,-19.93949],[-44.27589,-19.93931],[-44.27512,-19.93955],[-44.27418,-19.94066],[-44.27369,-19.93781],[-44.27272,-19.93826],[-44.27337,-19.94012],[-44.27319,-19.94042],[-44.27281,-19.9408],[-44.27162,-19.94086],[-44.27123,-19.94063],[-44.27061,-19.94168],[-44.27071,-19.94216],[-44.26811,-19.94182],[-44.26649,-19.94228],[-44.26444,-19.94218],[-44.26266,-19.94259],[-44.25933,-19.94084],[-44.25791,-19.94066],[-44.25631,-19.94083],[-44.25908,-19.94141],[-44.26193,-19.94266],[-44.26639,-19.94287],[-44.26678,-19.9443],[-44.26726,-19.94495],[-44.26691,-19.94592],[-44.26668,-19.94803],[-44.26703,-19.9487],[-44.26738,-19.9487],[-44.26735,-19.94888],[-44.26904,-19.95018],[-44.26939,-19.95082],[-44.26929,-19.95143],[-44.2696,-19.95219],[-44.27533,-19.94976],[-44.27363,-19.94867]]]}},{"id":"114","type":"Feature","properties":{"bairro":"Jardim Nazareno","distrito":"Betim","regiao":"Petrovale"},"geometry":{"type":"Polygon","coordinates":[[[-44.13331,-19.99523],[-44.13078,-19.99694],[-44.129,-19.9968],[-44.12733,-19.99722],[-44.1277,-19.99833],[-44.13007,-19.9988],[-44.13118,-19.99869],[-44.13158,-19.99907],[-44.13155,-20.00052],[-44.13193,-20.00157],[-44.13319,-20.00134],[-44.13465,-20.00188],[-44.13504,-20.00252],[-44.1372,-20.00328],[-44.13856,-20.00344],[-44.13815,-20.00251],[-44.13802,-19.99976],[-44.13676,-19.99605],[-44.13418,-19.99368],[-44.13331,-19.99523]]]}},{"id":"115","type":"Feature","properties":{"bairro":"Brasiléia","distrito":"Betim","regiao":"Sede"},"geometry":{"type":"Polygon","coordinates":[[[-44.21379,-19.98015],[-44.22105,-19.97829],[-44.22242,-19.97853],[-44.22636,-19.98012],[-44.22614,-19.97976],[-44.2266,-19.97827],[-44.22602,-19.97703],[-44.22511,-19.97659],[-44.22551,-19.97498],[-44.22525,-19.97418],[-44.22478,-19.97389],[-44.2243,-19.97424],[-44.22392,-19.97526],[-44.22253,-19.97528],[-44.22218,-19.97486],[-44.22253,-19.97351],[-44.22165,-19.97251],[-44.22145,-19.97172],[-44.2209,-19.97096],[-44.21905,-19.97112],[-44.21594,-19.97239],[-44.21303,-19.97206],[-44.21256,-19.97023],[-44.20973,-19.9679],[-44.20909,-19.96767],[-44.20763,-19.9682],[-44.20639,-19.96775],[-44.20507,-19.96862],[-44.20386,-19.96875],[-44.20322,-19.96974],[-44.20184,-19.96859],[-44.2006,-19.97017],[-44.1991,-19.97159],[-44.19812,-19.97297],[-44.19747,-19.97462],[-44.19669,-19.97561],[-44.19884,-19.97601],[-44.19949,-19.97662],[-44.19988,-19.97763],[-44.20316,-19.97702],[-44.20368,-19.97725],[-44.20575,-19.9793],[-44.20568,-19.98026],[-44.20501,-19.98168],[-44.20169,-19.98278],[-44.20306,-19.98586],[-44.20825,-19.98375],[-44.21178,-19.9809],[-44.21379,-19.98015]]]}},{"id":"116","type":"Feature","properties":{"bairro":"Alvorada","distrito":"Betim","regiao":"Teresópolis"},"geometry":{"type":"Polygon","coordinates":[[[-44.09526,-19.93732],[-44.09444,-19.938],[-44.09284,-19.9381],[-44.09424,-19.93958],[-44.09375,-19.94037],[-44.09544,-19.94165],[-44.09771,-19.94092],[-44.09984,-19.94347],[-44.10226,-19.93948],[-44.09934,-19.93752],[-44.09842,-19.93488],[-44.09751,-19.93413],[-44.09637,-19.93416],[-44.0957,-19.9346],[-44.09537,-19.93529],[-44.09526,-19.93732]]]}},{"id":"117","type":"Feature","properties":{"bairro":"Guarujá","distrito":"Betim","regiao":"Sede"},"geometry":{"type":"Polygon","coordinates":[[[-44.20553,-19.96594],[-44.20779,-19.96592],[-44.20916,-19.96304],[-44.21406,-19.96529],[-44.2151,-19.96462],[-44.21553,-19.96396],[-44.21731,-19.96294],[-44.21819,-19.96215],[-44.21775,-19.96154],[-44.21862,-19.96048],[-44.21846,-19.9602],[-44.21665,-19.96019],[-44.21653,-19.95991],[-44.215,-19.95993],[-44.21477,-19.96023],[-44.21292,-19.95976],[-44.21202,-19.95946],[-44.21202,-19.95833],[-44.21164,-19.9591],[-44.20926,-19.96103],[-44.20636,-19.96169],[-44.2052,-19.96394],[-44.20553,-19.96594]]]}},{"id":"118","type":"Feature","properties":{"bairro":"Vila Alpina","distrito":"Betim","regiao":"Sede"},"geometry":{"type":"Polygon","coordinates":[[[-44.17262,-19.97232],[-44.17272,-19.97186],[-44.17147,-19.97113],[-44.17056,-19.972],[-44.17059,-19.97228],[-44.17017,-19.97279],[-44.16806,-19.97469],[-44.16802,-19.97556],[-44.16761,-19.97633],[-44.16715,-19.97609],[-44.16527,-19.97876],[-44.16558,-19.9793],[-44.16648,-19.97831],[-44.16638,-19.97811],[-44.16705,-19.97725],[-44.17036,-19.97819],[-44.1711,-19.97667],[-44.17128,-19.9751],[-44.17364,-19.97369],[-44.17376,-19.97242],[-44.17262,-19.97232]]]}},{"id":"119","type":"Feature","properties":{"bairro":"Parque das Indústrias","distrito":"Betim","regiao":"Alterosas"},"geometry":{"type":"Polygon","coordinates":[[[-44.18042,-19.96123],[-44.18304,-19.95949],[-44.18594,-19.95873],[-44.18475,-19.95783],[-44.18438,-19.95608],[-44.1838,-19.95526],[-44.18321,-19.9536],[-44.18223,-19.95239],[-44.1804,-19.95287],[-44.1786,-19.95285],[-44.17766,-19.95254],[-44.17698,-19.95186],[-44.17574,-19.95126],[-44.17243,-19.95052],[-44.17027,-19.94936],[-44.16826,-19.95258],[-44.16723,-19.95314],[-44.16667,-19.95383],[-44.16707,-19.95479],[-44.16915,-19.95698],[-44.17192,-19.95763],[-44.17482,-19.95875],[-44.17778,-19.96165],[-44.1785,-19.96175],[-44.18042,-19.96123]]]}},{"id":"120","type":"Feature","properties":{"bairro":"Ingá","distrito":"Betim","regiao":"Norte"},"geometry":{"type":"Polygon","coordinates":[[[-44.19878,-19.94643],[-44.19869,-19.9427],[-44.19825,-19.94215],[-44.19796,-19.94239],[-44.19634,-19.9464],[-44.19457,-19.94592],[-44.19232,-19.94484],[-44.19136,-19.94509],[-44.18871,-19.94647],[-44.19003,-19.94744],[-44.19359,-19.94922],[-44.19544,-19.95383],[-44.19682,-19.95368],[-44.19986,-19.95472],[-44.20026,-19.95347],[-44.2005,-19.95111],[-44.19973,-19.95032],[-44.19878,-19.94643]]]}},{"id":"121","type":"Feature","properties":{"bairro":"Itacolomi","distrito":"Betim","regiao":"Alterosas"},"geometry":{"type":"Polygon","coordinates":[[[-44.17008,-19.92643],[-44.17468,-19.92578],[-44.17476,-19.92474],[-44.17512,-19.92415],[-44.17455,-19.92381],[-44.17473,-19.92356],[-44.17662,-19.92295],[-44.17681,-19.92298],[-44.17681,-19.9235],[-44.17769,-19.9236],[-44.17742,-19.92426],[-44.17782,-19.92484],[-44.17746,-19.92511],[-44.17757,-19.92598],[-44.17829,-19.9261],[-44.17952,-19.92577],[-44.17961,-19.92595],[-44.18149,-19.92637],[-44.18165,-19.92572],[-44.18051,-19.92391],[-44.17949,-19.92053],[-44.17297,-19.91843],[-44.17298,-19.92039],[-44.17237,-19.9211],[-44.17216,-19.92026],[-44.17179,-19.91987],[-44.16931,-19.9196],[-44.16915,-19.92338],[-44.16634,-19.9236],[-44.16638,-19.92449],[-44.16684,-19.92485],[-44.16697,-19.92556],[-44.16848,-19.92732],[-44.17061,-19.92759],[-44.17008,-19.92643]]]}},{"id":"122","type":"Feature","properties":{"bairro":"Bandeirinhas","distrito":"Betim","regiao":"Sede"},"geometry":{"type":"Polygon","coordinates":[[[-44.16489,-19.99921],[-44.1642,-20.00195],[-44.16527,-20.00308],[-44.16546,-20.00393],[-44.16597,-20.0042],[-44.16562,-20.005],[-44.16461,-20.00524],[-44.16512,-20.00772],[-44.16384,-20.00826],[-44.16262,-20.00977],[-44.16096,-20.00969],[-44.1603,-20.01002],[-44.16164,-20.01161],[-44.16218,-20.01298],[-44.16296,-20.01342],[-44.16334,-20.01406],[-44.1631,-20.01479],[-44.16309,-20.01611],[-44.16376,-20.01645],[-44.16513,-20.01785],[-44.16482,-20.02043],[-44.16562,-20.02152],[-44.16576,-20.02255],[-44.16657,-20.02321],[-44.16726,-20.02574],[-44.16789,-20.02668],[-44.16844,-20.02899],[-44.17016,-20.02921],[-44.17125,-20.03014],[-44.17188,-20.0295],[-44.17268,-20.02926],[-44.17567,-20.02926],[-44.17684,-20.02989],[-44.17835,-20.03122],[-44.17857,-20.0311],[-44.17841,-20.03024],[-44.17906,-20.02955],[-44.17919,-20.029],[-44.17867,-20.02778],[-44.17837,-20.0262],[-44.17868,-20.02538],[-44.17908,-20.0249],[-44.1804,-20.02462],[-44.18192,-20.02332],[-44.17859,-20.02189],[-44.17764,-20.02175],[-44.17642,-20.02081],[-44.17617,-20.02029],[-44.17637,-20.01923],[-44.17623,-20.01867],[-44.17584,-20.0179],[-44.17515,-20.01744],[-44.175,-20.01705],[-44.17733,-20.01649],[-44.1793,-20.01539],[-44.1816,-20.01452],[-44.18234,-20.01446],[-44.18259,-20.01386],[-44.18246,-20.01269],[-44.18147,-20.01111],[-44.18367,-20.01013],[-44.18483,-20.01009],[-44.18527,-20.00981],[-44.18543,-20.00877],[-44.18459,-20.00885],[-44.18428,-20.00859],[-44.18396,-20.00729],[-44.18534,-20.00677],[-44.18616,-20.00566],[-44.18784,-20.00244],[-44.18647,-20.00152],[-44.18375,-20.00211],[-44.18134,-20.00131],[-44.18101,-20.00009],[-44.18135,-19.99924],[-44.18187,-19.99873],[-44.18263,-19.9985],[-44.18313,-19.99784],[-44.18249,-19.99751],[-44.17852,-19.99696],[-44.17771,-19.99626],[-44.1773,-19.99636],[-44.17696,-19.99601],[-44.17603,-19.99599],[-44.17553,-19.99569],[-44.17503,-19.9958],[-44.17151,-19.99837],[-44.17053,-19.99548],[-44.1695,-19.99544],[-44.16793,-19.99635],[-44.16683,-19.99738],[-44.16616,-19.99761],[-44.16476,-19.9976],[-44.16489,-19.99921]]]}},{"id":"123","type":"Feature","properties":{"bairro":"Chácaras São Sebastião","distrito":"Betim","regiao":"Icaivera"},"geometry":{"type":"Polygon","coordinates":[[[-44.17989,-19.9057],[-44.1823,-19.90455],[-44.18215,-19.90314],[-44.18335,-19.90011],[-44.1834,-19.89914],[-44.18145,-19.89459],[-44.1806,-19.89359],[-44.18077,-19.8891],[-44.18104,-19.88822],[-44.18094,-19.88779],[-44.17911,-19.88522],[-44.17437,-19.88876],[-44.1733,-19.88929],[-44.17116,-19.89192],[-44.17007,-19.89067],[-44.16901,-19.88999],[-44.16833,-19.88995],[-44.16739,-19.89031],[-44.16774,-19.89148],[-44.16703,-19.8924],[-44.16509,-19.89296],[-44.16523,-19.8943],[-44.16465,-19.89479],[-44.16349,-19.89471],[-44.16291,-19.89372],[-44.16168,-19.89281],[-44.161,-19.89262],[-44.16017,-19.89291],[-44.15874,-19.89276],[-44.15933,-19.89365],[-44.15975,-19.89551],[-44.15946,-19.89596],[-44.15843,-19.89617],[-44.15809,-19.89711],[-44.15828,-19.89893],[-44.15889,-19.90008],[-44.15768,-19.90004],[-44.15681,-19.90057],[-44.15662,-19.90103],[-44.15689,-19.90164],[-44.15629,-19.90202],[-44.15638,-19.90227],[-44.15824,-19.90251],[-44.15855,-19.90193],[-44.15912,-19.9022],[-44.15956,-19.90282],[-44.16102,-19.9031],[-44.16148,-19.903],[-44.16248,-19.90217],[-44.16375,-19.90185],[-44.16433,-19.90251],[-44.16435,-19.90294],[-44.16339,-19.9032],[-44.16364,-19.9038],[-44.16332,-19.90359],[-44.16262,-19.90372],[-44.16125,-19.90439],[-44.1578,-19.90445],[-44.15674,-19.90549],[-44.15637,-19.90691],[-44.15704,-19.90746],[-44.15894,-19.91047],[-44.16181,-19.9115],[-44.16224,-19.91193],[-44.16339,-19.91174],[-44.16412,-19.91069],[-44.16602,-19.90957],[-44.16685,-19.90955],[-44.16744,-19.9087],[-44.16744,-19.90936],[-44.16841,-19.90971],[-44.16865,-19.91016],[-44.16778,-19.91011],[-44.16703,-19.91069],[-44.16778,-19.91153],[-44.16771,-19.91173],[-44.16727,-19.91153],[-44.16742,-19.91201],[-44.16677,-19.91139],[-44.16612,-19.9115],[-44.16664,-19.9121],[-44.16661,-19.91258],[-44.16533,-19.91226],[-44.16549,-19.91254],[-44.16526,-19.91277],[-44.16559,-19.913],[-44.16525,-19.91322],[-44.16548,-19.91369],[-44.16509,-19.91413],[-44.1654,-19.91494],[-44.16596,-19.91546],[-44.16796,-19.91532],[-44.16805,-19.91594],[-44.16893,-19.91674],[-44.1692,-19.91736],[-44.16907,-19.91958],[-44.17179,-19.91987],[-44.17216,-19.92026],[-44.17237,-19.9211],[-44.17298,-19.92039],[-44.17297,-19.91843],[-44.17783,-19.91998],[-44.17839,-19.91962],[-44.17876,-19.91889],[-44.17843,-19.91897],[-44.17844,-19.91873],[-44.17914,-19.91835],[-44.17943,-19.91744],[-44.17913,-19.91691],[-44.17912,-19.91611],[-44.17832,-19.9152],[-44.17796,-19.91518],[-44.17629,-19.91245],[-44.17643,-19.91154],[-44.17614,-19.91111],[-44.17582,-19.9082],[-44.17531,-19.90705],[-44.17422,-19.90643],[-44.17442,-19.90617],[-44.17593,-19.90586],[-44.17989,-19.9057]]]}},{"id":"124","type":"Feature","properties":{"bairro":"Jardim Brasília","distrito":"Betim","regiao":"Alterosas"},"geometry":{"type":"Polygon","coordinates":[[[-44.18717,-19.95412],[-44.18796,-19.95346],[-44.18989,-19.95321],[-44.19116,-19.95124],[-44.19198,-19.95045],[-44.19194,-19.94924],[-44.1928,-19.94874],[-44.1893,-19.94702],[-44.18913,-19.94872],[-44.18827,-19.94875],[-44.18845,-19.95182],[-44.18467,-19.95194],[-44.18223,-19.95239],[-44.18321,-19.9536],[-44.1838,-19.95526],[-44.18438,-19.95608],[-44.18475,-19.95783],[-44.18594,-19.95873],[-44.18805,-19.95861],[-44.18738,-19.95736],[-44.18808,-19.95678],[-44.18822,-19.95637],[-44.18717,-19.95412]]]}},{"id":"125","type":"Feature","properties":{"bairro":"Vila Verde","distrito":"Betim","regiao":"PTB"},"geometry":{"type":"Polygon","coordinates":[[[-44.15527,-19.99417],[-44.15811,-19.99198],[-44.15818,-19.9912],[-44.15793,-19.98916],[-44.15745,-19.98841],[-44.15595,-19.98702],[-44.15506,-19.9868],[-44.15198,-19.99191],[-44.15258,-19.99402],[-44.15342,-19.99371],[-44.15393,-19.99421],[-44.15401,-19.994],[-44.15527,-19.99417]]]}}]}