{"type":"FeatureCollection","features":[{"id":"0","type":"Feature","properties":{"bairro":"Alto Bom Jesus","distrito":"Curvelo","regiao":"Curvelo","setores":1,"urbano":1},"geometry":{"type":"Polygon","coordinates":[[[-44.4319,-18.73043],[-44.43196,-18.73395],[-44.43132,-18.73487],[-44.43233,-18.73432],[-44.43321,-18.73469],[-44.43347,-18.73393],[-44.43436,-18.73267],[-44.43339,-18.73243],[-44.43379,-18.73152],[-44.43343,-18.73155],[-44.4319,-18.73043]]]}},{"id":"1","type":"Feature","properties":{"bairro":"Angueretá — sem bairro declarado","distrito":"Angueretá","regiao":"Angueretá","setores":2,"urbano":2},"geometry":{"type":"Polygon","coordinates":[[[-44.63774,-19.14705],[-44.64052,-19.15091],[-44.64359,-19.15062],[-44.64346,-19.14861],[-44.6437,-19.14784],[-44.64693,-19.1486],[-44.64937,-19.15006],[-44.6501,-19.15023],[-44.65008,-19.15058],[-44.65039,-19.15073],[-44.65074,-19.15056],[-44.65119,-19.15137],[-44.64967,-19.15243],[-44.64996,-19.15278],[-44.65159,-19.15207],[-44.65198,-19.15268],[-44.65246,-19.1526],[-44.65382,-19.15128],[-44.65445,-19.1512],[-44.65443,-19.1502],[-44.65477,-19.14974],[-44.65533,-19.14797],[-44.65715,-19.14498],[-44.65814,-19.14386],[-44.65979,-19.14256],[-44.66069,-19.14138],[-44.66138,-19.14115],[-44.65694,-19.13954],[-44.65413,-19.14464],[-44.65377,-19.144],[-44.65164,-19.14421],[-44.64667,-19.14413],[-44.64657,-19.14473],[-44.64556,-19.14464],[-44.64322,-19.14391],[-44.642,-19.14439],[-44.64193,-19.14418],[-44.63895,-19.14468],[-44.63774,-19.14705]]]}},{"id":"2","type":"Feature","properties":{"bairro":"Antiga Rossinha","distrito":"Tomás Gonzaga","regiao":"Tomás Gonzaga","setores":1,"urbano":0},"geometry":{"type":"Polygon","coordinates":[[[-44.40571,-18.39327],[-44.40229,-18.39554],[-44.38642,-18.40412],[-44.38531,-18.40492],[-44.37595,-18.41802],[-44.37563,-18.41902],[-44.37444,-18.42562],[-44.36991,-18.43339],[-44.36938,-18.4342],[-44.3683,-18.43511],[-44.36691,-18.43556],[-44.35626,-18.43767],[-44.34533,-18.44261],[-44.3445,-18.44328],[-44.34308,-18.44558],[-44.34271,-18.44598],[-44.34213,-18.44615],[-44.33874,-18.4462],[-44.32999,-18.44525],[-44.32894,-18.44486],[-44.32794,-18.44415],[-44.32472,-18.44754],[-44.32414,-18.44703],[-44.32374,-18.44595],[-44.32327,-18.44577],[-44.3224,-18.44497],[-44.32241,-18.44421],[-44.32171,-18.44395],[-44.32131,-18.44342],[-44.32088,-18.44329],[-44.32083,-18.44298],[-44.32043,-18.44299],[-44.32028,-18.44266],[-44.31994,-18.44266],[-44.3195,-18.44169],[-44.31908,-18.44135],[-44.31903,-18.4408],[-44.31802,-18.4398],[-44.3168,-18.44067],[-44.31421,-18.44187],[-44.31302,-18.44294],[-44.30855,-18.44391],[-44.30825,-18.44437],[-44.30811,-18.44702],[-44.30749,-18.45185],[-44.30595,-18.46081],[-44.30724,-18.4606],[-44.30881,-18.46219],[-44.31037,-18.46208],[-44.31097,-18.46266],[-44.31169,-18.46266],[-44.31253,-18.46347],[-44.31338,-18.46369],[-44.31373,-18.46415],[-44.31362,-18.46507],[-44.31338,-18.46529],[-44.31338,-18.4661],[-44.31578,-18.46782],[-44.31626,-18.46907],[-44.31651,-18.46919],[-44.31842,-18.46907],[-44.31963,-18.46976],[-44.32154,-18.46849],[-44.32322,-18.46688],[-44.32429,-18.46505],[-44.32454,-18.46437],[-44.32477,-18.46013],[-44.32561,-18.45875],[-44.32537,-18.45646],[-44.32595,-18.45486],[-44.32716,-18.4537],[-44.32883,-18.45256],[-44.33424,-18.44991],[-44.33651,-18.44923],[-44.33644,-18.45078],[-44.33895,-18.45282],[-44.34601,-18.45992],[-44.34721,-18.46287],[-44.34802,-18.46713],[-44.35116,-18.47195],[-44.35319,-18.47333],[-44.35491,-18.47578],[-44.35474,-18.47947],[-44.35609,-18.48152],[-44.35474,-18.4819],[-44.35489,-18.48363],[-44.35366,-18.4884],[-44.35371,-18.48997],[-44.35403,-18.4906],[-44.35498,-18.49044],[-44.35805,-18.49126],[-44.35939,-18.48982],[-44.36388,-18.49217],[-44.36495,-18.49375],[-44.36695,-18.49565],[-44.36869,-18.49797],[-44.37979,-18.49546],[-44.38258,-18.50823],[-44.39171,-18.50649],[-44.39245,-18.50587],[-44.39328,-18.50605],[-44.39375,-18.50655],[-44.39375,-18.50689],[-44.3953,-18.50858],[-44.39579,-18.50893],[-44.39624,-18.50889],[-44.39761,-18.50837],[-44.39843,-18.5077],[-44.39864,-18.50687],[-44.3991,-18.50648],[-44.39936,-18.50544],[-44.39961,-18.5053],[-44.40054,-18.51015],[-44.40977,-18.51251],[-44.41071,-18.51219],[-44.41201,-18.51762],[-44.41198,-18.51862],[-44.4114,-18.51998],[-44.41186,-18.51971],[-44.41249,-18.52064],[-44.41393,-18.52192],[-44.41477,-18.52333],[-44.41525,-18.5247],[-44.41588,-18.5256],[-44.41707,-18.52623],[-44.417,-18.5264],[-44.41766,-18.52681],[-44.41849,-18.52693],[-44.41921,-18.52769],[-44.42803,-18.53245],[-44.43288,-18.53693],[-44.43469,-18.54259],[-44.43878,-18.54374],[-44.44335,-18.54653],[-44.44613,-18.5473],[-44.44693,-18.54782],[-44.44731,-18.54593],[-44.44815,-18.54425],[-44.44854,-18.54285],[-44.44966,-18.53522],[-44.4508,-18.53238],[-44.45359,-18.52892],[-44.45537,-18.52576],[-44.45593,-18.52427],[-44.45577,-18.52225],[-44.45467,-18.51928],[-44.45315,-18.51705],[-44.45201,-18.51623],[-44.44992,-18.51562],[-44.44903,-18.51507],[-44.44771,-18.51361],[-44.44654,-18.51168],[-44.44598,-18.5091],[-44.44586,-18.50682],[-44.44595,-18.50578],[-44.44681,-18.50338],[-44.44726,-18.50132],[-44.44695,-18.5004],[-44.44535,-18.49887],[-44.44485,-18.4974],[-44.44452,-18.49545],[-44.44396,-18.49465],[-44.44095,-18.49185],[-44.43891,-18.49046],[-44.43603,-18.48931],[-44.43547,-18.48831],[-44.43546,-18.48704],[-44.43635,-18.4846],[-44.43662,-18.48301],[-44.4349,-18.47638],[-44.43441,-18.4756],[-44.43349,-18.47501],[-44.43169,-18.47323],[-44.43115,-18.4719],[-44.43044,-18.47124],[-44.43012,-18.47032],[-44.43126,-18.46833],[-44.43125,-18.46785],[-44.43077,-18.46705],[-44.43039,-18.46565],[-44.43074,-18.46418],[-44.43093,-18.46178],[-44.43239,-18.46016],[-44.43243,-18.45972],[-44.43284,-18.45928],[-44.433,-18.45878],[-44.43259,-18.4579],[-44.43251,-18.45542],[-44.43159,-18.45428],[-44.43148,-18.45322],[-44.4308,-18.45252],[-44.43073,-18.45208],[-44.43135,-18.45136],[-44.43156,-18.45081],[-44.43146,-18.45035],[-44.43033,-18.44868],[-44.43027,-18.44723],[-44.43007,-18.44682],[-44.42793,-18.44658],[-44.42645,-18.44568],[-44.42533,-18.4447],[-44.42509,-18.44426],[-44.42468,-18.44199],[-44.42386,-18.44147],[-44.42327,-18.4408],[-44.42185,-18.44042],[-44.421,-18.43988],[-44.41871,-18.4373],[-44.41585,-18.43525],[-44.41529,-18.43452],[-44.41509,-18.43349],[-44.41433,-18.43294],[-44.41368,-18.43207],[-44.41376,-18.43056],[-44.41344,-18.42959],[-44.4096,-18.42588],[-44.40954,-18.42539],[-44.41013,-18.42385],[-44.41015,-18.42334],[-44.40912,-18.42068],[-44.40836,-18.42],[-44.40816,-18.41943],[-44.40901,-18.41751],[-44.40906,-18.41693],[-44.40845,-18.41423],[-44.40735,-18.4118],[-44.40712,-18.41088],[-44.4071,-18.41044],[-44.40769,-18.40906],[-44.4078,-18.40809],[-44.40706,-18.4069],[-44.40604,-18.40581],[-44.40562,-18.40491],[-44.40545,-18.40395],[-44.40396,-18.40187],[-44.40407,-18.40136],[-44.40558,-18.39953],[-44.40531,-18.39914],[-44.40552,-18.39873],[-44.4071,-18.39759],[-44.40783,-18.39579],[-44.40803,-18.39399],[-44.40571,-18.39327]]]}},{"id":"3","type":"Feature","properties":{"bairro":"Atalho","distrito":"Curvelo","regiao":"Curvelo","setores":3,"urbano":2},"geometry":{"type":"Polygon","coordinates":[[[-44.44099,-18.72944],[-44.44166,-18.73441],[-44.43985,-18.73857],[-44.44259,-18.73956],[-44.44289,-18.73908],[-44.44381,-18.73904],[-44.44397,-18.73937],[-44.44442,-18.73936],[-44.4447,-18.7388],[-44.44508,-18.73871],[-44.44508,-18.73893],[-44.44585,-18.73862],[-44.44595,-18.73816],[-44.44726,-18.73718],[-44.44746,-18.73629],[-44.44791,-18.73652],[-44.4482,-18.73639],[-44.44834,-18.73597],[-44.44976,-18.73578],[-44.45133,-18.73666],[-44.45248,-18.73633],[-44.45348,-18.73524],[-44.4546,-18.7351],[-44.45525,-18.7338],[-44.45606,-18.73313],[-44.45658,-18.73305],[-44.45756,-18.73224],[-44.45858,-18.73184],[-44.45904,-18.73236],[-44.45991,-18.73236],[-44.46127,-18.73192],[-44.46214,-18.73274],[-44.46208,-18.73344],[-44.4623,-18.73388],[-44.46268,-18.73404],[-44.46312,-18.73496],[-44.46328,-18.73594],[-44.46316,-18.73678],[-44.46342,-18.73803],[-44.46533,-18.73986],[-44.46544,-18.74035],[-44.46633,-18.74155],[-44.46796,-18.74253],[-44.46829,-18.7432],[-44.46954,-18.74291],[-44.47119,-18.74348],[-44.47079,-18.74378],[-44.47121,-18.74683],[-44.46911,-18.75269],[-44.47639,-18.75443],[-44.47868,-18.75419],[-44.4805,-18.75361],[-44.48634,-18.74811],[-44.49329,-18.74272],[-44.49933,-18.74105],[-44.50932,-18.74163],[-44.64301,-18.75149],[-44.65857,-18.75243],[-44.6588,-18.75123],[-44.65863,-18.74852],[-44.65727,-18.74328],[-44.65738,-18.74227],[-44.65776,-18.74134],[-44.6585,-18.74069],[-44.66133,-18.73896],[-44.66632,-18.73761],[-44.66886,-18.73642],[-44.66408,-18.73125],[-44.66174,-18.72913],[-44.66021,-18.72841],[-44.65786,-18.72769],[-44.65592,-18.72748],[-44.65481,-18.72751],[-44.65392,-18.72784],[-44.65315,-18.72843],[-44.65179,-18.73005],[-44.64949,-18.73113],[-44.6471,-18.7315],[-44.64497,-18.73156],[-44.64248,-18.7312],[-44.6404,-18.73131],[-44.63944,-18.73155],[-44.63656,-18.73344],[-44.634,-18.73371],[-44.63276,-18.73534],[-44.63267,-18.73577],[-44.6317,-18.73567],[-44.63014,-18.73428],[-44.62892,-18.7327],[-44.62922,-18.73134],[-44.62901,-18.73042],[-44.62831,-18.72981],[-44.6268,-18.7292],[-44.62572,-18.7276],[-44.62483,-18.7273],[-44.62424,-18.72653],[-44.62302,-18.72569],[-44.62108,-18.72483],[-44.61943,-18.72376],[-44.61805,-18.72345],[-44.61566,-18.72412],[-44.61491,-18.72337],[-44.61371,-18.71767],[-44.61403,-18.71532],[-44.61395,-18.71442],[-44.61296,-18.71273],[-44.61262,-18.71176],[-44.61162,-18.71069],[-44.61105,-18.7097],[-44.61085,-18.70922],[-44.61053,-18.70626],[-44.61031,-18.70577],[-44.60946,-18.70525],[-44.60881,-18.70349],[-44.60494,-18.70205],[-44.60435,-18.70194],[-44.60344,-18.70229],[-44.60188,-18.70106],[-44.60087,-18.701],[-44.59735,-18.69995],[-44.59645,-18.69945],[-44.59505,-18.69928],[-44.59462,-18.69908],[-44.59305,-18.69762],[-44.59255,-18.6976],[-44.59177,-18.6971],[-44.59017,-18.69686],[-44.58932,-18.6965],[-44.58833,-18.69665],[-44.58734,-18.69599],[-44.58707,-18.69562],[-44.58693,-18.69337],[-44.58753,-18.69049],[-44.58749,-18.68901],[-44.58778,-18.68708],[-44.58675,-18.68324],[-44.58634,-18.68242],[-44.585,-18.68194],[-44.58441,-18.68071],[-44.58279,-18.68003],[-44.58162,-18.67919],[-44.58106,-18.67922],[-44.58066,-18.67966],[-44.57933,-18.68015],[-44.57887,-18.68018],[-44.57802,-18.67975],[-44.5772,-18.67918],[-44.57698,-18.67875],[-44.57635,-18.67689],[-44.57637,-18.67597],[-44.57612,-18.67549],[-44.57525,-18.67508],[-44.57457,-18.6743],[-44.57364,-18.67376],[-44.57335,-18.67337],[-44.57356,-18.67295],[-44.57327,-18.67261],[-44.57279,-18.67261],[-44.57208,-18.67205],[-44.57111,-18.67166],[-44.57063,-18.67162],[-44.57024,-18.67188],[-44.56884,-18.67173],[-44.56883,-18.67081],[-44.56805,-18.67029],[-44.56699,-18.66995],[-44.56602,-18.67014],[-44.56452,-18.66951],[-44.56401,-18.66958],[-44.5636,-18.66927],[-44.56345,-18.66876],[-44.56311,-18.66842],[-44.56182,-18.66772],[-44.56143,-18.66691],[-44.5614,-18.66604],[-44.56094,-18.66593],[-44.56043,-18.66607],[-44.5593,-18.66689],[-44.5596,-18.66774],[-44.55939,-18.6682],[-44.55895,-18.66836],[-44.5569,-18.66778],[-44.5559,-18.66673],[-44.55548,-18.66572],[-44.5546,-18.66522],[-44.5543,-18.66428],[-44.55255,-18.66322],[-44.55228,-18.66225],[-44.5513,-18.66053],[-44.55057,-18.65992],[-44.54927,-18.65832],[-44.54886,-18.658],[-44.54792,-18.65803],[-44.54449,-18.65859],[-44.54395,-18.65728],[-44.54387,-18.65978],[-44.54168,-18.66203],[-44.5383,-18.66771],[-44.53188,-18.67565],[-44.52983,-18.68151],[-44.52893,-18.69616],[-44.52698,-18.69981],[-44.51994,-18.70314],[-44.51953,-18.70429],[-44.5176,-18.70372],[-44.51405,-18.70428],[-44.50799,-18.70144],[-44.50801,-18.69515],[-44.50454,-18.68904],[-44.50402,-18.68924],[-44.50372,-18.68897],[-44.50295,-18.6893],[-44.49647,-18.69025],[-44.48502,-18.693],[-44.48446,-18.69257],[-44.48195,-18.69196],[-44.47621,-18.68992],[-44.47484,-18.68916],[-44.47352,-18.68908],[-44.47277,-18.68886],[-44.47218,-18.68841],[-44.47143,-18.68849],[-44.4638,-18.69323],[-44.46154,-18.69372],[-44.45841,-18.69744],[-44.45665,-18.70027],[-44.45507,-18.7034],[-44.44767,-18.70617],[-44.44644,-18.70699],[-44.44017,-18.70251],[-44.43988,-18.70363],[-44.43873,-18.70517],[-44.43937,-18.70518],[-44.44087,-18.70619],[-44.44236,-18.70969],[-44.44282,-18.71134],[-44.44194,-18.72202],[-44.44099,-18.72944]]]}},{"id":"4","type":"Feature","properties":{"bairro":"Bananal","distrito":"J.K.","regiao":"J.K.","setores":1,"urbano":0},"geometry":{"type":"Polygon","coordinates":[[[-44.50786,-19.02539],[-44.5114,-19.02948],[-44.51324,-19.03282],[-44.51443,-19.03254],[-44.51583,-19.03279],[-44.51631,-19.03267],[-44.51693,-19.03358],[-44.51714,-19.03348],[-44.5174,-19.03386],[-44.51773,-19.03392],[-44.51832,-19.0336],[-44.51942,-19.03252],[-44.51986,-19.03248],[-44.52006,-19.03214],[-44.52069,-19.0324],[-44.52206,-19.03056],[-44.52236,-19.02955],[-44.52195,-19.02957],[-44.52056,-19.02893],[-44.51979,-19.02908],[-44.51891,-19.02876],[-44.51837,-19.02893],[-44.51761,-19.02764],[-44.51634,-19.02749],[-44.51621,-19.02694],[-44.5158,-19.0265],[-44.51505,-19.02631],[-44.51452,-19.02575],[-44.51405,-19.02584],[-44.51361,-19.02548],[-44.51287,-19.02524],[-44.51242,-19.02469],[-44.51155,-19.02452],[-44.51075,-19.02327],[-44.50872,-19.02426],[-44.50786,-19.02539]]]}},{"id":"5","type":"Feature","properties":{"bairro":"Bandeirante","distrito":"Curvelo","regiao":"Curvelo","setores":4,"urbano":4},"geometry":{"type":"Polygon","coordinates":[[[-44.43229,-18.73791],[-44.43259,-18.73976],[-44.43285,-18.73978],[-44.43592,-18.73872],[-44.43838,-18.7353],[-44.44001,-18.73263],[-44.4405,-18.73131],[-44.44131,-18.72722],[-44.44184,-18.72201],[-44.43973,-18.72205],[-44.43999,-18.72449],[-44.439,-18.72594],[-44.43775,-18.72954],[-44.43781,-18.73007],[-44.43882,-18.73127],[-44.43877,-18.73185],[-44.43849,-18.73221],[-44.43672,-18.73344],[-44.43615,-18.73246],[-44.43509,-18.73225],[-44.43481,-18.73154],[-44.434,-18.73134],[-44.43374,-18.73151],[-44.43339,-18.73243],[-44.43436,-18.73267],[-44.43347,-18.73393],[-44.43321,-18.73469],[-44.43233,-18.73432],[-44.43132,-18.73487],[-44.43118,-18.7354],[-44.42996,-18.73681],[-44.42771,-18.73749],[-44.42664,-18.73743],[-44.42699,-18.73799],[-44.42767,-18.7385],[-44.42902,-18.73798],[-44.42914,-18.73821],[-44.43074,-18.73794],[-44.4306,-18.73735],[-44.43124,-18.73741],[-44.43229,-18.73791]]]}},{"id":"6","type":"Feature","properties":{"bairro":"Bandeirante I","distrito":"Curvelo","regiao":"Curvelo","setores":6,"urbano":6},"geometry":{"type":"Polygon","coordinates":[[[-44.42403,-18.74497],[-44.42493,-18.74155],[-44.42617,-18.74124],[-44.42837,-18.74133],[-44.42834,-18.74095],[-44.42892,-18.74091],[-44.42882,-18.74031],[-44.42902,-18.74027],[-44.42871,-18.73808],[-44.42767,-18.7385],[-44.42699,-18.73799],[-44.42664,-18.73743],[-44.42514,-18.73734],[-44.42526,-18.73708],[-44.42503,-18.73705],[-44.43214,-18.72251],[-44.43361,-18.72333],[-44.43404,-18.72399],[-44.43443,-18.72317],[-44.43666,-18.72418],[-44.43753,-18.72212],[-44.43369,-18.71933],[-44.43493,-18.71677],[-44.43536,-18.71505],[-44.43377,-18.71609],[-44.42911,-18.71666],[-44.42627,-18.71571],[-44.4244,-18.71316],[-44.424,-18.71762],[-44.42348,-18.71948],[-44.42268,-18.72471],[-44.42086,-18.72784],[-44.41843,-18.73476],[-44.41839,-18.7357],[-44.41974,-18.73809],[-44.42196,-18.7399],[-44.42352,-18.7403],[-44.421,-18.74542],[-44.42208,-18.74601],[-44.42313,-18.74607],[-44.42378,-18.7453],[-44.42416,-18.74523],[-44.42403,-18.74497]]]}},{"id":"7","type":"Feature","properties":{"bairro":"Bandeirante II","distrito":"Curvelo","regiao":"Curvelo","setores":2,"urbano":2},"geometry":{"type":"Polygon","coordinates":[[[-44.42771,-18.73749],[-44.42996,-18.73681],[-44.43118,-18.7354],[-44.43132,-18.73487],[-44.42798,-18.73359],[-44.42699,-18.73369],[-44.42661,-18.73432],[-44.42636,-18.73431],[-44.42503,-18.73705],[-44.42526,-18.73708],[-44.42514,-18.73734],[-44.42771,-18.73749]]]}},{"id":"8","type":"Feature","properties":{"bairro":"Bela Vista","distrito":"Curvelo","regiao":"Curvelo","setores":22,"urbano":22},"geometry":{"type":"MultiPolygon","coordinates":[[[[-44.44765,-18.76861],[-44.44868,-18.76948],[-44.45054,-18.77017],[-44.45183,-18.77135],[-44.45259,-18.77381],[-44.45288,-18.77395],[-44.45546,-18.77294],[-44.45464,-18.77068],[-44.45484,-18.77074],[-44.45494,-18.77051],[-44.45346,-18.76731],[-44.45848,-18.76906],[-44.46011,-18.77004],[-44.46066,-18.77064],[-44.46156,-18.77031],[-44.4615,-18.76945],[-44.46056,-18.7693],[-44.45676,-18.7675],[-44.45409,-18.76664],[-44.45402,-18.76635],[-44.45326,-18.76628],[-44.45182,-18.76248],[-44.45157,-18.7623],[-44.45033,-18.75929],[-44.4481,-18.75298],[-44.44351,-18.75452],[-44.44342,-18.7554],[-44.44381,-18.75631],[-44.44508,-18.75708],[-44.44573,-18.75786],[-44.44561,-18.75909],[-44.44603,-18.75948],[-44.44586,-18.76079],[-44.44691,-18.76123],[-44.44661,-18.76143],[-44.44704,-18.7618],[-44.44781,-18.76135],[-44.44826,-18.76187],[-44.44759,-18.7627],[-44.44775,-18.76335],[-44.44803,-18.76369],[-44.4474,-18.76554],[-44.44755,-18.76664],[-44.44708,-18.76736],[-44.44765,-18.76861]]],[[[-44.44129,-18.76981],[-44.44388,-18.76976],[-44.44414,-18.76958],[-44.44468,-18.76841],[-44.44345,-18.76846],[-44.44342,-18.76773],[-44.44264,-18.76778],[-44.44258,-18.76632],[-44.44488,-18.7663],[-44.445,-18.76487],[-44.44385,-18.76323],[-44.4426,-18.76372],[-44.44193,-18.7602],[-44.44129,-18.76124],[-44.43971,-18.76247],[-44.43788,-18.76433],[-44.4348,-18.76064],[-44.43273,-18.76446],[-44.43352,-18.76601],[-44.43395,-18.76636],[-44.43173,-18.76828],[-44.43238,-18.76872],[-44.43364,-18.76912],[-44.43637,-18.76963],[-44.4363,-18.76791],[-44.43786,-18.76791],[-44.43791,-18.77002],[-44.439,-18.7707],[-44.43995,-18.77208],[-44.44015,-18.77189],[-44.44037,-18.77227],[-44.44064,-18.77213],[-44.43999,-18.77098],[-44.44131,-18.77076],[-44.44129,-18.76981]]]]}},{"id":"9","type":"Feature","properties":{"bairro":"Bela Vista II","distrito":"Curvelo","regiao":"Curvelo","setores":2,"urbano":2},"geometry":{"type":"Polygon","coordinates":[[[-44.44258,-18.76633],[-44.44264,-18.76778],[-44.44342,-18.76773],[-44.44345,-18.76846],[-44.44551,-18.76841],[-44.44577,-18.76795],[-44.44697,-18.76745],[-44.4475,-18.76684],[-44.4474,-18.76554],[-44.44803,-18.76369],[-44.44775,-18.76335],[-44.44759,-18.7627],[-44.44826,-18.76187],[-44.44781,-18.76135],[-44.44704,-18.7618],[-44.44661,-18.76143],[-44.44691,-18.76123],[-44.44586,-18.76079],[-44.44601,-18.75934],[-44.44561,-18.75909],[-44.44403,-18.7589],[-44.44317,-18.75909],[-44.44233,-18.75997],[-44.44209,-18.75843],[-44.44153,-18.7582],[-44.4426,-18.76372],[-44.44385,-18.76323],[-44.445,-18.76487],[-44.44488,-18.7663],[-44.44258,-18.76633]]]}},{"id":"10","type":"Feature","properties":{"bairro":"Boa Esperanca","distrito":"Curvelo","regiao":"Curvelo","setores":1,"urbano":1},"geometry":{"type":"Polygon","coordinates":[[[-44.44238,-18.77605],[-44.44108,-18.77785],[-44.44443,-18.7801],[-44.44413,-18.77864],[-44.44387,-18.77849],[-44.44256,-18.77621],[-44.44238,-18.77605]]]}},{"id":"11","type":"Feature","properties":{"bairro":"Bom Jesus","distrito":"Curvelo","regiao":"Curvelo","setores":3,"urbano":3},"geometry":{"type":"MultiPolygon","coordinates":[[[[-44.43267,-18.7401],[-44.43302,-18.74106],[-44.43485,-18.74244],[-44.43508,-18.74295],[-44.43677,-18.74289],[-44.43691,-18.74545],[-44.4381,-18.7453],[-44.43901,-18.74473],[-44.43957,-18.74465],[-44.43995,-18.7442],[-44.43995,-18.74354],[-44.4406,-18.74282],[-44.44061,-18.74204],[-44.44153,-18.74178],[-44.44188,-18.74106],[-44.44181,-18.74068],[-44.44206,-18.74043],[-44.44268,-18.74047],[-44.44278,-18.74021],[-44.44247,-18.73993],[-44.44259,-18.73956],[-44.43985,-18.73857],[-44.44166,-18.73441],[-44.44094,-18.7291],[-44.4405,-18.73131],[-44.44001,-18.73263],[-44.43624,-18.73836],[-44.43592,-18.73872],[-44.43497,-18.73911],[-44.43289,-18.73965],[-44.43267,-18.7401]]],[[[-44.43229,-18.73791],[-44.4306,-18.73735],[-44.43074,-18.73794],[-44.42914,-18.73821],[-44.42902,-18.73798],[-44.42871,-18.73808],[-44.42902,-18.74027],[-44.42882,-18.74031],[-44.42887,-18.74068],[-44.43115,-18.74027],[-44.43259,-18.73976],[-44.43229,-18.73791]]]]}},{"id":"12","type":"Feature","properties":{"bairro":"Br 040","distrito":"Angueretá","regiao":"Angueretá","setores":1,"urbano":0},"geometry":{"type":"Polygon","coordinates":[[[-44.65261,-18.93913],[-44.65167,-18.94142],[-44.65107,-18.94211],[-44.64952,-18.94238],[-44.64109,-18.94073],[-44.63973,-18.94068],[-44.6369,-18.94001],[-44.63639,-18.93983],[-44.63185,-18.93644],[-44.63003,-18.9354],[-44.6283,-18.93475],[-44.62525,-18.93399],[-44.62161,-18.9326],[-44.61673,-18.93108],[-44.61242,-18.92849],[-44.61104,-18.92798],[-44.60913,-18.92806],[-44.60679,-18.92875],[-44.60582,-18.92876],[-44.60487,-18.92844],[-44.60335,-18.92855],[-44.60039,-18.92989],[-44.59887,-18.93016],[-44.59659,-18.93008],[-44.59405,-18.92932],[-44.59435,-18.93065],[-44.59417,-18.93127],[-44.59446,-18.93185],[-44.59426,-18.9327],[-44.59477,-18.9333],[-44.59486,-18.93382],[-44.59516,-18.93411],[-44.59548,-18.93412],[-44.59506,-18.93443],[-44.59447,-18.93443],[-44.59366,-18.93508],[-44.5948,-18.93634],[-44.59402,-18.93777],[-44.59518,-18.93976],[-44.59489,-18.94005],[-44.59269,-18.94092],[-44.59189,-18.94178],[-44.59101,-18.94207],[-44.59007,-18.94207],[-44.58969,-18.94323],[-44.58822,-18.94538],[-44.58763,-18.94708],[-44.58853,-18.94935],[-44.58245,-18.95355],[-44.58534,-18.95727],[-44.58292,-18.95901],[-44.58394,-18.95979],[-44.58363,-18.96053],[-44.5837,-18.96105],[-44.5846,-18.96017],[-44.58659,-18.96093],[-44.58817,-18.96281],[-44.58855,-18.96375],[-44.58947,-18.96431],[-44.59009,-18.96563],[-44.59092,-18.96628],[-44.59189,-18.96648],[-44.59177,-18.96763],[-44.59115,-18.96763],[-44.59028,-18.96841],[-44.59023,-18.97033],[-44.59054,-18.97022],[-44.59075,-18.97067],[-44.59049,-18.97118],[-44.59096,-18.97163],[-44.59137,-18.96872],[-44.5926,-18.96794],[-44.59583,-18.97423],[-44.59595,-18.97584],[-44.59478,-18.97709],[-44.59362,-18.97763],[-44.59302,-18.97839],[-44.59289,-18.97913],[-44.5931,-18.98055],[-44.59292,-18.98239],[-44.59346,-18.98709],[-44.59358,-18.99085],[-44.59301,-18.99315],[-44.59241,-18.99898],[-44.59265,-18.99969],[-44.59247,-18.99997],[-44.59439,-19.00382],[-44.59595,-19.00564],[-44.59657,-19.00734],[-44.59517,-19.0094],[-44.59511,-19.01008],[-44.59697,-19.01102],[-44.59811,-19.01308],[-44.59871,-19.01614],[-44.59853,-19.01985],[-44.59823,-19.02138],[-44.59835,-19.026],[-44.59796,-19.03777],[-44.59754,-19.03811],[-44.59727,-19.03964],[-44.59619,-19.04055],[-44.59601,-19.04109],[-44.59643,-19.04179],[-44.59607,-19.0423],[-44.59592,-19.04412],[-44.59698,-19.04412],[-44.59853,-19.04473],[-44.59948,-19.04566],[-44.6032,-19.04823],[-44.60698,-19.04877],[-44.61394,-19.04911],[-44.61884,-19.04965],[-44.62152,-19.05061],[-44.62346,-19.04753],[-44.62898,-19.04003],[-44.6302,-19.04045],[-44.63161,-19.03993],[-44.63316,-19.03971],[-44.63409,-19.0388],[-44.63446,-19.03744],[-44.63561,-19.03695],[-44.63561,-19.03585],[-44.64001,-19.03254],[-44.64179,-19.03079],[-44.64313,-19.02799],[-44.64553,-19.02676],[-44.64541,-19.02614],[-44.64564,-19.02515],[-44.64594,-19.02529],[-44.64654,-19.02458],[-44.64788,-19.02536],[-44.64934,-19.02558],[-44.65062,-19.02501],[-44.65106,-19.02616],[-44.65158,-19.02637],[-44.65234,-19.02523],[-44.65346,-19.0268],[-44.65353,-19.02808],[-44.6524,-19.02886],[-44.6524,-19.02936],[-44.65283,-19.02955],[-44.65444,-19.02703],[-44.65684,-19.02244],[-44.65763,-19.01739],[-44.65619,-19.00798],[-44.65631,-19.00694],[-44.65699,-19.00507],[-44.66044,-18.99989],[-44.66133,-18.998],[-44.66216,-18.98864],[-44.66262,-18.98702],[-44.66375,-18.98494],[-44.67959,-18.9618],[-44.68128,-18.96015],[-44.68242,-18.95935],[-44.68423,-18.95712],[-44.68562,-18.95353],[-44.68632,-18.95035],[-44.68369,-18.92282],[-44.68357,-18.91615],[-44.68371,-18.91532],[-44.68321,-18.91557],[-44.68226,-18.9168],[-44.68185,-18.91704],[-44.68139,-18.91688],[-44.68116,-18.91644],[-44.68106,-18.91541],[-44.68067,-18.91511],[-44.67968,-18.91333],[-44.67843,-18.912],[-44.67826,-18.91152],[-44.67903,-18.90926],[-44.67869,-18.90896],[-44.6783,-18.90865],[-44.67726,-18.90859],[-44.67623,-18.90899],[-44.67525,-18.91022],[-44.67475,-18.91167],[-44.67394,-18.91285],[-44.6692,-18.91465],[-44.66754,-18.91577],[-44.66524,-18.91814],[-44.66434,-18.91962],[-44.6618,-18.92174],[-44.65597,-18.92727],[-44.65421,-18.9294],[-44.65399,-18.92989],[-44.65355,-18.93194],[-44.65261,-18.93913]]]}},{"id":"13","type":"Feature","properties":{"bairro":"Buriti da Cachoeira","distrito":"J.K.","regiao":"J.K.","setores":1,"urbano":0},"geometry":{"type":"Polygon","coordinates":[[[-44.39955,-19.11838],[-44.40137,-19.11872],[-44.40446,-19.1218],[-44.40738,-19.12655],[-44.40914,-19.12857],[-44.40939,-19.12941],[-44.40934,-19.12997],[-44.41243,-19.13054],[-44.41518,-19.13079],[-44.41895,-19.13159],[-44.42211,-19.13292],[-44.42438,-19.13483],[-44.42902,-19.13955],[-44.43172,-19.14173],[-44.43279,-19.14306],[-44.43407,-19.144],[-44.43559,-19.14476],[-44.43718,-19.14483],[-44.43938,-19.14414],[-44.44066,-19.14352],[-44.44295,-19.142],[-44.44544,-19.14087],[-44.4479,-19.14007],[-44.44954,-19.14023],[-44.45037,-19.14078],[-44.45116,-19.14197],[-44.45189,-19.14381],[-44.4523,-19.14661],[-44.45324,-19.15035],[-44.45431,-19.15202],[-44.45586,-19.15574],[-44.45559,-19.15829],[-44.45605,-19.16212],[-44.45654,-19.16396],[-44.45924,-19.1682],[-44.46004,-19.16877],[-44.46093,-19.16909],[-44.4607,-19.16839],[-44.46072,-19.16528],[-44.46097,-19.16271],[-44.46155,-19.16025],[-44.46181,-19.15784],[-44.46175,-19.15697],[-44.46099,-19.15471],[-44.46091,-19.15299],[-44.46173,-19.15074],[-44.46192,-19.14866],[-44.46141,-19.14485],[-44.46141,-19.14315],[-44.46187,-19.14232],[-44.46369,-19.14081],[-44.46451,-19.13899],[-44.46615,-19.13701],[-44.46704,-19.13521],[-44.46945,-19.133],[-44.4697,-19.13253],[-44.4697,-19.13175],[-44.46943,-19.13084],[-44.46788,-19.12895],[-44.46773,-19.12823],[-44.46826,-19.12704],[-44.46784,-19.12631],[-44.46772,-19.12553],[-44.46796,-19.12493],[-44.46653,-19.12338],[-44.46641,-19.12282],[-44.46653,-19.12228],[-44.46756,-19.12076],[-44.4676,-19.1194],[-44.46794,-19.11842],[-44.46818,-19.11649],[-44.46791,-19.11518],[-44.46801,-19.11411],[-44.46662,-19.10794],[-44.46678,-19.10768],[-44.46712,-19.10741],[-44.46834,-19.10709],[-44.46967,-19.10512],[-44.47067,-19.10477],[-44.472,-19.10478],[-44.47416,-19.10305],[-44.47532,-19.10249],[-44.47616,-19.1008],[-44.47724,-19.10024],[-44.47789,-19.09896],[-44.47841,-19.09852],[-44.47962,-19.09858],[-44.48047,-19.09833],[-44.48277,-19.09854],[-44.48389,-19.09752],[-44.48507,-19.09722],[-44.48569,-19.09653],[-44.48668,-19.09616],[-44.48725,-19.09549],[-44.48738,-19.09499],[-44.48798,-19.09453],[-44.48933,-19.09462],[-44.49182,-19.0929],[-44.49278,-19.09278],[-44.49343,-19.09306],[-44.49391,-19.09301],[-44.49505,-19.09239],[-44.49578,-19.09145],[-44.49585,-19.09088],[-44.49563,-19.09018],[-44.49599,-19.08955],[-44.49612,-19.0888],[-44.49585,-19.08771],[-44.49658,-19.08691],[-44.49729,-19.08667],[-44.49762,-19.08604],[-44.49637,-19.08419],[-44.49629,-19.08334],[-44.49648,-19.08296],[-44.4975,-19.08241],[-44.49781,-19.08249],[-44.49827,-19.08305],[-44.4989,-19.08323],[-44.50031,-19.08296],[-44.50125,-19.08203],[-44.50282,-19.08128],[-44.50286,-19.08017],[-44.50307,-19.0798],[-44.50435,-19.07951],[-44.50462,-19.07867],[-44.50449,-19.07664],[-44.50476,-19.07611],[-44.50548,-19.07606],[-44.5078,-19.07667],[-44.50902,-19.07641],[-44.51016,-19.07519],[-44.51129,-19.07447],[-44.51335,-19.0727],[-44.51401,-19.07274],[-44.51433,-19.07312],[-44.51489,-19.07692],[-44.51522,-19.07744],[-44.51638,-19.0782],[-44.51588,-19.07888],[-44.51605,-19.07929],[-44.51648,-19.07929],[-44.51717,-19.07881],[-44.51807,-19.07874],[-44.51816,-19.07813],[-44.51843,-19.07792],[-44.52063,-19.07759],[-44.5231,-19.07791],[-44.52446,-19.07844],[-44.52503,-19.07847],[-44.52533,-19.07914],[-44.52557,-19.07928],[-44.5258,-19.07927],[-44.52635,-19.07869],[-44.52663,-19.07878],[-44.52785,-19.07931],[-44.52983,-19.08089],[-44.53238,-19.08068],[-44.53363,-19.08002],[-44.53429,-19.07999],[-44.53498,-19.0802],[-44.53591,-19.08003],[-44.53789,-19.08104],[-44.53811,-19.08147],[-44.53796,-19.08206],[-44.53833,-19.08245],[-44.538,-19.08289],[-44.53862,-19.08335],[-44.5394,-19.08332],[-44.53976,-19.0835],[-44.53992,-19.08386],[-44.53989,-19.08506],[-44.54029,-19.08583],[-44.54121,-19.0858],[-44.54153,-19.08606],[-44.54191,-19.08592],[-44.5423,-19.08627],[-44.54284,-19.08634],[-44.54346,-19.08587],[-44.54461,-19.08559],[-44.54228,-19.08214],[-44.53837,-19.07911],[-44.53425,-19.07531],[-44.53408,-19.07478],[-44.53404,-19.07234],[-44.53373,-19.07121],[-44.53249,-19.06877],[-44.53224,-19.06677],[-44.53119,-19.06431],[-44.52841,-19.05631],[-44.5259,-19.05179],[-44.52539,-19.04912],[-44.52545,-19.04626],[-44.52644,-19.04382],[-44.52817,-19.04085],[-44.52855,-19.03809],[-44.52843,-19.03595],[-44.52873,-19.03247],[-44.5294,-19.02985],[-44.53048,-19.02773],[-44.5307,-19.02662],[-44.53067,-19.02402],[-44.53095,-19.02103],[-44.53145,-19.01861],[-44.53101,-19.01709],[-44.53043,-19.01613],[-44.52701,-19.01388],[-44.52594,-19.01354],[-44.52369,-19.01336],[-44.52117,-19.0124],[-44.5196,-19.0122],[-44.51433,-19.01226],[-44.51145,-19.01173],[-44.50801,-19.01153],[-44.50489,-19.01021],[-44.5044,-19.00911],[-44.49873,-19.01087],[-44.49408,-19.01371],[-44.49285,-19.01474],[-44.49126,-19.01658],[-44.48965,-19.02018],[-44.48835,-19.02204],[-44.48758,-19.02255],[-44.48652,-19.02262],[-44.48502,-19.02228],[-44.48171,-19.02079],[-44.47766,-19.01792],[-44.47532,-19.0168],[-44.47326,-19.01652],[-44.47249,-19.01705],[-44.47006,-19.01969],[-44.46921,-19.02144],[-44.46883,-19.02293],[-44.46866,-19.02566],[-44.46712,-19.03126],[-44.46618,-19.03294],[-44.46008,-19.03973],[-44.45695,-19.04192],[-44.45231,-19.04456],[-44.4505,-19.04598],[-44.44959,-19.04717],[-44.4494,-19.04809],[-44.44947,-19.04901],[-44.45126,-19.05445],[-44.45123,-19.05651],[-44.4514,-19.0575],[-44.45203,-19.05892],[-44.4529,-19.06007],[-44.45351,-19.06255],[-44.45298,-19.06489],[-44.45269,-19.06845],[-44.45168,-19.07187],[-44.44997,-19.07451],[-44.44874,-19.07526],[-44.44618,-19.07632],[-44.44413,-19.07795],[-44.44294,-19.07954],[-44.44225,-19.08284],[-44.44227,-19.08493],[-44.44278,-19.08688],[-44.44283,-19.08793],[-44.44271,-19.08945],[-44.44225,-19.0908],[-44.44046,-19.09241],[-44.43878,-19.09363],[-44.43528,-19.09567],[-44.43388,-19.09723],[-44.43294,-19.09928],[-44.43245,-19.10118],[-44.43221,-19.10311],[-44.43214,-19.10522],[-44.43272,-19.10811],[-44.43265,-19.1091],[-44.43133,-19.11192],[-44.42911,-19.11408],[-44.42616,-19.11605],[-44.42469,-19.1167],[-44.42317,-19.11704],[-44.42104,-19.11702],[-44.42013,-19.11681],[-44.41802,-19.11576],[-44.416,-19.11413],[-44.41327,-19.11255],[-44.41131,-19.11234],[-44.40564,-19.11298],[-44.40219,-19.11402],[-44.40096,-19.11487],[-44.4004,-19.11569],[-44.39955,-19.11838]],[[-44.50786,-19.02539],[-44.50872,-19.02426],[-44.51075,-19.02327],[-44.51155,-19.02452],[-44.51242,-19.02469],[-44.51287,-19.02524],[-44.51361,-19.02548],[-44.51405,-19.02584],[-44.51452,-19.02575],[-44.51505,-19.02631],[-44.5158,-19.0265],[-44.51621,-19.02694],[-44.51634,-19.02749],[-44.51761,-19.02764],[-44.51837,-19.02893],[-44.51891,-19.02876],[-44.51979,-19.02908],[-44.52056,-19.02893],[-44.52195,-19.02957],[-44.52236,-19.02955],[-44.52206,-19.03056],[-44.52069,-19.0324],[-44.52006,-19.03214],[-44.51986,-19.03248],[-44.51942,-19.03252],[-44.51832,-19.0336],[-44.51773,-19.03392],[-44.5174,-19.03386],[-44.51714,-19.03348],[-44.51693,-19.03358],[-44.51631,-19.03267],[-44.51583,-19.03279],[-44.51443,-19.03254],[-44.51324,-19.03282],[-44.5114,-19.02948],[-44.50786,-19.02539]]]}},{"id":"14","type":"Feature","properties":{"bairro":"Cachoeira do Choro","distrito":"Angueretá","regiao":"Angueretá","setores":3,"urbano":0},"geometry":{"type":"Polygon","coordinates":[[[-44.68846,-18.99513],[-44.67595,-18.99732],[-44.66146,-18.99708],[-44.66101,-18.99884],[-44.65699,-19.00507],[-44.65631,-19.00694],[-44.65619,-19.00798],[-44.65763,-19.01739],[-44.65684,-19.02244],[-44.65444,-19.02703],[-44.65124,-19.03205],[-44.65247,-19.03198],[-44.65269,-19.03167],[-44.65255,-19.03107],[-44.65303,-19.03051],[-44.65362,-19.03031],[-44.65452,-19.03034],[-44.65495,-19.02997],[-44.65621,-19.03026],[-44.65839,-19.03102],[-44.65879,-19.03174],[-44.65935,-19.03355],[-44.65996,-19.0343],[-44.66058,-19.03468],[-44.6612,-19.03464],[-44.66178,-19.03371],[-44.66173,-19.03312],[-44.66331,-19.03168],[-44.66381,-19.03151],[-44.66428,-19.03204],[-44.66375,-19.0332],[-44.6638,-19.0335],[-44.66729,-19.03299],[-44.66771,-19.03314],[-44.66784,-19.03345],[-44.66761,-19.03397],[-44.66767,-19.03426],[-44.66794,-19.03438],[-44.66934,-19.03386],[-44.67038,-19.0327],[-44.67104,-19.03237],[-44.6727,-19.03354],[-44.67334,-19.03357],[-44.67451,-19.03429],[-44.67497,-19.03567],[-44.67609,-19.03616],[-44.67685,-19.03626],[-44.67747,-19.03606],[-44.67786,-19.03509],[-44.67833,-19.03477],[-44.67969,-19.03479],[-44.6799,-19.03372],[-44.68023,-19.03344],[-44.68074,-19.03343],[-44.68135,-19.03371],[-44.68184,-19.03348],[-44.68198,-19.03318],[-44.68189,-19.03157],[-44.68208,-19.03125],[-44.68291,-19.03106],[-44.6848,-19.03214],[-44.68475,-19.03282],[-44.68515,-19.03429],[-44.68559,-19.03507],[-44.68639,-19.0355],[-44.68713,-19.03669],[-44.6873,-19.03783],[-44.68827,-19.03813],[-44.68843,-19.0393],[-44.68891,-19.04004],[-44.69106,-19.04086],[-44.69173,-19.04156],[-44.69228,-19.04175],[-44.69335,-19.04207],[-44.6944,-19.0418],[-44.69465,-19.04024],[-44.69534,-19.03943],[-44.69539,-19.03849],[-44.69605,-19.03656],[-44.69372,-19.03647],[-44.69263,-19.03537],[-44.69246,-19.03447],[-44.69339,-19.03079],[-44.69384,-19.02982],[-44.69473,-19.0286],[-44.69594,-19.0277],[-44.69915,-19.02603],[-44.7021,-19.02577],[-44.70563,-19.02479],[-44.70958,-19.02514],[-44.71166,-19.02559],[-44.71437,-19.02547],[-44.71529,-19.02494],[-44.71881,-19.02216],[-44.72134,-19.02094],[-44.72282,-19.02058],[-44.72379,-19.02065],[-44.72558,-19.02154],[-44.72615,-19.02293],[-44.72984,-19.02335],[-44.73205,-19.02346],[-44.73292,-19.02331],[-44.7334,-19.02303],[-44.73391,-19.02225],[-44.7345,-19.01838],[-44.73574,-19.01566],[-44.73796,-19.01434],[-44.73954,-19.01399],[-44.74033,-19.01327],[-44.74067,-19.0124],[-44.74127,-19.01168],[-44.74479,-19.00932],[-44.74605,-19.00826],[-44.74689,-19.00699],[-44.74662,-19.00561],[-44.74545,-19.00476],[-44.73918,-19.00301],[-44.7386,-19.00387],[-44.72788,-19.00637],[-44.72503,-19.00395],[-44.71249,-19.00026],[-44.70581,-18.9959],[-44.69667,-18.99421],[-44.68846,-18.99513]]]}},{"id":"15","type":"Feature","properties":{"bairro":"Centro","distrito":"Curvelo","regiao":"Curvelo","setores":27,"urbano":27},"geometry":{"type":"Polygon","coordinates":[[[-44.42947,-18.76137],[-44.43005,-18.76985],[-44.43052,-18.77066],[-44.43123,-18.77123],[-44.43193,-18.76982],[-44.43106,-18.76946],[-44.43174,-18.76815],[-44.43395,-18.76636],[-44.43352,-18.76601],[-44.43273,-18.76446],[-44.43977,-18.75136],[-44.43976,-18.7497],[-44.43986,-18.74928],[-44.44022,-18.74901],[-44.43925,-18.7485],[-44.43857,-18.74851],[-44.43761,-18.74985],[-44.43613,-18.75046],[-44.43459,-18.75016],[-44.43404,-18.74976],[-44.43418,-18.7493],[-44.43364,-18.74935],[-44.43363,-18.74962],[-44.43186,-18.74939],[-44.43167,-18.75059],[-44.43057,-18.75219],[-44.43041,-18.75038],[-44.42979,-18.7491],[-44.42988,-18.74863],[-44.43071,-18.74869],[-44.43052,-18.74814],[-44.43046,-18.74639],[-44.43098,-18.74515],[-44.43174,-18.74398],[-44.43101,-18.74373],[-44.43013,-18.74396],[-44.42847,-18.74393],[-44.42736,-18.74466],[-44.42635,-18.74501],[-44.42418,-18.74488],[-44.42403,-18.74497],[-44.42413,-18.74527],[-44.42378,-18.7453],[-44.42298,-18.74612],[-44.42208,-18.74601],[-44.421,-18.74542],[-44.41984,-18.74781],[-44.42041,-18.74742],[-44.42205,-18.74758],[-44.42229,-18.74878],[-44.42253,-18.74878],[-44.42272,-18.75111],[-44.42408,-18.75311],[-44.42353,-18.75396],[-44.42505,-18.7554],[-44.42269,-18.75756],[-44.42461,-18.75906],[-44.42596,-18.75721],[-44.42742,-18.7571],[-44.42758,-18.75849],[-44.42699,-18.75898],[-44.42696,-18.76033],[-44.42672,-18.76069],[-44.42736,-18.76119],[-44.42947,-18.76137]]]}},{"id":"16","type":"Feature","properties":{"bairro":"Curiango","distrito":"Curvelo","regiao":"Curvelo","setores":3,"urbano":3},"geometry":{"type":"Polygon","coordinates":[[[-44.42979,-18.7491],[-44.43041,-18.75038],[-44.43057,-18.75219],[-44.43167,-18.75059],[-44.43186,-18.74939],[-44.43363,-18.74962],[-44.43364,-18.74935],[-44.43418,-18.7493],[-44.43432,-18.74883],[-44.43493,-18.7483],[-44.43479,-18.74745],[-44.43368,-18.74657],[-44.43299,-18.74482],[-44.43236,-18.74463],[-44.43187,-18.74406],[-44.43098,-18.74515],[-44.43046,-18.74639],[-44.43052,-18.74814],[-44.43071,-18.74869],[-44.42988,-18.74863],[-44.42979,-18.7491]]]}},{"id":"17","type":"Feature","properties":{"bairro":"Currais","distrito":"Tomás Gonzaga","regiao":"Tomás Gonzaga","setores":1,"urbano":0},"geometry":{"type":"Polygon","coordinates":[[[-44.19188,-18.4596],[-44.19443,-18.46147],[-44.19499,-18.46236],[-44.19688,-18.46929],[-44.19807,-18.47154],[-44.19982,-18.47649],[-44.20013,-18.47826],[-44.1999,-18.47978],[-44.19949,-18.4807],[-44.1988,-18.48172],[-44.19789,-18.4824],[-44.19902,-18.48229],[-44.19983,-18.48379],[-44.19886,-18.48631],[-44.19802,-18.48723],[-44.19803,-18.48803],[-44.19754,-18.48872],[-44.19743,-18.49101],[-44.19707,-18.49158],[-44.19635,-18.49158],[-44.19562,-18.49215],[-44.19491,-18.49376],[-44.19492,-18.49479],[-44.19576,-18.49605],[-44.1966,-18.49662],[-44.19684,-18.49731],[-44.19756,-18.49776],[-44.19791,-18.49879],[-44.19924,-18.49971],[-44.20044,-18.50005],[-44.20073,-18.50047],[-44.20157,-18.50105],[-44.20193,-18.50174],[-44.20252,-18.50198],[-44.20277,-18.50289],[-44.2036,-18.50313],[-44.20372,-18.50428],[-44.20516,-18.50474],[-44.20575,-18.50567],[-44.20624,-18.50567],[-44.20708,-18.50511],[-44.20817,-18.50523],[-44.20914,-18.50454],[-44.21011,-18.50432],[-44.21035,-18.5041],[-44.21012,-18.5034],[-44.21024,-18.50295],[-44.21097,-18.50261],[-44.21145,-18.50296],[-44.21302,-18.50263],[-44.21301,-18.50331],[-44.21326,-18.50366],[-44.21458,-18.50332],[-44.21652,-18.50345],[-44.21675,-18.50414],[-44.21735,-18.50449],[-44.21746,-18.50495],[-44.21843,-18.5053],[-44.21854,-18.50598],[-44.21902,-18.50657],[-44.22035,-18.50645],[-44.22096,-18.50554],[-44.22217,-18.50486],[-44.22339,-18.50338],[-44.22472,-18.5027],[-44.22978,-18.50343],[-44.23123,-18.50446],[-44.23328,-18.50437],[-44.23413,-18.50403],[-44.23485,-18.50404],[-44.23509,-18.50472],[-44.23496,-18.50541],[-44.2352,-18.50576],[-44.23617,-18.50599],[-44.23664,-18.50668],[-44.23821,-18.50658],[-44.23881,-18.50693],[-44.23892,-18.50796],[-44.23855,-18.5083],[-44.23843,-18.50934],[-44.24095,-18.51061],[-44.24179,-18.51062],[-44.24228,-18.51085],[-44.24288,-18.51143],[-44.24395,-18.5135],[-44.24636,-18.51397],[-44.24841,-18.51376],[-44.25022,-18.51457],[-44.2513,-18.51469],[-44.25312,-18.51437],[-44.25396,-18.51391],[-44.25542,-18.51254],[-44.25711,-18.51232],[-44.25809,-18.51153],[-44.2587,-18.51028],[-44.26077,-18.50845],[-44.26199,-18.50686],[-44.26235,-18.50605],[-44.26237,-18.50433],[-44.26262,-18.50365],[-44.2638,-18.5025],[-44.26538,-18.50266],[-44.26692,-18.50162],[-44.26787,-18.50247],[-44.2689,-18.50229],[-44.27018,-18.50286],[-44.27068,-18.50323],[-44.2706,-18.50387],[-44.27079,-18.50456],[-44.27162,-18.50508],[-44.27227,-18.50524],[-44.27411,-18.50644],[-44.28732,-18.50423],[-44.28751,-18.50538],[-44.28833,-18.50457],[-44.29174,-18.50406],[-44.29322,-18.50417],[-44.29518,-18.50811],[-44.29687,-18.50988],[-44.29805,-18.50995],[-44.30189,-18.50837],[-44.30236,-18.50773],[-44.30154,-18.50276],[-44.30211,-18.5023],[-44.30347,-18.50196],[-44.30458,-18.50107],[-44.30525,-18.50131],[-44.30587,-18.50109],[-44.30337,-18.50428],[-44.3036,-18.5098],[-44.30558,-18.51323],[-44.30641,-18.51393],[-44.3065,-18.5149],[-44.31497,-18.52855],[-44.31639,-18.53607],[-44.31473,-18.54001],[-44.31406,-18.54247],[-44.31393,-18.54371],[-44.31197,-18.54689],[-44.31422,-18.54627],[-44.3344,-18.54508],[-44.33421,-18.54411],[-44.33445,-18.54381],[-44.3352,-18.54367],[-44.33689,-18.54181],[-44.33822,-18.53999],[-44.34951,-18.53669],[-44.35264,-18.53268],[-44.35278,-18.53205],[-44.3558,-18.53138],[-44.35824,-18.53163],[-44.35944,-18.53024],[-44.36024,-18.52977],[-44.36091,-18.5299],[-44.36393,-18.52855],[-44.36464,-18.52754],[-44.36193,-18.52459],[-44.36362,-18.52387],[-44.36447,-18.52265],[-44.36744,-18.52063],[-44.37184,-18.51903],[-44.37175,-18.51865],[-44.37718,-18.51658],[-44.37447,-18.51296],[-44.3742,-18.51119],[-44.38278,-18.50959],[-44.37979,-18.49546],[-44.36869,-18.49797],[-44.36695,-18.49565],[-44.36495,-18.49375],[-44.36388,-18.49217],[-44.35939,-18.48982],[-44.35805,-18.49126],[-44.35498,-18.49044],[-44.35403,-18.4906],[-44.35371,-18.48997],[-44.35366,-18.4884],[-44.35489,-18.48363],[-44.35474,-18.4819],[-44.35609,-18.48152],[-44.35474,-18.47947],[-44.35491,-18.47578],[-44.35319,-18.47333],[-44.35116,-18.47195],[-44.34802,-18.46713],[-44.34721,-18.46287],[-44.34601,-18.45992],[-44.33895,-18.45282],[-44.33644,-18.45078],[-44.33651,-18.44923],[-44.33424,-18.44991],[-44.32883,-18.45256],[-44.32716,-18.4537],[-44.32595,-18.45486],[-44.32537,-18.45646],[-44.32561,-18.45875],[-44.32477,-18.46013],[-44.32454,-18.46437],[-44.32429,-18.46505],[-44.32322,-18.46688],[-44.32154,-18.46849],[-44.31963,-18.46976],[-44.31842,-18.46907],[-44.31651,-18.46919],[-44.31626,-18.46907],[-44.31578,-18.46782],[-44.31338,-18.4661],[-44.31338,-18.46529],[-44.31362,-18.46507],[-44.31373,-18.46415],[-44.31338,-18.46369],[-44.31253,-18.46347],[-44.31169,-18.46266],[-44.31097,-18.46266],[-44.31037,-18.46208],[-44.30881,-18.46219],[-44.30724,-18.4606],[-44.30652,-18.4606],[-44.30628,-18.46083],[-44.30472,-18.46072],[-44.30424,-18.46106],[-44.30388,-18.4621],[-44.30305,-18.46232],[-44.30112,-18.46141],[-44.29968,-18.46015],[-44.29872,-18.46013],[-44.29752,-18.46106],[-44.29585,-18.46164],[-44.295,-18.4613],[-44.29416,-18.46026],[-44.29344,-18.46038],[-44.29272,-18.46015],[-44.28995,-18.45729],[-44.28983,-18.45591],[-44.28947,-18.45522],[-44.28947,-18.45395],[-44.28921,-18.4535],[-44.28633,-18.45075],[-44.28526,-18.4503],[-44.28441,-18.45053],[-44.28369,-18.45133],[-44.28226,-18.45225],[-44.2819,-18.45363],[-44.28119,-18.45465],[-44.27974,-18.45523],[-44.27854,-18.45661],[-44.27687,-18.45706],[-44.27626,-18.45774],[-44.27566,-18.45775],[-44.27446,-18.45649],[-44.27182,-18.45558],[-44.27073,-18.45409],[-44.27014,-18.45409],[-44.27001,-18.45489],[-44.26953,-18.45523],[-44.26869,-18.45512],[-44.26798,-18.45455],[-44.26737,-18.4534],[-44.26568,-18.45283],[-44.26461,-18.45192],[-44.26221,-18.45123],[-44.26149,-18.45123],[-44.25993,-18.45192],[-44.25908,-18.45191],[-44.25741,-18.45329],[-44.25645,-18.45307],[-44.25561,-18.45317],[-44.25525,-18.45364],[-44.25525,-18.45467],[-44.25477,-18.45501],[-44.25428,-18.45501],[-44.25381,-18.45467],[-44.25164,-18.45456],[-44.2514,-18.45398],[-44.25153,-18.45238],[-44.25117,-18.45192],[-44.25104,-18.45112],[-44.24912,-18.44986],[-44.2478,-18.44997],[-44.24732,-18.44974],[-44.24707,-18.44906],[-44.246,-18.44839],[-44.24563,-18.44734],[-44.24536,-18.44714],[-44.24467,-18.44858],[-44.2454,-18.45444],[-44.23901,-18.45336],[-44.23707,-18.45215],[-44.23515,-18.45188],[-44.23432,-18.45144],[-44.23352,-18.45126],[-44.23196,-18.45124],[-44.23059,-18.45082],[-44.2275,-18.45078],[-44.22599,-18.45035],[-44.22442,-18.45022],[-44.22302,-18.45062],[-44.22101,-18.45045],[-44.22022,-18.45066],[-44.21842,-18.44949],[-44.21776,-18.44924],[-44.20838,-18.45125],[-44.20496,-18.45168],[-44.20374,-18.45212],[-44.20053,-18.4524],[-44.1988,-18.45404],[-44.19788,-18.45418],[-44.19704,-18.45531],[-44.19684,-18.45649],[-44.19717,-18.4573],[-44.19656,-18.45724],[-44.19636,-18.45843],[-44.19498,-18.45833],[-44.195,-18.45903],[-44.19356,-18.45935],[-44.19242,-18.45907],[-44.19188,-18.4596]]]}},{"id":"18","type":"Feature","properties":{"bairro":"Estiva","distrito":"Tomás Gonzaga","regiao":"Tomás Gonzaga","setores":1,"urbano":0},"geometry":{"type":"Polygon","coordinates":[[[-44.24468,-18.44665],[-44.24563,-18.44734],[-44.246,-18.44839],[-44.24707,-18.44906],[-44.24732,-18.44974],[-44.2478,-18.44997],[-44.24912,-18.44986],[-44.25104,-18.45112],[-44.25117,-18.45192],[-44.25153,-18.45238],[-44.2514,-18.45398],[-44.25164,-18.45456],[-44.25381,-18.45467],[-44.25428,-18.45501],[-44.25477,-18.45501],[-44.25525,-18.45467],[-44.25525,-18.45364],[-44.25561,-18.45317],[-44.25645,-18.45307],[-44.25741,-18.45329],[-44.25753,-18.44664],[-44.26043,-18.44373],[-44.26129,-18.44186],[-44.25834,-18.44172],[-44.25509,-18.44242],[-44.25382,-18.442],[-44.25439,-18.44083],[-44.25607,-18.43926],[-44.2556,-18.43493],[-44.25447,-18.43485],[-44.25466,-18.43704],[-44.25449,-18.43904],[-44.25311,-18.44057],[-44.25279,-18.44154],[-44.25182,-18.44154],[-44.25072,-18.44197],[-44.25031,-18.44141],[-44.2497,-18.43808],[-44.24852,-18.43612],[-44.24861,-18.43388],[-44.24763,-18.43382],[-44.24651,-18.43621],[-44.24519,-18.43702],[-44.24313,-18.43899],[-44.24304,-18.44269],[-44.24278,-18.44413],[-44.24468,-18.44665]]]}},{"id":"19","type":"Feature","properties":{"bairro":"Falcao","distrito":"Curvelo","regiao":"Curvelo","setores":1,"urbano":1},"geometry":{"type":"Polygon","coordinates":[[[-44.48634,-18.74811],[-44.48781,-18.74791],[-44.48876,-18.75148],[-44.48978,-18.75666],[-44.49254,-18.75412],[-44.4926,-18.75265],[-44.49215,-18.75092],[-44.48896,-18.74606],[-44.48634,-18.74811]]]}},{"id":"20","type":"Feature","properties":{"bairro":"Fazenda Olhos Dagua","distrito":"Curvelo","regiao":"Curvelo","setores":1,"urbano":0},"geometry":{"type":"Polygon","coordinates":[[[-44.40686,-18.92577],[-44.3975,-18.92557],[-44.39709,-18.92452],[-44.39578,-18.92479],[-44.39477,-18.92533],[-44.39367,-18.92724],[-44.39216,-18.92828],[-44.39391,-18.93157],[-44.39572,-18.9338],[-44.39845,-18.93771],[-44.40016,-18.94273],[-44.4025,-18.94406],[-44.40148,-18.94546],[-44.40165,-18.946],[-44.40468,-18.95246],[-44.40856,-18.95733],[-44.40943,-18.95873],[-44.41049,-18.96116],[-44.41061,-18.96257],[-44.41005,-18.96332],[-44.40904,-18.96362],[-44.40516,-18.96334],[-44.40364,-18.96347],[-44.40013,-18.96497],[-44.39804,-18.96536],[-44.39704,-18.96534],[-44.39585,-18.96449],[-44.39561,-18.96358],[-44.39828,-18.96157],[-44.39896,-18.96075],[-44.39993,-18.95851],[-44.39991,-18.95699],[-44.39965,-18.95656],[-44.39751,-18.95542],[-44.39602,-18.95415],[-44.39481,-18.95241],[-44.39372,-18.94991],[-44.39246,-18.95047],[-44.38772,-18.95089],[-44.38705,-18.9513],[-44.38405,-18.95413],[-44.38399,-18.95608],[-44.38362,-18.95679],[-44.38308,-18.9571],[-44.382,-18.95712],[-44.37966,-18.95842],[-44.37913,-18.95883],[-44.37883,-18.95939],[-44.37838,-18.96083],[-44.37876,-18.96168],[-44.37952,-18.96195],[-44.38085,-18.96167],[-44.38134,-18.96178],[-44.38174,-18.96212],[-44.38188,-18.96265],[-44.38174,-18.96315],[-44.38124,-18.96349],[-44.38077,-18.96353],[-44.37896,-18.96314],[-44.37639,-18.96326],[-44.37568,-18.96346],[-44.3754,-18.96394],[-44.37461,-18.96713],[-44.37259,-18.97327],[-44.36936,-18.97586],[-44.36645,-18.97775],[-44.3656,-18.97793],[-44.36419,-18.9779],[-44.36359,-18.97838],[-44.36338,-18.97871],[-44.36333,-18.97955],[-44.36367,-18.98159],[-44.36641,-18.98358],[-44.36822,-18.98601],[-44.36851,-18.98668],[-44.36864,-18.9875],[-44.36828,-18.99084],[-44.36795,-18.99177],[-44.3659,-18.99531],[-44.36288,-18.99647],[-44.3615,-18.99805],[-44.35941,-18.99841],[-44.35896,-18.99891],[-44.35872,-19.00051],[-44.35752,-19.00286],[-44.35717,-19.00405],[-44.35735,-19.00643],[-44.35604,-19.01364],[-44.35562,-19.01414],[-44.35145,-19.01671],[-44.35093,-19.01733],[-44.34232,-19.04367],[-44.34093,-19.04576],[-44.3403,-19.04834],[-44.3402,-19.05023],[-44.33795,-19.05602],[-44.33765,-19.05649],[-44.33642,-19.05726],[-44.33609,-19.05779],[-44.33617,-19.05874],[-44.33587,-19.05885],[-44.33653,-19.06032],[-44.33689,-19.06322],[-44.33781,-19.06441],[-44.33952,-19.06572],[-44.34007,-19.06654],[-44.3408,-19.06891],[-44.34167,-19.07038],[-44.34304,-19.0718],[-44.34389,-19.07237],[-44.34531,-19.07288],[-44.34632,-19.07306],[-44.34681,-19.07297],[-44.34785,-19.0726],[-44.34922,-19.07171],[-44.35086,-19.07003],[-44.35229,-19.06967],[-44.35398,-19.0695],[-44.35545,-19.07003],[-44.3567,-19.07015],[-44.36023,-19.07132],[-44.36122,-19.07136],[-44.36476,-19.07283],[-44.36631,-19.07265],[-44.36797,-19.07299],[-44.37003,-19.07288],[-44.37157,-19.07318],[-44.37246,-19.07366],[-44.37551,-19.07604],[-44.37613,-19.07685],[-44.37688,-19.0791],[-44.37642,-19.0818],[-44.37669,-19.0832],[-44.37816,-19.08419],[-44.3807,-19.08651],[-44.3814,-19.08736],[-44.38173,-19.08818],[-44.38186,-19.08917],[-44.38154,-19.09082],[-44.38067,-19.09273],[-44.38075,-19.09374],[-44.38145,-19.09449],[-44.38287,-19.09534],[-44.38372,-19.09658],[-44.3842,-19.10103],[-44.38478,-19.10298],[-44.38516,-19.10344],[-44.38809,-19.10482],[-44.38941,-19.10571],[-44.3912,-19.10727],[-44.39212,-19.10851],[-44.39236,-19.11007],[-44.39239,-19.11485],[-44.39309,-19.1162],[-44.39432,-19.11723],[-44.3956,-19.11776],[-44.39929,-19.11838],[-44.39955,-19.11838],[-44.40064,-19.11523],[-44.40129,-19.11457],[-44.40219,-19.11402],[-44.40564,-19.11298],[-44.41131,-19.11234],[-44.41327,-19.11255],[-44.416,-19.11413],[-44.41802,-19.11576],[-44.42013,-19.11681],[-44.42104,-19.11702],[-44.42317,-19.11704],[-44.42469,-19.1167],[-44.42616,-19.11605],[-44.42911,-19.11408],[-44.43133,-19.11192],[-44.43265,-19.1091],[-44.43272,-19.10811],[-44.43214,-19.10522],[-44.43221,-19.10311],[-44.43245,-19.10118],[-44.43294,-19.09928],[-44.43388,-19.09723],[-44.43528,-19.09567],[-44.43878,-19.09363],[-44.44046,-19.09241],[-44.44225,-19.0908],[-44.44271,-19.08945],[-44.44283,-19.08793],[-44.44278,-19.08688],[-44.44227,-19.08493],[-44.44225,-19.08284],[-44.44294,-19.07954],[-44.44413,-19.07795],[-44.44618,-19.07632],[-44.44874,-19.07526],[-44.44997,-19.07451],[-44.45168,-19.07187],[-44.45269,-19.06845],[-44.45298,-19.06489],[-44.45351,-19.06255],[-44.4529,-19.06007],[-44.45203,-19.05892],[-44.4514,-19.0575],[-44.45123,-19.05651],[-44.45126,-19.05445],[-44.44947,-19.04901],[-44.44944,-19.04766],[-44.44978,-19.04674],[-44.45231,-19.04456],[-44.45695,-19.04192],[-44.46008,-19.03973],[-44.46618,-19.03294],[-44.46712,-19.03126],[-44.46866,-19.02566],[-44.46883,-19.02293],[-44.46921,-19.02144],[-44.47006,-19.01969],[-44.47249,-19.01705],[-44.47326,-19.01652],[-44.47532,-19.0168],[-44.47766,-19.01792],[-44.48171,-19.02079],[-44.48502,-19.02228],[-44.48652,-19.02262],[-44.48758,-19.02255],[-44.48835,-19.02204],[-44.48965,-19.02018],[-44.49126,-19.01658],[-44.49285,-19.01474],[-44.49408,-19.01371],[-44.49873,-19.01087],[-44.5044,-19.00911],[-44.50541,-19.00528],[-44.50537,-18.99999],[-44.50586,-18.99753],[-44.50634,-18.99654],[-44.49911,-18.982],[-44.49809,-18.97973],[-44.49774,-18.97812],[-44.49713,-18.93528],[-44.49746,-18.93395],[-44.50289,-18.92239],[-44.50331,-18.92035],[-44.50335,-18.91797],[-44.49763,-18.91547],[-44.49656,-18.91294],[-44.49523,-18.91121],[-44.4944,-18.91052],[-44.49162,-18.90992],[-44.48934,-18.90842],[-44.48874,-18.90739],[-44.48657,-18.90554],[-44.48598,-18.90427],[-44.48586,-18.90335],[-44.48515,-18.90242],[-44.48406,-18.9022],[-44.48322,-18.90115],[-44.48238,-18.90081],[-44.48117,-18.9008],[-44.47983,-18.90124],[-44.47886,-18.90124],[-44.4767,-18.90019],[-44.47478,-18.89835],[-44.47322,-18.8973],[-44.4731,-18.8965],[-44.47262,-18.89581],[-44.47251,-18.89454],[-44.47203,-18.8942],[-44.47106,-18.89408],[-44.47071,-18.8935],[-44.46962,-18.89338],[-44.46853,-18.89429],[-44.46816,-18.89509],[-44.46645,-18.8968],[-44.46595,-18.89818],[-44.46389,-18.89988],[-44.4601,-18.90594],[-44.45876,-18.90685],[-44.45706,-18.9073],[-44.45464,-18.90739],[-44.45271,-18.90715],[-44.45019,-18.90587],[-44.44885,-18.90586],[-44.44582,-18.90653],[-44.44292,-18.90651],[-44.44074,-18.90627],[-44.43808,-18.90728],[-44.43251,-18.90851],[-44.4302,-18.90929],[-44.42716,-18.9118],[-44.42559,-18.91248],[-44.42232,-18.91314],[-44.42049,-18.91428],[-44.41806,-18.9168],[-44.41537,-18.9209],[-44.41379,-18.92215],[-44.41086,-18.92556],[-44.40989,-18.92602],[-44.40892,-18.92613],[-44.40686,-18.92577]]]}},{"id":"21","type":"Feature","properties":{"bairro":"Guimaraes Rosa","distrito":"Curvelo","regiao":"Curvelo","setores":6,"urbano":6},"geometry":{"type":"Polygon","coordinates":[[[-44.42661,-18.73432],[-44.42699,-18.73369],[-44.42775,-18.73355],[-44.43132,-18.73487],[-44.43196,-18.73395],[-44.4319,-18.73043],[-44.43343,-18.73155],[-44.43374,-18.73151],[-44.4355,-18.72794],[-44.43508,-18.72729],[-44.43666,-18.72418],[-44.43443,-18.72317],[-44.43404,-18.72399],[-44.43361,-18.72333],[-44.43214,-18.72251],[-44.42636,-18.73431],[-44.42661,-18.73432]]]}},{"id":"22","type":"Feature","properties":{"bairro":"Ipiranga","distrito":"Curvelo","regiao":"Curvelo","setores":4,"urbano":4},"geometry":{"type":"Polygon","coordinates":[[[-44.42883,-18.78793],[-44.43045,-18.79062],[-44.43064,-18.79057],[-44.43096,-18.79134],[-44.4335,-18.79043],[-44.43308,-18.78954],[-44.43277,-18.7896],[-44.43272,-18.78943],[-44.43363,-18.78905],[-44.43382,-18.7884],[-44.43351,-18.78774],[-44.43404,-18.7873],[-44.43396,-18.78684],[-44.43365,-18.78694],[-44.43359,-18.78676],[-44.43445,-18.78645],[-44.43441,-18.78562],[-44.43426,-18.78519],[-44.43393,-18.7853],[-44.43376,-18.78432],[-44.43338,-18.78412],[-44.43301,-18.78323],[-44.43204,-18.78257],[-44.4317,-18.78207],[-44.43102,-18.78187],[-44.43106,-18.78139],[-44.43142,-18.78108],[-44.43176,-18.77997],[-44.43206,-18.77977],[-44.43176,-18.77948],[-44.43173,-18.77901],[-44.4306,-18.7787],[-44.42989,-18.77875],[-44.42951,-18.77899],[-44.4295,-18.77919],[-44.43015,-18.77951],[-44.43042,-18.77994],[-44.42941,-18.77976],[-44.42919,-18.7805],[-44.42846,-18.78086],[-44.42793,-18.78022],[-44.42775,-18.77963],[-44.42744,-18.77985],[-44.42706,-18.78074],[-44.42636,-18.78054],[-44.42627,-18.78035],[-44.42662,-18.77976],[-44.42684,-18.77779],[-44.42665,-18.7776],[-44.42623,-18.77781],[-44.42609,-18.77767],[-44.42442,-18.77981],[-44.43132,-18.78458],[-44.42769,-18.786],[-44.4267,-18.78713],[-44.42603,-18.78753],[-44.42512,-18.78714],[-44.42496,-18.78767],[-44.42682,-18.78893],[-44.42883,-18.78793]]]}},{"id":"23","type":"Feature","properties":{"bairro":"J.K. — sem bairro declarado","distrito":"J.K.","regiao":"J.K.","setores":8,"urbano":8},"geometry":{"type":"Polygon","coordinates":[[[-44.52092,-19.16385],[-44.52196,-19.16318],[-44.52275,-19.16363],[-44.52286,-19.16352],[-44.52402,-19.16471],[-44.52398,-19.16493],[-44.52477,-19.16579],[-44.52533,-19.16583],[-44.52568,-19.16576],[-44.52883,-19.163],[-44.53099,-19.16361],[-44.53359,-19.15466],[-44.53376,-19.15393],[-44.53359,-19.15363],[-44.53546,-19.15328],[-44.54869,-19.1538],[-44.5487,-19.15336],[-44.54968,-19.15253],[-44.54827,-19.14527],[-44.54583,-19.14305],[-44.54722,-19.14022],[-44.54803,-19.14047],[-44.54909,-19.13638],[-44.54443,-19.13498],[-44.54253,-19.13782],[-44.54151,-19.13862],[-44.5399,-19.13683],[-44.53925,-19.13822],[-44.53889,-19.13844],[-44.53899,-19.13874],[-44.53837,-19.13913],[-44.53808,-19.13991],[-44.53756,-19.14024],[-44.53704,-19.14004],[-44.53661,-19.14056],[-44.53524,-19.14085],[-44.5345,-19.14134],[-44.53371,-19.14155],[-44.53413,-19.14317],[-44.53572,-19.14292],[-44.53727,-19.14523],[-44.5351,-19.14841],[-44.53508,-19.14871],[-44.53538,-19.14858],[-44.53503,-19.14907],[-44.53098,-19.15391],[-44.52663,-19.15397],[-44.52605,-19.15459],[-44.52204,-19.15748],[-44.52491,-19.16031],[-44.52071,-19.16378],[-44.52092,-19.16385]]]}},{"id":"24","type":"Feature","properties":{"bairro":"Jardim America","distrito":"Curvelo","regiao":"Curvelo","setores":3,"urbano":3},"geometry":{"type":"Polygon","coordinates":[[[-44.41813,-18.76757],[-44.41903,-18.76718],[-44.41953,-18.76598],[-44.42237,-18.76637],[-44.4231,-18.76561],[-44.42197,-18.76469],[-44.42212,-18.76414],[-44.4225,-18.76407],[-44.42109,-18.76089],[-44.41864,-18.76138],[-44.4183,-18.76034],[-44.41889,-18.76013],[-44.41862,-18.75887],[-44.4181,-18.75847],[-44.41805,-18.75795],[-44.41701,-18.75823],[-44.41649,-18.75804],[-44.41535,-18.75831],[-44.41564,-18.75924],[-44.41543,-18.75962],[-44.41554,-18.75989],[-44.41598,-18.75988],[-44.41663,-18.76145],[-44.41651,-18.76176],[-44.4157,-18.76305],[-44.41542,-18.76324],[-44.41503,-18.76318],[-44.41424,-18.76412],[-44.414,-18.76409],[-44.41355,-18.76355],[-44.41308,-18.76357],[-44.41257,-18.76399],[-44.41232,-18.76495],[-44.41267,-18.76493],[-44.41313,-18.76531],[-44.41332,-18.76484],[-44.4137,-18.76476],[-44.41409,-18.76549],[-44.41464,-18.76595],[-44.41475,-18.76643],[-44.41514,-18.76631],[-44.41541,-18.76546],[-44.41587,-18.76533],[-44.41677,-18.76576],[-44.41712,-18.76631],[-44.41684,-18.76691],[-44.41688,-18.7676],[-44.41813,-18.76757]]]}},{"id":"25","type":"Feature","properties":{"bairro":"Jardim Paraiso","distrito":"Curvelo","regiao":"Curvelo","setores":3,"urbano":3},"geometry":{"type":"Polygon","coordinates":[[[-44.41905,-18.77101],[-44.4198,-18.77111],[-44.41972,-18.77174],[-44.42005,-18.77185],[-44.42001,-18.77235],[-44.421,-18.77278],[-44.42087,-18.77373],[-44.4217,-18.77381],[-44.42341,-18.77327],[-44.42403,-18.77338],[-44.42587,-18.76997],[-44.4266,-18.76813],[-44.42428,-18.7664],[-44.4225,-18.76407],[-44.42212,-18.76414],[-44.42197,-18.76469],[-44.4231,-18.76561],[-44.42237,-18.76637],[-44.41953,-18.76598],[-44.41903,-18.76718],[-44.41818,-18.7676],[-44.41688,-18.7676],[-44.41695,-18.76791],[-44.41787,-18.76819],[-44.41718,-18.76878],[-44.41726,-18.76995],[-44.41746,-18.76998],[-44.41828,-18.76936],[-44.4186,-18.76943],[-44.41871,-18.76963],[-44.41854,-18.76985],[-44.41897,-18.7701],[-44.41905,-18.77101]]]}},{"id":"26","type":"Feature","properties":{"bairro":"Jockey Club","distrito":"Curvelo","regiao":"Curvelo","setores":5,"urbano":5},"geometry":{"type":"Polygon","coordinates":[[[-44.41592,-18.74864],[-44.41793,-18.75326],[-44.41808,-18.75304],[-44.41807,-18.75168],[-44.4184,-18.75079],[-44.42352,-18.7403],[-44.42196,-18.7399],[-44.41974,-18.73809],[-44.41839,-18.7357],[-44.41843,-18.73476],[-44.42086,-18.72784],[-44.42268,-18.72471],[-44.42348,-18.71948],[-44.424,-18.71762],[-44.4244,-18.71316],[-44.41015,-18.73648],[-44.41013,-18.73736],[-44.40959,-18.73769],[-44.40952,-18.73797],[-44.4097,-18.73818],[-44.41046,-18.73789],[-44.41052,-18.73824],[-44.41028,-18.73849],[-44.41066,-18.73879],[-44.41055,-18.73926],[-44.41012,-18.73957],[-44.40963,-18.73935],[-44.40881,-18.74051],[-44.40834,-18.74081],[-44.40643,-18.7429],[-44.40644,-18.74343],[-44.40575,-18.74426],[-44.40571,-18.74449],[-44.41179,-18.74628],[-44.41492,-18.74761],[-44.41592,-18.74864]]]}},{"id":"27","type":"Feature","properties":{"bairro":"Maria Amalia","distrito":"Curvelo","regiao":"Curvelo","setores":7,"urbano":7},"geometry":{"type":"Polygon","coordinates":[[[-44.43829,-18.76108],[-44.43971,-18.76247],[-44.44129,-18.76124],[-44.44193,-18.7602],[-44.44153,-18.7582],[-44.44209,-18.75843],[-44.44233,-18.75997],[-44.44317,-18.75909],[-44.44403,-18.7589],[-44.44561,-18.75909],[-44.44578,-18.75815],[-44.44523,-18.75723],[-44.44429,-18.75671],[-44.44353,-18.75592],[-44.44342,-18.7554],[-44.44356,-18.75464],[-44.44297,-18.75427],[-44.44292,-18.75264],[-44.44324,-18.75164],[-44.44263,-18.75031],[-44.441,-18.74984],[-44.44022,-18.74901],[-44.43986,-18.74928],[-44.43976,-18.7497],[-44.43977,-18.75136],[-44.43563,-18.75913],[-44.43775,-18.76017],[-44.43829,-18.76108]]]}},{"id":"28","type":"Feature","properties":{"bairro":"Moura","distrito":"Curvelo","regiao":"Curvelo","setores":16,"urbano":15},"geometry":{"type":"Polygon","coordinates":[[[-44.46617,-18.80297],[-44.46699,-18.8038],[-44.46515,-18.8009],[-44.46054,-18.78664],[-44.45546,-18.77294],[-44.45288,-18.77395],[-44.45259,-18.77381],[-44.45183,-18.77135],[-44.45054,-18.77017],[-44.44868,-18.76948],[-44.44746,-18.76839],[-44.44708,-18.76736],[-44.44577,-18.76795],[-44.44551,-18.76841],[-44.44468,-18.76841],[-44.44333,-18.77096],[-44.44322,-18.77159],[-44.44342,-18.77268],[-44.4472,-18.77561],[-44.44843,-18.77841],[-44.44453,-18.7793],[-44.44413,-18.77864],[-44.44443,-18.7801],[-44.43609,-18.77449],[-44.43585,-18.77458],[-44.43638,-18.77892],[-44.43712,-18.78052],[-44.43692,-18.7806],[-44.43736,-18.78136],[-44.437,-18.78192],[-44.43895,-18.78322],[-44.43841,-18.78396],[-44.43906,-18.78447],[-44.4387,-18.78487],[-44.4354,-18.78259],[-44.4351,-18.78291],[-44.43423,-18.78228],[-44.43471,-18.78056],[-44.43318,-18.77944],[-44.43383,-18.77839],[-44.43332,-18.77789],[-44.43294,-18.77669],[-44.43164,-18.77577],[-44.4299,-18.77598],[-44.42837,-18.77685],[-44.42685,-18.77709],[-44.42609,-18.77767],[-44.42623,-18.77781],[-44.42665,-18.7776],[-44.42684,-18.77779],[-44.42662,-18.77976],[-44.42627,-18.78035],[-44.42636,-18.78054],[-44.42706,-18.78074],[-44.42744,-18.77985],[-44.42775,-18.77963],[-44.42793,-18.78022],[-44.42846,-18.78086],[-44.42919,-18.7805],[-44.42941,-18.77976],[-44.43042,-18.77994],[-44.43015,-18.77951],[-44.4295,-18.77919],[-44.42951,-18.77899],[-44.42989,-18.77875],[-44.43133,-18.77881],[-44.43184,-18.77913],[-44.43176,-18.77948],[-44.43206,-18.77977],[-44.43176,-18.77997],[-44.43142,-18.78108],[-44.43106,-18.78139],[-44.43102,-18.78187],[-44.4317,-18.78207],[-44.43204,-18.78257],[-44.43301,-18.78323],[-44.43338,-18.78412],[-44.43376,-18.78432],[-44.43393,-18.7853],[-44.43426,-18.78519],[-44.43433,-18.78614],[-44.43455,-18.78631],[-44.43359,-18.78676],[-44.43365,-18.78694],[-44.43396,-18.78684],[-44.43404,-18.7873],[-44.43351,-18.78774],[-44.43382,-18.7884],[-44.43363,-18.78905],[-44.43272,-18.78943],[-44.43277,-18.7896],[-44.43308,-18.78954],[-44.4335,-18.79043],[-44.4255,-18.79329],[-44.42234,-18.79399],[-44.4202,-18.79381],[-44.41924,-18.79353],[-44.41808,-18.79422],[-44.41684,-18.79459],[-44.4153,-18.7947],[-44.41439,-18.79451],[-44.41364,-18.79411],[-44.41305,-18.79309],[-44.41324,-18.79284],[-44.41347,-18.79296],[-44.41349,-18.7933],[-44.41433,-18.79321],[-44.41396,-18.79312],[-44.41396,-18.79265],[-44.41361,-18.79181],[-44.4137,-18.79164],[-44.41402,-18.79183],[-44.41425,-18.79159],[-44.41496,-18.79138],[-44.41515,-18.79032],[-44.41478,-18.79018],[-44.41463,-18.78907],[-44.41429,-18.78902],[-44.41403,-18.78873],[-44.4141,-18.78837],[-44.41356,-18.78848],[-44.41309,-18.7882],[-44.41341,-18.78788],[-44.41323,-18.7876],[-44.41354,-18.78741],[-44.41352,-18.78718],[-44.41334,-18.787],[-44.41276,-18.78718],[-44.41255,-18.78647],[-44.41311,-18.78611],[-44.41342,-18.78561],[-44.41342,-18.78534],[-44.41313,-18.78538],[-44.41307,-18.78442],[-44.41345,-18.78367],[-44.41411,-18.78314],[-44.41436,-18.78231],[-44.41411,-18.78203],[-44.41375,-18.78225],[-44.41289,-18.78232],[-44.41261,-18.78202],[-44.4119,-18.78177],[-44.41201,-18.78146],[-44.41186,-18.78124],[-44.41283,-18.77999],[-44.41257,-18.77984],[-44.41301,-18.77926],[-44.41272,-18.77835],[-44.41313,-18.7781],[-44.41341,-18.77818],[-44.41356,-18.77796],[-44.41294,-18.77681],[-44.4132,-18.77646],[-44.4136,-18.77656],[-44.41435,-18.77621],[-44.41461,-18.77575],[-44.41305,-18.77598],[-44.41219,-18.77579],[-44.41048,-18.77433],[-44.40923,-18.77412],[-44.40951,-18.7732],[-44.41155,-18.774],[-44.415,-18.77479],[-44.4152,-18.77394],[-44.41556,-18.77337],[-44.41584,-18.77338],[-44.41612,-18.77386],[-44.41737,-18.77308],[-44.41765,-18.77305],[-44.41787,-18.77341],[-44.41843,-18.77302],[-44.41873,-18.77302],[-44.42008,-18.77199],[-44.41972,-18.77174],[-44.4198,-18.77111],[-44.41905,-18.77101],[-44.41897,-18.7701],[-44.41854,-18.76985],[-44.41871,-18.76963],[-44.4186,-18.76943],[-44.41828,-18.76936],[-44.41739,-18.77001],[-44.41719,-18.76981],[-44.41718,-18.76878],[-44.41787,-18.76819],[-44.41693,-18.76788],[-44.41684,-18.76691],[-44.41712,-18.76631],[-44.41677,-18.76576],[-44.41563,-18.76528],[-44.41541,-18.76546],[-44.41514,-18.76631],[-44.41475,-18.76643],[-44.41464,-18.76595],[-44.41409,-18.76549],[-44.4137,-18.76476],[-44.41332,-18.76484],[-44.41313,-18.76531],[-44.41267,-18.76493],[-44.41232,-18.76495],[-44.41257,-18.76399],[-44.41308,-18.76357],[-44.41355,-18.76355],[-44.414,-18.76409],[-44.41424,-18.76412],[-44.41503,-18.76318],[-44.41542,-18.76324],[-44.4157,-18.76305],[-44.41651,-18.76176],[-44.41663,-18.76145],[-44.41598,-18.75988],[-44.41554,-18.75989],[-44.41547,-18.75973],[-44.41561,-18.75904],[-44.41525,-18.75838],[-44.41649,-18.75804],[-44.41701,-18.75823],[-44.41745,-18.75787],[-44.41748,-18.75753],[-44.41699,-18.75686],[-44.41608,-18.75662],[-44.41926,-18.75639],[-44.41808,-18.75304],[-44.41793,-18.75326],[-44.41634,-18.74931],[-44.41492,-18.74761],[-44.41179,-18.74628],[-44.39679,-18.74173],[-44.37843,-18.73721],[-44.37839,-18.73705],[-44.37835,-18.73786],[-44.37871,-18.73872],[-44.38033,-18.74096],[-44.38134,-18.74164],[-44.38535,-18.74218],[-44.38623,-18.74264],[-44.38767,-18.74301],[-44.38827,-18.74371],[-44.38831,-18.74417],[-44.38999,-18.747],[-44.39138,-18.7483],[-44.39141,-18.74926],[-44.39092,-18.75123],[-44.38985,-18.75428],[-44.39098,-18.75646],[-44.39168,-18.75982],[-44.39205,-18.76078],[-44.39215,-18.76485],[-44.39154,-18.76851],[-44.39165,-18.77231],[-44.39112,-18.77384],[-44.39108,-18.77474],[-44.38995,-18.77813],[-44.38883,-18.77962],[-44.38681,-18.78073],[-44.38651,-18.78108],[-44.38645,-18.78155],[-44.38726,-18.78272],[-44.38874,-18.78385],[-44.39155,-18.78712],[-44.39197,-18.78892],[-44.39173,-18.79047],[-44.39188,-18.79144],[-44.39055,-18.79698],[-44.38913,-18.80192],[-44.38867,-18.80285],[-44.38834,-18.80323],[-44.38682,-18.80406],[-44.38424,-18.80491],[-44.38173,-18.80604],[-44.37967,-18.80736],[-44.37791,-18.80921],[-44.37715,-18.81038],[-44.37569,-18.81401],[-44.37531,-18.8167],[-44.37548,-18.81819],[-44.37677,-18.82181],[-44.37682,-18.82345],[-44.37473,-18.82956],[-44.37435,-18.83116],[-44.37205,-18.83689],[-44.37191,-18.83938],[-44.37244,-18.84395],[-44.37228,-18.84665],[-44.37241,-18.8533],[-44.3722,-18.8559],[-44.37167,-18.85781],[-44.37185,-18.86209],[-44.37272,-18.87077],[-44.37308,-18.87225],[-44.37481,-18.87656],[-44.37513,-18.87917],[-44.37438,-18.88251],[-44.37371,-18.88334],[-44.37126,-18.88469],[-44.37015,-18.88574],[-44.36954,-18.88718],[-44.36878,-18.89008],[-44.3696,-18.88878],[-44.37179,-18.88663],[-44.37608,-18.8838],[-44.37876,-18.88135],[-44.37969,-18.87991],[-44.3816,-18.8712],[-44.38223,-18.86978],[-44.38899,-18.86236],[-44.39368,-18.84755],[-44.39898,-18.84849],[-44.40601,-18.8488],[-44.4077,-18.84915],[-44.40878,-18.84916],[-44.41036,-18.84986],[-44.41144,-18.84986],[-44.41228,-18.84964],[-44.4135,-18.84884],[-44.4146,-18.84759],[-44.41594,-18.84714],[-44.41871,-18.84773],[-44.4198,-18.84773],[-44.421,-18.84855],[-44.42185,-18.84855],[-44.42281,-18.84811],[-44.42378,-18.84811],[-44.42439,-18.8472],[-44.4244,-18.84639],[-44.42393,-18.84524],[-44.42394,-18.84295],[-44.42443,-18.84204],[-44.42469,-18.83986],[-44.42567,-18.8386],[-44.42604,-18.83723],[-44.42653,-18.83688],[-44.42714,-18.83689],[-44.42726,-18.83597],[-44.42666,-18.83529],[-44.42583,-18.83332],[-44.4262,-18.83229],[-44.42621,-18.83138],[-44.42767,-18.83013],[-44.42803,-18.82921],[-44.42877,-18.8291],[-44.42972,-18.82945],[-44.43046,-18.82912],[-44.43119,-18.82831],[-44.43155,-18.82717],[-44.43302,-18.82603],[-44.43326,-18.82546],[-44.43327,-18.8242],[-44.43303,-18.82351],[-44.43316,-18.82271],[-44.43377,-18.82168],[-44.43427,-18.81985],[-44.43512,-18.81928],[-44.43621,-18.81928],[-44.43693,-18.81963],[-44.43826,-18.81941],[-44.4391,-18.8201],[-44.43995,-18.82034],[-44.44129,-18.81932],[-44.44192,-18.81917],[-44.44099,-18.81784],[-44.44078,-18.81702],[-44.44108,-18.8162],[-44.44197,-18.81522],[-44.44211,-18.81477],[-44.44148,-18.81337],[-44.44139,-18.81259],[-44.44151,-18.81227],[-44.44218,-18.8118],[-44.44375,-18.81199],[-44.44479,-18.81163],[-44.44504,-18.81125],[-44.44495,-18.8101],[-44.44513,-18.80928],[-44.44565,-18.80801],[-44.44651,-18.8078],[-44.44787,-18.80825],[-44.44862,-18.808],[-44.44893,-18.80727],[-44.44962,-18.80729],[-44.45014,-18.80697],[-44.45037,-18.80735],[-44.45071,-18.8075],[-44.45179,-18.80743],[-44.45302,-18.80804],[-44.45363,-18.80786],[-44.45392,-18.80812],[-44.45623,-18.80793],[-44.45699,-18.80849],[-44.46209,-18.8077],[-44.46617,-18.80297]]]}},{"id":"29","type":"Feature","properties":{"bairro":"Palmeiras","distrito":"Curvelo","regiao":"Curvelo","setores":2,"urbano":2},"geometry":{"type":"Polygon","coordinates":[[[-44.43788,-18.76433],[-44.43971,-18.76247],[-44.43829,-18.76108],[-44.43775,-18.76017],[-44.43563,-18.75913],[-44.4348,-18.76064],[-44.43788,-18.76433]]]}},{"id":"30","type":"Feature","properties":{"bairro":"Passaginha","distrito":"Curvelo","regiao":"Curvelo","setores":4,"urbano":4},"geometry":{"type":"MultiPolygon","coordinates":[[[[-44.415,-18.77479],[-44.41155,-18.774],[-44.40951,-18.7732],[-44.40923,-18.77412],[-44.41048,-18.77433],[-44.41219,-18.77579],[-44.41305,-18.77598],[-44.41494,-18.77552],[-44.415,-18.77479]]],[[[-44.41813,-18.75147],[-44.41808,-18.75232],[-44.42123,-18.75493],[-44.42351,-18.75228],[-44.42272,-18.75111],[-44.42255,-18.74982],[-44.42132,-18.74988],[-44.42133,-18.74963],[-44.42043,-18.75097],[-44.42005,-18.75104],[-44.41964,-18.74989],[-44.41948,-18.74996],[-44.41937,-18.74914],[-44.41813,-18.75147]]]]}},{"id":"31","type":"Feature","properties":{"bairro":"Ponte Nova","distrito":"Curvelo","regiao":"Curvelo","setores":7,"urbano":7},"geometry":{"type":"Polygon","coordinates":[[[-44.4202,-18.79381],[-44.42234,-18.79399],[-44.4237,-18.78918],[-44.42442,-18.78937],[-44.42512,-18.78714],[-44.42603,-18.78753],[-44.4267,-18.78713],[-44.42769,-18.786],[-44.43132,-18.78458],[-44.42442,-18.77981],[-44.42609,-18.77767],[-44.42565,-18.77722],[-44.4257,-18.77655],[-44.42521,-18.77663],[-44.42484,-18.77715],[-44.42399,-18.77719],[-44.4239,-18.77602],[-44.4243,-18.77556],[-44.42404,-18.77507],[-44.42431,-18.77466],[-44.42465,-18.77455],[-44.42424,-18.77351],[-44.42435,-18.77336],[-44.42341,-18.77327],[-44.4217,-18.77381],[-44.42087,-18.77373],[-44.42095,-18.7727],[-44.42008,-18.7724],[-44.41997,-18.77218],[-44.41811,-18.77331],[-44.41787,-18.77341],[-44.41765,-18.77305],[-44.41737,-18.77308],[-44.41626,-18.77385],[-44.41593,-18.77377],[-44.41584,-18.77338],[-44.41556,-18.77337],[-44.41504,-18.77448],[-44.41487,-18.77521],[-44.41498,-18.77545],[-44.41462,-18.77565],[-44.41448,-18.77613],[-44.4136,-18.77656],[-44.4132,-18.77646],[-44.41294,-18.77681],[-44.41356,-18.77796],[-44.41341,-18.77818],[-44.41313,-18.7781],[-44.41272,-18.77835],[-44.41301,-18.77926],[-44.41257,-18.77984],[-44.41283,-18.77999],[-44.41215,-18.78104],[-44.41199,-18.78101],[-44.41186,-18.78124],[-44.412,-18.78157],[-44.41185,-18.78168],[-44.41289,-18.78232],[-44.41375,-18.78225],[-44.41411,-18.78203],[-44.41436,-18.78231],[-44.41411,-18.78314],[-44.41345,-18.78367],[-44.41307,-18.78442],[-44.41313,-18.78538],[-44.41342,-18.78534],[-44.41342,-18.78561],[-44.41311,-18.78611],[-44.41255,-18.78647],[-44.41276,-18.78718],[-44.41334,-18.787],[-44.41352,-18.78718],[-44.41354,-18.78741],[-44.41323,-18.7876],[-44.41341,-18.78788],[-44.41309,-18.7882],[-44.41356,-18.78848],[-44.4141,-18.78837],[-44.41403,-18.78873],[-44.41429,-18.78902],[-44.41463,-18.78907],[-44.41478,-18.79018],[-44.41515,-18.79032],[-44.41496,-18.79138],[-44.41425,-18.79159],[-44.41402,-18.79183],[-44.4137,-18.79164],[-44.41361,-18.79181],[-44.41396,-18.79265],[-44.41396,-18.79312],[-44.41433,-18.79321],[-44.41349,-18.7933],[-44.41347,-18.79296],[-44.41324,-18.79284],[-44.41305,-18.79309],[-44.41364,-18.79411],[-44.41439,-18.79451],[-44.4153,-18.7947],[-44.41684,-18.79459],[-44.41808,-18.79422],[-44.41924,-18.79353],[-44.4202,-18.79381]]]}},{"id":"32","type":"Feature","properties":{"bairro":"Ponte Nova II","distrito":"Curvelo","regiao":"Curvelo","setores":1,"urbano":1},"geometry":{"type":"Polygon","coordinates":[[[-44.42234,-18.79399],[-44.4255,-18.79329],[-44.43096,-18.79134],[-44.43064,-18.79057],[-44.43045,-18.79062],[-44.42883,-18.78793],[-44.42682,-18.78893],[-44.42496,-18.78767],[-44.42442,-18.78937],[-44.4237,-18.78918],[-44.42234,-18.79399]]]}},{"id":"33","type":"Feature","properties":{"bairro":"Residencial Lourdes","distrito":"Curvelo","regiao":"Curvelo","setores":2,"urbano":2},"geometry":{"type":"Polygon","coordinates":[[[-44.43423,-18.78228],[-44.4351,-18.78291],[-44.4354,-18.78259],[-44.4387,-18.78487],[-44.43906,-18.78447],[-44.43841,-18.78396],[-44.43895,-18.78322],[-44.437,-18.78192],[-44.43736,-18.78136],[-44.43692,-18.7806],[-44.43712,-18.78052],[-44.43638,-18.77892],[-44.43585,-18.77458],[-44.43164,-18.77577],[-44.43294,-18.77669],[-44.43332,-18.77789],[-44.43383,-18.77839],[-44.43318,-18.77944],[-44.43471,-18.78056],[-44.43423,-18.78228]]]}},{"id":"34","type":"Feature","properties":{"bairro":"Saco Frio","distrito":"Angueretá","regiao":"Angueretá","setores":1,"urbano":0},"geometry":{"type":"Polygon","coordinates":[[[-44.50634,-18.99654],[-44.50586,-18.99753],[-44.50537,-18.99999],[-44.50541,-19.00528],[-44.50442,-19.00867],[-44.5044,-19.00915],[-44.50489,-19.01021],[-44.50801,-19.01153],[-44.51145,-19.01173],[-44.51433,-19.01226],[-44.52021,-19.01226],[-44.52117,-19.0124],[-44.52369,-19.01336],[-44.52648,-19.01368],[-44.52754,-19.01411],[-44.53002,-19.01578],[-44.53101,-19.01709],[-44.53145,-19.01861],[-44.53095,-19.02103],[-44.53067,-19.02402],[-44.5307,-19.02662],[-44.53048,-19.02773],[-44.5294,-19.02985],[-44.52873,-19.03247],[-44.52845,-19.03535],[-44.52855,-19.03809],[-44.52839,-19.03988],[-44.52803,-19.04129],[-44.52622,-19.04428],[-44.52538,-19.04684],[-44.52539,-19.04912],[-44.5259,-19.05179],[-44.52811,-19.05568],[-44.52855,-19.05437],[-44.53138,-19.04842],[-44.53019,-19.04766],[-44.53075,-19.04693],[-44.53015,-19.04645],[-44.53109,-19.0455],[-44.53111,-19.04508],[-44.53158,-19.04456],[-44.53226,-19.04328],[-44.5338,-19.04278],[-44.5341,-19.0432],[-44.53456,-19.04326],[-44.53491,-19.04354],[-44.53515,-19.04414],[-44.53563,-19.04459],[-44.53569,-19.04532],[-44.53649,-19.04566],[-44.53856,-19.04569],[-44.53945,-19.04735],[-44.54204,-19.04745],[-44.54683,-19.04815],[-44.54964,-19.04812],[-44.55023,-19.04847],[-44.55185,-19.04806],[-44.55866,-19.04697],[-44.56028,-19.04628],[-44.56145,-19.04861],[-44.56686,-19.04094],[-44.57023,-19.03817],[-44.5733,-19.03534],[-44.57427,-19.03964],[-44.57545,-19.03992],[-44.58138,-19.0422],[-44.58047,-19.04358],[-44.59459,-19.04352],[-44.59592,-19.04412],[-44.59607,-19.0423],[-44.59643,-19.04179],[-44.59601,-19.04109],[-44.59619,-19.04055],[-44.59727,-19.03964],[-44.59754,-19.03811],[-44.59796,-19.03777],[-44.59835,-19.026],[-44.59823,-19.02138],[-44.59853,-19.01985],[-44.59871,-19.01614],[-44.59811,-19.01308],[-44.59697,-19.01102],[-44.59511,-19.01008],[-44.59517,-19.0094],[-44.59657,-19.00734],[-44.59595,-19.00564],[-44.59439,-19.00382],[-44.59247,-18.99997],[-44.59265,-18.99969],[-44.59241,-18.99898],[-44.59301,-18.99315],[-44.59358,-18.99085],[-44.59346,-18.98709],[-44.59292,-18.98239],[-44.5931,-18.98055],[-44.59289,-18.97913],[-44.59302,-18.97839],[-44.59362,-18.97763],[-44.59478,-18.97709],[-44.59595,-18.97584],[-44.59583,-18.97423],[-44.5926,-18.96794],[-44.59137,-18.96872],[-44.59096,-18.97163],[-44.59049,-18.97118],[-44.59075,-18.97067],[-44.59054,-18.97022],[-44.59023,-18.97033],[-44.59028,-18.96841],[-44.59115,-18.96763],[-44.59177,-18.96763],[-44.59189,-18.96648],[-44.59092,-18.96628],[-44.59009,-18.96563],[-44.58947,-18.96431],[-44.58855,-18.96375],[-44.58817,-18.96281],[-44.58659,-18.96093],[-44.5846,-18.96017],[-44.5837,-18.96105],[-44.58363,-18.96053],[-44.58394,-18.95979],[-44.58292,-18.95901],[-44.58534,-18.95727],[-44.58245,-18.95355],[-44.58853,-18.94935],[-44.58763,-18.94708],[-44.58822,-18.94538],[-44.58969,-18.94323],[-44.59007,-18.94207],[-44.59101,-18.94207],[-44.59189,-18.94178],[-44.59269,-18.94092],[-44.59489,-18.94005],[-44.59518,-18.93976],[-44.59402,-18.93777],[-44.5948,-18.93634],[-44.59366,-18.93508],[-44.59447,-18.93443],[-44.59506,-18.93443],[-44.59548,-18.93412],[-44.59516,-18.93411],[-44.59486,-18.93382],[-44.59477,-18.9333],[-44.59426,-18.9327],[-44.59446,-18.93185],[-44.59417,-18.93127],[-44.59435,-18.93065],[-44.59405,-18.92932],[-44.59033,-18.92804],[-44.58936,-18.92796],[-44.58888,-18.9281],[-44.58835,-18.92832],[-44.58547,-18.93046],[-44.58383,-18.93109],[-44.58122,-18.93174],[-44.57841,-18.93291],[-44.57607,-18.93443],[-44.57418,-18.93606],[-44.57359,-18.9374],[-44.57357,-18.93839],[-44.57491,-18.94404],[-44.5759,-18.94682],[-44.57592,-18.94845],[-44.57559,-18.94986],[-44.57354,-18.95225],[-44.57164,-18.95385],[-44.56533,-18.95718],[-44.559,-18.96253],[-44.55681,-18.96342],[-44.54745,-18.96638],[-44.54679,-18.96636],[-44.54434,-18.96535],[-44.54252,-18.96499],[-44.53171,-18.96483],[-44.52667,-18.96435],[-44.52558,-18.96401],[-44.52454,-18.96395],[-44.52284,-18.96417],[-44.52176,-18.96457],[-44.52053,-18.96541],[-44.519,-18.96703],[-44.51803,-18.9693],[-44.51547,-18.97247],[-44.51386,-18.9741],[-44.51337,-18.97555],[-44.51333,-18.97652],[-44.51439,-18.98167],[-44.51563,-18.98398],[-44.51616,-18.98662],[-44.51623,-18.98872],[-44.51541,-18.99204],[-44.51386,-18.99465],[-44.51261,-18.99554],[-44.51119,-18.99592],[-44.50857,-18.99557],[-44.50703,-18.996],[-44.50634,-18.99654]]]}},{"id":"35","type":"Feature","properties":{"bairro":"Santa Cruz","distrito":"Curvelo","regiao":"Curvelo","setores":3,"urbano":3},"geometry":{"type":"Polygon","coordinates":[[[-44.42493,-18.74155],[-44.42418,-18.74488],[-44.42635,-18.74501],[-44.42736,-18.74466],[-44.42847,-18.74393],[-44.43013,-18.74396],[-44.43101,-18.74373],[-44.43178,-18.74405],[-44.43278,-18.74287],[-44.43317,-18.74205],[-44.43228,-18.73989],[-44.42887,-18.74068],[-44.42892,-18.74091],[-44.42834,-18.74095],[-44.42837,-18.74133],[-44.42617,-18.74124],[-44.42493,-18.74155]]]}},{"id":"36","type":"Feature","properties":{"bairro":"Santa Filomena","distrito":"Curvelo","regiao":"Curvelo","setores":3,"urbano":3},"geometry":{"type":"Polygon","coordinates":[[[-44.42615,-18.77766],[-44.42685,-18.77709],[-44.42837,-18.77685],[-44.4299,-18.77598],[-44.4319,-18.77576],[-44.43609,-18.77449],[-44.43056,-18.7708],[-44.42976,-18.77066],[-44.42919,-18.76985],[-44.4266,-18.76813],[-44.42587,-18.76997],[-44.42403,-18.77338],[-44.42435,-18.77336],[-44.42424,-18.77351],[-44.42465,-18.77455],[-44.42408,-18.77494],[-44.42429,-18.77566],[-44.4239,-18.77602],[-44.42399,-18.77719],[-44.42484,-18.77715],[-44.42521,-18.77663],[-44.4257,-18.77655],[-44.42565,-18.77722],[-44.42615,-18.77766]]]}},{"id":"37","type":"Feature","properties":{"bairro":"Santa Maria","distrito":"Curvelo","regiao":"Curvelo","setores":2,"urbano":2},"geometry":{"type":"Polygon","coordinates":[[[-44.43824,-18.74892],[-44.43823,-18.74797],[-44.43781,-18.74792],[-44.43831,-18.74714],[-44.43797,-18.74695],[-44.4379,-18.74585],[-44.4381,-18.7453],[-44.43691,-18.74545],[-44.43677,-18.74289],[-44.43508,-18.74295],[-44.43485,-18.74244],[-44.43302,-18.74106],[-44.4327,-18.74034],[-44.43272,-18.73977],[-44.43228,-18.73989],[-44.43317,-18.74205],[-44.43278,-18.74287],[-44.43178,-18.74405],[-44.43236,-18.74463],[-44.43299,-18.74482],[-44.43368,-18.74657],[-44.43479,-18.74745],[-44.43493,-18.7483],[-44.43432,-18.74883],[-44.43404,-18.74976],[-44.43473,-18.75024],[-44.43624,-18.75045],[-44.43761,-18.74985],[-44.43824,-18.74892]]]}},{"id":"38","type":"Feature","properties":{"bairro":"Santa Rita","distrito":"Curvelo","regiao":"Curvelo","setores":11,"urbano":11},"geometry":{"type":"Polygon","coordinates":[[[-44.44945,-18.75262],[-44.45093,-18.74839],[-44.46556,-18.75348],[-44.46624,-18.75179],[-44.46911,-18.75269],[-44.47121,-18.74683],[-44.47079,-18.74378],[-44.47119,-18.74348],[-44.46954,-18.74291],[-44.46829,-18.7432],[-44.46796,-18.74253],[-44.46633,-18.74155],[-44.46544,-18.74035],[-44.46533,-18.73986],[-44.46342,-18.73803],[-44.46316,-18.73678],[-44.46328,-18.73594],[-44.46312,-18.73496],[-44.46268,-18.73404],[-44.4623,-18.73388],[-44.46208,-18.73344],[-44.46214,-18.73274],[-44.46127,-18.73192],[-44.45991,-18.73236],[-44.45904,-18.73236],[-44.45858,-18.73184],[-44.45756,-18.73224],[-44.45658,-18.73305],[-44.45606,-18.73313],[-44.45525,-18.7338],[-44.4546,-18.7351],[-44.45348,-18.73524],[-44.45248,-18.73633],[-44.45133,-18.73666],[-44.44976,-18.73578],[-44.44834,-18.73597],[-44.4482,-18.73639],[-44.44791,-18.73652],[-44.44746,-18.73629],[-44.44726,-18.73718],[-44.44595,-18.73816],[-44.44585,-18.73862],[-44.44508,-18.73893],[-44.44508,-18.73871],[-44.4447,-18.7388],[-44.44442,-18.73936],[-44.44397,-18.73937],[-44.44381,-18.73904],[-44.44277,-18.73915],[-44.44247,-18.73993],[-44.44276,-18.74012],[-44.44274,-18.74038],[-44.44206,-18.74043],[-44.44181,-18.74068],[-44.44188,-18.74106],[-44.44153,-18.74178],[-44.44061,-18.74204],[-44.4406,-18.74282],[-44.43995,-18.74354],[-44.43995,-18.7442],[-44.43957,-18.74465],[-44.43813,-18.7452],[-44.4379,-18.74585],[-44.43797,-18.74695],[-44.43831,-18.74714],[-44.43781,-18.74792],[-44.43819,-18.74788],[-44.43834,-18.74875],[-44.43857,-18.74851],[-44.43925,-18.7485],[-44.44015,-18.74892],[-44.441,-18.74984],[-44.44263,-18.75031],[-44.44324,-18.75164],[-44.44292,-18.75264],[-44.44308,-18.75441],[-44.44351,-18.75452],[-44.44945,-18.75262]]]}},{"id":"39","type":"Feature","properties":{"bairro":"Santa Rita do Cedro — sem bairro declarado","distrito":"Santa Rita do Cedro","regiao":"Santa Rita do Cedro","setores":1,"urbano":1},"geometry":{"type":"Polygon","coordinates":[[[-44.15218,-18.80381],[-44.15253,-18.80427],[-44.15273,-18.80523],[-44.15232,-18.80625],[-44.15159,-18.80751],[-44.15027,-18.80831],[-44.15538,-18.81592],[-44.15759,-18.81576],[-44.15838,-18.81491],[-44.15876,-18.81338],[-44.15955,-18.81271],[-44.1592,-18.81253],[-44.15862,-18.81141],[-44.15624,-18.80998],[-44.15608,-18.80972],[-44.15621,-18.80938],[-44.15579,-18.80916],[-44.1558,-18.80842],[-44.15536,-18.80747],[-44.15558,-18.80695],[-44.15503,-18.80682],[-44.15503,-18.80644],[-44.15469,-18.80603],[-44.15466,-18.80579],[-44.15508,-18.80543],[-44.15494,-18.80517],[-44.15452,-18.80523],[-44.1545,-18.80465],[-44.15413,-18.80443],[-44.15361,-18.80445],[-44.15378,-18.80413],[-44.15351,-18.80408],[-44.15356,-18.80331],[-44.15322,-18.80327],[-44.15297,-18.80359],[-44.15218,-18.80381]]]}},{"id":"40","type":"Feature","properties":{"bairro":"Sao Pedro","distrito":"Curvelo","regiao":"Curvelo","setores":4,"urbano":4},"geometry":{"type":"Polygon","coordinates":[[[-44.44453,-18.7793],[-44.44843,-18.77841],[-44.4472,-18.77561],[-44.44342,-18.77268],[-44.44327,-18.77114],[-44.44414,-18.76958],[-44.44388,-18.76976],[-44.44129,-18.76981],[-44.44131,-18.77076],[-44.43999,-18.77098],[-44.44064,-18.77213],[-44.44037,-18.77227],[-44.4401,-18.77188],[-44.43995,-18.77208],[-44.44072,-18.77363],[-44.44224,-18.77624],[-44.44238,-18.77605],[-44.44256,-18.77621],[-44.44387,-18.77849],[-44.44453,-18.7793]]]}},{"id":"41","type":"Feature","properties":{"bairro":"Tibira","distrito":"Curvelo","regiao":"Curvelo","setores":10,"urbano":10},"geometry":{"type":"MultiPolygon","coordinates":[[[[-44.42339,-18.7654],[-44.42523,-18.76717],[-44.42919,-18.76985],[-44.42976,-18.77066],[-44.43091,-18.77101],[-44.43025,-18.7703],[-44.42997,-18.76953],[-44.42947,-18.76137],[-44.42736,-18.76119],[-44.42672,-18.76069],[-44.42696,-18.76033],[-44.42699,-18.75898],[-44.42758,-18.75849],[-44.42742,-18.7571],[-44.42596,-18.75721],[-44.42461,-18.75906],[-44.41841,-18.75419],[-44.42192,-18.76291],[-44.42339,-18.7654]]],[[[-44.42012,-18.75862],[-44.41951,-18.75883],[-44.41972,-18.75933],[-44.42032,-18.75912],[-44.42012,-18.75862]]]]}},{"id":"42","type":"Feature","properties":{"bairro":"Tomas Gonzaga","distrito":"Tomás Gonzaga","regiao":"Tomás Gonzaga","setores":1,"urbano":1},"geometry":{"type":"Polygon","coordinates":[[[-44.31693,-18.43852],[-44.31903,-18.4408],[-44.31908,-18.44135],[-44.3195,-18.44169],[-44.31994,-18.44266],[-44.32028,-18.44266],[-44.32043,-18.44299],[-44.32083,-18.44298],[-44.32088,-18.44329],[-44.32131,-18.44342],[-44.32171,-18.44395],[-44.32241,-18.44421],[-44.3224,-18.44497],[-44.32327,-18.44577],[-44.32374,-18.44595],[-44.32414,-18.44703],[-44.32472,-18.44754],[-44.33094,-18.44098],[-44.33003,-18.4403],[-44.32912,-18.44028],[-44.32808,-18.43969],[-44.32778,-18.43978],[-44.3271,-18.43951],[-44.32712,-18.43905],[-44.32687,-18.43885],[-44.32655,-18.43794],[-44.32564,-18.43732],[-44.32537,-18.43682],[-44.32464,-18.43678],[-44.32446,-18.43641],[-44.32462,-18.43623],[-44.32423,-18.43589],[-44.32426,-18.43551],[-44.32385,-18.4353],[-44.32307,-18.43573],[-44.32303,-18.43603],[-44.32276,-18.43603],[-44.32246,-18.43571],[-44.32116,-18.43626],[-44.32069,-18.43598],[-44.32019,-18.43601],[-44.31973,-18.43553],[-44.31896,-18.43603],[-44.31896,-18.43548],[-44.31835,-18.43544],[-44.3171,-18.43596],[-44.31666,-18.43521],[-44.31598,-18.43564],[-44.31569,-18.43539],[-44.31516,-18.43555],[-44.31487,-18.43512],[-44.31464,-18.43537],[-44.3145,-18.43526],[-44.31462,-18.43505],[-44.31445,-18.43501],[-44.31437,-18.43514],[-44.31301,-18.43497],[-44.31317,-18.43541],[-44.31304,-18.43588],[-44.31331,-18.43652],[-44.31625,-18.43845],[-44.31652,-18.43826],[-44.31693,-18.43852]]]}},{"id":"43","type":"Feature","properties":{"bairro":"Vila Nova","distrito":"Curvelo","regiao":"Curvelo","setores":4,"urbano":4},"geometry":{"type":"MultiPolygon","coordinates":[[[[-44.42269,-18.75756],[-44.42505,-18.7554],[-44.42353,-18.75396],[-44.42408,-18.75311],[-44.42351,-18.75228],[-44.42123,-18.75493],[-44.41803,-18.75231],[-44.41841,-18.75419],[-44.42269,-18.75756]]],[[[-44.41924,-18.74914],[-44.42005,-18.75104],[-44.42043,-18.75097],[-44.42133,-18.74963],[-44.42132,-18.74988],[-44.42255,-18.74982],[-44.42253,-18.74878],[-44.42229,-18.74878],[-44.42205,-18.74758],[-44.42016,-18.74749],[-44.41984,-18.74781],[-44.41924,-18.74914]]]]}},{"id":"44","type":"Feature","properties":{"bairro":"Vila Sao Jose","distrito":"Curvelo","regiao":"Curvelo","setores":1,"urbano":1},"geometry":{"type":"Polygon","coordinates":[[[-44.41608,-18.75662],[-44.4172,-18.757],[-44.41748,-18.75753],[-44.41733,-18.75802],[-44.41805,-18.75795],[-44.4181,-18.75847],[-44.41862,-18.75887],[-44.41889,-18.76013],[-44.4183,-18.76034],[-44.41864,-18.76138],[-44.42109,-18.76089],[-44.41926,-18.75639],[-44.41608,-18.75662]],[[-44.41951,-18.75883],[-44.42012,-18.75862],[-44.42032,-18.75912],[-44.41972,-18.75933],[-44.41951,-18.75883]]]}},{"id":"45","type":"Feature","properties":{"bairro":"Vila de Lourdes","distrito":"Curvelo","regiao":"Curvelo","setores":6,"urbano":6},"geometry":{"type":"Polygon","coordinates":[[[-44.43123,-18.77123],[-44.44108,-18.77785],[-44.44224,-18.77624],[-44.43946,-18.77119],[-44.439,-18.7707],[-44.43791,-18.77002],[-44.43786,-18.76791],[-44.4363,-18.76791],[-44.43637,-18.76963],[-44.43364,-18.76912],[-44.43238,-18.76872],[-44.43174,-18.76829],[-44.43106,-18.76946],[-44.43193,-18.76982],[-44.43123,-18.77123]]]}},{"id":"46","type":"Feature","properties":{"bairro":"Zona rural — Angueretá","distrito":"Angueretá","regiao":"Angueretá","setores":5,"urbano":0},"geometry":{"type":"MultiPolygon","coordinates":[[[[-44.5825,-19.15903],[-44.58215,-19.16345],[-44.58242,-19.16607],[-44.58169,-19.17063],[-44.58139,-19.1754],[-44.5815,-19.18039],[-44.58136,-19.18182],[-44.58076,-19.18322],[-44.57911,-19.18341],[-44.57673,-19.18199],[-44.57569,-19.1817],[-44.57414,-19.18163],[-44.57245,-19.18207],[-44.57015,-19.18328],[-44.56809,-19.18404],[-44.56371,-19.18437],[-44.55637,-19.18587],[-44.5571,-19.18607],[-44.55846,-19.18745],[-44.5589,-19.18874],[-44.55842,-19.18881],[-44.55825,-19.18922],[-44.55978,-19.18952],[-44.56009,-19.18986],[-44.55983,-19.1917],[-44.56022,-19.19207],[-44.56073,-19.19202],[-44.56117,-19.19225],[-44.56182,-19.19292],[-44.56207,-19.19381],[-44.56253,-19.194],[-44.56396,-19.19526],[-44.5642,-19.19615],[-44.56452,-19.19648],[-44.565,-19.19645],[-44.56561,-19.19581],[-44.5667,-19.19668],[-44.56714,-19.19748],[-44.56811,-19.19792],[-44.5692,-19.19888],[-44.56853,-19.19953],[-44.5685,-19.20001],[-44.56899,-19.20019],[-44.56906,-19.20065],[-44.5695,-19.20095],[-44.56969,-19.20148],[-44.5703,-19.20219],[-44.57071,-19.20194],[-44.57207,-19.20253],[-44.5735,-19.20267],[-44.57442,-19.2025],[-44.57469,-19.20298],[-44.57515,-19.20303],[-44.57547,-19.20395],[-44.57634,-19.20431],[-44.57769,-19.20376],[-44.58177,-19.20513],[-44.5824,-19.20589],[-44.58284,-19.20609],[-44.58362,-19.20733],[-44.584,-19.20763],[-44.58442,-19.20786],[-44.58597,-19.20797],[-44.58636,-19.2088],[-44.58684,-19.20905],[-44.58793,-19.20877],[-44.58834,-19.20904],[-44.58968,-19.21157],[-44.59005,-19.21192],[-44.5909,-19.21148],[-44.59138,-19.2115],[-44.59225,-19.21216],[-44.59315,-19.21191],[-44.59397,-19.21239],[-44.59443,-19.21225],[-44.59485,-19.21246],[-44.59545,-19.21317],[-44.59684,-19.21346],[-44.59686,-19.21392],[-44.59619,-19.21455],[-44.59602,-19.21496],[-44.59604,-19.2154],[-44.59643,-19.21581],[-44.59704,-19.21604],[-44.59796,-19.21569],[-44.59886,-19.21624],[-44.59936,-19.2161],[-44.59978,-19.21631],[-44.60036,-19.21704],[-44.60128,-19.21683],[-44.60172,-19.21704],[-44.60245,-19.21768],[-44.60245,-19.21814],[-44.60286,-19.21853],[-44.60378,-19.21823],[-44.60492,-19.2197],[-44.60575,-19.22018],[-44.60599,-19.22057],[-44.60648,-19.22064],[-44.60703,-19.21985],[-44.60802,-19.21987],[-44.60856,-19.21976],[-44.60887,-19.21943],[-44.60933,-19.21941],[-44.60974,-19.21858],[-44.61068,-19.21851],[-44.61124,-19.21825],[-44.61265,-19.21887],[-44.61367,-19.21891],[-44.61396,-19.21926],[-44.61396,-19.21976],[-44.61474,-19.22068],[-44.61488,-19.22114],[-44.61532,-19.2213],[-44.61576,-19.22112],[-44.61638,-19.2204],[-44.61687,-19.2204],[-44.61711,-19.22079],[-44.61685,-19.22215],[-44.61704,-19.22256],[-44.61944,-19.22329],[-44.61855,-19.22371],[-44.61938,-19.22423],[-44.61986,-19.22502],[-44.62044,-19.22508],[-44.62117,-19.22393],[-44.62182,-19.22457],[-44.6233,-19.22514],[-44.6235,-19.22556],[-44.62292,-19.22733],[-44.6236,-19.22855],[-44.62407,-19.2288],[-44.62489,-19.22831],[-44.62576,-19.22857],[-44.62673,-19.22854],[-44.6276,-19.22888],[-44.62862,-19.22985],[-44.62962,-19.2297],[-44.63073,-19.23044],[-44.63127,-19.23034],[-44.63226,-19.23055],[-44.63269,-19.22965],[-44.63369,-19.22935],[-44.634,-19.22898],[-44.63419,-19.22939],[-44.6341,-19.23029],[-44.63319,-19.23197],[-44.63362,-19.23215],[-44.63408,-19.23208],[-44.63524,-19.23114],[-44.63534,-19.23024],[-44.63616,-19.22906],[-44.63705,-19.22954],[-44.63749,-19.22938],[-44.63737,-19.22888],[-44.63751,-19.22841],[-44.63797,-19.22828],[-44.63931,-19.22956],[-44.63977,-19.22972],[-44.6402,-19.22884],[-44.64059,-19.22852],[-44.64243,-19.22789],[-44.64346,-19.22699],[-44.64455,-19.22699],[-44.6455,-19.22722],[-44.64734,-19.22647],[-44.64841,-19.22744],[-44.64887,-19.22755],[-44.64991,-19.2267],[-44.6509,-19.22642],[-44.65172,-19.22673],[-44.65216,-19.2254],[-44.6531,-19.22443],[-44.65384,-19.22319],[-44.65503,-19.2221],[-44.66144,-19.21902],[-44.66315,-19.21777],[-44.66417,-19.2174],[-44.66768,-19.21748],[-44.66945,-19.21791],[-44.67091,-19.21858],[-44.67716,-19.22046],[-44.68095,-19.22227],[-44.68299,-19.22268],[-44.68514,-19.2226],[-44.68645,-19.22225],[-44.6901,-19.22067],[-44.69153,-19.22032],[-44.69547,-19.21808],[-44.69682,-19.21614],[-44.69802,-19.21384],[-44.69826,-19.21241],[-44.69803,-19.21082],[-44.69779,-19.2099],[-44.69647,-19.20779],[-44.69492,-19.20644],[-44.6921,-19.20516],[-44.69081,-19.20325],[-44.69032,-19.20102],[-44.69009,-19.19824],[-44.69003,-19.19614],[-44.69039,-19.1946],[-44.69026,-19.19202],[-44.68955,-19.18959],[-44.68925,-19.18669],[-44.68883,-19.18572],[-44.68798,-19.18462],[-44.68579,-19.18274],[-44.68531,-19.1821],[-44.68384,-19.17877],[-44.68153,-19.17682],[-44.68015,-19.17646],[-44.67792,-19.17656],[-44.67569,-19.17629],[-44.67259,-19.17533],[-44.67162,-19.17485],[-44.67087,-19.17421],[-44.67004,-19.17299],[-44.67001,-19.17242],[-44.67013,-19.17145],[-44.67075,-19.16951],[-44.67075,-19.16758],[-44.67108,-19.16601],[-44.6719,-19.16491],[-44.67376,-19.16412],[-44.67667,-19.16347],[-44.68019,-19.16175],[-44.68276,-19.16071],[-44.6837,-19.16052],[-44.68433,-19.16047],[-44.68574,-19.16081],[-44.68649,-19.16136],[-44.6871,-19.1621],[-44.68873,-19.16506],[-44.69061,-19.16754],[-44.69153,-19.16938],[-44.69197,-19.16979],[-44.6933,-19.17052],[-44.69493,-19.17187],[-44.6992,-19.17329],[-44.70034,-19.17349],[-44.70271,-19.17302],[-44.70363,-19.17263],[-44.70486,-19.17113],[-44.70683,-19.16691],[-44.70684,-19.16412],[-44.70623,-19.16141],[-44.70471,-19.15785],[-44.70366,-19.15617],[-44.70252,-19.15512],[-44.70031,-19.15409],[-44.69658,-19.15341],[-44.69132,-19.15122],[-44.68897,-19.15125],[-44.68682,-19.15197],[-44.68478,-19.15191],[-44.68435,-19.1517],[-44.6832,-19.15037],[-44.68274,-19.14819],[-44.68227,-19.14732],[-44.68166,-19.14656],[-44.6806,-19.14569],[-44.67872,-19.14256],[-44.67816,-19.14121],[-44.67786,-19.13918],[-44.67727,-19.13695],[-44.67732,-19.13596],[-44.67763,-19.13495],[-44.67794,-19.13463],[-44.6785,-19.13444],[-44.67961,-19.13467],[-44.68339,-19.13601],[-44.68378,-19.13633],[-44.68478,-19.13822],[-44.68529,-19.13849],[-44.68691,-19.13835],[-44.69027,-19.13721],[-44.69129,-19.13658],[-44.6925,-19.13538],[-44.69834,-19.13081],[-44.70056,-19.12951],[-44.70261,-19.12799],[-44.70365,-19.12653],[-44.70389,-19.12552],[-44.70388,-19.12451],[-44.70431,-19.12289],[-44.70416,-19.12066],[-44.70464,-19.11923],[-44.70485,-19.11875],[-44.70705,-19.11642],[-44.70794,-19.1152],[-44.70892,-19.11227],[-44.70966,-19.111],[-44.70974,-19.11054],[-44.7091,-19.10916],[-44.70689,-19.10712],[-44.70517,-19.10612],[-44.70415,-19.10518],[-44.70119,-19.10323],[-44.69939,-19.10139],[-44.69946,-19.09997],[-44.70092,-19.09591],[-44.70103,-19.09444],[-44.70081,-19.0935],[-44.69981,-19.09118],[-44.69918,-19.09044],[-44.69621,-19.0855],[-44.69523,-19.08323],[-44.69467,-19.08238],[-44.69387,-19.08153],[-44.69018,-19.07931],[-44.68916,-19.07899],[-44.6871,-19.07778],[-44.68562,-19.07679],[-44.6839,-19.0753],[-44.68256,-19.07455],[-44.67943,-19.07102],[-44.67891,-19.06959],[-44.67881,-19.06869],[-44.68024,-19.06167],[-44.68163,-19.05909],[-44.68325,-19.05731],[-44.686,-19.05551],[-44.68825,-19.05439],[-44.69093,-19.05213],[-44.6929,-19.04872],[-44.69405,-19.04694],[-44.69499,-19.04588],[-44.69596,-19.04583],[-44.69744,-19.04636],[-44.70154,-19.04949],[-44.70292,-19.05002],[-44.70464,-19.05008],[-44.70655,-19.04987],[-44.70795,-19.04922],[-44.70921,-19.04816],[-44.70995,-19.04645],[-44.70965,-19.04507],[-44.70895,-19.04429],[-44.70805,-19.04367],[-44.70708,-19.0425],[-44.70681,-19.04142],[-44.70678,-19.0396],[-44.7059,-19.03777],[-44.70386,-19.03655],[-44.6991,-19.03687],[-44.69605,-19.03656],[-44.69539,-19.03849],[-44.69534,-19.03943],[-44.69465,-19.04024],[-44.6944,-19.0418],[-44.69335,-19.04207],[-44.69173,-19.04156],[-44.69106,-19.04086],[-44.68891,-19.04004],[-44.68843,-19.0393],[-44.68827,-19.03813],[-44.6873,-19.03783],[-44.68713,-19.03669],[-44.68639,-19.0355],[-44.68559,-19.03507],[-44.68515,-19.03429],[-44.68475,-19.03282],[-44.6848,-19.03214],[-44.68291,-19.03106],[-44.68208,-19.03125],[-44.68189,-19.03157],[-44.68198,-19.03318],[-44.68184,-19.03348],[-44.68135,-19.03371],[-44.68074,-19.03343],[-44.68023,-19.03344],[-44.6799,-19.03372],[-44.67969,-19.03479],[-44.67833,-19.03477],[-44.67786,-19.03509],[-44.67747,-19.03606],[-44.67685,-19.03626],[-44.67609,-19.03616],[-44.67497,-19.03567],[-44.67451,-19.03429],[-44.67334,-19.03357],[-44.6727,-19.03354],[-44.67104,-19.03237],[-44.67038,-19.0327],[-44.66934,-19.03386],[-44.66794,-19.03438],[-44.66767,-19.03426],[-44.66761,-19.03397],[-44.66784,-19.03345],[-44.66771,-19.03314],[-44.66729,-19.03299],[-44.6638,-19.0335],[-44.66375,-19.0332],[-44.66428,-19.03204],[-44.66381,-19.03151],[-44.66331,-19.03168],[-44.66173,-19.03312],[-44.66178,-19.03371],[-44.6612,-19.03464],[-44.66058,-19.03468],[-44.65996,-19.0343],[-44.65935,-19.03355],[-44.65879,-19.03174],[-44.65839,-19.03102],[-44.65621,-19.03026],[-44.65495,-19.02997],[-44.65452,-19.03034],[-44.65362,-19.03031],[-44.65303,-19.03051],[-44.65255,-19.03107],[-44.65269,-19.03167],[-44.65247,-19.03198],[-44.65124,-19.03205],[-44.65283,-19.02955],[-44.6524,-19.02936],[-44.6524,-19.02886],[-44.65353,-19.02808],[-44.65346,-19.0268],[-44.65234,-19.02523],[-44.65158,-19.02637],[-44.65106,-19.02616],[-44.65062,-19.02501],[-44.64934,-19.02558],[-44.64788,-19.02536],[-44.64654,-19.02458],[-44.64594,-19.02529],[-44.64564,-19.02515],[-44.64541,-19.02614],[-44.64553,-19.02676],[-44.64313,-19.02799],[-44.64179,-19.03079],[-44.64001,-19.03254],[-44.63561,-19.03585],[-44.63561,-19.03695],[-44.63446,-19.03744],[-44.63409,-19.0388],[-44.63316,-19.03971],[-44.63161,-19.03993],[-44.6302,-19.04045],[-44.62898,-19.04003],[-44.62346,-19.04753],[-44.62152,-19.05061],[-44.61884,-19.04965],[-44.61394,-19.04911],[-44.60698,-19.04877],[-44.6032,-19.04823],[-44.59948,-19.04566],[-44.59853,-19.04473],[-44.59698,-19.04412],[-44.59592,-19.04412],[-44.59459,-19.04352],[-44.58047,-19.04358],[-44.58138,-19.0422],[-44.57545,-19.03992],[-44.57427,-19.03964],[-44.5733,-19.03534],[-44.57023,-19.03817],[-44.56686,-19.04094],[-44.56145,-19.04861],[-44.56028,-19.04628],[-44.55866,-19.04697],[-44.55185,-19.04806],[-44.55023,-19.04847],[-44.54964,-19.04812],[-44.54683,-19.04815],[-44.54204,-19.04745],[-44.53945,-19.04735],[-44.53856,-19.04569],[-44.53649,-19.04566],[-44.53569,-19.04532],[-44.53563,-19.04459],[-44.53515,-19.04414],[-44.53491,-19.04354],[-44.53456,-19.04326],[-44.5341,-19.0432],[-44.5338,-19.04278],[-44.53226,-19.04328],[-44.53158,-19.04456],[-44.53111,-19.04508],[-44.53109,-19.0455],[-44.53015,-19.04645],[-44.53075,-19.04693],[-44.53019,-19.04766],[-44.53138,-19.04842],[-44.52855,-19.05437],[-44.52811,-19.05568],[-44.52934,-19.05868],[-44.53163,-19.06551],[-44.53224,-19.06677],[-44.53249,-19.06877],[-44.53387,-19.07167],[-44.53425,-19.07531],[-44.53837,-19.07911],[-44.54262,-19.08249],[-44.5448,-19.08603],[-44.54613,-19.09145],[-44.54681,-19.09306],[-44.54751,-19.09391],[-44.55043,-19.09634],[-44.55402,-19.10018],[-44.55468,-19.10151],[-44.55738,-19.10569],[-44.55758,-19.1088],[-44.5573,-19.11177],[-44.55769,-19.11315],[-44.55951,-19.11528],[-44.56589,-19.12023],[-44.56915,-19.12545],[-44.57034,-19.12703],[-44.57117,-19.12896],[-44.57147,-19.13138],[-44.57158,-19.13513],[-44.57182,-19.1361],[-44.5728,-19.13821],[-44.57389,-19.13917],[-44.57532,-19.13995],[-44.57617,-19.14064],[-44.58019,-19.14118],[-44.58177,-19.14189],[-44.5833,-19.14301],[-44.58534,-19.14572],[-44.58575,-19.14646],[-44.58578,-19.14738],[-44.58518,-19.14911],[-44.58395,-19.15139],[-44.58304,-19.15512],[-44.5825,-19.15903]],[[-44.65453,-19.15004],[-44.65445,-19.1512],[-44.65382,-19.15128],[-44.65246,-19.1526],[-44.65198,-19.15268],[-44.65159,-19.15207],[-44.64996,-19.15278],[-44.64967,-19.15243],[-44.65119,-19.15137],[-44.65074,-19.15056],[-44.65039,-19.15073],[-44.65008,-19.15058],[-44.6501,-19.15023],[-44.64937,-19.15006],[-44.64721,-19.14871],[-44.6437,-19.14784],[-44.64346,-19.14861],[-44.64359,-19.15062],[-44.64052,-19.15091],[-44.63774,-19.14705],[-44.63895,-19.14468],[-44.64193,-19.14418],[-44.642,-19.14439],[-44.64322,-19.14391],[-44.64556,-19.14464],[-44.64657,-19.14473],[-44.64667,-19.14413],[-44.65164,-19.14421],[-44.65377,-19.144],[-44.65413,-19.14464],[-44.65694,-19.13954],[-44.66138,-19.14115],[-44.66069,-19.14138],[-44.65979,-19.14256],[-44.65814,-19.14386],[-44.65715,-19.14498],[-44.65539,-19.14785],[-44.65453,-19.15004]]],[[[-44.68369,-18.92282],[-44.68632,-18.95035],[-44.68562,-18.95353],[-44.68423,-18.95712],[-44.68242,-18.95935],[-44.68128,-18.96015],[-44.67959,-18.9618],[-44.66313,-18.9859],[-44.66216,-18.98864],[-44.66146,-18.99708],[-44.67595,-18.99732],[-44.68846,-18.99513],[-44.69667,-18.99421],[-44.70581,-18.9959],[-44.71249,-19.00026],[-44.72503,-19.00395],[-44.72788,-19.00637],[-44.7386,-19.00387],[-44.73918,-19.00301],[-44.73753,-19.00249],[-44.73617,-19.00116],[-44.73675,-18.99865],[-44.73756,-18.99689],[-44.74281,-18.99042],[-44.74421,-18.98955],[-44.74519,-18.98922],[-44.74839,-18.98714],[-44.75123,-18.9858],[-44.75311,-18.98525],[-44.75541,-18.98505],[-44.75926,-18.98554],[-44.76243,-18.98539],[-44.76434,-18.98519],[-44.76668,-18.98464],[-44.76868,-18.98391],[-44.771,-18.98354],[-44.77197,-18.98357],[-44.77381,-18.98418],[-44.77474,-18.98472],[-44.77601,-18.98584],[-44.77643,-18.98671],[-44.77645,-18.98811],[-44.77583,-18.98957],[-44.775,-18.99086],[-44.77316,-18.99268],[-44.77254,-18.99377],[-44.77265,-18.99522],[-44.77303,-18.99618],[-44.77621,-18.9996],[-44.77822,-19.00064],[-44.77921,-19.00091],[-44.78722,-19.00106],[-44.78881,-19.00126],[-44.79524,-19.00381],[-44.7962,-19.00363],[-44.79695,-19.00296],[-44.79729,-19.00213],[-44.79781,-18.99916],[-44.79721,-18.99737],[-44.79633,-18.99604],[-44.7956,-18.99549],[-44.79089,-18.99416],[-44.79013,-18.99336],[-44.78901,-18.99116],[-44.78742,-18.98906],[-44.78598,-18.98843],[-44.78296,-18.98823],[-44.78149,-18.98663],[-44.78126,-18.98613],[-44.78123,-18.98332],[-44.78142,-18.98258],[-44.78206,-18.98179],[-44.78312,-18.98116],[-44.78409,-18.98115],[-44.78561,-18.98061],[-44.7861,-18.9789],[-44.78531,-18.97566],[-44.78525,-18.97401],[-44.78408,-18.96907],[-44.78377,-18.96511],[-44.78334,-18.96334],[-44.78425,-18.96023],[-44.78612,-18.95682],[-44.78637,-18.95526],[-44.7859,-18.95425],[-44.78546,-18.954],[-44.78394,-18.95385],[-44.78107,-18.95466],[-44.77926,-18.95549],[-44.77752,-18.95587],[-44.77444,-18.95731],[-44.77293,-18.9585],[-44.77031,-18.95963],[-44.76865,-18.96079],[-44.76772,-18.96253],[-44.76667,-18.96592],[-44.76594,-18.96722],[-44.76514,-18.9678],[-44.76231,-18.96716],[-44.76145,-18.96671],[-44.75996,-18.96484],[-44.75871,-18.96372],[-44.75805,-18.96281],[-44.75795,-18.96221],[-44.7583,-18.96101],[-44.75984,-18.95828],[-44.75998,-18.95773],[-44.7598,-18.95503],[-44.76021,-18.95195],[-44.75972,-18.94958],[-44.75858,-18.94674],[-44.75835,-18.94559],[-44.75841,-18.94494],[-44.7603,-18.94294],[-44.76093,-18.94087],[-44.76141,-18.93826],[-44.76252,-18.93514],[-44.76328,-18.93401],[-44.76414,-18.93315],[-44.76544,-18.93249],[-44.76773,-18.93196],[-44.77072,-18.93071],[-44.7728,-18.93055],[-44.77389,-18.93082],[-44.77537,-18.93159],[-44.77746,-18.93189],[-44.77953,-18.93106],[-44.78094,-18.9295],[-44.78227,-18.92719],[-44.78235,-18.92565],[-44.78193,-18.92068],[-44.78258,-18.91614],[-44.78322,-18.91523],[-44.78575,-18.91426],[-44.78654,-18.91363],[-44.78676,-18.9132],[-44.78672,-18.91161],[-44.78629,-18.91002],[-44.78569,-18.90883],[-44.78296,-18.90699],[-44.7813,-18.90556],[-44.78069,-18.90474],[-44.78063,-18.90149],[-44.78026,-18.90039],[-44.77944,-18.89895],[-44.77936,-18.89794],[-44.77971,-18.89697],[-44.78133,-18.89437],[-44.7817,-18.89308],[-44.78162,-18.89264],[-44.78098,-18.8912],[-44.77927,-18.88933],[-44.77854,-18.88517],[-44.77731,-18.88263],[-44.77586,-18.87896],[-44.77605,-18.87799],[-44.77631,-18.87759],[-44.77987,-18.87343],[-44.77645,-18.87308],[-44.77607,-18.87334],[-44.77541,-18.87477],[-44.77479,-18.87556],[-44.77431,-18.87582],[-44.7723,-18.87602],[-44.77169,-18.87534],[-44.77151,-18.87486],[-44.77223,-18.87351],[-44.77203,-18.87296],[-44.77047,-18.87199],[-44.76961,-18.87085],[-44.76864,-18.87099],[-44.76841,-18.87141],[-44.7685,-18.8733],[-44.76829,-18.87374],[-44.76597,-18.8744],[-44.7651,-18.87414],[-44.76485,-18.87326],[-44.76453,-18.87285],[-44.76375,-18.87217],[-44.76282,-18.87176],[-44.76246,-18.87204],[-44.76155,-18.87433],[-44.76121,-18.87464],[-44.76015,-18.87455],[-44.75888,-18.87385],[-44.7584,-18.87376],[-44.75804,-18.87404],[-44.7578,-18.87446],[-44.75741,-18.87691],[-44.75654,-18.87864],[-44.75615,-18.88037],[-44.7552,-18.88059],[-44.75424,-18.88057],[-44.75382,-18.88023],[-44.75375,-18.8798],[-44.75458,-18.87868],[-44.75476,-18.87776],[-44.75382,-18.87772],[-44.75267,-18.87854],[-44.75218,-18.87859],[-44.75131,-18.87812],[-44.75041,-18.87792],[-44.75012,-18.87757],[-44.74994,-18.87666],[-44.7495,-18.87648],[-44.74846,-18.87646],[-44.74706,-18.8768],[-44.74673,-18.87712],[-44.74703,-18.87807],[-44.7479,-18.87838],[-44.74872,-18.87784],[-44.74925,-18.87793],[-44.74952,-18.87836],[-44.74949,-18.87974],[-44.75004,-18.88114],[-44.74974,-18.88248],[-44.74975,-18.88345],[-44.75027,-18.8848],[-44.75022,-18.88526],[-44.7497,-18.8863],[-44.7493,-18.8867],[-44.74815,-18.88761],[-44.74716,-18.88801],[-44.74619,-18.88779],[-44.74604,-18.88728],[-44.74613,-18.88638],[-44.74529,-18.88515],[-44.74506,-18.88382],[-44.74479,-18.88338],[-44.74352,-18.88284],[-44.74207,-18.88283],[-44.74162,-18.88302],[-44.74095,-18.88365],[-44.74097,-18.88416],[-44.7423,-18.88557],[-44.74249,-18.88601],[-44.74238,-18.88644],[-44.74024,-18.88748],[-44.73916,-18.88843],[-44.73852,-18.8897],[-44.73739,-18.89064],[-44.73705,-18.89029],[-44.73704,-18.88983],[-44.73668,-18.88956],[-44.73455,-18.88983],[-44.73205,-18.89082],[-44.73168,-18.89219],[-44.72996,-18.8946],[-44.72924,-18.897],[-44.72864,-18.89769],[-44.72638,-18.89887],[-44.72605,-18.89972],[-44.72587,-18.90104],[-44.72536,-18.90093],[-44.72509,-18.90047],[-44.72468,-18.90022],[-44.72412,-18.90018],[-44.72318,-18.90044],[-44.72179,-18.89972],[-44.72078,-18.89957],[-44.71876,-18.90117],[-44.71727,-18.90185],[-44.71646,-18.9035],[-44.71672,-18.90494],[-44.71663,-18.90538],[-44.71576,-18.9059],[-44.71419,-18.906],[-44.71313,-18.90629],[-44.71181,-18.90476],[-44.71045,-18.90401],[-44.70884,-18.9035],[-44.70821,-18.9027],[-44.70731,-18.90255],[-44.70631,-18.90433],[-44.70545,-18.90489],[-44.70521,-18.90528],[-44.70557,-18.90728],[-44.70514,-18.90812],[-44.70339,-18.90892],[-44.70216,-18.90985],[-44.70026,-18.91033],[-44.69941,-18.9099],[-44.70051,-18.9089],[-44.7006,-18.90841],[-44.70004,-18.90761],[-44.70014,-18.90623],[-44.69998,-18.90487],[-44.69959,-18.90396],[-44.69895,-18.9032],[-44.69771,-18.90248],[-44.69755,-18.90117],[-44.69682,-18.90055],[-44.69649,-18.90205],[-44.696,-18.90286],[-44.69574,-18.90379],[-44.69515,-18.90506],[-44.69445,-18.90571],[-44.69426,-18.90615],[-44.69456,-18.90654],[-44.69445,-18.90748],[-44.6938,-18.90815],[-44.69233,-18.90886],[-44.6908,-18.91007],[-44.69005,-18.91079],[-44.68956,-18.91162],[-44.68811,-18.91231],[-44.68644,-18.91419],[-44.68635,-18.91476],[-44.68728,-18.91607],[-44.68738,-18.91652],[-44.68667,-18.91791],[-44.68621,-18.91799],[-44.6857,-18.91781],[-44.68533,-18.91746],[-44.68508,-18.9165],[-44.68449,-18.91575],[-44.68415,-18.91545],[-44.68359,-18.9154],[-44.68369,-18.92282]]]]}},{"id":"47","type":"Feature","properties":{"bairro":"Zona rural — Curvelo","distrito":"Curvelo","regiao":"Curvelo","setores":9,"urbano":0},"geometry":{"type":"MultiPolygon","coordinates":[[[[-44.31129,-18.8879],[-44.31129,-18.8888],[-44.31187,-18.88954],[-44.31183,-18.89],[-44.31082,-18.89102],[-44.30986,-18.89128],[-44.30961,-18.89165],[-44.30953,-18.89214],[-44.30982,-18.89365],[-44.31176,-18.8939],[-44.31189,-18.89438],[-44.31153,-18.89526],[-44.31246,-18.89632],[-44.31289,-18.89605],[-44.31285,-18.89557],[-44.31321,-18.89473],[-44.31435,-18.89562],[-44.31499,-18.89747],[-44.31483,-18.89789],[-44.31435,-18.89809],[-44.31441,-18.89852],[-44.31516,-18.90074],[-44.31473,-18.901],[-44.31385,-18.90229],[-44.31299,-18.90195],[-44.31259,-18.90216],[-44.3125,-18.90263],[-44.31212,-18.90289],[-44.31166,-18.90288],[-44.31129,-18.90257],[-44.31086,-18.90173],[-44.31037,-18.90181],[-44.30989,-18.90323],[-44.30931,-18.90407],[-44.30927,-18.90451],[-44.30966,-18.90475],[-44.31015,-18.90476],[-44.31038,-18.90517],[-44.31007,-18.90619],[-44.31029,-18.90858],[-44.31008,-18.91055],[-44.30954,-18.9119],[-44.30969,-18.91286],[-44.30891,-18.91574],[-44.30886,-18.9167],[-44.30906,-18.91764],[-44.30952,-18.91765],[-44.31014,-18.91895],[-44.31209,-18.92028],[-44.31259,-18.92165],[-44.31251,-18.92209],[-44.31208,-18.92244],[-44.31061,-18.92241],[-44.3092,-18.923],[-44.30841,-18.92252],[-44.30793,-18.9226],[-44.30729,-18.92395],[-44.30737,-18.9249],[-44.30589,-18.92664],[-44.30549,-18.92755],[-44.30539,-18.92854],[-44.30623,-18.93126],[-44.30664,-18.93215],[-44.30699,-18.93246],[-44.30745,-18.93256],[-44.30884,-18.93218],[-44.31153,-18.93217],[-44.31246,-18.93183],[-44.31276,-18.93223],[-44.31317,-18.93533],[-44.31303,-18.93628],[-44.3123,-18.93699],[-44.31216,-18.93789],[-44.31188,-18.93827],[-44.3108,-18.93846],[-44.31042,-18.93877],[-44.31024,-18.93932],[-44.3105,-18.93971],[-44.31153,-18.94023],[-44.31204,-18.94022],[-44.31329,-18.93938],[-44.31422,-18.93963],[-44.31422,-18.94104],[-44.31463,-18.94195],[-44.31325,-18.94346],[-44.31349,-18.94435],[-44.31329,-18.94477],[-44.3116,-18.94677],[-44.31085,-18.94813],[-44.31051,-18.9497],[-44.31042,-18.95162],[-44.31058,-18.95391],[-44.30946,-18.95685],[-44.30946,-18.9574],[-44.30986,-18.95868],[-44.30969,-18.96105],[-44.30849,-18.96383],[-44.30826,-18.96579],[-44.30717,-18.96679],[-44.3049,-18.96756],[-44.3038,-18.96985],[-44.30381,-18.97082],[-44.30415,-18.97166],[-44.30375,-18.97298],[-44.30466,-18.9751],[-44.30464,-18.976],[-44.30419,-18.97788],[-44.30423,-18.97935],[-44.30379,-18.98072],[-44.30159,-18.98396],[-44.30107,-18.98687],[-44.30162,-18.99148],[-44.30161,-18.99356],[-44.30202,-18.99585],[-44.30175,-18.99832],[-44.30131,-18.99967],[-44.30039,-19.00086],[-44.29984,-19.00226],[-44.29931,-19.006],[-44.29849,-19.00685],[-44.29803,-19.00708],[-44.29455,-19.00797],[-44.29313,-19.00871],[-44.29282,-19.00912],[-44.29226,-19.01043],[-44.29161,-19.01304],[-44.29129,-19.01676],[-44.29081,-19.01926],[-44.29522,-19.02229],[-44.29891,-19.02342],[-44.30246,-19.02548],[-44.30521,-19.02679],[-44.30651,-19.0278],[-44.31134,-19.03283],[-44.31305,-19.03515],[-44.31493,-19.03825],[-44.31624,-19.03969],[-44.3173,-19.04155],[-44.32113,-19.04541],[-44.32799,-19.05013],[-44.33021,-19.05192],[-44.3338,-19.05573],[-44.33486,-19.05707],[-44.33587,-19.05885],[-44.33617,-19.05874],[-44.33609,-19.05779],[-44.33642,-19.05726],[-44.33765,-19.05649],[-44.33795,-19.05602],[-44.3402,-19.05023],[-44.3403,-19.04834],[-44.34093,-19.04576],[-44.34232,-19.04367],[-44.35093,-19.01733],[-44.35145,-19.01671],[-44.35562,-19.01414],[-44.35604,-19.01364],[-44.35735,-19.00643],[-44.35717,-19.00405],[-44.35752,-19.00286],[-44.35872,-19.00051],[-44.35896,-18.99891],[-44.35941,-18.99841],[-44.3615,-18.99805],[-44.36288,-18.99647],[-44.3659,-18.99531],[-44.36795,-18.99177],[-44.36828,-18.99084],[-44.36864,-18.9875],[-44.36851,-18.98668],[-44.36822,-18.98601],[-44.36641,-18.98358],[-44.36367,-18.98159],[-44.36336,-18.97999],[-44.36338,-18.97871],[-44.36419,-18.9779],[-44.3656,-18.97793],[-44.36645,-18.97775],[-44.36936,-18.97586],[-44.37259,-18.97327],[-44.37461,-18.96713],[-44.3754,-18.96394],[-44.37568,-18.96346],[-44.37639,-18.96326],[-44.37896,-18.96314],[-44.38077,-18.96353],[-44.38124,-18.96349],[-44.38174,-18.96315],[-44.38188,-18.96265],[-44.38174,-18.96212],[-44.38134,-18.96178],[-44.38085,-18.96167],[-44.38,-18.9619],[-44.3791,-18.96188],[-44.37876,-18.96168],[-44.37838,-18.96083],[-44.37883,-18.95939],[-44.37913,-18.95883],[-44.37966,-18.95842],[-44.382,-18.95712],[-44.38308,-18.9571],[-44.38362,-18.95679],[-44.38399,-18.95608],[-44.38405,-18.95413],[-44.38705,-18.9513],[-44.38772,-18.95089],[-44.39246,-18.95047],[-44.39372,-18.94991],[-44.39309,-18.94861],[-44.39234,-18.94612],[-44.39167,-18.9449],[-44.39095,-18.94252],[-44.38976,-18.94074],[-44.38937,-18.93923],[-44.38761,-18.93686],[-44.38553,-18.93558],[-44.38521,-18.9352],[-44.38436,-18.93292],[-44.38293,-18.93038],[-44.38165,-18.92972],[-44.38068,-18.92964],[-44.37698,-18.92792],[-44.37139,-18.92789],[-44.37055,-18.92734],[-44.36948,-18.92573],[-44.36769,-18.92481],[-44.36726,-18.92439],[-44.36642,-18.92291],[-44.36564,-18.92049],[-44.36508,-18.91715],[-44.36523,-18.91567],[-44.36477,-18.91478],[-44.36465,-18.9134],[-44.36384,-18.91281],[-44.36302,-18.91055],[-44.36157,-18.9107],[-44.36125,-18.91037],[-44.36151,-18.90948],[-44.35941,-18.90802],[-44.35911,-18.90704],[-44.35833,-18.90577],[-44.35755,-18.904],[-44.3562,-18.90357],[-44.35568,-18.90375],[-44.35417,-18.90368],[-44.35324,-18.90391],[-44.35136,-18.90341],[-44.35024,-18.9024],[-44.3498,-18.90154],[-44.34871,-18.90049],[-44.34794,-18.89926],[-44.34646,-18.89894],[-44.34639,-18.89751],[-44.34595,-18.89722],[-44.34442,-18.89717],[-44.34249,-18.89663],[-44.34194,-18.89588],[-44.3415,-18.89573],[-44.3391,-18.89566],[-44.33871,-18.89477],[-44.33783,-18.89436],[-44.33818,-18.89394],[-44.33814,-18.8935],[-44.33789,-18.89312],[-44.33742,-18.89294],[-44.33659,-18.89352],[-44.33567,-18.89345],[-44.33484,-18.89398],[-44.33454,-18.8944],[-44.33408,-18.89456],[-44.33378,-18.89419],[-44.33391,-18.89373],[-44.3335,-18.89284],[-44.33304,-18.89276],[-44.33272,-18.89427],[-44.33242,-18.8946],[-44.33196,-18.89473],[-44.33059,-18.89424],[-44.32868,-18.89277],[-44.32769,-18.89266],[-44.32622,-18.89302],[-44.32576,-18.89296],[-44.32497,-18.89227],[-44.3247,-18.8914],[-44.32483,-18.89002],[-44.32397,-18.88896],[-44.32403,-18.88847],[-44.32359,-18.88828],[-44.32311,-18.88843],[-44.32293,-18.88885],[-44.3234,-18.89008],[-44.32254,-18.89056],[-44.32158,-18.89057],[-44.32074,-18.89091],[-44.32053,-18.89048],[-44.3212,-18.88927],[-44.32155,-18.88898],[-44.32187,-18.88812],[-44.3219,-18.88766],[-44.32131,-18.88588],[-44.32099,-18.88554],[-44.3199,-18.88557],[-44.31941,-18.8854],[-44.31872,-18.88477],[-44.31825,-18.88467],[-44.31697,-18.88553],[-44.31723,-18.88592],[-44.31695,-18.88634],[-44.31639,-18.88636],[-44.31599,-18.8866],[-44.3156,-18.88801],[-44.31512,-18.88826],[-44.31431,-18.8878],[-44.31288,-18.8876],[-44.3124,-18.88773],[-44.31191,-18.88765],[-44.31176,-18.88743],[-44.31129,-18.8879]]],[[[-44.50289,-18.92239],[-44.49746,-18.93395],[-44.49713,-18.93528],[-44.49774,-18.97812],[-44.49809,-18.97973],[-44.49911,-18.982],[-44.50634,-18.99654],[-44.50703,-18.996],[-44.50857,-18.99557],[-44.51119,-18.99592],[-44.51261,-18.99554],[-44.51386,-18.99465],[-44.51541,-18.99204],[-44.51623,-18.98872],[-44.51616,-18.98662],[-44.51563,-18.98398],[-44.51439,-18.98167],[-44.51333,-18.97652],[-44.51337,-18.97555],[-44.51386,-18.9741],[-44.51547,-18.97247],[-44.51803,-18.9693],[-44.519,-18.96703],[-44.5201,-18.96576],[-44.52176,-18.96457],[-44.52342,-18.96398],[-44.52454,-18.96395],[-44.52558,-18.96401],[-44.52667,-18.96435],[-44.53171,-18.96483],[-44.54252,-18.96499],[-44.54434,-18.96535],[-44.54679,-18.96636],[-44.54745,-18.96638],[-44.55681,-18.96342],[-44.559,-18.96253],[-44.56533,-18.95718],[-44.57164,-18.95385],[-44.57354,-18.95225],[-44.57559,-18.94986],[-44.57592,-18.94845],[-44.5759,-18.94682],[-44.57491,-18.94404],[-44.57445,-18.94188],[-44.57396,-18.94053],[-44.57357,-18.93839],[-44.57359,-18.9374],[-44.57418,-18.93606],[-44.57607,-18.93443],[-44.57841,-18.93291],[-44.58122,-18.93174],[-44.58383,-18.93109],[-44.58547,-18.93046],[-44.58835,-18.92832],[-44.58936,-18.92796],[-44.59033,-18.92804],[-44.59188,-18.92851],[-44.59557,-18.92989],[-44.5978,-18.93017],[-44.60039,-18.92989],[-44.60335,-18.92855],[-44.60487,-18.92844],[-44.60582,-18.92876],[-44.60679,-18.92875],[-44.60913,-18.92806],[-44.61104,-18.92798],[-44.61242,-18.92849],[-44.61673,-18.93108],[-44.62161,-18.9326],[-44.62525,-18.93399],[-44.6283,-18.93475],[-44.63003,-18.9354],[-44.63229,-18.93674],[-44.63639,-18.93983],[-44.63973,-18.94068],[-44.64109,-18.94073],[-44.64899,-18.94232],[-44.6501,-18.94235],[-44.65107,-18.94211],[-44.65167,-18.94142],[-44.65247,-18.93978],[-44.65318,-18.93567],[-44.65364,-18.93136],[-44.65421,-18.9294],[-44.65643,-18.92676],[-44.66213,-18.92143],[-44.66434,-18.91962],[-44.66524,-18.91814],[-44.66754,-18.91577],[-44.6692,-18.91465],[-44.67394,-18.91285],[-44.67475,-18.91167],[-44.67525,-18.91022],[-44.67623,-18.90899],[-44.67726,-18.90859],[-44.67782,-18.90858],[-44.6783,-18.90865],[-44.67903,-18.90926],[-44.67826,-18.91152],[-44.67843,-18.912],[-44.67968,-18.91333],[-44.68067,-18.91511],[-44.68106,-18.91541],[-44.68116,-18.91644],[-44.68139,-18.91688],[-44.68185,-18.91704],[-44.68226,-18.9168],[-44.68321,-18.91557],[-44.68369,-18.91532],[-44.68449,-18.91575],[-44.68508,-18.9165],[-44.68533,-18.91746],[-44.6857,-18.91781],[-44.68621,-18.91799],[-44.68667,-18.91791],[-44.68738,-18.91652],[-44.68728,-18.91607],[-44.68635,-18.91476],[-44.68644,-18.91419],[-44.68811,-18.91231],[-44.68956,-18.91162],[-44.69005,-18.91079],[-44.6908,-18.91007],[-44.69233,-18.90886],[-44.6938,-18.90815],[-44.69445,-18.90748],[-44.69456,-18.90654],[-44.69426,-18.90615],[-44.69445,-18.90571],[-44.69515,-18.90506],[-44.69574,-18.90379],[-44.696,-18.90286],[-44.69649,-18.90205],[-44.69682,-18.90055],[-44.69755,-18.90117],[-44.69771,-18.90248],[-44.69895,-18.9032],[-44.69959,-18.90396],[-44.69998,-18.90487],[-44.70014,-18.90623],[-44.70004,-18.90761],[-44.7006,-18.90841],[-44.70051,-18.9089],[-44.69941,-18.9099],[-44.70026,-18.91033],[-44.70216,-18.90985],[-44.70339,-18.90892],[-44.70514,-18.90812],[-44.70557,-18.90728],[-44.70521,-18.90528],[-44.70545,-18.90489],[-44.70631,-18.90433],[-44.70731,-18.90255],[-44.70821,-18.9027],[-44.70884,-18.9035],[-44.71045,-18.90401],[-44.71181,-18.90476],[-44.71313,-18.90629],[-44.71624,-18.90571],[-44.71663,-18.90538],[-44.71672,-18.90494],[-44.71646,-18.9035],[-44.71727,-18.90185],[-44.71876,-18.90117],[-44.72078,-18.89957],[-44.72179,-18.89972],[-44.72318,-18.90044],[-44.72412,-18.90018],[-44.72468,-18.90022],[-44.72509,-18.90047],[-44.72536,-18.90093],[-44.72587,-18.90104],[-44.72605,-18.89972],[-44.72638,-18.89887],[-44.72864,-18.89769],[-44.72924,-18.897],[-44.72996,-18.8946],[-44.73168,-18.89219],[-44.73205,-18.89082],[-44.73455,-18.88983],[-44.73668,-18.88956],[-44.73704,-18.88983],[-44.73705,-18.89029],[-44.73739,-18.89064],[-44.73852,-18.8897],[-44.73916,-18.88843],[-44.74024,-18.88748],[-44.74238,-18.88644],[-44.74249,-18.88601],[-44.7423,-18.88557],[-44.74097,-18.88416],[-44.74095,-18.88365],[-44.74162,-18.88302],[-44.74207,-18.88283],[-44.74352,-18.88284],[-44.74479,-18.88338],[-44.74506,-18.88382],[-44.74529,-18.88515],[-44.74613,-18.88638],[-44.74604,-18.88728],[-44.74619,-18.88779],[-44.74716,-18.88801],[-44.74815,-18.88761],[-44.7493,-18.8867],[-44.7497,-18.8863],[-44.75022,-18.88526],[-44.75027,-18.8848],[-44.74975,-18.88345],[-44.74974,-18.88248],[-44.75004,-18.88114],[-44.74949,-18.87974],[-44.74952,-18.87836],[-44.74925,-18.87793],[-44.74872,-18.87784],[-44.7479,-18.87838],[-44.74703,-18.87807],[-44.74673,-18.87712],[-44.74706,-18.8768],[-44.74846,-18.87646],[-44.7495,-18.87648],[-44.74994,-18.87666],[-44.75012,-18.87757],[-44.75041,-18.87792],[-44.75131,-18.87812],[-44.75218,-18.87859],[-44.75267,-18.87854],[-44.75382,-18.87772],[-44.75476,-18.87776],[-44.75458,-18.87868],[-44.75375,-18.8798],[-44.75382,-18.88023],[-44.75424,-18.88057],[-44.75615,-18.88037],[-44.75654,-18.87864],[-44.75741,-18.87691],[-44.7578,-18.87446],[-44.7584,-18.87376],[-44.75934,-18.87403],[-44.76015,-18.87455],[-44.76121,-18.87464],[-44.76155,-18.87433],[-44.76246,-18.87204],[-44.76282,-18.87176],[-44.76375,-18.87217],[-44.76453,-18.87285],[-44.76485,-18.87326],[-44.7651,-18.87414],[-44.76551,-18.87436],[-44.76643,-18.87433],[-44.76829,-18.87374],[-44.7685,-18.8733],[-44.76841,-18.87141],[-44.76864,-18.87099],[-44.76961,-18.87085],[-44.76934,-18.87027],[-44.76851,-18.86964],[-44.76762,-18.87004],[-44.76716,-18.8699],[-44.7664,-18.86931],[-44.76625,-18.86888],[-44.76634,-18.86842],[-44.76673,-18.86814],[-44.76689,-18.8677],[-44.76684,-18.86726],[-44.7663,-18.86634],[-44.76667,-18.86553],[-44.76668,-18.8642],[-44.76644,-18.86376],[-44.76666,-18.86238],[-44.76655,-18.86084],[-44.76609,-18.86082],[-44.76566,-18.86108],[-44.76542,-18.86152],[-44.76496,-18.86159],[-44.76409,-18.86107],[-44.76164,-18.86114],[-44.76043,-18.86044],[-44.75949,-18.86061],[-44.75899,-18.86144],[-44.75769,-18.86224],[-44.7561,-18.8626],[-44.75478,-18.86326],[-44.75434,-18.86294],[-44.75414,-18.8625],[-44.75331,-18.8621],[-44.75285,-18.86215],[-44.75246,-18.86181],[-44.75285,-18.86155],[-44.7534,-18.8615],[-44.75379,-18.86115],[-44.75401,-18.85977],[-44.75379,-18.85935],[-44.75346,-18.8597],[-44.75254,-18.85962],[-44.75169,-18.85917],[-44.75072,-18.85895],[-44.75052,-18.85849],[-44.75094,-18.8577],[-44.75194,-18.85765],[-44.75284,-18.85653],[-44.75276,-18.85566],[-44.75201,-18.85366],[-44.752,-18.85214],[-44.75162,-18.85065],[-44.75135,-18.85028],[-44.75092,-18.85052],[-44.75066,-18.85144],[-44.75006,-18.85218],[-44.74783,-18.85329],[-44.7474,-18.85426],[-44.74618,-18.85501],[-44.74591,-18.85464],[-44.7458,-18.85356],[-44.74485,-18.85316],[-44.74383,-18.85305],[-44.74343,-18.85326],[-44.74297,-18.85322],[-44.74253,-18.85293],[-44.74208,-18.85212],[-44.74072,-18.85168],[-44.74062,-18.85115],[-44.73989,-18.85058],[-44.738,-18.85025],[-44.73662,-18.84974],[-44.73522,-18.85019],[-44.7343,-18.84994],[-44.73381,-18.84963],[-44.73337,-18.8488],[-44.73215,-18.84812],[-44.73121,-18.84811],[-44.73039,-18.84855],[-44.72944,-18.8481],[-44.72899,-18.84818],[-44.72854,-18.84905],[-44.72665,-18.84916],[-44.72573,-18.84876],[-44.72555,-18.84835],[-44.72572,-18.84791],[-44.72526,-18.84771],[-44.72475,-18.84789],[-44.72402,-18.84716],[-44.72308,-18.8474],[-44.72227,-18.84626],[-44.72286,-18.84547],[-44.72276,-18.84504],[-44.72129,-18.8453],[-44.72083,-18.84517],[-44.72031,-18.84384],[-44.71975,-18.84401],[-44.71902,-18.84521],[-44.71858,-18.84537],[-44.71841,-18.84496],[-44.71845,-18.84399],[-44.71734,-18.84249],[-44.71691,-18.84226],[-44.71683,-18.8418],[-44.71719,-18.84147],[-44.71723,-18.84101],[-44.7181,-18.84064],[-44.718,-18.8402],[-44.71847,-18.83939],[-44.71849,-18.83893],[-44.71798,-18.83859],[-44.71694,-18.83842],[-44.71602,-18.8387],[-44.71574,-18.83907],[-44.71553,-18.83997],[-44.71465,-18.83961],[-44.71415,-18.83969],[-44.71377,-18.84056],[-44.71285,-18.84034],[-44.71248,-18.84005],[-44.71271,-18.83905],[-44.71249,-18.83864],[-44.7115,-18.83879],[-44.71109,-18.83856],[-44.71111,-18.8381],[-44.7112,-18.8376],[-44.71166,-18.83743],[-44.71217,-18.83756],[-44.71258,-18.83733],[-44.71165,-18.83639],[-44.71242,-18.8359],[-44.71345,-18.83576],[-44.71386,-18.83538],[-44.71398,-18.83492],[-44.71358,-18.83405],[-44.71261,-18.83376],[-44.7117,-18.83414],[-44.71073,-18.8341],[-44.70979,-18.83443],[-44.70934,-18.83299],[-44.70862,-18.83173],[-44.70835,-18.83065],[-44.70841,-18.82973],[-44.7079,-18.82973],[-44.70747,-18.83003],[-44.70648,-18.82991],[-44.70561,-18.83024],[-44.7051,-18.83013],[-44.70379,-18.82922],[-44.70423,-18.82786],[-44.70415,-18.82737],[-44.70381,-18.82701],[-44.70287,-18.82722],[-44.70241,-18.82709],[-44.70228,-18.82661],[-44.70283,-18.82584],[-44.70375,-18.82558],[-44.70234,-18.82472],[-44.70185,-18.82472],[-44.7013,-18.82501],[-44.70045,-18.82667],[-44.70004,-18.82691],[-44.69958,-18.82689],[-44.69924,-18.82654],[-44.69976,-18.82573],[-44.69988,-18.8252],[-44.69958,-18.82486],[-44.69866,-18.82452],[-44.69783,-18.82331],[-44.6973,-18.82341],[-44.69683,-18.82316],[-44.69687,-18.82229],[-44.69648,-18.82192],[-44.69561,-18.82161],[-44.69575,-18.82117],[-44.69642,-18.82049],[-44.69661,-18.81999],[-44.69641,-18.81946],[-44.69604,-18.81912],[-44.69556,-18.81901],[-44.69479,-18.81775],[-44.69328,-18.81804],[-44.69284,-18.81779],[-44.69258,-18.81629],[-44.69226,-18.81577],[-44.69223,-18.81533],[-44.69373,-18.81534],[-44.6939,-18.81492],[-44.69345,-18.81364],[-44.69301,-18.81346],[-44.69253,-18.81353],[-44.69211,-18.81308],[-44.6922,-18.81261],[-44.6933,-18.81079],[-44.69312,-18.81035],[-44.6904,-18.80883],[-44.68509,-18.80723],[-44.68411,-18.80606],[-44.68396,-18.80558],[-44.68254,-18.80426],[-44.68201,-18.80438],[-44.68099,-18.80393],[-44.68049,-18.80398],[-44.67965,-18.80449],[-44.67908,-18.80579],[-44.67865,-18.806],[-44.67809,-18.80591],[-44.67721,-18.80472],[-44.67672,-18.80456],[-44.6764,-18.8042],[-44.67591,-18.80326],[-44.67535,-18.80313],[-44.67498,-18.80173],[-44.67437,-18.80104],[-44.67407,-18.8001],[-44.67377,-18.79976],[-44.67266,-18.79952],[-44.66906,-18.79752],[-44.66759,-18.79758],[-44.66713,-18.79738],[-44.66649,-18.79642],[-44.66539,-18.79537],[-44.66521,-18.79487],[-44.66424,-18.79455],[-44.66364,-18.79474],[-44.66343,-18.79514],[-44.66297,-18.79532],[-44.66253,-18.79507],[-44.66214,-18.79464],[-44.66113,-18.79253],[-44.66049,-18.7918],[-44.65695,-18.79066],[-44.65625,-18.79002],[-44.65523,-18.78985],[-44.65428,-18.78887],[-44.65149,-18.78779],[-44.65088,-18.78765],[-44.64888,-18.78774],[-44.64861,-18.78733],[-44.6478,-18.78435],[-44.64694,-18.78242],[-44.64705,-18.78134],[-44.64759,-18.78043],[-44.6493,-18.77915],[-44.65231,-18.77641],[-44.6532,-18.77534],[-44.65388,-18.77402],[-44.65423,-18.77257],[-44.6541,-18.77156],[-44.65323,-18.76908],[-44.65312,-18.76814],[-44.65326,-18.76719],[-44.6548,-18.76174],[-44.65497,-18.75974],[-44.65535,-18.75882],[-44.65689,-18.75632],[-44.65857,-18.75243],[-44.64301,-18.75149],[-44.50932,-18.74163],[-44.49933,-18.74105],[-44.49329,-18.74272],[-44.48896,-18.74606],[-44.49215,-18.75092],[-44.4926,-18.75265],[-44.49254,-18.75412],[-44.48978,-18.75666],[-44.48876,-18.75148],[-44.48781,-18.74791],[-44.48634,-18.74811],[-44.4805,-18.75361],[-44.47868,-18.75419],[-44.47639,-18.75443],[-44.46911,-18.75269],[-44.46624,-18.75179],[-44.46556,-18.75348],[-44.45093,-18.74839],[-44.44945,-18.75262],[-44.4481,-18.75298],[-44.45033,-18.75929],[-44.45157,-18.7623],[-44.45182,-18.76248],[-44.45326,-18.76628],[-44.45402,-18.76635],[-44.45409,-18.76664],[-44.45676,-18.7675],[-44.46056,-18.7693],[-44.4615,-18.76945],[-44.46156,-18.77031],[-44.46066,-18.77064],[-44.46011,-18.77004],[-44.45848,-18.76906],[-44.45346,-18.76731],[-44.45494,-18.77051],[-44.45484,-18.77074],[-44.45464,-18.77068],[-44.46054,-18.78664],[-44.46515,-18.8009],[-44.46699,-18.8038],[-44.46617,-18.80297],[-44.46209,-18.8077],[-44.45699,-18.80849],[-44.45623,-18.80793],[-44.45392,-18.80812],[-44.45363,-18.80786],[-44.45302,-18.80804],[-44.45179,-18.80743],[-44.45071,-18.8075],[-44.45037,-18.80735],[-44.45014,-18.80697],[-44.44962,-18.80729],[-44.44893,-18.80727],[-44.44862,-18.808],[-44.44787,-18.80825],[-44.44651,-18.8078],[-44.44565,-18.80801],[-44.44513,-18.80928],[-44.44495,-18.8101],[-44.44504,-18.81125],[-44.44479,-18.81163],[-44.44375,-18.81199],[-44.44218,-18.8118],[-44.44151,-18.81227],[-44.44139,-18.81259],[-44.44148,-18.81337],[-44.44211,-18.81477],[-44.44197,-18.81522],[-44.44108,-18.8162],[-44.44078,-18.81702],[-44.44099,-18.81784],[-44.44192,-18.81917],[-44.44129,-18.81932],[-44.43995,-18.82034],[-44.4391,-18.8201],[-44.43826,-18.81941],[-44.43693,-18.81963],[-44.43621,-18.81928],[-44.43512,-18.81928],[-44.43427,-18.81985],[-44.43377,-18.82168],[-44.43316,-18.82271],[-44.43303,-18.82351],[-44.43327,-18.8242],[-44.43326,-18.82546],[-44.43302,-18.82603],[-44.43155,-18.82717],[-44.43119,-18.82831],[-44.43046,-18.82912],[-44.42972,-18.82945],[-44.42877,-18.8291],[-44.42803,-18.82921],[-44.42767,-18.83013],[-44.42621,-18.83138],[-44.4262,-18.83229],[-44.42583,-18.83332],[-44.42666,-18.83529],[-44.42726,-18.83597],[-44.42714,-18.83689],[-44.42653,-18.83688],[-44.42604,-18.83723],[-44.42567,-18.8386],[-44.42469,-18.83986],[-44.42443,-18.84204],[-44.42394,-18.84295],[-44.42393,-18.84524],[-44.4244,-18.84639],[-44.42439,-18.8472],[-44.42378,-18.84811],[-44.42281,-18.84811],[-44.42185,-18.84855],[-44.421,-18.84855],[-44.4198,-18.84773],[-44.41871,-18.84773],[-44.41594,-18.84714],[-44.4146,-18.84759],[-44.4135,-18.84884],[-44.41228,-18.84964],[-44.41144,-18.84986],[-44.41036,-18.84986],[-44.40878,-18.84916],[-44.4077,-18.84915],[-44.40601,-18.8488],[-44.39898,-18.84849],[-44.39368,-18.84755],[-44.38899,-18.86236],[-44.38223,-18.86978],[-44.3816,-18.8712],[-44.37969,-18.87991],[-44.37876,-18.88135],[-44.37608,-18.8838],[-44.37179,-18.88663],[-44.3696,-18.88878],[-44.36643,-18.8939],[-44.36593,-18.89578],[-44.36661,-18.89801],[-44.36677,-18.89955],[-44.36731,-18.90046],[-44.36811,-18.90124],[-44.36975,-18.90194],[-44.3748,-18.90239],[-44.37612,-18.90231],[-44.37814,-18.90175],[-44.37911,-18.90172],[-44.38058,-18.90235],[-44.3813,-18.90309],[-44.38162,-18.90398],[-44.38161,-18.90536],[-44.38221,-18.90677],[-44.38154,-18.9093],[-44.38133,-18.91115],[-44.38054,-18.9129],[-44.37963,-18.91585],[-44.3795,-18.91785],[-44.37995,-18.91839],[-44.38084,-18.91885],[-44.38281,-18.91919],[-44.38538,-18.92016],[-44.38862,-18.92394],[-44.39118,-18.92644],[-44.39145,-18.92733],[-44.39216,-18.92828],[-44.39367,-18.92724],[-44.39505,-18.9251],[-44.39709,-18.92452],[-44.3975,-18.92557],[-44.40686,-18.92577],[-44.40892,-18.92613],[-44.40989,-18.92602],[-44.41086,-18.92556],[-44.41379,-18.92215],[-44.41537,-18.9209],[-44.41806,-18.9168],[-44.42049,-18.91428],[-44.42232,-18.91314],[-44.42559,-18.91248],[-44.42716,-18.9118],[-44.4302,-18.90929],[-44.43251,-18.90851],[-44.43808,-18.90728],[-44.44074,-18.90627],[-44.44292,-18.90651],[-44.44582,-18.90653],[-44.44885,-18.90586],[-44.45019,-18.90587],[-44.45271,-18.90715],[-44.45464,-18.90739],[-44.45706,-18.9073],[-44.45876,-18.90685],[-44.4601,-18.90594],[-44.46389,-18.89988],[-44.46595,-18.89818],[-44.46645,-18.8968],[-44.46816,-18.89509],[-44.46853,-18.89429],[-44.46962,-18.89338],[-44.47071,-18.8935],[-44.47106,-18.89408],[-44.47203,-18.8942],[-44.47251,-18.89454],[-44.47262,-18.89581],[-44.4731,-18.8965],[-44.47322,-18.8973],[-44.47478,-18.89835],[-44.4767,-18.90019],[-44.47886,-18.90124],[-44.47983,-18.90124],[-44.48117,-18.9008],[-44.48238,-18.90081],[-44.48322,-18.90115],[-44.48406,-18.9022],[-44.48515,-18.90242],[-44.48586,-18.90335],[-44.48598,-18.90427],[-44.48657,-18.90554],[-44.48874,-18.90739],[-44.48934,-18.90842],[-44.49162,-18.90992],[-44.4944,-18.91052],[-44.49523,-18.91121],[-44.49656,-18.91294],[-44.49763,-18.91547],[-44.50335,-18.91797],[-44.50331,-18.92035],[-44.50289,-18.92239]]],[[[-44.44194,-18.72202],[-44.44283,-18.71202],[-44.44263,-18.71045],[-44.44087,-18.70619],[-44.43937,-18.70518],[-44.43873,-18.70517],[-44.43988,-18.70363],[-44.44017,-18.70251],[-44.44644,-18.70699],[-44.44767,-18.70617],[-44.45507,-18.7034],[-44.45665,-18.70027],[-44.45841,-18.69744],[-44.46154,-18.69372],[-44.4638,-18.69323],[-44.47143,-18.68849],[-44.47218,-18.68841],[-44.47277,-18.68886],[-44.47352,-18.68908],[-44.47484,-18.68916],[-44.47621,-18.68992],[-44.48195,-18.69196],[-44.48446,-18.69257],[-44.48502,-18.693],[-44.49647,-18.69025],[-44.50295,-18.6893],[-44.50372,-18.68897],[-44.50402,-18.68924],[-44.50454,-18.68904],[-44.50801,-18.69515],[-44.50799,-18.70144],[-44.51405,-18.70428],[-44.5176,-18.70372],[-44.51953,-18.70429],[-44.51994,-18.70314],[-44.52698,-18.69981],[-44.52893,-18.69616],[-44.52983,-18.68151],[-44.53188,-18.67565],[-44.5383,-18.66771],[-44.54168,-18.66203],[-44.54387,-18.65978],[-44.54395,-18.65728],[-44.54305,-18.65694],[-44.54223,-18.65741],[-44.54127,-18.65763],[-44.53832,-18.65719],[-44.53761,-18.65644],[-44.53728,-18.65492],[-44.53687,-18.65463],[-44.53545,-18.65478],[-44.53496,-18.65448],[-44.53397,-18.65463],[-44.53352,-18.65544],[-44.53306,-18.65563],[-44.53067,-18.65528],[-44.52968,-18.65552],[-44.52886,-18.65504],[-44.5284,-18.65509],[-44.52816,-18.65548],[-44.52779,-18.65466],[-44.52741,-18.65492],[-44.52717,-18.65588],[-44.52669,-18.6561],[-44.5265,-18.65568],[-44.52548,-18.65571],[-44.52498,-18.65648],[-44.5246,-18.65674],[-44.52353,-18.65658],[-44.52317,-18.65689],[-44.52273,-18.6579],[-44.52262,-18.65928],[-44.52233,-18.65975],[-44.52116,-18.66068],[-44.52114,-18.66155],[-44.52078,-18.66183],[-44.52032,-18.66179],[-44.5196,-18.66235],[-44.51912,-18.6624],[-44.51787,-18.66308],[-44.51686,-18.66313],[-44.51644,-18.6629],[-44.51636,-18.66189],[-44.51539,-18.66169],[-44.5157,-18.66077],[-44.5156,-18.66031],[-44.51492,-18.6596],[-44.51436,-18.65933],[-44.51414,-18.65894],[-44.51416,-18.6585],[-44.51229,-18.65806],[-44.51168,-18.65728],[-44.51125,-18.65708],[-44.51091,-18.6574],[-44.51043,-18.65725],[-44.51083,-18.65637],[-44.51063,-18.65596],[-44.50974,-18.65636],[-44.50952,-18.65592],[-44.50877,-18.65533],[-44.50758,-18.6552],[-44.50724,-18.65435],[-44.50675,-18.65426],[-44.50564,-18.65453],[-44.50544,-18.65591],[-44.50449,-18.65748],[-44.50401,-18.65767],[-44.50302,-18.65759],[-44.50255,-18.65734],[-44.50281,-18.65646],[-44.50243,-18.65672],[-44.50194,-18.65665],[-44.50189,-18.65621],[-44.50213,-18.65582],[-44.50181,-18.65548],[-44.50178,-18.65504],[-44.5021,-18.65469],[-44.50122,-18.65433],[-44.50117,-18.65346],[-44.5008,-18.65318],[-44.50044,-18.65358],[-44.50001,-18.6534],[-44.4976,-18.65381],[-44.4973,-18.65347],[-44.4963,-18.65304],[-44.49446,-18.65132],[-44.49396,-18.65165],[-44.49206,-18.65198],[-44.49066,-18.65191],[-44.49026,-18.65166],[-44.48974,-18.65182],[-44.48918,-18.6517],[-44.48883,-18.65136],[-44.48779,-18.65144],[-44.48726,-18.65069],[-44.48556,-18.64972],[-44.4846,-18.64973],[-44.4848,-18.65067],[-44.48452,-18.65102],[-44.48408,-18.65083],[-44.48347,-18.65013],[-44.48277,-18.65077],[-44.48184,-18.65045],[-44.48081,-18.65055],[-44.47995,-18.65021],[-44.47877,-18.65022],[-44.47835,-18.64997],[-44.47784,-18.64918],[-44.47639,-18.64909],[-44.47515,-18.65048],[-44.47509,-18.65092],[-44.47479,-18.65125],[-44.47353,-18.65202],[-44.47258,-18.65173],[-44.47154,-18.65178],[-44.47112,-18.65154],[-44.4709,-18.6506],[-44.47037,-18.64978],[-44.4713,-18.64951],[-44.47153,-18.64814],[-44.47139,-18.64766],[-44.46898,-18.64939],[-44.46714,-18.65008],[-44.46675,-18.64979],[-44.46636,-18.64898],[-44.46596,-18.64924],[-44.46545,-18.64928],[-44.46517,-18.64889],[-44.4654,-18.64845],[-44.46555,-18.64704],[-44.46534,-18.64661],[-44.46431,-18.64666],[-44.46391,-18.64631],[-44.46364,-18.64539],[-44.46318,-18.64531],[-44.46174,-18.64657],[-44.46128,-18.64656],[-44.46081,-18.64681],[-44.46091,-18.64773],[-44.46053,-18.64804],[-44.45942,-18.64802],[-44.45893,-18.64771],[-44.45802,-18.64877],[-44.45563,-18.65054],[-44.4552,-18.65079],[-44.45472,-18.65078],[-44.45433,-18.65049],[-44.45384,-18.65055],[-44.45348,-18.65136],[-44.45152,-18.65204],[-44.45132,-18.65159],[-44.45215,-18.65041],[-44.45224,-18.64953],[-44.45188,-18.64812],[-44.45158,-18.64773],[-44.45113,-18.64784],[-44.45037,-18.64844],[-44.44888,-18.64866],[-44.44849,-18.64842],[-44.44799,-18.6471],[-44.44775,-18.64692],[-44.44711,-18.64747],[-44.44695,-18.64703],[-44.4465,-18.64677],[-44.4463,-18.64719],[-44.44646,-18.64762],[-44.44593,-18.64775],[-44.44558,-18.6474],[-44.44463,-18.64717],[-44.44457,-18.64664],[-44.445,-18.6458],[-44.44489,-18.64532],[-44.44505,-18.64437],[-44.44461,-18.64422],[-44.44389,-18.64491],[-44.44334,-18.64513],[-44.44194,-18.64519],[-44.44157,-18.64486],[-44.44148,-18.64442],[-44.43958,-18.64471],[-44.43832,-18.64396],[-44.43794,-18.64489],[-44.43708,-18.64446],[-44.43669,-18.64585],[-44.43624,-18.64607],[-44.43575,-18.64592],[-44.4353,-18.64614],[-44.43497,-18.64714],[-44.43523,-18.64858],[-44.43493,-18.64891],[-44.43442,-18.64884],[-44.4337,-18.64819],[-44.43273,-18.64824],[-44.43187,-18.64787],[-44.43142,-18.64795],[-44.43117,-18.6484],[-44.43132,-18.64883],[-44.43117,-18.64927],[-44.43073,-18.64912],[-44.43003,-18.64843],[-44.42924,-18.64799],[-44.42944,-18.64665],[-44.42924,-18.64622],[-44.42873,-18.64628],[-44.42843,-18.64663],[-44.42796,-18.64851],[-44.42815,-18.6494],[-44.42732,-18.65046],[-44.42763,-18.65289],[-44.42735,-18.65332],[-44.42642,-18.65362],[-44.42594,-18.65352],[-44.42639,-18.6527],[-44.42544,-18.65238],[-44.42443,-18.65236],[-44.42315,-18.65083],[-44.42291,-18.64939],[-44.42254,-18.64852],[-44.4231,-18.64775],[-44.42222,-18.6474],[-44.42123,-18.64736],[-44.41942,-18.64663],[-44.41884,-18.64738],[-44.41836,-18.64744],[-44.41784,-18.64707],[-44.4174,-18.64627],[-44.41823,-18.64581],[-44.4182,-18.64537],[-44.4172,-18.64513],[-44.41692,-18.64477],[-44.41646,-18.64469],[-44.41577,-18.64595],[-44.4154,-18.64628],[-44.41503,-18.64602],[-44.41492,-18.64558],[-44.41446,-18.64557],[-44.41355,-18.64661],[-44.41326,-18.64761],[-44.41291,-18.64792],[-44.4124,-18.64786],[-44.40924,-18.64479],[-44.40744,-18.64436],[-44.40648,-18.64471],[-44.40516,-18.64394],[-44.40478,-18.64363],[-44.40574,-18.64261],[-44.40542,-18.6423],[-44.40453,-18.64246],[-44.40363,-18.64212],[-44.40325,-18.64238],[-44.40307,-18.64285],[-44.40173,-18.64321],[-44.40034,-18.64276],[-44.39983,-18.64285],[-44.39932,-18.64268],[-44.39843,-18.64291],[-44.39685,-18.64185],[-44.39527,-18.64138],[-44.39497,-18.64105],[-44.39488,-18.64054],[-44.39532,-18.63972],[-44.39494,-18.63939],[-44.39446,-18.63933],[-44.39418,-18.63973],[-44.39404,-18.64068],[-44.39379,-18.64113],[-44.39346,-18.64146],[-44.39298,-18.64149],[-44.39221,-18.64085],[-44.39217,-18.63954],[-44.39173,-18.63932],[-44.39084,-18.64038],[-44.38983,-18.64048],[-44.38895,-18.64002],[-44.38849,-18.63998],[-44.38728,-18.63923],[-44.38579,-18.6396],[-44.38484,-18.63923],[-44.38454,-18.63885],[-44.38461,-18.6379],[-44.38424,-18.63761],[-44.38375,-18.63756],[-44.3832,-18.63679],[-44.38264,-18.63681],[-44.38176,-18.63575],[-44.38035,-18.63604],[-44.38033,-18.63556],[-44.37989,-18.63541],[-44.37845,-18.6358],[-44.37898,-18.63702],[-44.37906,-18.63891],[-44.37887,-18.6399],[-44.37977,-18.64091],[-44.37988,-18.64144],[-44.37982,-18.64333],[-44.37927,-18.64415],[-44.37841,-18.64464],[-44.37776,-18.64551],[-44.37576,-18.65051],[-44.37428,-18.65258],[-44.37347,-18.65309],[-44.37299,-18.65388],[-44.37288,-18.65437],[-44.37325,-18.6559],[-44.37327,-18.65687],[-44.37224,-18.66005],[-44.37196,-18.66144],[-44.372,-18.66188],[-44.37249,-18.66281],[-44.37288,-18.66305],[-44.37332,-18.66398],[-44.37375,-18.66441],[-44.3747,-18.66468],[-44.37558,-18.66521],[-44.376,-18.66614],[-44.3759,-18.66704],[-44.37684,-18.66833],[-44.37708,-18.66927],[-44.37692,-18.67019],[-44.37641,-18.67097],[-44.37648,-18.67242],[-44.3763,-18.67288],[-44.37577,-18.67363],[-44.37418,-18.67487],[-44.37306,-18.67827],[-44.37187,-18.68051],[-44.37178,-18.68148],[-44.37258,-18.68236],[-44.37509,-18.68321],[-44.3764,-18.68407],[-44.377,-18.68493],[-44.37724,-18.68651],[-44.3772,-18.68746],[-44.37674,-18.68899],[-44.37466,-18.6922],[-44.37404,-18.69401],[-44.37545,-18.69831],[-44.37558,-18.69927],[-44.37544,-18.70114],[-44.37557,-18.7021],[-44.37593,-18.70299],[-44.37571,-18.70341],[-44.37603,-18.70372],[-44.37599,-18.70469],[-44.37534,-18.70556],[-44.37385,-18.70609],[-44.37247,-18.70746],[-44.37224,-18.7088],[-44.37199,-18.70922],[-44.37152,-18.70956],[-44.37053,-18.70977],[-44.37018,-18.71013],[-44.37012,-18.71109],[-44.37079,-18.71186],[-44.37139,-18.7132],[-44.37141,-18.71461],[-44.3708,-18.71536],[-44.37069,-18.71582],[-44.37102,-18.71614],[-44.37089,-18.7166],[-44.37139,-18.71742],[-44.37137,-18.71884],[-44.37217,-18.72055],[-44.37243,-18.72195],[-44.37146,-18.72497],[-44.37084,-18.7263],[-44.37081,-18.72678],[-44.37115,-18.72769],[-44.37104,-18.72813],[-44.37211,-18.72898],[-44.37262,-18.72975],[-44.3731,-18.72985],[-44.37348,-18.72954],[-44.37353,-18.72813],[-44.37384,-18.7278],[-44.3743,-18.72781],[-44.37488,-18.7286],[-44.3768,-18.72998],[-44.37689,-18.732],[-44.37767,-18.73378],[-44.37802,-18.73409],[-44.37864,-18.73536],[-44.37843,-18.73721],[-44.39679,-18.74173],[-44.40571,-18.74449],[-44.40644,-18.74343],[-44.40643,-18.7429],[-44.40834,-18.74081],[-44.40881,-18.74051],[-44.40963,-18.73935],[-44.41012,-18.73957],[-44.41055,-18.73926],[-44.41066,-18.73879],[-44.41028,-18.73849],[-44.41052,-18.73824],[-44.41046,-18.73789],[-44.4097,-18.73818],[-44.40952,-18.73797],[-44.40959,-18.73769],[-44.41013,-18.73736],[-44.41015,-18.73648],[-44.42435,-18.71318],[-44.42449,-18.71312],[-44.42551,-18.71483],[-44.42613,-18.71533],[-44.42627,-18.71571],[-44.42911,-18.71666],[-44.43377,-18.71609],[-44.43536,-18.71505],[-44.43493,-18.71677],[-44.43369,-18.71933],[-44.43753,-18.72212],[-44.43671,-18.72415],[-44.43508,-18.72729],[-44.4355,-18.72794],[-44.43374,-18.73151],[-44.434,-18.73134],[-44.43481,-18.73154],[-44.43509,-18.73225],[-44.43615,-18.73246],[-44.43672,-18.73344],[-44.43877,-18.73185],[-44.43882,-18.73127],[-44.43781,-18.73007],[-44.43775,-18.72954],[-44.439,-18.72594],[-44.43999,-18.72449],[-44.43973,-18.72205],[-44.44194,-18.72202]]]]}},{"id":"48","type":"Feature","properties":{"bairro":"Zona rural — J.K.","distrito":"J.K.","regiao":"J.K.","setores":2,"urbano":0},"geometry":{"type":"Polygon","coordinates":[[[-44.54909,-19.13638],[-44.54803,-19.14047],[-44.54722,-19.14022],[-44.54583,-19.14305],[-44.54827,-19.14527],[-44.54968,-19.15253],[-44.5487,-19.15336],[-44.54869,-19.1538],[-44.53546,-19.15328],[-44.53359,-19.15363],[-44.53376,-19.15393],[-44.53359,-19.15466],[-44.53099,-19.16361],[-44.52883,-19.163],[-44.52555,-19.16579],[-44.52668,-19.16675],[-44.52656,-19.16721],[-44.52736,-19.16889],[-44.52937,-19.16907],[-44.53179,-19.16754],[-44.53324,-19.16726],[-44.53499,-19.16827],[-44.53562,-19.16901],[-44.53589,-19.1699],[-44.5363,-19.17018],[-44.53732,-19.17004],[-44.53814,-19.17066],[-44.53962,-19.17077],[-44.54093,-19.17035],[-44.54134,-19.17065],[-44.54263,-19.17325],[-44.54237,-19.17361],[-44.54373,-19.17541],[-44.54424,-19.17545],[-44.54407,-19.17637],[-44.54446,-19.17722],[-44.54613,-19.17775],[-44.5458,-19.17911],[-44.54633,-19.17993],[-44.54711,-19.18044],[-44.54721,-19.1809],[-44.54759,-19.18119],[-44.54942,-19.18443],[-44.55088,-19.18574],[-44.55177,-19.18611],[-44.55219,-19.18581],[-44.55325,-19.18601],[-44.55361,-19.18569],[-44.55407,-19.18576],[-44.55492,-19.18523],[-44.55538,-19.18529],[-44.55637,-19.18587],[-44.56371,-19.18437],[-44.56756,-19.18416],[-44.56918,-19.18369],[-44.57245,-19.18207],[-44.57414,-19.18163],[-44.57569,-19.1817],[-44.57673,-19.18199],[-44.57911,-19.18341],[-44.58076,-19.18322],[-44.58136,-19.18182],[-44.5815,-19.18039],[-44.58139,-19.1754],[-44.58169,-19.17063],[-44.58242,-19.16607],[-44.58215,-19.16345],[-44.5825,-19.15903],[-44.58304,-19.15512],[-44.58395,-19.15139],[-44.58518,-19.14911],[-44.58578,-19.14738],[-44.58575,-19.14646],[-44.58534,-19.14572],[-44.5833,-19.14301],[-44.58177,-19.14189],[-44.58019,-19.14118],[-44.57617,-19.14064],[-44.57532,-19.13995],[-44.57389,-19.13917],[-44.5728,-19.13821],[-44.57182,-19.1361],[-44.57158,-19.13513],[-44.57147,-19.13138],[-44.57117,-19.12896],[-44.57034,-19.12703],[-44.56915,-19.12545],[-44.56589,-19.12023],[-44.55951,-19.11528],[-44.55796,-19.11358],[-44.5573,-19.11177],[-44.55758,-19.1088],[-44.55738,-19.10569],[-44.55344,-19.09942],[-44.55043,-19.09634],[-44.54751,-19.09391],[-44.54681,-19.09306],[-44.54613,-19.09145],[-44.5451,-19.08694],[-44.54461,-19.08559],[-44.54346,-19.08587],[-44.54284,-19.08634],[-44.5423,-19.08627],[-44.54191,-19.08592],[-44.54153,-19.08606],[-44.54121,-19.0858],[-44.54029,-19.08583],[-44.53989,-19.08506],[-44.53992,-19.08386],[-44.53976,-19.0835],[-44.5394,-19.08332],[-44.53862,-19.08335],[-44.538,-19.08289],[-44.53833,-19.08245],[-44.53796,-19.08206],[-44.53811,-19.08147],[-44.53789,-19.08104],[-44.53591,-19.08003],[-44.53498,-19.0802],[-44.53429,-19.07999],[-44.53363,-19.08002],[-44.53238,-19.08068],[-44.52983,-19.08089],[-44.52785,-19.07931],[-44.52663,-19.07878],[-44.52635,-19.07869],[-44.5258,-19.07927],[-44.52557,-19.07928],[-44.52533,-19.07914],[-44.52503,-19.07847],[-44.52446,-19.07844],[-44.5231,-19.07791],[-44.52063,-19.07759],[-44.51843,-19.07792],[-44.51816,-19.07813],[-44.51807,-19.07874],[-44.51717,-19.07881],[-44.51648,-19.07929],[-44.51605,-19.07929],[-44.51588,-19.07888],[-44.51638,-19.0782],[-44.51522,-19.07744],[-44.51489,-19.07692],[-44.51433,-19.07312],[-44.51401,-19.07274],[-44.51335,-19.0727],[-44.51129,-19.07447],[-44.51016,-19.07519],[-44.50902,-19.07641],[-44.5078,-19.07667],[-44.50548,-19.07606],[-44.50476,-19.07611],[-44.50449,-19.07664],[-44.50462,-19.07867],[-44.50435,-19.07951],[-44.50307,-19.0798],[-44.50286,-19.08017],[-44.50282,-19.08128],[-44.50125,-19.08203],[-44.50031,-19.08296],[-44.4989,-19.08323],[-44.49827,-19.08305],[-44.49781,-19.08249],[-44.4975,-19.08241],[-44.49648,-19.08296],[-44.49629,-19.08334],[-44.49637,-19.08419],[-44.49762,-19.08604],[-44.49729,-19.08667],[-44.49658,-19.08691],[-44.49585,-19.08771],[-44.49612,-19.0888],[-44.49599,-19.08955],[-44.49563,-19.09018],[-44.49585,-19.09088],[-44.49578,-19.09145],[-44.49505,-19.09239],[-44.49391,-19.09301],[-44.49343,-19.09306],[-44.49278,-19.09278],[-44.49182,-19.0929],[-44.48933,-19.09462],[-44.48798,-19.09453],[-44.48738,-19.09499],[-44.48725,-19.09549],[-44.48668,-19.09616],[-44.48569,-19.09653],[-44.48507,-19.09722],[-44.48389,-19.09752],[-44.48277,-19.09854],[-44.48047,-19.09833],[-44.47962,-19.09858],[-44.47841,-19.09852],[-44.47789,-19.09896],[-44.47724,-19.10024],[-44.47616,-19.1008],[-44.47532,-19.10249],[-44.47416,-19.10305],[-44.472,-19.10478],[-44.47067,-19.10477],[-44.46967,-19.10512],[-44.46834,-19.10709],[-44.46712,-19.10741],[-44.46662,-19.10794],[-44.46801,-19.11411],[-44.46791,-19.11518],[-44.46818,-19.11649],[-44.46794,-19.11842],[-44.4676,-19.1194],[-44.46756,-19.12076],[-44.46653,-19.12228],[-44.46641,-19.12282],[-44.46653,-19.12338],[-44.46796,-19.12493],[-44.46772,-19.12553],[-44.46784,-19.12631],[-44.46826,-19.12704],[-44.46773,-19.12823],[-44.46788,-19.12895],[-44.46943,-19.13084],[-44.4697,-19.13175],[-44.4697,-19.13253],[-44.46945,-19.133],[-44.46704,-19.13521],[-44.46615,-19.13701],[-44.46451,-19.13899],[-44.46369,-19.14081],[-44.46187,-19.14232],[-44.46141,-19.14315],[-44.46141,-19.14485],[-44.46192,-19.14866],[-44.46173,-19.15074],[-44.46091,-19.15299],[-44.46099,-19.15471],[-44.46175,-19.15697],[-44.46181,-19.15784],[-44.46155,-19.16025],[-44.46097,-19.16271],[-44.46072,-19.16528],[-44.4607,-19.16839],[-44.46093,-19.16909],[-44.46337,-19.16838],[-44.46762,-19.16627],[-44.47059,-19.16567],[-44.47161,-19.16558],[-44.47257,-19.16578],[-44.47467,-19.16704],[-44.476,-19.16762],[-44.47653,-19.16764],[-44.47707,-19.16693],[-44.47755,-19.16674],[-44.47895,-19.16679],[-44.48028,-19.16534],[-44.48085,-19.16355],[-44.48254,-19.16321],[-44.48399,-19.16208],[-44.48457,-19.16128],[-44.48508,-19.16091],[-44.48616,-19.16052],[-44.48708,-19.16084],[-44.48754,-19.16072],[-44.48848,-19.16118],[-44.4894,-19.16136],[-44.49013,-19.16205],[-44.49109,-19.16212],[-44.49363,-19.15994],[-44.49592,-19.15911],[-44.49739,-19.15945],[-44.49838,-19.15936],[-44.50277,-19.16273],[-44.50473,-19.16264],[-44.50649,-19.16194],[-44.50865,-19.16198],[-44.5102,-19.16237],[-44.51073,-19.16226],[-44.51168,-19.16274],[-44.51272,-19.1628],[-44.5141,-19.16331],[-44.51629,-19.1624],[-44.51624,-19.16304],[-44.51715,-19.16417],[-44.51796,-19.16436],[-44.51873,-19.16419],[-44.51976,-19.16365],[-44.52071,-19.16378],[-44.52491,-19.16031],[-44.52204,-19.15748],[-44.52605,-19.15459],[-44.52663,-19.15397],[-44.53098,-19.15391],[-44.53538,-19.14858],[-44.53515,-19.14873],[-44.53504,-19.14859],[-44.53727,-19.14523],[-44.53572,-19.14292],[-44.53413,-19.14317],[-44.53371,-19.14155],[-44.5345,-19.14134],[-44.53524,-19.14085],[-44.53661,-19.14056],[-44.53704,-19.14004],[-44.53756,-19.14024],[-44.53808,-19.13991],[-44.53837,-19.13913],[-44.53899,-19.13874],[-44.53889,-19.13844],[-44.53925,-19.13822],[-44.5399,-19.13683],[-44.54151,-19.13862],[-44.54253,-19.13782],[-44.54443,-19.13498],[-44.54909,-19.13638]]]}},{"id":"49","type":"Feature","properties":{"bairro":"Zona rural — Santa Rita do Cedro","distrito":"Santa Rita do Cedro","regiao":"Santa Rita do Cedro","setores":5,"urbano":0},"geometry":{"type":"Polygon","coordinates":[[[-44.23302,-18.96368],[-44.23429,-18.96486],[-44.2347,-18.9657],[-44.2354,-18.96647],[-44.23737,-18.96745],[-44.23841,-18.96745],[-44.24141,-18.96575],[-44.24227,-18.96624],[-44.24437,-18.96839],[-44.2449,-18.96856],[-44.24592,-18.96849],[-44.2474,-18.9679],[-44.24853,-18.96773],[-44.24948,-18.96784],[-44.24992,-18.96815],[-44.25025,-18.96846],[-44.25077,-18.96974],[-44.25048,-18.97064],[-44.25043,-18.97207],[-44.25149,-18.9737],[-44.25431,-18.97634],[-44.25514,-18.97676],[-44.25727,-18.97834],[-44.2582,-18.97868],[-44.25937,-18.97962],[-44.26225,-18.98124],[-44.26459,-18.98355],[-44.2649,-18.98426],[-44.26525,-18.98634],[-44.26528,-18.98818],[-44.26482,-18.9906],[-44.2652,-18.99351],[-44.26552,-18.99446],[-44.26658,-18.99586],[-44.26898,-18.99757],[-44.26997,-18.99916],[-44.27103,-19.00039],[-44.2712,-19.00177],[-44.2706,-19.00445],[-44.2706,-19.00633],[-44.27098,-19.00821],[-44.27298,-19.01225],[-44.27467,-19.01395],[-44.27564,-19.01428],[-44.27759,-19.01444],[-44.28254,-19.01386],[-44.28345,-19.01405],[-44.28432,-19.01446],[-44.28526,-19.0155],[-44.28755,-19.01745],[-44.29081,-19.01926],[-44.29129,-19.01676],[-44.29161,-19.01304],[-44.29226,-19.01043],[-44.29282,-19.00912],[-44.29313,-19.00871],[-44.29455,-19.00797],[-44.29803,-19.00708],[-44.29849,-19.00685],[-44.29931,-19.006],[-44.29984,-19.00226],[-44.30039,-19.00086],[-44.30131,-18.99967],[-44.30175,-18.99832],[-44.30202,-18.99585],[-44.30161,-18.99356],[-44.30162,-18.99148],[-44.30107,-18.98687],[-44.30159,-18.98396],[-44.30379,-18.98072],[-44.30423,-18.97935],[-44.30419,-18.97788],[-44.30464,-18.976],[-44.30466,-18.9751],[-44.30375,-18.97298],[-44.30415,-18.97166],[-44.30381,-18.97082],[-44.3038,-18.96985],[-44.3049,-18.96756],[-44.30717,-18.96679],[-44.30826,-18.96579],[-44.30849,-18.96383],[-44.30969,-18.96105],[-44.30986,-18.95868],[-44.30946,-18.9574],[-44.30946,-18.95685],[-44.31058,-18.95391],[-44.31042,-18.95162],[-44.31051,-18.9497],[-44.31085,-18.94813],[-44.3116,-18.94677],[-44.31329,-18.94477],[-44.31349,-18.94435],[-44.31325,-18.94346],[-44.31463,-18.94195],[-44.31422,-18.94104],[-44.31422,-18.93963],[-44.31329,-18.93938],[-44.31204,-18.94022],[-44.31153,-18.94023],[-44.3105,-18.93971],[-44.31024,-18.93932],[-44.31042,-18.93877],[-44.3108,-18.93846],[-44.31188,-18.93827],[-44.31216,-18.93789],[-44.3123,-18.93699],[-44.31303,-18.93628],[-44.31317,-18.93533],[-44.31276,-18.93223],[-44.31246,-18.93183],[-44.31153,-18.93217],[-44.30884,-18.93218],[-44.30745,-18.93256],[-44.30699,-18.93246],[-44.30664,-18.93215],[-44.30623,-18.93126],[-44.30539,-18.92854],[-44.30549,-18.92755],[-44.30589,-18.92664],[-44.30737,-18.9249],[-44.30729,-18.92395],[-44.30793,-18.9226],[-44.30841,-18.92252],[-44.3092,-18.923],[-44.31061,-18.92241],[-44.31208,-18.92244],[-44.31251,-18.92209],[-44.31259,-18.92165],[-44.31209,-18.92028],[-44.31014,-18.91895],[-44.3098,-18.91804],[-44.30952,-18.91765],[-44.30906,-18.91764],[-44.30895,-18.91719],[-44.30891,-18.91574],[-44.30969,-18.91286],[-44.30954,-18.9119],[-44.31008,-18.91055],[-44.31029,-18.90858],[-44.31007,-18.90619],[-44.31038,-18.90517],[-44.31015,-18.90476],[-44.30966,-18.90475],[-44.30927,-18.90451],[-44.30931,-18.90407],[-44.30989,-18.90323],[-44.31037,-18.90181],[-44.31086,-18.90173],[-44.31129,-18.90257],[-44.31166,-18.90288],[-44.31212,-18.90289],[-44.3125,-18.90263],[-44.31259,-18.90216],[-44.31299,-18.90195],[-44.31385,-18.90229],[-44.31418,-18.90198],[-44.31473,-18.901],[-44.31516,-18.90074],[-44.31458,-18.89939],[-44.31435,-18.89809],[-44.31483,-18.89789],[-44.31499,-18.89747],[-44.31435,-18.89562],[-44.31321,-18.89473],[-44.31285,-18.89557],[-44.31289,-18.89605],[-44.31246,-18.89632],[-44.31153,-18.89526],[-44.31189,-18.89438],[-44.31176,-18.8939],[-44.30982,-18.89365],[-44.30953,-18.89214],[-44.30986,-18.89128],[-44.31082,-18.89102],[-44.31183,-18.89],[-44.31187,-18.88954],[-44.31129,-18.8888],[-44.31118,-18.88836],[-44.31129,-18.8879],[-44.31176,-18.88743],[-44.31097,-18.88542],[-44.31172,-18.88365],[-44.3117,-18.88319],[-44.31259,-18.88146],[-44.31299,-18.88171],[-44.31303,-18.88219],[-44.31356,-18.88215],[-44.31434,-18.88096],[-44.31433,-18.88049],[-44.31398,-18.87848],[-44.31355,-18.87865],[-44.3117,-18.87824],[-44.31087,-18.87711],[-44.31078,-18.87663],[-44.31121,-18.8757],[-44.31123,-18.87326],[-44.31089,-18.87297],[-44.31067,-18.87382],[-44.31019,-18.87381],[-44.30979,-18.87353],[-44.30885,-18.87357],[-44.30818,-18.87233],[-44.30674,-18.87188],[-44.3065,-18.87099],[-44.30592,-18.87015],[-44.3041,-18.86769],[-44.30303,-18.86669],[-44.30201,-18.86648],[-44.3011,-18.86669],[-44.30005,-18.86665],[-44.29924,-18.86543],[-44.29873,-18.86519],[-44.29779,-18.86538],[-44.29735,-18.86518],[-44.29621,-18.86346],[-44.29463,-18.86169],[-44.29407,-18.85917],[-44.29377,-18.85872],[-44.29333,-18.85843],[-44.29284,-18.85851],[-44.29158,-18.86057],[-44.2907,-18.86117],[-44.29017,-18.86123],[-44.2897,-18.86099],[-44.28965,-18.85918],[-44.28935,-18.85884],[-44.28879,-18.8589],[-44.28798,-18.85938],[-44.28759,-18.85902],[-44.28761,-18.85813],[-44.28722,-18.85728],[-44.28723,-18.85685],[-44.28621,-18.85577],[-44.2853,-18.85545],[-44.28414,-18.85463],[-44.28404,-18.85371],[-44.28358,-18.85354],[-44.28328,-18.85318],[-44.28262,-18.85078],[-44.28293,-18.85033],[-44.28296,-18.84989],[-44.28153,-18.84972],[-44.28035,-18.84738],[-44.27963,-18.84678],[-44.27902,-18.84595],[-44.27821,-18.84548],[-44.27787,-18.84453],[-44.27811,-18.84215],[-44.27747,-18.84028],[-44.27586,-18.83899],[-44.2757,-18.83851],[-44.27609,-18.83762],[-44.27588,-18.83721],[-44.27561,-18.83683],[-44.27512,-18.83675],[-44.27515,-18.83765],[-44.27467,-18.8378],[-44.27427,-18.83753],[-44.27347,-18.83585],[-44.2738,-18.83552],[-44.27334,-18.83466],[-44.27286,-18.83476],[-44.27191,-18.83446],[-44.27128,-18.83365],[-44.2704,-18.83331],[-44.27017,-18.83292],[-44.26994,-18.83249],[-44.27007,-18.832],[-44.26972,-18.83169],[-44.26997,-18.83129],[-44.27043,-18.83119],[-44.27074,-18.83086],[-44.27084,-18.83037],[-44.27036,-18.82956],[-44.2705,-18.82865],[-44.27073,-18.82823],[-44.27161,-18.82786],[-44.2716,-18.82738],[-44.27076,-18.82515],[-44.26988,-18.82489],[-44.26846,-18.82507],[-44.268,-18.82425],[-44.26846,-18.82346],[-44.26854,-18.823],[-44.26834,-18.82256],[-44.26846,-18.82201],[-44.26908,-18.82075],[-44.26869,-18.82048],[-44.26811,-18.82054],[-44.26795,-18.82009],[-44.26878,-18.81884],[-44.2696,-18.8171],[-44.27051,-18.81686],[-44.27183,-18.81558],[-44.27231,-18.8155],[-44.27352,-18.81469],[-44.27503,-18.81432],[-44.27624,-18.81339],[-44.27669,-18.81331],[-44.27858,-18.81411],[-44.2791,-18.81553],[-44.2794,-18.81586],[-44.28076,-18.81601],[-44.28202,-18.81522],[-44.28367,-18.81609],[-44.28511,-18.81654],[-44.28557,-18.8165],[-44.28658,-18.8174],[-44.2882,-18.81645],[-44.2906,-18.81662],[-44.29364,-18.81559],[-44.29668,-18.81537],[-44.29809,-18.8148],[-44.2992,-18.81383],[-44.30058,-18.81315],[-44.3009,-18.81263],[-44.30101,-18.81219],[-44.30075,-18.81084],[-44.29994,-18.80962],[-44.29773,-18.80756],[-44.29577,-18.80671],[-44.29353,-18.80641],[-44.29299,-18.80617],[-44.28916,-18.80335],[-44.28739,-18.80321],[-44.28636,-18.80356],[-44.28326,-18.80581],[-44.28222,-18.80572],[-44.28073,-18.8051],[-44.27951,-18.80497],[-44.27912,-18.80473],[-44.27712,-18.80326],[-44.27584,-18.80164],[-44.27509,-18.80106],[-44.26995,-18.80035],[-44.26897,-18.79989],[-44.26629,-18.79786],[-44.26532,-18.79771],[-44.26361,-18.79782],[-44.2604,-18.79899],[-44.25975,-18.79901],[-44.25875,-18.79869],[-44.25637,-18.79673],[-44.25512,-18.79621],[-44.25305,-18.79629],[-44.2506,-18.79711],[-44.24933,-18.79733],[-44.24836,-18.79734],[-44.2479,-18.79712],[-44.24673,-18.79618],[-44.2449,-18.79374],[-44.2434,-18.7922],[-44.24253,-18.79155],[-44.24089,-18.79086],[-44.23897,-18.79043],[-44.23799,-18.78992],[-44.2372,-18.78932],[-44.23649,-18.78831],[-44.2362,-18.78742],[-44.23605,-18.78553],[-44.23635,-18.78184],[-44.23667,-18.78036],[-44.23673,-18.77764],[-44.2363,-18.77544],[-44.23565,-18.77396],[-44.23077,-18.76981],[-44.22828,-18.76835],[-44.22711,-18.76797],[-44.22486,-18.7678],[-44.22153,-18.76794],[-44.21967,-18.76727],[-44.21923,-18.76639],[-44.21916,-18.7654],[-44.2189,-18.76485],[-44.21705,-18.76294],[-44.21627,-18.7617],[-44.21436,-18.75779],[-44.21351,-18.75507],[-44.21276,-18.75164],[-44.21066,-18.74859],[-44.20926,-18.7471],[-44.2084,-18.74651],[-44.20656,-18.74628],[-44.2044,-18.74521],[-44.20345,-18.74516],[-44.20125,-18.74582],[-44.20037,-18.74557],[-44.19909,-18.74475],[-44.19802,-18.74457],[-44.19648,-18.74484],[-44.19493,-18.74555],[-44.19233,-18.74753],[-44.19043,-18.75039],[-44.18922,-18.7528],[-44.18547,-18.75587],[-44.1845,-18.75566],[-44.18153,-18.75348],[-44.18014,-18.75299],[-44.17855,-18.75306],[-44.17616,-18.754],[-44.17201,-18.75611],[-44.16804,-18.75925],[-44.16671,-18.75975],[-44.16516,-18.76163],[-44.16473,-18.76181],[-44.1629,-18.76188],[-44.16156,-18.7624],[-44.15991,-18.76371],[-44.1589,-18.76479],[-44.15751,-18.76683],[-44.15757,-18.76982],[-44.15849,-18.77302],[-44.15852,-18.77415],[-44.15838,-18.77521],[-44.15748,-18.77759],[-44.15732,-18.77865],[-44.15724,-18.78098],[-44.15754,-18.78375],[-44.15732,-18.78429],[-44.15568,-18.78553],[-44.15263,-18.78614],[-44.15106,-18.78623],[-44.14975,-18.78677],[-44.148,-18.78797],[-44.14304,-18.79035],[-44.14168,-18.7918],[-44.14159,-18.79223],[-44.14185,-18.79276],[-44.14329,-18.79341],[-44.14488,-18.79459],[-44.14676,-18.79551],[-44.14795,-18.7964],[-44.14902,-18.79759],[-44.14994,-18.79899],[-44.15068,-18.8022],[-44.1517,-18.80383],[-44.15297,-18.80359],[-44.15322,-18.80327],[-44.15356,-18.80331],[-44.15351,-18.80408],[-44.15378,-18.80413],[-44.15361,-18.80445],[-44.15413,-18.80443],[-44.15456,-18.80475],[-44.15452,-18.80523],[-44.15494,-18.80517],[-44.15508,-18.80543],[-44.15466,-18.80579],[-44.15469,-18.80603],[-44.15503,-18.80644],[-44.15503,-18.80682],[-44.15558,-18.80695],[-44.15536,-18.80747],[-44.1558,-18.80842],[-44.15579,-18.80916],[-44.15621,-18.80938],[-44.15608,-18.80972],[-44.15624,-18.80998],[-44.15862,-18.81141],[-44.1592,-18.81253],[-44.15955,-18.81271],[-44.15876,-18.81338],[-44.15838,-18.81491],[-44.15759,-18.81576],[-44.15538,-18.81592],[-44.15027,-18.80831],[-44.14858,-18.80957],[-44.1479,-18.81044],[-44.14752,-18.81151],[-44.14655,-18.81649],[-44.14565,-18.8169],[-44.14474,-18.81654],[-44.14183,-18.81387],[-44.13915,-18.81229],[-44.13583,-18.80952],[-44.13381,-18.80888],[-44.13011,-18.80914],[-44.12909,-18.80972],[-44.12851,-18.81059],[-44.1283,-18.81243],[-44.12883,-18.81412],[-44.12909,-18.81453],[-44.13153,-18.81626],[-44.13406,-18.81755],[-44.13488,-18.81822],[-44.14037,-18.82093],[-44.1421,-18.82239],[-44.14298,-18.8242],[-44.14318,-18.8262],[-44.14176,-18.82875],[-44.14029,-18.82987],[-44.13657,-18.8317],[-44.1358,-18.83245],[-44.1348,-18.83303],[-44.13381,-18.83336],[-44.13119,-18.83375],[-44.12956,-18.83351],[-44.12733,-18.83228],[-44.1236,-18.82953],[-44.12186,-18.82886],[-44.12079,-18.82882],[-44.11965,-18.82938],[-44.1187,-18.83011],[-44.11662,-18.83236],[-44.10991,-18.83638],[-44.10914,-18.83711],[-44.10871,-18.83814],[-44.10919,-18.84326],[-44.10955,-18.84481],[-44.11011,-18.8457],[-44.1122,-18.84772],[-44.11362,-18.84825],[-44.11518,-18.84775],[-44.11822,-18.84597],[-44.11977,-18.8454],[-44.12086,-18.84539],[-44.12293,-18.84578],[-44.12466,-18.8455],[-44.12507,-18.84528],[-44.12738,-18.84262],[-44.12841,-18.84222],[-44.13494,-18.84136],[-44.1374,-18.84194],[-44.13817,-18.84268],[-44.13845,-18.84376],[-44.13826,-18.84572],[-44.13621,-18.85093],[-44.13626,-18.85252],[-44.13692,-18.85531],[-44.13668,-18.85638],[-44.13583,-18.85713],[-44.13475,-18.85735],[-44.13308,-18.85714],[-44.12848,-18.85721],[-44.12599,-18.85806],[-44.12433,-18.8582],[-44.12046,-18.85738],[-44.11563,-18.85684],[-44.11446,-18.85654],[-44.11301,-18.85575],[-44.10853,-18.8506],[-44.10708,-18.84971],[-44.10606,-18.84944],[-44.10462,-18.84987],[-44.1039,-18.85109],[-44.10231,-18.85629],[-44.10223,-18.85859],[-44.10343,-18.86079],[-44.1051,-18.86229],[-44.10699,-18.86326],[-44.10994,-18.86403],[-44.11294,-18.8643],[-44.11682,-18.8636],[-44.11834,-18.8628],[-44.11971,-18.86159],[-44.121,-18.86091],[-44.12206,-18.86097],[-44.12468,-18.86215],[-44.12491,-18.86253],[-44.12499,-18.8635],[-44.12442,-18.86476],[-44.12357,-18.86524],[-44.12061,-18.86578],[-44.11906,-18.86653],[-44.11618,-18.86847],[-44.1153,-18.86976],[-44.11523,-18.87068],[-44.116,-18.87133],[-44.11661,-18.87143],[-44.11898,-18.87063],[-44.12063,-18.8708],[-44.12599,-18.87395],[-44.13257,-18.8796],[-44.1337,-18.88107],[-44.13383,-18.8815],[-44.13385,-18.88288],[-44.13356,-18.8845],[-44.13361,-18.88625],[-44.13456,-18.88904],[-44.1357,-18.8899],[-44.13633,-18.89012],[-44.1374,-18.89011],[-44.13835,-18.88972],[-44.13886,-18.88971],[-44.13926,-18.89009],[-44.13942,-18.89068],[-44.13887,-18.89355],[-44.13851,-18.89446],[-44.13741,-18.89481],[-44.13598,-18.89473],[-44.13487,-18.89492],[-44.13253,-18.89567],[-44.13134,-18.89575],[-44.1302,-18.89557],[-44.12887,-18.8948],[-44.12745,-18.89348],[-44.12543,-18.89052],[-44.12452,-18.88997],[-44.12389,-18.88989],[-44.12242,-18.89011],[-44.12034,-18.89097],[-44.11899,-18.89202],[-44.11691,-18.8944],[-44.11565,-18.89529],[-44.11408,-18.89607],[-44.11188,-18.89617],[-44.11041,-18.89565],[-44.10663,-18.89361],[-44.10118,-18.89267],[-44.0984,-18.89274],[-44.09694,-18.89299],[-44.0949,-18.89383],[-44.09294,-18.89526],[-44.09244,-18.89578],[-44.09229,-18.89627],[-44.09223,-18.89673],[-44.09244,-18.89723],[-44.09375,-18.89904],[-44.09645,-18.90129],[-44.10049,-18.90312],[-44.10605,-18.90385],[-44.1088,-18.90498],[-44.11319,-18.90728],[-44.11409,-18.90818],[-44.11479,-18.90977],[-44.11524,-18.91443],[-44.11484,-18.91723],[-44.1143,-18.91867],[-44.11298,-18.91986],[-44.11189,-18.92009],[-44.11101,-18.91972],[-44.10701,-18.91423],[-44.10448,-18.91202],[-44.10294,-18.91146],[-44.10185,-18.91165],[-44.09942,-18.91298],[-44.099,-18.91334],[-44.09817,-18.91481],[-44.09714,-18.91603],[-44.09621,-18.9164],[-44.09461,-18.9164],[-44.09342,-18.91615],[-44.08934,-18.91644],[-44.08752,-18.91552],[-44.08572,-18.91426],[-44.08394,-18.91219],[-44.08296,-18.91164],[-44.08196,-18.91136],[-44.08085,-18.91146],[-44.0786,-18.91258],[-44.07549,-18.91379],[-44.07469,-18.91431],[-44.07413,-18.91511],[-44.0745,-18.91628],[-44.07513,-18.91702],[-44.07663,-18.91795],[-44.07867,-18.91978],[-44.08275,-18.92292],[-44.08724,-18.92603],[-44.08823,-18.9258],[-44.09064,-18.92378],[-44.09763,-18.92127],[-44.09935,-18.9198],[-44.10035,-18.91984],[-44.10109,-18.92047],[-44.10128,-18.92104],[-44.10152,-18.92354],[-44.10108,-18.92599],[-44.0992,-18.92977],[-44.09863,-18.93239],[-44.09854,-18.93292],[-44.09875,-18.934],[-44.09948,-18.93527],[-44.09995,-18.93542],[-44.10093,-18.93514],[-44.10196,-18.93548],[-44.1054,-18.93571],[-44.10684,-18.93602],[-44.10959,-18.93749],[-44.11152,-18.93802],[-44.11303,-18.93867],[-44.11481,-18.93986],[-44.11723,-18.94058],[-44.11793,-18.94128],[-44.11863,-18.94317],[-44.1205,-18.94554],[-44.12417,-18.94618],[-44.12484,-18.94678],[-44.12532,-18.94774],[-44.12579,-18.94787],[-44.12665,-18.94681],[-44.12758,-18.94727],[-44.12804,-18.94716],[-44.12817,-18.9467],[-44.12802,-18.94576],[-44.12843,-18.94552],[-44.1304,-18.94597],[-44.13089,-18.94626],[-44.13135,-18.94765],[-44.13169,-18.94796],[-44.13216,-18.94804],[-44.1341,-18.94758],[-44.13479,-18.94692],[-44.13567,-18.94657],[-44.1359,-18.94698],[-44.13537,-18.94877],[-44.13614,-18.95121],[-44.13703,-18.95171],[-44.1394,-18.95177],[-44.13958,-18.95135],[-44.1394,-18.95092],[-44.14079,-18.9495],[-44.14116,-18.94979],[-44.14132,-18.95024],[-44.14176,-18.95046],[-44.14236,-18.94955],[-44.1433,-18.94943],[-44.14421,-18.94892],[-44.14646,-18.9508],[-44.14664,-18.95169],[-44.14635,-18.95255],[-44.14649,-18.95347],[-44.14621,-18.95385],[-44.14644,-18.95423],[-44.1469,-18.95417],[-44.14796,-18.95465],[-44.14888,-18.9547],[-44.15016,-18.95538],[-44.15022,-18.95584],[-44.15059,-18.95617],[-44.15105,-18.9562],[-44.15191,-18.95574],[-44.15237,-18.95578],[-44.15245,-18.95621],[-44.15225,-18.95663],[-44.15255,-18.95699],[-44.15385,-18.9576],[-44.15484,-18.95765],[-44.15527,-18.95743],[-44.15506,-18.95608],[-44.15651,-18.95574],[-44.15697,-18.9549],[-44.15742,-18.9547],[-44.15755,-18.95426],[-44.15705,-18.9528],[-44.15761,-18.95143],[-44.15855,-18.95106],[-44.15928,-18.95048],[-44.16016,-18.95074],[-44.16218,-18.9502],[-44.16355,-18.95067],[-44.16443,-18.95035],[-44.16487,-18.9505],[-44.16535,-18.95035],[-44.16572,-18.95064],[-44.16621,-18.95067],[-44.16681,-18.94992],[-44.16752,-18.95073],[-44.16846,-18.95089],[-44.169,-18.95009],[-44.16994,-18.94995],[-44.17042,-18.95005],[-44.17051,-18.95051],[-44.1709,-18.95075],[-44.1715,-18.94956],[-44.17193,-18.94939],[-44.17239,-18.94947],[-44.17344,-18.95046],[-44.17392,-18.95035],[-44.17473,-18.94989],[-44.17523,-18.94983],[-44.17534,-18.94935],[-44.17516,-18.94891],[-44.17578,-18.94765],[-44.17615,-18.94737],[-44.17709,-18.94727],[-44.17754,-18.94747],[-44.17797,-18.94831],[-44.17863,-18.94762],[-44.17906,-18.94667],[-44.17954,-18.94663],[-44.17982,-18.94628],[-44.17994,-18.94536],[-44.18072,-18.94476],[-44.18121,-18.94475],[-44.18158,-18.94504],[-44.18302,-18.94484],[-44.18479,-18.94562],[-44.18676,-18.94596],[-44.1875,-18.94656],[-44.18881,-18.94722],[-44.18924,-18.94808],[-44.18999,-18.94866],[-44.19027,-18.94913],[-44.19033,-18.95056],[-44.18995,-18.95147],[-44.19004,-18.95204],[-44.19055,-18.95293],[-44.19058,-18.95479],[-44.19202,-18.95618],[-44.19387,-18.95733],[-44.19497,-18.95838],[-44.1975,-18.95831],[-44.19851,-18.95882],[-44.19958,-18.95879],[-44.20104,-18.9591],[-44.20325,-18.96125],[-44.20456,-18.96202],[-44.20716,-18.96248],[-44.20911,-18.96111],[-44.21103,-18.96141],[-44.21256,-18.96084],[-44.21419,-18.95709],[-44.21507,-18.9566],[-44.21589,-18.95575],[-44.21716,-18.95185],[-44.21887,-18.95084],[-44.21935,-18.95085],[-44.22098,-18.95106],[-44.22227,-18.9519],[-44.22272,-18.95269],[-44.22449,-18.95849],[-44.22519,-18.95997],[-44.22587,-18.96074],[-44.22623,-18.96155],[-44.22623,-18.96252],[-44.22558,-18.96427],[-44.22557,-18.96473],[-44.22583,-18.96511],[-44.22689,-18.96504],[-44.22829,-18.96426],[-44.23163,-18.9633],[-44.23211,-18.96326],[-44.23302,-18.96368]]]}},{"id":"50","type":"Feature","properties":{"bairro":"Zona rural — Tomás Gonzaga","distrito":"Tomás Gonzaga","regiao":"Tomás Gonzaga","setores":5,"urbano":0},"geometry":{"type":"MultiPolygon","coordinates":[[[[-44.38278,-18.50959],[-44.3742,-18.51119],[-44.37447,-18.51296],[-44.37718,-18.51658],[-44.37175,-18.51865],[-44.37184,-18.51903],[-44.36744,-18.52063],[-44.36447,-18.52265],[-44.36362,-18.52387],[-44.36193,-18.52459],[-44.36464,-18.52754],[-44.36393,-18.52855],[-44.36091,-18.5299],[-44.36024,-18.52977],[-44.35944,-18.53024],[-44.35824,-18.53163],[-44.3558,-18.53138],[-44.35278,-18.53205],[-44.35264,-18.53268],[-44.34951,-18.53669],[-44.33822,-18.53999],[-44.33689,-18.54181],[-44.3352,-18.54367],[-44.33445,-18.54381],[-44.33421,-18.54411],[-44.3344,-18.54508],[-44.31422,-18.54627],[-44.31197,-18.54689],[-44.31393,-18.54371],[-44.31406,-18.54247],[-44.31473,-18.54001],[-44.31639,-18.53607],[-44.31497,-18.52855],[-44.3065,-18.5149],[-44.30641,-18.51393],[-44.30558,-18.51323],[-44.3036,-18.5098],[-44.30337,-18.50428],[-44.30587,-18.50109],[-44.30525,-18.50131],[-44.30458,-18.50107],[-44.30347,-18.50196],[-44.30211,-18.5023],[-44.30154,-18.50276],[-44.30236,-18.50773],[-44.30189,-18.50837],[-44.29805,-18.50995],[-44.29687,-18.50988],[-44.29518,-18.50811],[-44.29322,-18.50417],[-44.29174,-18.50406],[-44.28833,-18.50457],[-44.28751,-18.50538],[-44.28732,-18.50423],[-44.27411,-18.50644],[-44.27227,-18.50524],[-44.27162,-18.50508],[-44.27079,-18.50456],[-44.2706,-18.50387],[-44.27068,-18.50323],[-44.27018,-18.50286],[-44.2689,-18.50229],[-44.26787,-18.50247],[-44.26692,-18.50162],[-44.26538,-18.50266],[-44.2638,-18.5025],[-44.26262,-18.50365],[-44.26237,-18.50433],[-44.26235,-18.50605],[-44.26199,-18.50686],[-44.26077,-18.50845],[-44.2587,-18.51028],[-44.25809,-18.51153],[-44.25711,-18.51232],[-44.25542,-18.51254],[-44.25396,-18.51391],[-44.25312,-18.51437],[-44.2513,-18.51469],[-44.25022,-18.51457],[-44.24841,-18.51376],[-44.24636,-18.51397],[-44.24395,-18.5135],[-44.24288,-18.51143],[-44.24228,-18.51085],[-44.24179,-18.51062],[-44.24095,-18.51061],[-44.23843,-18.50934],[-44.23855,-18.5083],[-44.23892,-18.50796],[-44.23881,-18.50693],[-44.23821,-18.50658],[-44.23664,-18.50668],[-44.23617,-18.50599],[-44.2352,-18.50576],[-44.23496,-18.50541],[-44.23509,-18.50472],[-44.23485,-18.50404],[-44.23413,-18.50403],[-44.23328,-18.50437],[-44.23123,-18.50446],[-44.22978,-18.50343],[-44.22472,-18.5027],[-44.22339,-18.50338],[-44.22217,-18.50486],[-44.22096,-18.50554],[-44.22035,-18.50645],[-44.21902,-18.50657],[-44.21854,-18.50598],[-44.21843,-18.5053],[-44.21746,-18.50495],[-44.21735,-18.50449],[-44.21675,-18.50414],[-44.21652,-18.50345],[-44.21458,-18.50332],[-44.21326,-18.50366],[-44.21301,-18.50331],[-44.21302,-18.50263],[-44.21145,-18.50296],[-44.21097,-18.50261],[-44.21024,-18.50295],[-44.21012,-18.5034],[-44.21035,-18.5041],[-44.21011,-18.50432],[-44.20914,-18.50454],[-44.20817,-18.50523],[-44.20708,-18.50511],[-44.20624,-18.50567],[-44.20575,-18.50567],[-44.20516,-18.50474],[-44.20372,-18.50428],[-44.2036,-18.50313],[-44.20277,-18.50289],[-44.20252,-18.50198],[-44.20193,-18.50174],[-44.20157,-18.50105],[-44.20073,-18.50047],[-44.20044,-18.50005],[-44.19924,-18.49971],[-44.19791,-18.49879],[-44.19756,-18.49776],[-44.19684,-18.49731],[-44.1966,-18.49662],[-44.19576,-18.49605],[-44.19492,-18.49479],[-44.19491,-18.49376],[-44.19562,-18.49215],[-44.19635,-18.49158],[-44.19707,-18.49158],[-44.19743,-18.49101],[-44.19754,-18.48872],[-44.19803,-18.48803],[-44.19802,-18.48723],[-44.19886,-18.48631],[-44.19983,-18.48379],[-44.19902,-18.48229],[-44.19789,-18.4824],[-44.19662,-18.48318],[-44.19323,-18.48392],[-44.19042,-18.48548],[-44.18834,-18.48729],[-44.18618,-18.48866],[-44.18444,-18.49051],[-44.18162,-18.4949],[-44.18019,-18.49935],[-44.17935,-18.50026],[-44.17916,-18.50085],[-44.17908,-18.50323],[-44.1795,-18.5061],[-44.18023,-18.5078],[-44.18183,-18.50896],[-44.18657,-18.51081],[-44.1923,-18.51374],[-44.19589,-18.5159],[-44.19975,-18.52002],[-44.20292,-18.52279],[-44.20469,-18.5238],[-44.20957,-18.52551],[-44.21095,-18.52639],[-44.21167,-18.52782],[-44.21152,-18.52928],[-44.21041,-18.53025],[-44.20983,-18.53031],[-44.20755,-18.52987],[-44.20506,-18.52899],[-44.2001,-18.52855],[-44.19764,-18.52767],[-44.19514,-18.52725],[-44.19222,-18.52567],[-44.19118,-18.5249],[-44.18953,-18.52443],[-44.18676,-18.52541],[-44.18176,-18.52782],[-44.1757,-18.52948],[-44.17351,-18.53064],[-44.17286,-18.53146],[-44.1726,-18.53235],[-44.17378,-18.53561],[-44.175,-18.53781],[-44.17583,-18.54122],[-44.1768,-18.54331],[-44.17763,-18.54594],[-44.17819,-18.54852],[-44.17824,-18.55278],[-44.17918,-18.55616],[-44.17941,-18.55908],[-44.1794,-18.5635],[-44.17967,-18.56444],[-44.18052,-18.56555],[-44.18264,-18.56712],[-44.18672,-18.56849],[-44.1887,-18.56857],[-44.19033,-18.56892],[-44.19908,-18.57187],[-44.2024,-18.57233],[-44.20533,-18.5735],[-44.20704,-18.57389],[-44.20996,-18.57402],[-44.21154,-18.57446],[-44.21299,-18.57437],[-44.21363,-18.57463],[-44.21449,-18.57537],[-44.21538,-18.57663],[-44.21617,-18.57733],[-44.21821,-18.58033],[-44.22005,-18.58215],[-44.22279,-18.58339],[-44.22624,-18.58385],[-44.22872,-18.58466],[-44.23141,-18.58468],[-44.23194,-18.58485],[-44.23236,-18.58507],[-44.23293,-18.58728],[-44.23356,-18.588],[-44.23409,-18.58811],[-44.23557,-18.58754],[-44.23606,-18.58762],[-44.23633,-18.58805],[-44.23629,-18.58904],[-44.2374,-18.58981],[-44.23754,-18.59029],[-44.23748,-18.59078],[-44.23679,-18.59202],[-44.23685,-18.59248],[-44.23706,-18.59288],[-44.23794,-18.59337],[-44.24006,-18.59246],[-44.24204,-18.59247],[-44.2424,-18.59214],[-44.24261,-18.59126],[-44.24294,-18.59093],[-44.2434,-18.59085],[-44.24423,-18.59126],[-44.24518,-18.59145],[-44.24569,-18.59238],[-44.24566,-18.59383],[-44.24602,-18.59628],[-44.24572,-18.59663],[-44.24519,-18.59669],[-44.24437,-18.59612],[-44.24392,-18.5962],[-44.24358,-18.59706],[-44.24186,-18.59835],[-44.24153,-18.59884],[-44.24143,-18.60018],[-44.24149,-18.60064],[-44.24181,-18.601],[-44.24228,-18.60117],[-44.24278,-18.60102],[-44.24306,-18.60138],[-44.24399,-18.60117],[-44.24436,-18.60146],[-44.24444,-18.60243],[-44.24325,-18.60393],[-44.24336,-18.60437],[-44.24426,-18.60446],[-44.24507,-18.60407],[-44.246,-18.60457],[-44.2475,-18.60455],[-44.24801,-18.60539],[-44.24884,-18.60585],[-44.2487,-18.60685],[-44.24914,-18.60766],[-44.24913,-18.60813],[-44.24885,-18.6085],[-44.24751,-18.60824],[-44.24711,-18.60848],[-44.24673,-18.60879],[-44.24687,-18.60927],[-44.24731,-18.60953],[-44.24851,-18.60943],[-44.25002,-18.60969],[-44.25055,-18.60963],[-44.25092,-18.60934],[-44.25123,-18.6089],[-44.25091,-18.60709],[-44.25186,-18.60591],[-44.25366,-18.60554],[-44.25566,-18.60599],[-44.25665,-18.60603],[-44.25755,-18.6064],[-44.25817,-18.60772],[-44.25965,-18.60784],[-44.25999,-18.60813],[-44.26027,-18.60854],[-44.26055,-18.60984],[-44.26085,-18.61023],[-44.26137,-18.61044],[-44.26233,-18.61042],[-44.26319,-18.61095],[-44.26456,-18.61139],[-44.26519,-18.61075],[-44.26565,-18.6107],[-44.26609,-18.61094],[-44.26579,-18.61228],[-44.2661,-18.61276],[-44.26665,-18.61272],[-44.26682,-18.61184],[-44.26735,-18.61189],[-44.26797,-18.61254],[-44.2689,-18.61275],[-44.26994,-18.61364],[-44.2709,-18.61345],[-44.27124,-18.61432],[-44.27161,-18.61466],[-44.27205,-18.61483],[-44.27334,-18.61433],[-44.27438,-18.61527],[-44.27545,-18.61533],[-44.2759,-18.61516],[-44.27616,-18.61476],[-44.27622,-18.61382],[-44.27688,-18.61304],[-44.2767,-18.61263],[-44.27523,-18.61281],[-44.27566,-18.61197],[-44.27482,-18.61141],[-44.2747,-18.60953],[-44.27578,-18.6086],[-44.27572,-18.60817],[-44.27505,-18.60749],[-44.27496,-18.60706],[-44.27582,-18.60669],[-44.27684,-18.60696],[-44.27724,-18.6073],[-44.27753,-18.60816],[-44.27792,-18.60843],[-44.27887,-18.60863],[-44.27978,-18.60829],[-44.28091,-18.60724],[-44.28099,-18.60678],[-44.28009,-18.60655],[-44.28043,-18.60576],[-44.27994,-18.60568],[-44.27949,-18.60585],[-44.28033,-18.60413],[-44.28078,-18.60393],[-44.28215,-18.6044],[-44.2826,-18.60423],[-44.28276,-18.60381],[-44.28319,-18.60354],[-44.28364,-18.60348],[-44.28487,-18.60426],[-44.28583,-18.60405],[-44.28632,-18.60422],[-44.28731,-18.60325],[-44.28779,-18.60316],[-44.28792,-18.6036],[-44.28734,-18.60433],[-44.28745,-18.60478],[-44.28788,-18.60452],[-44.28889,-18.60433],[-44.28954,-18.60369],[-44.28998,-18.60389],[-44.29015,-18.60531],[-44.29052,-18.6056],[-44.291,-18.60554],[-44.29183,-18.60508],[-44.29231,-18.60511],[-44.29317,-18.60557],[-44.29461,-18.60528],[-44.29598,-18.60582],[-44.2969,-18.60575],[-44.29698,-18.60531],[-44.29671,-18.60495],[-44.29689,-18.60453],[-44.29772,-18.604],[-44.29753,-18.60357],[-44.29784,-18.60323],[-44.29874,-18.60351],[-44.29909,-18.60382],[-44.29863,-18.60404],[-44.29838,-18.60444],[-44.29877,-18.60471],[-44.29921,-18.60486],[-44.3,-18.60435],[-44.30086,-18.60495],[-44.30141,-18.60496],[-44.30282,-18.60446],[-44.30289,-18.60351],[-44.30337,-18.60334],[-44.30402,-18.60399],[-44.30492,-18.60433],[-44.30508,-18.60479],[-44.30462,-18.60561],[-44.30476,-18.60606],[-44.30555,-18.60666],[-44.30494,-18.60735],[-44.30514,-18.60824],[-44.30476,-18.60866],[-44.3046,-18.60959],[-44.30501,-18.60981],[-44.30527,-18.60941],[-44.30754,-18.60875],[-44.30763,-18.60829],[-44.30733,-18.6074],[-44.30758,-18.60596],[-44.30846,-18.60562],[-44.30924,-18.60504],[-44.30968,-18.60521],[-44.31004,-18.60661],[-44.30997,-18.60751],[-44.31129,-18.60819],[-44.31161,-18.60912],[-44.31198,-18.60948],[-44.31245,-18.60958],[-44.31318,-18.60903],[-44.31284,-18.60819],[-44.3137,-18.6078],[-44.31371,-18.60734],[-44.31337,-18.60647],[-44.31355,-18.60605],[-44.31339,-18.60557],[-44.31369,-18.60524],[-44.3168,-18.60426],[-44.31872,-18.60469],[-44.31953,-18.60594],[-44.31962,-18.60637],[-44.31946,-18.60679],[-44.31858,-18.6073],[-44.31722,-18.6086],[-44.31659,-18.61099],[-44.31672,-18.61191],[-44.31914,-18.61371],[-44.31932,-18.61416],[-44.31887,-18.61454],[-44.31798,-18.61436],[-44.31806,-18.6148],[-44.31848,-18.61508],[-44.31899,-18.61592],[-44.32098,-18.6164],[-44.32178,-18.61702],[-44.32137,-18.61786],[-44.32294,-18.61786],[-44.32349,-18.61769],[-44.32382,-18.6168],[-44.32455,-18.61607],[-44.32563,-18.61604],[-44.32657,-18.61666],[-44.32759,-18.61668],[-44.32844,-18.61617],[-44.32959,-18.616],[-44.33022,-18.61527],[-44.33145,-18.61438],[-44.33294,-18.61407],[-44.33441,-18.61405],[-44.33511,-18.61463],[-44.33634,-18.61717],[-44.33684,-18.61852],[-44.33689,-18.61999],[-44.33709,-18.62042],[-44.33959,-18.6192],[-44.34056,-18.61931],[-44.34032,-18.62075],[-44.34059,-18.62111],[-44.34105,-18.62114],[-44.34148,-18.62097],[-44.34264,-18.61921],[-44.34411,-18.61915],[-44.34494,-18.6203],[-44.34499,-18.62126],[-44.34537,-18.62155],[-44.3468,-18.62172],[-44.34688,-18.62126],[-44.34622,-18.62042],[-44.34633,-18.61998],[-44.34682,-18.62004],[-44.34756,-18.62059],[-44.34827,-18.62],[-44.34914,-18.6211],[-44.3496,-18.621],[-44.34974,-18.62019],[-44.3502,-18.61992],[-44.35061,-18.62017],[-44.35123,-18.62146],[-44.35165,-18.62166],[-44.3521,-18.62146],[-44.35338,-18.6205],[-44.35468,-18.62125],[-44.35546,-18.62245],[-44.35929,-18.62184],[-44.35969,-18.62155],[-44.35973,-18.62067],[-44.36019,-18.62055],[-44.36065,-18.62132],[-44.36084,-18.62221],[-44.36119,-18.6225],[-44.36253,-18.62209],[-44.36353,-18.62239],[-44.36428,-18.62168],[-44.36474,-18.62162],[-44.36571,-18.62175],[-44.36613,-18.62204],[-44.36668,-18.62196],[-44.36741,-18.62138],[-44.36885,-18.62102],[-44.36927,-18.62129],[-44.3698,-18.62208],[-44.37063,-18.62247],[-44.37163,-18.6226],[-44.3723,-18.62332],[-44.37279,-18.62349],[-44.37327,-18.62339],[-44.37369,-18.62367],[-44.37373,-18.62416],[-44.37327,-18.62422],[-44.37299,-18.62512],[-44.37354,-18.62672],[-44.37259,-18.62718],[-44.37191,-18.62789],[-44.37209,-18.62832],[-44.3726,-18.62842],[-44.37271,-18.62888],[-44.37159,-18.62993],[-44.3715,-18.63041],[-44.37206,-18.6312],[-44.372,-18.63167],[-44.37149,-18.6317],[-44.37069,-18.63225],[-44.37063,-18.63276],[-44.3714,-18.63334],[-44.37132,-18.63378],[-44.37089,-18.634],[-44.37082,-18.63492],[-44.3716,-18.63444],[-44.37254,-18.63439],[-44.37342,-18.63393],[-44.37363,-18.6353],[-44.37457,-18.63507],[-44.37545,-18.63548],[-44.37638,-18.63518],[-44.37682,-18.63535],[-44.37758,-18.63467],[-44.37797,-18.63498],[-44.37808,-18.63541],[-44.37845,-18.6358],[-44.37989,-18.63541],[-44.38033,-18.63556],[-44.38035,-18.63604],[-44.38176,-18.63575],[-44.38264,-18.63681],[-44.3832,-18.63679],[-44.38375,-18.63756],[-44.38424,-18.63761],[-44.38461,-18.6379],[-44.38454,-18.63885],[-44.38484,-18.63923],[-44.38579,-18.6396],[-44.38728,-18.63923],[-44.38849,-18.63998],[-44.38895,-18.64002],[-44.38983,-18.64048],[-44.39084,-18.64038],[-44.39173,-18.63932],[-44.39217,-18.63954],[-44.39221,-18.64085],[-44.39298,-18.64149],[-44.39346,-18.64146],[-44.39379,-18.64113],[-44.39404,-18.64068],[-44.39418,-18.63973],[-44.39446,-18.63933],[-44.39494,-18.63939],[-44.39532,-18.63972],[-44.39488,-18.64054],[-44.39497,-18.64105],[-44.39527,-18.64138],[-44.39685,-18.64185],[-44.39843,-18.64291],[-44.39932,-18.64268],[-44.39983,-18.64285],[-44.40034,-18.64276],[-44.40173,-18.64321],[-44.40307,-18.64285],[-44.40325,-18.64238],[-44.40363,-18.64212],[-44.40453,-18.64246],[-44.40542,-18.6423],[-44.40574,-18.64261],[-44.40478,-18.64363],[-44.40516,-18.64394],[-44.40648,-18.64471],[-44.40744,-18.64436],[-44.40924,-18.64479],[-44.4124,-18.64786],[-44.41291,-18.64792],[-44.41326,-18.64761],[-44.41355,-18.64661],[-44.41446,-18.64557],[-44.41492,-18.64558],[-44.41503,-18.64602],[-44.4154,-18.64628],[-44.41577,-18.64595],[-44.41646,-18.64469],[-44.41692,-18.64477],[-44.4172,-18.64513],[-44.4182,-18.64537],[-44.41823,-18.64581],[-44.4174,-18.64627],[-44.41784,-18.64707],[-44.41836,-18.64744],[-44.41884,-18.64738],[-44.41942,-18.64663],[-44.42123,-18.64736],[-44.42222,-18.6474],[-44.4231,-18.64775],[-44.42254,-18.64852],[-44.42291,-18.64939],[-44.42315,-18.65083],[-44.42443,-18.65236],[-44.42544,-18.65238],[-44.42639,-18.6527],[-44.42594,-18.65352],[-44.42688,-18.65354],[-44.42735,-18.65332],[-44.42763,-18.65289],[-44.42732,-18.65046],[-44.42815,-18.6494],[-44.42796,-18.64851],[-44.42843,-18.64663],[-44.42873,-18.64628],[-44.42924,-18.64622],[-44.42944,-18.64665],[-44.42924,-18.64799],[-44.43117,-18.64927],[-44.43132,-18.64883],[-44.43117,-18.6484],[-44.43142,-18.64795],[-44.43187,-18.64787],[-44.43273,-18.64824],[-44.4337,-18.64819],[-44.43442,-18.64884],[-44.43493,-18.64891],[-44.43523,-18.64858],[-44.43497,-18.64714],[-44.4353,-18.64614],[-44.43575,-18.64592],[-44.43624,-18.64607],[-44.43669,-18.64585],[-44.43708,-18.64446],[-44.43794,-18.64489],[-44.43832,-18.64396],[-44.43958,-18.64471],[-44.44148,-18.64442],[-44.44157,-18.64486],[-44.44194,-18.64519],[-44.44334,-18.64513],[-44.44389,-18.64491],[-44.44461,-18.64422],[-44.44505,-18.64437],[-44.44489,-18.64532],[-44.445,-18.6458],[-44.44457,-18.64664],[-44.44463,-18.64717],[-44.44558,-18.6474],[-44.44593,-18.64775],[-44.44646,-18.64762],[-44.4463,-18.64719],[-44.4465,-18.64677],[-44.44695,-18.64703],[-44.44711,-18.64747],[-44.44753,-18.64725],[-44.44775,-18.64692],[-44.44762,-18.64683],[-44.44822,-18.64612],[-44.4491,-18.64568],[-44.45267,-18.64547],[-44.45508,-18.64506],[-44.45596,-18.64466],[-44.45664,-18.64393],[-44.45753,-18.64232],[-44.45774,-18.64139],[-44.45766,-18.63879],[-44.45784,-18.6377],[-44.45832,-18.63663],[-44.46035,-18.63268],[-44.46093,-18.63188],[-44.4622,-18.63088],[-44.46726,-18.63122],[-44.46916,-18.6311],[-44.47105,-18.63044],[-44.47482,-18.62822],[-44.47732,-18.6276],[-44.48127,-18.62896],[-44.48535,-18.62951],[-44.48716,-18.63022],[-44.48953,-18.62974],[-44.49131,-18.62879],[-44.49272,-18.62741],[-44.49306,-18.62655],[-44.493,-18.62561],[-44.49254,-18.62385],[-44.49287,-18.62304],[-44.49363,-18.62239],[-44.49631,-18.62093],[-44.50092,-18.61921],[-44.50399,-18.61948],[-44.50705,-18.61927],[-44.51407,-18.61783],[-44.51675,-18.61689],[-44.51396,-18.61392],[-44.51261,-18.60873],[-44.51073,-18.60469],[-44.50664,-18.59849],[-44.50568,-18.59615],[-44.50419,-18.59388],[-44.50116,-18.5882],[-44.49936,-18.58557],[-44.4977,-18.58188],[-44.49562,-18.57483],[-44.49485,-18.57259],[-44.49458,-18.57223],[-44.49427,-18.57079],[-44.49339,-18.56969],[-44.49299,-18.56944],[-44.49251,-18.5695],[-44.48927,-18.57098],[-44.48707,-18.5724],[-44.4855,-18.57244],[-44.4832,-18.57124],[-44.47982,-18.56809],[-44.47627,-18.56653],[-44.47423,-18.56401],[-44.47232,-18.56231],[-44.47125,-18.56193],[-44.46715,-18.56234],[-44.46555,-18.56197],[-44.46294,-18.55961],[-44.4598,-18.55815],[-44.45764,-18.55602],[-44.45646,-18.55557],[-44.45117,-18.55598],[-44.44956,-18.55551],[-44.44831,-18.55486],[-44.44738,-18.55376],[-44.44693,-18.55246],[-44.44669,-18.55032],[-44.44693,-18.54782],[-44.44613,-18.5473],[-44.44335,-18.54653],[-44.43878,-18.54374],[-44.43469,-18.54259],[-44.43288,-18.53693],[-44.42803,-18.53245],[-44.41921,-18.52769],[-44.41849,-18.52693],[-44.41766,-18.52681],[-44.417,-18.5264],[-44.41707,-18.52623],[-44.41588,-18.5256],[-44.41525,-18.5247],[-44.41477,-18.52333],[-44.41393,-18.52192],[-44.41249,-18.52064],[-44.41186,-18.51971],[-44.4114,-18.51998],[-44.41198,-18.51862],[-44.41201,-18.51762],[-44.41071,-18.51219],[-44.40977,-18.51251],[-44.40054,-18.51015],[-44.39961,-18.5053],[-44.39936,-18.50544],[-44.3991,-18.50648],[-44.39864,-18.50687],[-44.39843,-18.5077],[-44.39761,-18.50837],[-44.39624,-18.50889],[-44.39579,-18.50893],[-44.3953,-18.50858],[-44.39375,-18.50689],[-44.39375,-18.50655],[-44.39328,-18.50605],[-44.39245,-18.50587],[-44.39171,-18.50649],[-44.38258,-18.50823],[-44.38278,-18.50959]]],[[[-44.30173,-18.31402],[-44.29987,-18.3165],[-44.29944,-18.31666],[-44.29737,-18.31682],[-44.29691,-18.31705],[-44.29424,-18.31739],[-44.29319,-18.31772],[-44.29048,-18.31981],[-44.28858,-18.3201],[-44.28633,-18.32129],[-44.28493,-18.32098],[-44.28329,-18.32118],[-44.28035,-18.32302],[-44.27941,-18.3233],[-44.27893,-18.32335],[-44.27608,-18.32264],[-44.27334,-18.32054],[-44.2719,-18.32023],[-44.27113,-18.32083],[-44.2712,-18.32272],[-44.27084,-18.32376],[-44.2701,-18.32459],[-44.26416,-18.32866],[-44.26165,-18.33017],[-44.26018,-18.33073],[-44.25961,-18.33088],[-44.2565,-18.33053],[-44.25428,-18.33053],[-44.25071,-18.32929],[-44.24893,-18.32912],[-44.24739,-18.32922],[-44.24455,-18.33025],[-44.24328,-18.33134],[-44.24227,-18.33379],[-44.24264,-18.33512],[-44.24323,-18.3359],[-44.24369,-18.33617],[-44.24767,-18.33743],[-44.24895,-18.3376],[-44.25367,-18.33768],[-44.25625,-18.33835],[-44.25847,-18.33852],[-44.26078,-18.33908],[-44.26355,-18.33936],[-44.26696,-18.34055],[-44.26982,-18.34232],[-44.27339,-18.34648],[-44.27371,-18.34742],[-44.27357,-18.34797],[-44.27212,-18.35031],[-44.27166,-18.35599],[-44.27173,-18.35884],[-44.27155,-18.35979],[-44.27124,-18.36041],[-44.27057,-18.3611],[-44.26952,-18.36187],[-44.26755,-18.36285],[-44.26541,-18.36326],[-44.26221,-18.36308],[-44.25961,-18.36344],[-44.25574,-18.36513],[-44.25502,-18.36518],[-44.25273,-18.36441],[-44.25152,-18.36371],[-44.24943,-18.36193],[-44.2481,-18.36116],[-44.24687,-18.36073],[-44.23941,-18.35906],[-44.23654,-18.3586],[-44.23406,-18.35862],[-44.23298,-18.35881],[-44.23099,-18.35956],[-44.22659,-18.36405],[-44.22567,-18.36585],[-44.22536,-18.36687],[-44.22564,-18.36785],[-44.22613,-18.36872],[-44.22656,-18.36902],[-44.22915,-18.37017],[-44.23149,-18.37059],[-44.23654,-18.37042],[-44.2386,-18.37093],[-44.23995,-18.37177],[-44.24232,-18.37265],[-44.25244,-18.37327],[-44.25527,-18.3743],[-44.25595,-18.37499],[-44.256,-18.37549],[-44.25545,-18.37656],[-44.25368,-18.3779],[-44.25304,-18.37871],[-44.25126,-18.38218],[-44.24926,-18.38486],[-44.24773,-18.38616],[-44.24412,-18.38747],[-44.24264,-18.38822],[-44.23867,-18.39197],[-44.23767,-18.39423],[-44.23666,-18.39725],[-44.23602,-18.39843],[-44.23473,-18.39964],[-44.23286,-18.40016],[-44.23018,-18.39979],[-44.22746,-18.39992],[-44.22375,-18.39972],[-44.21857,-18.39996],[-44.21754,-18.40043],[-44.21605,-18.40177],[-44.21467,-18.40339],[-44.21235,-18.40564],[-44.21019,-18.40699],[-44.20868,-18.40753],[-44.20657,-18.40943],[-44.20202,-18.41169],[-44.19679,-18.4126],[-44.19371,-18.41288],[-44.19275,-18.41316],[-44.19143,-18.41421],[-44.19086,-18.41502],[-44.18982,-18.41755],[-44.18725,-18.42141],[-44.18683,-18.42252],[-44.18656,-18.42503],[-44.18681,-18.42652],[-44.18723,-18.42746],[-44.189,-18.43007],[-44.191,-18.43222],[-44.19156,-18.4332],[-44.19208,-18.43508],[-44.19234,-18.43773],[-44.19122,-18.43973],[-44.18645,-18.44503],[-44.18552,-18.4469],[-44.18527,-18.44835],[-44.18575,-18.45187],[-44.18725,-18.45503],[-44.18876,-18.45704],[-44.19028,-18.45844],[-44.19188,-18.4596],[-44.19242,-18.45907],[-44.19356,-18.45935],[-44.195,-18.45903],[-44.19498,-18.45833],[-44.19636,-18.45843],[-44.19656,-18.45724],[-44.19717,-18.4573],[-44.19684,-18.45649],[-44.19704,-18.45531],[-44.19788,-18.45418],[-44.1988,-18.45404],[-44.20053,-18.4524],[-44.20374,-18.45212],[-44.20496,-18.45168],[-44.20838,-18.45125],[-44.21776,-18.44924],[-44.21842,-18.44949],[-44.22022,-18.45066],[-44.22101,-18.45045],[-44.22302,-18.45062],[-44.22442,-18.45022],[-44.22599,-18.45035],[-44.2275,-18.45078],[-44.23059,-18.45082],[-44.23196,-18.45124],[-44.23352,-18.45126],[-44.23432,-18.45144],[-44.23515,-18.45188],[-44.23707,-18.45215],[-44.23901,-18.45336],[-44.2454,-18.45444],[-44.24467,-18.44858],[-44.24536,-18.44714],[-44.24468,-18.44665],[-44.24278,-18.44413],[-44.24304,-18.44269],[-44.24313,-18.43899],[-44.24519,-18.43702],[-44.24651,-18.43621],[-44.24763,-18.43382],[-44.24861,-18.43388],[-44.24852,-18.43612],[-44.2497,-18.43808],[-44.25031,-18.44141],[-44.25072,-18.44197],[-44.25182,-18.44154],[-44.25279,-18.44154],[-44.25311,-18.44057],[-44.25449,-18.43904],[-44.25466,-18.43704],[-44.25447,-18.43485],[-44.2556,-18.43493],[-44.25607,-18.43926],[-44.25439,-18.44083],[-44.25382,-18.442],[-44.25509,-18.44242],[-44.25834,-18.44172],[-44.26129,-18.44186],[-44.26043,-18.44373],[-44.25753,-18.44664],[-44.25741,-18.45329],[-44.25908,-18.45191],[-44.25993,-18.45192],[-44.26149,-18.45123],[-44.26221,-18.45123],[-44.26461,-18.45192],[-44.26568,-18.45283],[-44.26737,-18.4534],[-44.26798,-18.45455],[-44.26869,-18.45512],[-44.26953,-18.45523],[-44.27001,-18.45489],[-44.27014,-18.45409],[-44.27073,-18.45409],[-44.27182,-18.45558],[-44.27446,-18.45649],[-44.27566,-18.45775],[-44.27626,-18.45774],[-44.27687,-18.45706],[-44.27854,-18.45661],[-44.27974,-18.45523],[-44.28119,-18.45465],[-44.2819,-18.45363],[-44.28226,-18.45225],[-44.28369,-18.45133],[-44.28441,-18.45053],[-44.28526,-18.4503],[-44.28633,-18.45075],[-44.28921,-18.4535],[-44.28947,-18.45395],[-44.28947,-18.45522],[-44.28983,-18.45591],[-44.28995,-18.45729],[-44.29272,-18.46015],[-44.29344,-18.46038],[-44.29416,-18.46026],[-44.295,-18.4613],[-44.29585,-18.46164],[-44.29752,-18.46106],[-44.29872,-18.46013],[-44.29968,-18.46015],[-44.30112,-18.46141],[-44.30305,-18.46232],[-44.30388,-18.4621],[-44.30424,-18.46106],[-44.30472,-18.46072],[-44.30595,-18.46081],[-44.30749,-18.45185],[-44.30811,-18.44702],[-44.30825,-18.44437],[-44.30855,-18.44391],[-44.31302,-18.44294],[-44.31421,-18.44187],[-44.3168,-18.44067],[-44.31802,-18.4398],[-44.31693,-18.43852],[-44.31652,-18.43826],[-44.31625,-18.43845],[-44.31331,-18.43652],[-44.31304,-18.43588],[-44.31317,-18.43541],[-44.31301,-18.43497],[-44.31437,-18.43514],[-44.31445,-18.43501],[-44.31462,-18.43505],[-44.3145,-18.43526],[-44.31464,-18.43537],[-44.31487,-18.43512],[-44.31516,-18.43555],[-44.31569,-18.43539],[-44.31598,-18.43564],[-44.31666,-18.43521],[-44.3171,-18.43596],[-44.31835,-18.43544],[-44.31896,-18.43548],[-44.31896,-18.43603],[-44.31973,-18.43553],[-44.32019,-18.43601],[-44.32069,-18.43598],[-44.32116,-18.43626],[-44.32246,-18.43571],[-44.32276,-18.43603],[-44.32303,-18.43603],[-44.32307,-18.43573],[-44.32369,-18.43528],[-44.32401,-18.43537],[-44.32426,-18.43551],[-44.32423,-18.43589],[-44.32462,-18.43623],[-44.32446,-18.43641],[-44.32464,-18.43678],[-44.32537,-18.43682],[-44.32564,-18.43732],[-44.32655,-18.43794],[-44.32687,-18.43885],[-44.32712,-18.43905],[-44.3271,-18.43951],[-44.32778,-18.43978],[-44.32808,-18.43969],[-44.32912,-18.44028],[-44.33003,-18.4403],[-44.33094,-18.44098],[-44.32794,-18.44415],[-44.32838,-18.44452],[-44.32999,-18.44525],[-44.33874,-18.4462],[-44.34164,-18.44619],[-44.34271,-18.44598],[-44.3445,-18.44328],[-44.34533,-18.44261],[-44.35689,-18.43743],[-44.36769,-18.43539],[-44.36885,-18.43473],[-44.36938,-18.4342],[-44.37444,-18.42562],[-44.37563,-18.41902],[-44.37595,-18.41802],[-44.38531,-18.40492],[-44.38642,-18.40412],[-44.40229,-18.39554],[-44.40571,-18.39327],[-44.40544,-18.39233],[-44.40468,-18.39151],[-44.40466,-18.39107],[-44.40513,-18.39022],[-44.40522,-18.38932],[-44.40585,-18.3875],[-44.40559,-18.38548],[-44.40604,-18.38421],[-44.40598,-18.38278],[-44.40467,-18.38217],[-44.40373,-18.38234],[-44.40199,-18.38123],[-44.40179,-18.38066],[-44.40198,-18.37971],[-44.40035,-18.37802],[-44.39988,-18.37456],[-44.39888,-18.37229],[-44.3986,-18.37091],[-44.39799,-18.37013],[-44.39753,-18.37011],[-44.39659,-18.37049],[-44.39573,-18.37027],[-44.39523,-18.36834],[-44.39176,-18.36572],[-44.39125,-18.36557],[-44.38991,-18.36608],[-44.38856,-18.36586],[-44.38766,-18.36484],[-44.3876,-18.36435],[-44.3881,-18.36354],[-44.38819,-18.36304],[-44.38795,-18.36265],[-44.38729,-18.36185],[-44.38587,-18.36163],[-44.38509,-18.36108],[-44.38463,-18.36003],[-44.38462,-18.35955],[-44.38535,-18.35763],[-44.38537,-18.35664],[-44.38431,-18.35364],[-44.38367,-18.35298],[-44.38319,-18.35287],[-44.38282,-18.352],[-44.38338,-18.34944],[-44.38392,-18.34861],[-44.38392,-18.34766],[-44.38309,-18.34714],[-44.38263,-18.34719],[-44.38129,-18.34791],[-44.38033,-18.34778],[-44.37696,-18.3454],[-44.37603,-18.3443],[-44.37578,-18.34329],[-44.37625,-18.34168],[-44.37632,-18.34073],[-44.37607,-18.33982],[-44.37546,-18.33915],[-44.37419,-18.33712],[-44.37455,-18.33486],[-44.37453,-18.33435],[-44.37418,-18.33387],[-44.37194,-18.33323],[-44.37039,-18.33209],[-44.36949,-18.33182],[-44.36844,-18.33268],[-44.36807,-18.33358],[-44.36624,-18.33421],[-44.36513,-18.33434],[-44.36475,-18.33459],[-44.3641,-18.33425],[-44.36332,-18.33297],[-44.36286,-18.33279],[-44.36257,-18.33316],[-44.36211,-18.33298],[-44.36201,-18.33255],[-44.36158,-18.33237],[-44.36102,-18.33154],[-44.35902,-18.33179],[-44.35835,-18.33262],[-44.35739,-18.33258],[-44.35698,-18.33233],[-44.3569,-18.33135],[-44.35651,-18.33105],[-44.35603,-18.33094],[-44.35343,-18.33144],[-44.35225,-18.3313],[-44.35046,-18.33048],[-44.34992,-18.3297],[-44.34937,-18.32963],[-44.34878,-18.32893],[-44.34784,-18.32877],[-44.34741,-18.32917],[-44.34754,-18.32963],[-44.34692,-18.33041],[-44.34572,-18.33107],[-44.34475,-18.33077],[-44.3443,-18.33082],[-44.34401,-18.33119],[-44.34414,-18.33163],[-44.34484,-18.33232],[-44.34468,-18.33275],[-44.34305,-18.33376],[-44.34208,-18.33319],[-44.34179,-18.3328],[-44.34158,-18.33181],[-44.33989,-18.33072],[-44.34041,-18.32996],[-44.3405,-18.3283],[-44.34025,-18.32789],[-44.33938,-18.32721],[-44.33924,-18.32574],[-44.3381,-18.32418],[-44.33795,-18.3237],[-44.33807,-18.32322],[-44.3378,-18.32285],[-44.33647,-18.32233],[-44.3362,-18.32197],[-44.33621,-18.3195],[-44.33586,-18.31866],[-44.33458,-18.31765],[-44.33462,-18.31719],[-44.33426,-18.31688],[-44.3337,-18.31681],[-44.33339,-18.31647],[-44.33342,-18.31502],[-44.33269,-18.31431],[-44.33134,-18.31372],[-44.33064,-18.31313],[-44.32972,-18.31291],[-44.32873,-18.31294],[-44.3281,-18.3123],[-44.32851,-18.31204],[-44.32955,-18.3104],[-44.32904,-18.30912],[-44.32787,-18.30761],[-44.32782,-18.30715],[-44.32844,-18.30646],[-44.32928,-18.30601],[-44.33125,-18.30581],[-44.33168,-18.30558],[-44.33218,-18.30482],[-44.33263,-18.30449],[-44.33287,-18.30398],[-44.3326,-18.30311],[-44.33263,-18.30164],[-44.33299,-18.30079],[-44.333,-18.29987],[-44.3335,-18.29906],[-44.33352,-18.29857],[-44.33313,-18.2977],[-44.33289,-18.29536],[-44.3331,-18.29446],[-44.33356,-18.29432],[-44.3328,-18.29299],[-44.33232,-18.29297],[-44.33238,-18.29155],[-44.33191,-18.29019],[-44.33224,-18.28987],[-44.3327,-18.28991],[-44.33311,-18.28968],[-44.33322,-18.2883],[-44.33367,-18.28799],[-44.3339,-18.28707],[-44.33344,-18.28687],[-44.3319,-18.28672],[-44.33149,-18.28583],[-44.33103,-18.28565],[-44.33114,-18.28461],[-44.33077,-18.28379],[-44.32983,-18.28338],[-44.32897,-18.28396],[-44.32798,-18.28408],[-44.32759,-18.28326],[-44.32713,-18.28312],[-44.32677,-18.28345],[-44.32606,-18.28481],[-44.32568,-18.28509],[-44.32508,-18.28519],[-44.3243,-18.28407],[-44.3234,-18.28366],[-44.32333,-18.28322],[-44.32262,-18.28265],[-44.32157,-18.28289],[-44.32118,-18.28262],[-44.32039,-18.28023],[-44.3199,-18.2801],[-44.31902,-18.28038],[-44.31848,-18.27956],[-44.31751,-18.2792],[-44.31743,-18.27814],[-44.31709,-18.27782],[-44.31668,-18.27762],[-44.31567,-18.27769],[-44.31552,-18.27678],[-44.31532,-18.27634],[-44.31501,-18.27619],[-44.31336,-18.27721],[-44.31271,-18.27788],[-44.31005,-18.27907],[-44.30708,-18.28091],[-44.30495,-18.28279],[-44.29793,-18.29165],[-44.29662,-18.2941],[-44.29655,-18.29456],[-44.29681,-18.29592],[-44.29749,-18.29665],[-44.29843,-18.29708],[-44.29952,-18.29799],[-44.30038,-18.29975],[-44.30055,-18.30253],[-44.3004,-18.30483],[-44.30065,-18.30665],[-44.30177,-18.31009],[-44.302,-18.31197],[-44.30173,-18.31402]]]]}}]}