{"type":"FeatureCollection","features":[{"id":"0","type":"Feature","properties":{"bairro":"Agua Limpa Macuco","distrito":"Conselheiro Lafaiete","regiao":"Conselheiro Lafaiete","setores":1,"urbano":0},"geometry":{"type":"Polygon","coordinates":[[[-43.73068,-20.6787],[-43.72826,-20.67751],[-43.72735,-20.67729],[-43.7266,-20.67742],[-43.72576,-20.67727],[-43.72483,-20.67622],[-43.72371,-20.67561],[-43.72248,-20.67583],[-43.72179,-20.67539],[-43.71912,-20.6747],[-43.71751,-20.67368],[-43.71653,-20.67339],[-43.71596,-20.67345],[-43.71387,-20.67441],[-43.71278,-20.67449],[-43.71229,-20.67521],[-43.71171,-20.67516],[-43.7112,-20.67444],[-43.70947,-20.67379],[-43.70905,-20.673],[-43.70849,-20.67268],[-43.70798,-20.67038],[-43.70731,-20.66985],[-43.70749,-20.66847],[-43.70735,-20.66676],[-43.70754,-20.66592],[-43.70596,-20.66494],[-43.7062,-20.66461],[-43.70683,-20.66444],[-43.70774,-20.6649],[-43.70757,-20.66362],[-43.70819,-20.66227],[-43.70947,-20.661],[-43.71014,-20.65936],[-43.70982,-20.65782],[-43.7104,-20.65539],[-43.71088,-20.65448],[-43.71311,-20.65368],[-43.71479,-20.65279],[-43.71532,-20.65037],[-43.7157,-20.65018],[-43.71625,-20.65049],[-43.71703,-20.65168],[-43.71792,-20.65223],[-43.71858,-20.65202],[-43.71941,-20.65146],[-43.71995,-20.65061],[-43.71941,-20.64877],[-43.72018,-20.64854],[-43.72024,-20.6488],[-43.72083,-20.64895],[-43.72056,-20.64948],[-43.72234,-20.65137],[-43.72331,-20.65062],[-43.72393,-20.64931],[-43.72473,-20.64896],[-43.72496,-20.6473],[-43.7255,-20.64699],[-43.72589,-20.64726],[-43.7262,-20.6471],[-43.72699,-20.64599],[-43.72718,-20.64607],[-43.72705,-20.645],[-43.72794,-20.6398],[-43.72786,-20.63939],[-43.72707,-20.63884],[-43.72665,-20.63883],[-43.71988,-20.6405],[-43.71608,-20.64203],[-43.71381,-20.64206],[-43.7099,-20.64095],[-43.70854,-20.64139],[-43.70775,-20.64141],[-43.70713,-20.64179],[-43.70619,-20.64158],[-43.705,-20.6425],[-43.70358,-20.64275],[-43.703,-20.64333],[-43.70227,-20.64365],[-43.702,-20.64456],[-43.7018,-20.6466],[-43.70138,-20.64748],[-43.69935,-20.64909],[-43.69866,-20.65043],[-43.69724,-20.65216],[-43.69649,-20.65348],[-43.69538,-20.65419],[-43.69389,-20.65467],[-43.69231,-20.65616],[-43.69216,-20.65743],[-43.69163,-20.65775],[-43.69144,-20.65818],[-43.69134,-20.65999],[-43.69091,-20.66061],[-43.68897,-20.66196],[-43.68799,-20.66295],[-43.68771,-20.66396],[-43.68773,-20.66548],[-43.68817,-20.66826],[-43.68817,-20.67119],[-43.68942,-20.67263],[-43.6903,-20.67544],[-43.69179,-20.67739],[-43.69238,-20.67915],[-43.69376,-20.68097],[-43.69454,-20.68308],[-43.69452,-20.68357],[-43.69387,-20.685],[-43.69356,-20.6864],[-43.69366,-20.68718],[-43.6947,-20.68956],[-43.69462,-20.69066],[-43.69395,-20.69257],[-43.69411,-20.69481],[-43.69487,-20.69591],[-43.69726,-20.69671],[-43.69784,-20.69715],[-43.69818,-20.6983],[-43.69742,-20.69952],[-43.69728,-20.70106],[-43.69766,-20.70151],[-43.69834,-20.70187],[-43.69898,-20.70314],[-43.69915,-20.70389],[-43.69904,-20.70665],[-43.69837,-20.70811],[-43.69724,-20.70973],[-43.69581,-20.71044],[-43.69509,-20.7111],[-43.693,-20.71158],[-43.69223,-20.7122],[-43.69188,-20.71322],[-43.69202,-20.71677],[-43.69125,-20.71885],[-43.69152,-20.71958],[-43.69204,-20.71982],[-43.69276,-20.71925],[-43.69326,-20.7191],[-43.69419,-20.71821],[-43.69605,-20.71721],[-43.69761,-20.71685],[-43.69754,-20.71594],[-43.69824,-20.71378],[-43.69816,-20.71278],[-43.69835,-20.71194],[-43.69872,-20.71104],[-43.69913,-20.7107],[-43.69945,-20.71055],[-43.70024,-20.71058],[-43.70341,-20.70939],[-43.70651,-20.71024],[-43.70771,-20.71004],[-43.70857,-20.70918],[-43.70923,-20.70783],[-43.71041,-20.70767],[-43.71118,-20.70734],[-43.71212,-20.70406],[-43.71314,-20.70294],[-43.71371,-20.70285],[-43.71513,-20.70335],[-43.71691,-20.70296],[-43.72176,-20.70271],[-43.72522,-20.70146],[-43.72847,-20.70181],[-43.72928,-20.70222],[-43.73104,-20.70241],[-43.73991,-20.70031],[-43.74028,-20.69964],[-43.7422,-20.69846],[-43.74081,-20.69679],[-43.73907,-20.69548],[-43.73874,-20.6945],[-43.73787,-20.69396],[-43.73667,-20.69232],[-43.73503,-20.69166],[-43.73426,-20.68992],[-43.7323,-20.68741],[-43.73211,-20.68643],[-43.73255,-20.68452],[-43.73268,-20.68278],[-43.73299,-20.6825],[-43.73303,-20.68204],[-43.73386,-20.68059],[-43.73379,-20.67988],[-43.73426,-20.68006],[-43.73419,-20.6798],[-43.7346,-20.67978],[-43.73507,-20.67919],[-43.73435,-20.67802],[-43.73329,-20.67784],[-43.73068,-20.6787]]]}},{"id":"1","type":"Feature","properties":{"bairro":"Alvorada","distrito":"Conselheiro Lafaiete","regiao":"Conselheiro Lafaiete","setores":1,"urbano":1},"geometry":{"type":"Polygon","coordinates":[[[-43.80417,-20.66151],[-43.80448,-20.66165],[-43.80502,-20.66046],[-43.80606,-20.66087],[-43.80686,-20.65919],[-43.80642,-20.65796],[-43.80645,-20.65742],[-43.80575,-20.65666],[-43.80468,-20.65629],[-43.80342,-20.65839],[-43.80417,-20.65869],[-43.80399,-20.66073],[-43.80417,-20.66151]]]}},{"id":"2","type":"Feature","properties":{"bairro":"Angelica","distrito":"Conselheiro Lafaiete","regiao":"Conselheiro Lafaiete","setores":4,"urbano":4},"geometry":{"type":"Polygon","coordinates":[[[-43.78338,-20.67017],[-43.78431,-20.67088],[-43.78489,-20.67012],[-43.78597,-20.66936],[-43.78657,-20.66779],[-43.78782,-20.66637],[-43.78827,-20.66547],[-43.78783,-20.66255],[-43.78658,-20.661],[-43.78422,-20.66328],[-43.78464,-20.66353],[-43.78433,-20.66408],[-43.78514,-20.6644],[-43.78467,-20.66548],[-43.78403,-20.66531],[-43.7826,-20.6664],[-43.78541,-20.66733],[-43.78526,-20.66772],[-43.78577,-20.66788],[-43.78545,-20.66853],[-43.78466,-20.66815],[-43.78338,-20.67017]]]}},{"id":"3","type":"Feature","properties":{"bairro":"Arcadia","distrito":"Conselheiro Lafaiete","regiao":"Conselheiro Lafaiete","setores":4,"urbano":4},"geometry":{"type":"Polygon","coordinates":[[[-43.77939,-20.6492],[-43.78197,-20.65263],[-43.78273,-20.65214],[-43.78213,-20.65176],[-43.78116,-20.65043],[-43.7838,-20.64866],[-43.7848,-20.64893],[-43.7858,-20.64856],[-43.78645,-20.64881],[-43.78724,-20.64837],[-43.7872,-20.64798],[-43.7858,-20.64724],[-43.78521,-20.64668],[-43.78404,-20.64638],[-43.78329,-20.64432],[-43.78177,-20.64419],[-43.7815,-20.6439],[-43.7796,-20.64415],[-43.77859,-20.64445],[-43.77688,-20.64535],[-43.77732,-20.64686],[-43.77939,-20.6492]]]}},{"id":"4","type":"Feature","properties":{"bairro":"Areal","distrito":"Conselheiro Lafaiete","regiao":"Conselheiro Lafaiete","setores":2,"urbano":2},"geometry":{"type":"Polygon","coordinates":[[[-43.79814,-20.65799],[-43.79924,-20.65925],[-43.79958,-20.65856],[-43.80002,-20.65892],[-43.79988,-20.65977],[-43.80144,-20.65972],[-43.80203,-20.65996],[-43.80317,-20.65667],[-43.80365,-20.65623],[-43.80418,-20.65608],[-43.80348,-20.65558],[-43.80203,-20.65617],[-43.80186,-20.65523],[-43.80198,-20.6543],[-43.80143,-20.65363],[-43.80093,-20.65407],[-43.80061,-20.65372],[-43.80013,-20.65414],[-43.79968,-20.65367],[-43.79887,-20.65435],[-43.80083,-20.65655],[-43.79887,-20.65691],[-43.79789,-20.65756],[-43.79516,-20.66046],[-43.79566,-20.66067],[-43.79627,-20.65964],[-43.79814,-20.65799]]]}},{"id":"5","type":"Feature","properties":{"bairro":"Barreira","distrito":"Conselheiro Lafaiete","regiao":"Conselheiro Lafaiete","setores":4,"urbano":4},"geometry":{"type":"Polygon","coordinates":[[[-43.81163,-20.64528],[-43.81069,-20.64732],[-43.81194,-20.6481],[-43.81228,-20.64926],[-43.81315,-20.65052],[-43.81462,-20.651],[-43.81463,-20.65156],[-43.81487,-20.65194],[-43.8158,-20.65202],[-43.81654,-20.65242],[-43.81658,-20.65344],[-43.81631,-20.65386],[-43.81557,-20.65437],[-43.8155,-20.65472],[-43.81644,-20.65578],[-43.81722,-20.65573],[-43.81759,-20.65474],[-43.81769,-20.65328],[-43.81738,-20.65212],[-43.81673,-20.65168],[-43.81752,-20.65085],[-43.81792,-20.64755],[-43.81854,-20.64704],[-43.81957,-20.64692],[-43.82017,-20.6464],[-43.81889,-20.64525],[-43.81925,-20.64301],[-43.82097,-20.64225],[-43.82067,-20.6413],[-43.81858,-20.63992],[-43.81568,-20.63936],[-43.81561,-20.63785],[-43.81646,-20.63764],[-43.81657,-20.63711],[-43.81642,-20.63435],[-43.81695,-20.63393],[-43.81939,-20.63568],[-43.82091,-20.6361],[-43.82213,-20.63591],[-43.82241,-20.63561],[-43.82264,-20.63522],[-43.82271,-20.63406],[-43.82166,-20.63287],[-43.81791,-20.6324],[-43.81736,-20.63142],[-43.8165,-20.6318],[-43.81625,-20.63154],[-43.81615,-20.63119],[-43.81712,-20.63082],[-43.81703,-20.63047],[-43.8192,-20.63007],[-43.8196,-20.62915],[-43.81928,-20.62862],[-43.81535,-20.62945],[-43.81497,-20.62926],[-43.81406,-20.62808],[-43.81239,-20.62709],[-43.81155,-20.62694],[-43.81151,-20.62725],[-43.81049,-20.62807],[-43.80937,-20.62861],[-43.81262,-20.63332],[-43.81434,-20.63877],[-43.81396,-20.63987],[-43.81074,-20.64484],[-43.81163,-20.64528]]]}},{"id":"6","type":"Feature","properties":{"bairro":"Bela Vista","distrito":"Conselheiro Lafaiete","regiao":"Conselheiro Lafaiete","setores":1,"urbano":1},"geometry":{"type":"Polygon","coordinates":[[[-43.76351,-20.67414],[-43.76482,-20.6744],[-43.76665,-20.67402],[-43.76668,-20.67327],[-43.76441,-20.67235],[-43.76352,-20.67349],[-43.76351,-20.67414]]]}},{"id":"7","type":"Feature","properties":{"bairro":"Bellavinha","distrito":"Conselheiro Lafaiete","regiao":"Conselheiro Lafaiete","setores":4,"urbano":4},"geometry":{"type":"Polygon","coordinates":[[[-43.77046,-20.64966],[-43.77233,-20.64994],[-43.77308,-20.64936],[-43.77225,-20.64842],[-43.77189,-20.64869],[-43.77173,-20.64847],[-43.77157,-20.64648],[-43.77058,-20.64523],[-43.77103,-20.64535],[-43.77151,-20.64505],[-43.77184,-20.64524],[-43.77304,-20.64666],[-43.77396,-20.64867],[-43.77583,-20.64718],[-43.77481,-20.64625],[-43.77521,-20.64563],[-43.77453,-20.64521],[-43.77191,-20.64282],[-43.7692,-20.64169],[-43.76845,-20.64118],[-43.76725,-20.6427],[-43.76712,-20.64331],[-43.76673,-20.64288],[-43.76662,-20.64296],[-43.76681,-20.64322],[-43.7667,-20.64355],[-43.76686,-20.64396],[-43.76667,-20.64482],[-43.767,-20.64671],[-43.76691,-20.64789],[-43.76992,-20.64887],[-43.77034,-20.64917],[-43.77046,-20.64966]]]}},{"id":"8","type":"Feature","properties":{"bairro":"Bom Pastor","distrito":"Conselheiro Lafaiete","regiao":"Conselheiro Lafaiete","setores":1,"urbano":1},"geometry":{"type":"Polygon","coordinates":[[[-43.7808,-20.68804],[-43.78407,-20.689],[-43.78547,-20.6882],[-43.7851,-20.68805],[-43.78576,-20.68529],[-43.78182,-20.6845],[-43.78199,-20.68569],[-43.7808,-20.68804]]]}},{"id":"9","type":"Feature","properties":{"bairro":"Buarque","distrito":"Buarque de Macedo","regiao":"Buarque de Macedo","setores":2,"urbano":2},"geometry":{"type":"Polygon","coordinates":[[[-43.78059,-20.73508],[-43.78155,-20.73781],[-43.78167,-20.74017],[-43.77959,-20.74292],[-43.77903,-20.74508],[-43.77806,-20.74727],[-43.77904,-20.75186],[-43.77844,-20.75218],[-43.77716,-20.75221],[-43.77629,-20.75275],[-43.77439,-20.75257],[-43.7754,-20.754],[-43.77608,-20.75442],[-43.77646,-20.75859],[-43.77724,-20.75937],[-43.77824,-20.75837],[-43.7794,-20.75796],[-43.78031,-20.75828],[-43.78373,-20.7575],[-43.79105,-20.75662],[-43.79279,-20.75545],[-43.79541,-20.75236],[-43.79605,-20.75184],[-43.79688,-20.75063],[-43.79796,-20.75032],[-43.79919,-20.75033],[-43.79983,-20.74994],[-43.80025,-20.74937],[-43.80126,-20.74628],[-43.80254,-20.74538],[-43.80246,-20.74395],[-43.80282,-20.74155],[-43.80166,-20.74211],[-43.80063,-20.74218],[-43.79967,-20.7415],[-43.7985,-20.73917],[-43.79829,-20.73738],[-43.79632,-20.73208],[-43.79557,-20.72914],[-43.79424,-20.72759],[-43.79267,-20.72385],[-43.7915,-20.72165],[-43.78978,-20.71726],[-43.78949,-20.71693],[-43.78912,-20.71529],[-43.78852,-20.71425],[-43.78713,-20.71295],[-43.78628,-20.71242],[-43.78413,-20.71256],[-43.78211,-20.71169],[-43.78142,-20.71174],[-43.78106,-20.71204],[-43.77998,-20.71398],[-43.78198,-20.71594],[-43.78434,-20.71876],[-43.78504,-20.72109],[-43.78417,-20.72462],[-43.78312,-20.72578],[-43.78136,-20.72626],[-43.78053,-20.72683],[-43.78016,-20.72797],[-43.78031,-20.72979],[-43.78076,-20.73209],[-43.78059,-20.73508]]]}},{"id":"10","type":"Feature","properties":{"bairro":"Cachoeira","distrito":"Conselheiro Lafaiete","regiao":"Conselheiro Lafaiete","setores":5,"urbano":5},"geometry":{"type":"Polygon","coordinates":[[[-43.79674,-20.65646],[-43.79727,-20.65654],[-43.79825,-20.65718],[-43.80083,-20.65655],[-43.79887,-20.65435],[-43.79968,-20.65367],[-43.80013,-20.65414],[-43.80061,-20.65372],[-43.80093,-20.65407],[-43.80143,-20.65363],[-43.79953,-20.65164],[-43.79997,-20.65117],[-43.80202,-20.65254],[-43.8028,-20.65247],[-43.8033,-20.65202],[-43.80358,-20.65119],[-43.80465,-20.64936],[-43.80351,-20.64975],[-43.80212,-20.64924],[-43.8017,-20.64864],[-43.8019,-20.64798],[-43.80285,-20.6468],[-43.80382,-20.64639],[-43.80414,-20.64604],[-43.80425,-20.64527],[-43.80389,-20.64484],[-43.803,-20.64462],[-43.80165,-20.6455],[-43.80061,-20.64542],[-43.7996,-20.64476],[-43.79958,-20.6452],[-43.80024,-20.64562],[-43.79969,-20.64781],[-43.79853,-20.64667],[-43.79844,-20.64878],[-43.79881,-20.64965],[-43.79814,-20.65019],[-43.79744,-20.64933],[-43.79792,-20.64893],[-43.79581,-20.64662],[-43.79525,-20.64705],[-43.79541,-20.64813],[-43.79686,-20.64978],[-43.79631,-20.65019],[-43.79795,-20.65189],[-43.7976,-20.65221],[-43.79823,-20.65332],[-43.79683,-20.65416],[-43.79674,-20.65646]]]}},{"id":"11","type":"Feature","properties":{"bairro":"Campo Alegre","distrito":"Conselheiro Lafaiete","regiao":"Conselheiro Lafaiete","setores":1,"urbano":1},"geometry":{"type":"Polygon","coordinates":[[[-43.7891,-20.65143],[-43.78893,-20.65342],[-43.78925,-20.65439],[-43.78908,-20.65491],[-43.78987,-20.65573],[-43.79248,-20.6545],[-43.79125,-20.65304],[-43.79173,-20.65264],[-43.79145,-20.65236],[-43.78965,-20.65145],[-43.7891,-20.65143]]]}},{"id":"12","type":"Feature","properties":{"bairro":"Centro","distrito":"Conselheiro Lafaiete","regiao":"Conselheiro Lafaiete","setores":7,"urbano":7},"geometry":{"type":"Polygon","coordinates":[[[-43.78658,-20.661],[-43.78774,-20.66232],[-43.78794,-20.66291],[-43.78968,-20.66213],[-43.79018,-20.66151],[-43.79069,-20.66128],[-43.7904,-20.66046],[-43.79133,-20.66006],[-43.79325,-20.65995],[-43.79464,-20.66013],[-43.79291,-20.65912],[-43.79303,-20.65892],[-43.79264,-20.65871],[-43.79216,-20.65806],[-43.79447,-20.65672],[-43.79435,-20.65581],[-43.79415,-20.65583],[-43.79388,-20.65488],[-43.79371,-20.65466],[-43.79338,-20.6547],[-43.79303,-20.65399],[-43.79173,-20.65264],[-43.79125,-20.65304],[-43.79248,-20.6545],[-43.78987,-20.65573],[-43.78908,-20.65491],[-43.78793,-20.65591],[-43.78713,-20.655],[-43.78686,-20.65514],[-43.785,-20.65381],[-43.78397,-20.65457],[-43.78246,-20.65511],[-43.78274,-20.65709],[-43.78408,-20.65846],[-43.78458,-20.65958],[-43.78509,-20.65987],[-43.78392,-20.66108],[-43.7841,-20.6614],[-43.78364,-20.6614],[-43.78363,-20.662],[-43.78445,-20.66202],[-43.78444,-20.66266],[-43.78493,-20.66268],[-43.78658,-20.661]]]}},{"id":"13","type":"Feature","properties":{"bairro":"Chapada","distrito":"Conselheiro Lafaiete","regiao":"Conselheiro Lafaiete","setores":2,"urbano":2},"geometry":{"type":"Polygon","coordinates":[[[-43.77421,-20.65433],[-43.77453,-20.6545],[-43.77476,-20.65401],[-43.77599,-20.65403],[-43.77618,-20.65439],[-43.77701,-20.65439],[-43.77881,-20.65563],[-43.78098,-20.65651],[-43.78122,-20.6559],[-43.78076,-20.65579],[-43.78088,-20.65513],[-43.78013,-20.65514],[-43.77985,-20.65477],[-43.77909,-20.65436],[-43.77922,-20.65389],[-43.77873,-20.65173],[-43.77666,-20.65292],[-43.77609,-20.65345],[-43.77624,-20.6538],[-43.77576,-20.65355],[-43.7749,-20.65349],[-43.77199,-20.65499],[-43.77242,-20.65576],[-43.77421,-20.65433]]]}},{"id":"14","type":"Feature","properties":{"bairro":"Cidade Jardim","distrito":"Conselheiro Lafaiete","regiao":"Conselheiro Lafaiete","setores":1,"urbano":1},"geometry":{"type":"Polygon","coordinates":[[[-43.76578,-20.6397],[-43.76341,-20.64094],[-43.76283,-20.64156],[-43.76225,-20.64152],[-43.76198,-20.64116],[-43.76167,-20.64162],[-43.76081,-20.6415],[-43.75997,-20.64167],[-43.75843,-20.64289],[-43.75832,-20.64346],[-43.75757,-20.64346],[-43.75486,-20.64557],[-43.75416,-20.64482],[-43.75317,-20.64452],[-43.75227,-20.64476],[-43.75111,-20.64552],[-43.75065,-20.646],[-43.75139,-20.64802],[-43.75142,-20.64844],[-43.75101,-20.64949],[-43.75112,-20.64995],[-43.75209,-20.65047],[-43.75715,-20.65141],[-43.75771,-20.65201],[-43.75826,-20.65387],[-43.75859,-20.65404],[-43.75975,-20.65181],[-43.76201,-20.64936],[-43.76213,-20.64828],[-43.76248,-20.64769],[-43.76318,-20.64791],[-43.76532,-20.64492],[-43.76567,-20.64517],[-43.76584,-20.6458],[-43.76593,-20.64847],[-43.76574,-20.64953],[-43.76593,-20.64951],[-43.76621,-20.64894],[-43.76633,-20.64798],[-43.76694,-20.64778],[-43.767,-20.64671],[-43.76667,-20.64482],[-43.76686,-20.64396],[-43.7667,-20.64355],[-43.76681,-20.64322],[-43.76662,-20.64296],[-43.76673,-20.64288],[-43.76712,-20.64331],[-43.76725,-20.6427],[-43.76845,-20.64118],[-43.76578,-20.6397]]]}},{"id":"15","type":"Feature","properties":{"bairro":"Copacabana","distrito":"Conselheiro Lafaiete","regiao":"Conselheiro Lafaiete","setores":3,"urbano":3},"geometry":{"type":"Polygon","coordinates":[[[-43.80218,-20.7042],[-43.8068,-20.70067],[-43.80636,-20.70026],[-43.80671,-20.6999],[-43.80796,-20.70085],[-43.80861,-20.70217],[-43.80992,-20.70279],[-43.81062,-20.70405],[-43.81224,-20.70485],[-43.81324,-20.70574],[-43.81443,-20.70743],[-43.81502,-20.70896],[-43.81632,-20.70989],[-43.81705,-20.71074],[-43.81825,-20.71103],[-43.81865,-20.71074],[-43.81887,-20.70969],[-43.82069,-20.70822],[-43.81999,-20.70747],[-43.81988,-20.7065],[-43.82139,-20.70433],[-43.82181,-20.70292],[-43.81966,-20.70004],[-43.81946,-20.69906],[-43.81866,-20.69919],[-43.818,-20.69855],[-43.81807,-20.69825],[-43.81659,-20.69765],[-43.81488,-20.69733],[-43.8137,-20.69645],[-43.81231,-20.69622],[-43.81326,-20.69474],[-43.81227,-20.69301],[-43.81079,-20.69379],[-43.80886,-20.69394],[-43.8085,-20.69378],[-43.80819,-20.69265],[-43.80779,-20.69202],[-43.80777,-20.69112],[-43.80793,-20.6902],[-43.80876,-20.68855],[-43.80807,-20.68802],[-43.80927,-20.68702],[-43.80826,-20.68446],[-43.80742,-20.68371],[-43.80597,-20.68058],[-43.80607,-20.67728],[-43.80787,-20.67667],[-43.80828,-20.6767],[-43.80891,-20.67596],[-43.80897,-20.67563],[-43.80979,-20.67498],[-43.80913,-20.67334],[-43.80538,-20.66922],[-43.80351,-20.67005],[-43.80226,-20.66865],[-43.79871,-20.67168],[-43.7978,-20.67141],[-43.79793,-20.67062],[-43.79633,-20.67037],[-43.79608,-20.67166],[-43.79656,-20.67175],[-43.79644,-20.67269],[-43.79616,-20.67267],[-43.79637,-20.67329],[-43.79629,-20.67373],[-43.7966,-20.67379],[-43.79478,-20.67606],[-43.79401,-20.67842],[-43.79395,-20.67925],[-43.79418,-20.68139],[-43.79549,-20.682],[-43.79676,-20.68373],[-43.79933,-20.68514],[-43.80092,-20.68888],[-43.80167,-20.69015],[-43.80259,-20.69147],[-43.80388,-20.69246],[-43.80332,-20.6931],[-43.80201,-20.69313],[-43.80178,-20.69456],[-43.8009,-20.69434],[-43.80025,-20.6939],[-43.79971,-20.69383],[-43.79865,-20.69303],[-43.79756,-20.68998],[-43.79586,-20.68917],[-43.79271,-20.68908],[-43.79101,-20.68861],[-43.79156,-20.69011],[-43.79197,-20.69055],[-43.79341,-20.69079],[-43.79542,-20.6921],[-43.79691,-20.69241],[-43.79716,-20.69313],[-43.79675,-20.69441],[-43.79687,-20.6948],[-43.7988,-20.69513],[-43.80203,-20.69659],[-43.80165,-20.69823],[-43.80024,-20.69823],[-43.79989,-20.6999],[-43.80106,-20.70068],[-43.80173,-20.70086],[-43.8012,-20.70188],[-43.80112,-20.70306],[-43.80156,-20.7038],[-43.80218,-20.7042]]]}},{"id":"16","type":"Feature","properties":{"bairro":"Expedicionarios","distrito":"Conselheiro Lafaiete","regiao":"Conselheiro Lafaiete","setores":1,"urbano":1},"geometry":{"type":"Polygon","coordinates":[[[-43.80841,-20.66746],[-43.81144,-20.67058],[-43.8146,-20.66832],[-43.81341,-20.66669],[-43.8136,-20.66517],[-43.81323,-20.66428],[-43.81086,-20.66625],[-43.81044,-20.66583],[-43.80841,-20.66746]]]}},{"id":"17","type":"Feature","properties":{"bairro":"Fazenda dos Macacos","distrito":"Buarque de Macedo","regiao":"Buarque de Macedo","setores":1,"urbano":0},"geometry":{"type":"Polygon","coordinates":[[[-43.76924,-20.72049],[-43.76867,-20.72108],[-43.76604,-20.72255],[-43.76549,-20.7231],[-43.76492,-20.72409],[-43.76466,-20.72594],[-43.76429,-20.72708],[-43.76382,-20.72779],[-43.7619,-20.72976],[-43.76097,-20.73157],[-43.75904,-20.73304],[-43.75668,-20.73375],[-43.7553,-20.73531],[-43.75297,-20.73734],[-43.75236,-20.7384],[-43.74966,-20.7409],[-43.74835,-20.74242],[-43.74791,-20.74266],[-43.74607,-20.74282],[-43.74531,-20.74265],[-43.74487,-20.74232],[-43.74411,-20.74075],[-43.74428,-20.73856],[-43.74394,-20.73724],[-43.74254,-20.7354],[-43.74205,-20.73507],[-43.74102,-20.73481],[-43.74035,-20.73435],[-43.73928,-20.73306],[-43.73896,-20.73173],[-43.73903,-20.73113],[-43.73989,-20.72983],[-43.74036,-20.72828],[-43.74027,-20.72785],[-43.73925,-20.72686],[-43.73769,-20.72718],[-43.73427,-20.72852],[-43.72806,-20.7285],[-43.72444,-20.72913],[-43.7227,-20.73073],[-43.7221,-20.73184],[-43.72072,-20.73349],[-43.71985,-20.73429],[-43.71783,-20.73555],[-43.71662,-20.7372],[-43.71655,-20.73791],[-43.71731,-20.73872],[-43.71715,-20.74089],[-43.71739,-20.7414],[-43.71799,-20.74182],[-43.71819,-20.7432],[-43.71886,-20.74395],[-43.72116,-20.74482],[-43.72182,-20.74539],[-43.72305,-20.74585],[-43.72513,-20.74706],[-43.72747,-20.74707],[-43.7298,-20.74746],[-43.73423,-20.75007],[-43.73469,-20.75074],[-43.73569,-20.75141],[-43.73687,-20.75303],[-43.73905,-20.7538],[-43.74117,-20.7556],[-43.74172,-20.75584],[-43.74511,-20.75614],[-43.74662,-20.75582],[-43.7478,-20.7562],[-43.74942,-20.75617],[-43.75044,-20.75699],[-43.75151,-20.75747],[-43.7552,-20.75829],[-43.75672,-20.75797],[-43.7572,-20.75766],[-43.75841,-20.75634],[-43.75915,-20.75499],[-43.75987,-20.75445],[-43.76037,-20.75439],[-43.76073,-20.75491],[-43.76074,-20.75526],[-43.76005,-20.7573],[-43.76009,-20.759],[-43.75886,-20.7606],[-43.75817,-20.76364],[-43.7589,-20.76463],[-43.76107,-20.76635],[-43.76118,-20.76713],[-43.76027,-20.76842],[-43.75996,-20.76977],[-43.75919,-20.77099],[-43.75799,-20.77173],[-43.75732,-20.77256],[-43.75697,-20.77333],[-43.75704,-20.77441],[-43.75819,-20.77623],[-43.75791,-20.77864],[-43.75875,-20.78],[-43.75918,-20.78213],[-43.75982,-20.78377],[-43.76017,-20.78418],[-43.76337,-20.78627],[-43.76468,-20.7868],[-43.76573,-20.78828],[-43.76645,-20.78889],[-43.76851,-20.78962],[-43.76897,-20.79],[-43.7693,-20.79146],[-43.76795,-20.7935],[-43.76795,-20.79469],[-43.76837,-20.79585],[-43.76948,-20.79688],[-43.77063,-20.79917],[-43.77275,-20.80102],[-43.77781,-20.799],[-43.77974,-20.79881],[-43.78283,-20.79913],[-43.78366,-20.79892],[-43.78488,-20.7981],[-43.7863,-20.79767],[-43.78948,-20.79741],[-43.79104,-20.79677],[-43.7929,-20.79559],[-43.79332,-20.79464],[-43.79332,-20.79358],[-43.79316,-20.79225],[-43.79268,-20.79084],[-43.79293,-20.79049],[-43.79431,-20.78986],[-43.79496,-20.7891],[-43.79509,-20.78602],[-43.79686,-20.78439],[-43.79828,-20.78396],[-43.80015,-20.78478],[-43.80127,-20.78489],[-43.80239,-20.78427],[-43.80393,-20.78379],[-43.80639,-20.7824],[-43.81008,-20.77977],[-43.8127,-20.779],[-43.8136,-20.77801],[-43.81539,-20.777],[-43.81655,-20.77607],[-43.81773,-20.77384],[-43.81868,-20.77286],[-43.81938,-20.77253],[-43.81921,-20.77204],[-43.8201,-20.76779],[-43.82013,-20.76559],[-43.82126,-20.76342],[-43.82104,-20.76097],[-43.82038,-20.75897],[-43.82054,-20.75705],[-43.82035,-20.75625],[-43.81992,-20.75565],[-43.81568,-20.75364],[-43.81276,-20.75305],[-43.81077,-20.75205],[-43.80944,-20.75239],[-43.8077,-20.75193],[-43.80649,-20.75065],[-43.80612,-20.74942],[-43.80523,-20.74802],[-43.8026,-20.74664],[-43.80202,-20.74575],[-43.80126,-20.74628],[-43.80025,-20.74937],[-43.79983,-20.74994],[-43.79919,-20.75033],[-43.79796,-20.75032],[-43.79688,-20.75063],[-43.79605,-20.75184],[-43.79541,-20.75236],[-43.79279,-20.75545],[-43.79105,-20.75662],[-43.78373,-20.7575],[-43.78031,-20.75828],[-43.7794,-20.75796],[-43.77824,-20.75837],[-43.77724,-20.75937],[-43.77646,-20.75859],[-43.77608,-20.75442],[-43.7754,-20.754],[-43.77439,-20.75257],[-43.77629,-20.75275],[-43.77716,-20.75221],[-43.77844,-20.75218],[-43.77904,-20.75186],[-43.77879,-20.75017],[-43.77812,-20.74804],[-43.7781,-20.74703],[-43.77903,-20.74508],[-43.77959,-20.74292],[-43.78018,-20.74195],[-43.78153,-20.74051],[-43.78171,-20.7398],[-43.78155,-20.73781],[-43.78059,-20.73508],[-43.78076,-20.73209],[-43.78031,-20.72979],[-43.78016,-20.72797],[-43.78053,-20.72683],[-43.78136,-20.72626],[-43.78312,-20.72578],[-43.78417,-20.72462],[-43.78504,-20.72109],[-43.78434,-20.71876],[-43.78083,-20.71481],[-43.77932,-20.71652],[-43.77774,-20.71732],[-43.7752,-20.71944],[-43.76998,-20.72156],[-43.76924,-20.72049]],[[-43.72784,-20.73945],[-43.72836,-20.73853],[-43.72868,-20.73845],[-43.72889,-20.73801],[-43.72922,-20.73776],[-43.72959,-20.73775],[-43.73053,-20.7383],[-43.73168,-20.74048],[-43.72898,-20.74216],[-43.7272,-20.74158],[-43.72678,-20.74069],[-43.72678,-20.7402],[-43.72523,-20.74096],[-43.72564,-20.74024],[-43.72567,-20.73976],[-43.72597,-20.73982],[-43.72597,-20.73948],[-43.72642,-20.739],[-43.72784,-20.73945]]]}},{"id":"18","type":"Feature","properties":{"bairro":"Fazendinha","distrito":"Conselheiro Lafaiete","regiao":"Conselheiro Lafaiete","setores":1,"urbano":0},"geometry":{"type":"Polygon","coordinates":[[[-43.81064,-20.71325],[-43.81044,-20.71155],[-43.80882,-20.71012],[-43.8059,-20.70906],[-43.80553,-20.70838],[-43.80581,-20.70729],[-43.80566,-20.70684],[-43.80432,-20.70639],[-43.80317,-20.7049],[-43.80142,-20.70367],[-43.80108,-20.70254],[-43.8012,-20.70188],[-43.80173,-20.70086],[-43.80106,-20.70068],[-43.79989,-20.6999],[-43.80024,-20.69823],[-43.80165,-20.69823],[-43.80203,-20.69659],[-43.7988,-20.69513],[-43.79687,-20.6948],[-43.79675,-20.69441],[-43.79716,-20.69313],[-43.79691,-20.69241],[-43.79542,-20.6921],[-43.79341,-20.69079],[-43.7921,-20.69064],[-43.79156,-20.69011],[-43.79101,-20.68861],[-43.79046,-20.68867],[-43.79114,-20.68719],[-43.79222,-20.68557],[-43.79142,-20.68623],[-43.79119,-20.686],[-43.79108,-20.68571],[-43.79122,-20.68479],[-43.79096,-20.6842],[-43.7893,-20.68624],[-43.7891,-20.68675],[-43.78898,-20.68886],[-43.78789,-20.69055],[-43.78666,-20.69181],[-43.7863,-20.69304],[-43.78702,-20.69559],[-43.78754,-20.6969],[-43.78792,-20.69737],[-43.79035,-20.69844],[-43.79103,-20.69936],[-43.79142,-20.69934],[-43.79168,-20.69891],[-43.79194,-20.6989],[-43.79199,-20.6993],[-43.79157,-20.69956],[-43.7913,-20.70046],[-43.79141,-20.70095],[-43.79171,-20.7012],[-43.79148,-20.70157],[-43.79093,-20.7019],[-43.79033,-20.70308],[-43.78969,-20.70356],[-43.78917,-20.70376],[-43.78789,-20.70364],[-43.78708,-20.70476],[-43.78739,-20.70518],[-43.78677,-20.70593],[-43.78689,-20.70659],[-43.78464,-20.70758],[-43.7829,-20.70879],[-43.78118,-20.71064],[-43.78109,-20.7112],[-43.78142,-20.71176],[-43.78211,-20.71169],[-43.78413,-20.71256],[-43.78628,-20.71242],[-43.78713,-20.71295],[-43.78852,-20.71425],[-43.78912,-20.71529],[-43.78949,-20.71693],[-43.78978,-20.71726],[-43.7915,-20.72165],[-43.79267,-20.72385],[-43.79424,-20.72759],[-43.79557,-20.72914],[-43.79632,-20.73208],[-43.79829,-20.73738],[-43.7985,-20.73917],[-43.79977,-20.74168],[-43.80044,-20.74216],[-43.80166,-20.74211],[-43.80282,-20.74155],[-43.80257,-20.74145],[-43.80377,-20.7394],[-43.80606,-20.73713],[-43.80851,-20.73719],[-43.80936,-20.73674],[-43.81084,-20.73502],[-43.81443,-20.73623],[-43.8172,-20.73461],[-43.82197,-20.73512],[-43.82035,-20.73363],[-43.81938,-20.73355],[-43.81894,-20.7333],[-43.81721,-20.73338],[-43.81692,-20.73316],[-43.81508,-20.73398],[-43.8137,-20.73394],[-43.81315,-20.73364],[-43.81149,-20.73174],[-43.80989,-20.73054],[-43.80873,-20.72893],[-43.80799,-20.72704],[-43.80664,-20.72635],[-43.80449,-20.72589],[-43.80297,-20.72591],[-43.80243,-20.72578],[-43.80202,-20.72543],[-43.80171,-20.7248],[-43.80071,-20.72404],[-43.79747,-20.71763],[-43.79801,-20.71739],[-43.79933,-20.71792],[-43.80066,-20.71804],[-43.80315,-20.7179],[-43.80635,-20.7189],[-43.80739,-20.71897],[-43.80858,-20.71823],[-43.81109,-20.71817],[-43.81192,-20.71792],[-43.81331,-20.71716],[-43.81262,-20.71663],[-43.81138,-20.71388],[-43.81064,-20.71325]]]}},{"id":"19","type":"Feature","properties":{"bairro":"Fonte Grande","distrito":"Conselheiro Lafaiete","regiao":"Conselheiro Lafaiete","setores":2,"urbano":2},"geometry":{"type":"Polygon","coordinates":[[[-43.79071,-20.66419],[-43.79152,-20.66488],[-43.79236,-20.66464],[-43.79352,-20.664],[-43.79358,-20.66337],[-43.79257,-20.66368],[-43.79141,-20.66337],[-43.79117,-20.66371],[-43.79045,-20.66291],[-43.79081,-20.6626],[-43.79083,-20.66211],[-43.78936,-20.66281],[-43.78982,-20.66377],[-43.78917,-20.66414],[-43.78817,-20.66432],[-43.7887,-20.66609],[-43.79035,-20.66494],[-43.79071,-20.66419]]]}},{"id":"20","type":"Feature","properties":{"bairro":"Granja das Hortencias","distrito":"Conselheiro Lafaiete","regiao":"Conselheiro Lafaiete","setores":1,"urbano":1},"geometry":{"type":"Polygon","coordinates":[[[-43.76499,-20.65922],[-43.76498,-20.66021],[-43.76279,-20.66271],[-43.7626,-20.6625],[-43.76265,-20.66278],[-43.7631,-20.66405],[-43.76377,-20.66486],[-43.76407,-20.6658],[-43.76466,-20.66655],[-43.76569,-20.6658],[-43.766,-20.66731],[-43.76659,-20.6672],[-43.76665,-20.66752],[-43.76725,-20.66739],[-43.76652,-20.66448],[-43.76645,-20.66353],[-43.76686,-20.66228],[-43.7663,-20.66097],[-43.76653,-20.66067],[-43.76654,-20.66006],[-43.76618,-20.66],[-43.7661,-20.65986],[-43.76637,-20.65956],[-43.76585,-20.65934],[-43.76549,-20.65878],[-43.76499,-20.65922]]]}},{"id":"21","type":"Feature","properties":{"bairro":"Jardim America","distrito":"Conselheiro Lafaiete","regiao":"Conselheiro Lafaiete","setores":9,"urbano":9},"geometry":{"type":"Polygon","coordinates":[[[-43.78127,-20.66999],[-43.782,-20.6707],[-43.78259,-20.66976],[-43.78338,-20.67017],[-43.78466,-20.66815],[-43.78545,-20.66853],[-43.78577,-20.66788],[-43.78526,-20.66772],[-43.78541,-20.66733],[-43.7826,-20.6664],[-43.78403,-20.66531],[-43.78467,-20.66548],[-43.78514,-20.6644],[-43.78433,-20.66408],[-43.78464,-20.66353],[-43.78422,-20.66328],[-43.78493,-20.66268],[-43.78444,-20.66266],[-43.78445,-20.66202],[-43.78363,-20.662],[-43.78364,-20.6614],[-43.7841,-20.6614],[-43.78392,-20.66108],[-43.78509,-20.65987],[-43.78458,-20.65958],[-43.78251,-20.66022],[-43.78095,-20.66119],[-43.78124,-20.6616],[-43.78042,-20.66207],[-43.78074,-20.66293],[-43.7803,-20.66279],[-43.78051,-20.66392],[-43.78012,-20.66434],[-43.77843,-20.6643],[-43.77789,-20.66555],[-43.77787,-20.6667],[-43.77746,-20.66782],[-43.77977,-20.66981],[-43.78006,-20.66957],[-43.78074,-20.67036],[-43.78127,-20.66999]]]}},{"id":"22","type":"Feature","properties":{"bairro":"Jardim Eldorado","distrito":"Conselheiro Lafaiete","regiao":"Conselheiro Lafaiete","setores":1,"urbano":1},"geometry":{"type":"Polygon","coordinates":[[[-43.77281,-20.65777],[-43.76921,-20.6584],[-43.76778,-20.65788],[-43.76755,-20.65819],[-43.77029,-20.66189],[-43.77085,-20.66225],[-43.77143,-20.66237],[-43.77255,-20.6622],[-43.77276,-20.66246],[-43.77405,-20.66251],[-43.77523,-20.66378],[-43.77793,-20.66286],[-43.77604,-20.66017],[-43.77437,-20.65953],[-43.77226,-20.65983],[-43.77197,-20.65972],[-43.77176,-20.65955],[-43.77263,-20.6586],[-43.77281,-20.65777]]]}},{"id":"23","type":"Feature","properties":{"bairro":"Jardim Europa","distrito":"Conselheiro Lafaiete","regiao":"Conselheiro Lafaiete","setores":2,"urbano":2},"geometry":{"type":"Polygon","coordinates":[[[-43.807,-20.7095],[-43.80882,-20.71012],[-43.80968,-20.71082],[-43.8097,-20.71101],[-43.81137,-20.71091],[-43.81408,-20.70787],[-43.81453,-20.70784],[-43.81451,-20.7077],[-43.81412,-20.70691],[-43.81285,-20.70535],[-43.81202,-20.70471],[-43.81085,-20.70424],[-43.81093,-20.70459],[-43.81021,-20.7052],[-43.80909,-20.70718],[-43.807,-20.7095]]]}},{"id":"24","type":"Feature","properties":{"bairro":"Jardim Inconfidentes","distrito":"Conselheiro Lafaiete","regiao":"Conselheiro Lafaiete","setores":1,"urbano":1},"geometry":{"type":"Polygon","coordinates":[[[-43.77584,-20.65837],[-43.77581,-20.65903],[-43.77681,-20.66003],[-43.77715,-20.66085],[-43.77767,-20.66139],[-43.77824,-20.66166],[-43.77865,-20.66245],[-43.78046,-20.66146],[-43.78035,-20.66126],[-43.78058,-20.66104],[-43.78155,-20.66042],[-43.78096,-20.66021],[-43.78043,-20.65955],[-43.77935,-20.65968],[-43.7792,-20.65943],[-43.77993,-20.6585],[-43.7803,-20.65762],[-43.77849,-20.65782],[-43.77777,-20.6575],[-43.77695,-20.65821],[-43.77584,-20.65837]]]}},{"id":"25","type":"Feature","properties":{"bairro":"Jardim Monte Verde","distrito":"Conselheiro Lafaiete","regiao":"Conselheiro Lafaiete","setores":1,"urbano":1},"geometry":{"type":"Polygon","coordinates":[[[-43.77096,-20.67608],[-43.77125,-20.67541],[-43.77299,-20.67449],[-43.77264,-20.6741],[-43.77311,-20.6737],[-43.77347,-20.67397],[-43.77396,-20.67334],[-43.77275,-20.67263],[-43.77284,-20.6724],[-43.77187,-20.67202],[-43.77145,-20.6719],[-43.77087,-20.67221],[-43.77053,-20.67161],[-43.76833,-20.67115],[-43.76818,-20.67327],[-43.76751,-20.67467],[-43.76878,-20.67535],[-43.7688,-20.67552],[-43.77096,-20.67608]]]}},{"id":"26","type":"Feature","properties":{"bairro":"Lourdes","distrito":"Conselheiro Lafaiete","regiao":"Conselheiro Lafaiete","setores":3,"urbano":3},"geometry":{"type":"Polygon","coordinates":[[[-43.79291,-20.65912],[-43.79532,-20.66041],[-43.79666,-20.65869],[-43.79789,-20.65756],[-43.79892,-20.65699],[-43.79825,-20.65718],[-43.79727,-20.65654],[-43.79674,-20.65646],[-43.79679,-20.65497],[-43.79559,-20.6549],[-43.79424,-20.65533],[-43.79447,-20.65672],[-43.79216,-20.65806],[-43.79264,-20.65871],[-43.79303,-20.65892],[-43.79291,-20.65912]]]}},{"id":"27","type":"Feature","properties":{"bairro":"Manoel Correa","distrito":"Conselheiro Lafaiete","regiao":"Conselheiro Lafaiete","setores":4,"urbano":4},"geometry":{"type":"Polygon","coordinates":[[[-43.77859,-20.66227],[-43.77824,-20.66166],[-43.77767,-20.66139],[-43.77715,-20.66085],[-43.77681,-20.66003],[-43.77574,-20.65887],[-43.77584,-20.65837],[-43.77695,-20.65821],[-43.77897,-20.65635],[-43.77924,-20.65581],[-43.77701,-20.65439],[-43.77618,-20.65439],[-43.77599,-20.65403],[-43.77476,-20.65401],[-43.77453,-20.6545],[-43.7742,-20.65432],[-43.77242,-20.65576],[-43.77199,-20.65499],[-43.77141,-20.65536],[-43.77109,-20.65482],[-43.76989,-20.65538],[-43.76954,-20.65505],[-43.76861,-20.65596],[-43.76857,-20.65642],[-43.76903,-20.65696],[-43.76877,-20.6574],[-43.76778,-20.65788],[-43.76921,-20.6584],[-43.77281,-20.65777],[-43.77263,-20.6586],[-43.77176,-20.65955],[-43.77197,-20.65972],[-43.7724,-20.65982],[-43.77389,-20.65952],[-43.77491,-20.6597],[-43.77604,-20.66017],[-43.77793,-20.66286],[-43.77846,-20.66262],[-43.77859,-20.66227]]]}},{"id":"28","type":"Feature","properties":{"bairro":"Manoel de Paula","distrito":"Conselheiro Lafaiete","regiao":"Conselheiro Lafaiete","setores":3,"urbano":3},"geometry":{"type":"Polygon","coordinates":[[[-43.77432,-20.65035],[-43.77609,-20.65345],[-43.77666,-20.65292],[-43.77873,-20.65173],[-43.77834,-20.64992],[-43.77688,-20.64781],[-43.7762,-20.64817],[-43.77583,-20.64718],[-43.77396,-20.64867],[-43.77432,-20.65035]]]}},{"id":"29","type":"Feature","properties":{"bairro":"Morada do Sol","distrito":"Conselheiro Lafaiete","regiao":"Conselheiro Lafaiete","setores":2,"urbano":2},"geometry":{"type":"Polygon","coordinates":[[[-43.78102,-20.6409],[-43.77956,-20.64204],[-43.77983,-20.64292],[-43.7793,-20.64322],[-43.77952,-20.64337],[-43.77964,-20.64414],[-43.7815,-20.6439],[-43.78177,-20.64419],[-43.78251,-20.64421],[-43.78295,-20.64366],[-43.78371,-20.64371],[-43.78398,-20.64397],[-43.7848,-20.64316],[-43.78572,-20.64338],[-43.7862,-20.64283],[-43.78776,-20.6431],[-43.78646,-20.63996],[-43.78666,-20.63954],[-43.78807,-20.63913],[-43.7884,-20.63913],[-43.7897,-20.63986],[-43.79001,-20.64025],[-43.79022,-20.64146],[-43.79136,-20.64244],[-43.79185,-20.64256],[-43.79121,-20.63986],[-43.79071,-20.63886],[-43.78971,-20.63816],[-43.78709,-20.63712],[-43.78522,-20.63545],[-43.78489,-20.63568],[-43.78446,-20.63654],[-43.78313,-20.6373],[-43.78193,-20.63771],[-43.78102,-20.6409]]]}},{"id":"30","type":"Feature","properties":{"bairro":"Morro da Mina","distrito":"Conselheiro Lafaiete","regiao":"Conselheiro Lafaiete","setores":1,"urbano":1},"geometry":{"type":"Polygon","coordinates":[[[-43.77521,-20.64563],[-43.77481,-20.64625],[-43.77583,-20.64718],[-43.7762,-20.64817],[-43.77688,-20.64781],[-43.77834,-20.64992],[-43.77939,-20.6492],[-43.77732,-20.64686],[-43.77688,-20.64535],[-43.77595,-20.64553],[-43.77545,-20.64586],[-43.77521,-20.64563]]]}},{"id":"31","type":"Feature","properties":{"bairro":"Museu","distrito":"Conselheiro Lafaiete","regiao":"Conselheiro Lafaiete","setores":4,"urbano":4},"geometry":{"type":"Polygon","coordinates":[[[-43.77834,-20.64992],[-43.77922,-20.65389],[-43.77909,-20.65436],[-43.77985,-20.65477],[-43.78013,-20.65514],[-43.78088,-20.65513],[-43.78076,-20.65579],[-43.78122,-20.6559],[-43.78098,-20.65651],[-43.78274,-20.65709],[-43.78246,-20.65511],[-43.78397,-20.65457],[-43.785,-20.65381],[-43.78686,-20.65514],[-43.78713,-20.655],[-43.78793,-20.65591],[-43.78923,-20.65467],[-43.78893,-20.65342],[-43.7891,-20.65126],[-43.78847,-20.64994],[-43.78807,-20.64976],[-43.78782,-20.64842],[-43.7872,-20.64798],[-43.78724,-20.64837],[-43.78645,-20.64881],[-43.7858,-20.64856],[-43.7848,-20.64893],[-43.7838,-20.64866],[-43.78116,-20.65043],[-43.78213,-20.65176],[-43.78273,-20.65214],[-43.78197,-20.65263],[-43.77939,-20.6492],[-43.77834,-20.64992]]]}},{"id":"32","type":"Feature","properties":{"bairro":"Nossa Senhora da Guia","distrito":"Conselheiro Lafaiete","regiao":"Conselheiro Lafaiete","setores":1,"urbano":1},"geometry":{"type":"Polygon","coordinates":[[[-43.77388,-20.68247],[-43.77362,-20.68544],[-43.771,-20.684],[-43.77104,-20.68359],[-43.76916,-20.68362],[-43.76912,-20.68332],[-43.76857,-20.68346],[-43.7668,-20.68293],[-43.7652,-20.68206],[-43.76468,-20.68352],[-43.7691,-20.68486],[-43.76935,-20.68551],[-43.7706,-20.68558],[-43.77076,-20.68599],[-43.77153,-20.68668],[-43.77349,-20.68726],[-43.77356,-20.6876],[-43.77517,-20.68763],[-43.77538,-20.68789],[-43.77631,-20.688],[-43.77832,-20.68915],[-43.77926,-20.68896],[-43.77971,-20.68917],[-43.77991,-20.68957],[-43.78011,-20.68938],[-43.78199,-20.68569],[-43.78168,-20.68398],[-43.77669,-20.68089],[-43.7755,-20.68281],[-43.77438,-20.6824],[-43.77388,-20.68247]]]}},{"id":"33","type":"Feature","properties":{"bairro":"Novo Horizonte","distrito":"Conselheiro Lafaiete","regiao":"Conselheiro Lafaiete","setores":1,"urbano":1},"geometry":{"type":"Polygon","coordinates":[[[-43.76499,-20.65922],[-43.76549,-20.65878],[-43.76587,-20.65881],[-43.76615,-20.65856],[-43.76621,-20.65769],[-43.76656,-20.65723],[-43.76469,-20.65652],[-43.76214,-20.65669],[-43.76121,-20.65649],[-43.75883,-20.65464],[-43.75825,-20.65387],[-43.75756,-20.65402],[-43.75732,-20.65356],[-43.75646,-20.65385],[-43.75668,-20.65438],[-43.75476,-20.65536],[-43.75263,-20.65422],[-43.75241,-20.65463],[-43.75221,-20.65529],[-43.7538,-20.65608],[-43.75199,-20.65725],[-43.75291,-20.6587],[-43.75402,-20.6613],[-43.75461,-20.66157],[-43.75582,-20.66165],[-43.75641,-20.66144],[-43.75692,-20.66159],[-43.75698,-20.66139],[-43.75903,-20.65993],[-43.76055,-20.66057],[-43.76279,-20.66271],[-43.76505,-20.66009],[-43.76499,-20.65922]]]}},{"id":"34","type":"Feature","properties":{"bairro":"Ouro Verde","distrito":"Conselheiro Lafaiete","regiao":"Conselheiro Lafaiete","setores":1,"urbano":1},"geometry":{"type":"Polygon","coordinates":[[[-43.78251,-20.64421],[-43.78329,-20.64432],[-43.78404,-20.64638],[-43.78521,-20.64668],[-43.7858,-20.64724],[-43.78782,-20.64842],[-43.78807,-20.64976],[-43.78847,-20.64994],[-43.78847,-20.64958],[-43.78927,-20.64847],[-43.78967,-20.64723],[-43.79056,-20.64636],[-43.79093,-20.64572],[-43.7908,-20.64474],[-43.79132,-20.64402],[-43.79182,-20.64265],[-43.79022,-20.64146],[-43.79001,-20.64025],[-43.7897,-20.63986],[-43.7884,-20.63913],[-43.78807,-20.63913],[-43.78666,-20.63954],[-43.78646,-20.63996],[-43.78776,-20.6431],[-43.7862,-20.64283],[-43.78572,-20.64338],[-43.7848,-20.64316],[-43.78398,-20.64397],[-43.78371,-20.64371],[-43.78295,-20.64366],[-43.78251,-20.64421]]]}},{"id":"35","type":"Feature","properties":{"bairro":"Parque Cidade","distrito":"Conselheiro Lafaiete","regiao":"Conselheiro Lafaiete","setores":1,"urbano":1},"geometry":{"type":"Polygon","coordinates":[[[-43.76665,-20.67402],[-43.76482,-20.6744],[-43.76348,-20.67414],[-43.76383,-20.67483],[-43.76413,-20.67503],[-43.76359,-20.6767],[-43.7635,-20.67744],[-43.76399,-20.67825],[-43.76368,-20.67863],[-43.76397,-20.67865],[-43.76539,-20.67741],[-43.76742,-20.67491],[-43.76736,-20.67441],[-43.76665,-20.67402]]]}},{"id":"36","type":"Feature","properties":{"bairro":"Parque das Acacias","distrito":"Conselheiro Lafaiete","regiao":"Conselheiro Lafaiete","setores":2,"urbano":2},"geometry":{"type":"Polygon","coordinates":[[[-43.80342,-20.66385],[-43.80571,-20.66547],[-43.80672,-20.66566],[-43.80841,-20.66746],[-43.81044,-20.66583],[-43.81086,-20.66625],[-43.81323,-20.66428],[-43.8136,-20.66517],[-43.81341,-20.66669],[-43.81416,-20.66753],[-43.81468,-20.66676],[-43.81519,-20.66666],[-43.81544,-20.66496],[-43.8158,-20.66483],[-43.8158,-20.66433],[-43.8162,-20.66316],[-43.81605,-20.66128],[-43.81627,-20.66118],[-43.81579,-20.66019],[-43.81443,-20.66098],[-43.81377,-20.66116],[-43.80752,-20.65863],[-43.80684,-20.65774],[-43.8065,-20.65757],[-43.8064,-20.65789],[-43.80686,-20.65919],[-43.80606,-20.66087],[-43.80502,-20.66046],[-43.80448,-20.66165],[-43.80417,-20.66151],[-43.80435,-20.66193],[-43.80522,-20.66275],[-43.80492,-20.66336],[-43.80537,-20.66371],[-43.80342,-20.66385]]]}},{"id":"37","type":"Feature","properties":{"bairro":"Parque dos Ferroviarios","distrito":"Conselheiro Lafaiete","regiao":"Conselheiro Lafaiete","setores":1,"urbano":1},"geometry":{"type":"Polygon","coordinates":[[[-43.80218,-20.7042],[-43.80317,-20.7049],[-43.80432,-20.70639],[-43.80566,-20.70684],[-43.80581,-20.70729],[-43.80554,-20.70818],[-43.80563,-20.70875],[-43.80602,-20.70915],[-43.807,-20.7095],[-43.80909,-20.70718],[-43.81021,-20.7052],[-43.81093,-20.70459],[-43.80992,-20.70279],[-43.80861,-20.70217],[-43.80796,-20.70085],[-43.80671,-20.6999],[-43.80636,-20.70026],[-43.8068,-20.70067],[-43.80218,-20.7042]]]}},{"id":"38","type":"Feature","properties":{"bairro":"Paulo VI","distrito":"Conselheiro Lafaiete","regiao":"Conselheiro Lafaiete","setores":7,"urbano":7},"geometry":{"type":"Polygon","coordinates":[[[-43.79859,-20.69286],[-43.79971,-20.69383],[-43.80178,-20.69456],[-43.80201,-20.69313],[-43.80332,-20.6931],[-43.80388,-20.69246],[-43.80259,-20.69147],[-43.80167,-20.69015],[-43.80092,-20.68888],[-43.79933,-20.68514],[-43.79676,-20.68373],[-43.79549,-20.682],[-43.79418,-20.68139],[-43.79363,-20.68342],[-43.79114,-20.68719],[-43.79046,-20.68867],[-43.79135,-20.68865],[-43.79271,-20.68908],[-43.79563,-20.68914],[-43.79682,-20.68956],[-43.79765,-20.69012],[-43.79859,-20.69286]]]}},{"id":"39","type":"Feature","properties":{"bairro":"Pedra Branca","distrito":"Conselheiro Lafaiete","regiao":"Conselheiro Lafaiete","setores":10,"urbano":8},"geometry":{"type":"MultiPolygon","coordinates":[[[[-43.76083,-20.669],[-43.76212,-20.66836],[-43.76276,-20.66692],[-43.76352,-20.66634],[-43.76368,-20.66595],[-43.76407,-20.6658],[-43.76377,-20.66486],[-43.7631,-20.66405],[-43.7626,-20.66251],[-43.76055,-20.66057],[-43.75903,-20.65993],[-43.75698,-20.66139],[-43.75692,-20.66159],[-43.75641,-20.66144],[-43.75582,-20.66165],[-43.75461,-20.66157],[-43.75402,-20.6613],[-43.75291,-20.6587],[-43.75199,-20.65725],[-43.7538,-20.65608],[-43.75221,-20.65529],[-43.75263,-20.65422],[-43.75476,-20.65536],[-43.75668,-20.65438],[-43.75646,-20.65385],[-43.75732,-20.65356],[-43.75756,-20.65402],[-43.75825,-20.65387],[-43.75771,-20.65201],[-43.75715,-20.65141],[-43.74987,-20.6502],[-43.74784,-20.65058],[-43.74623,-20.65004],[-43.74445,-20.64982],[-43.74172,-20.6505],[-43.7408,-20.65165],[-43.74012,-20.652],[-43.7365,-20.65067],[-43.73244,-20.65045],[-43.733,-20.65287],[-43.7342,-20.65596],[-43.73319,-20.6585],[-43.73265,-20.66228],[-43.73388,-20.66506],[-43.73547,-20.66597],[-43.73747,-20.66804],[-43.73726,-20.66872],[-43.73745,-20.66901],[-43.73801,-20.66903],[-43.73825,-20.66963],[-43.73736,-20.67057],[-43.73697,-20.67157],[-43.73657,-20.67199],[-43.73732,-20.67421],[-43.73612,-20.67748],[-43.73553,-20.67882],[-43.73481,-20.67939],[-43.7346,-20.67978],[-43.73419,-20.6798],[-43.73413,-20.68009],[-43.73379,-20.67988],[-43.73386,-20.68059],[-43.73303,-20.68204],[-43.73299,-20.6825],[-43.73268,-20.68278],[-43.73255,-20.68452],[-43.73211,-20.68643],[-43.7323,-20.68741],[-43.73426,-20.68992],[-43.73503,-20.69166],[-43.73667,-20.69232],[-43.73787,-20.69396],[-43.73874,-20.6945],[-43.73907,-20.69548],[-43.74081,-20.69679],[-43.7422,-20.69845],[-43.7442,-20.70363],[-43.74536,-20.70608],[-43.74591,-20.70913],[-43.74762,-20.71051],[-43.74827,-20.71475],[-43.74921,-20.71678],[-43.75182,-20.71891],[-43.75221,-20.71878],[-43.75352,-20.71897],[-43.75506,-20.71875],[-43.75688,-20.7194],[-43.75699,-20.71851],[-43.75806,-20.71721],[-43.75916,-20.7165],[-43.7603,-20.71502],[-43.76191,-20.71222],[-43.76182,-20.70964],[-43.76275,-20.70741],[-43.76432,-20.70613],[-43.76472,-20.70534],[-43.76611,-20.70453],[-43.76632,-20.70412],[-43.76581,-20.70333],[-43.76584,-20.70305],[-43.76553,-20.70286],[-43.76536,-20.70221],[-43.76563,-20.70188],[-43.76547,-20.70083],[-43.76569,-20.70058],[-43.76528,-20.70012],[-43.76574,-20.6996],[-43.76515,-20.6991],[-43.76529,-20.69837],[-43.76501,-20.69783],[-43.76537,-20.69597],[-43.76522,-20.69561],[-43.76457,-20.69522],[-43.76423,-20.69461],[-43.76437,-20.69356],[-43.76366,-20.69183],[-43.76382,-20.69101],[-43.76324,-20.69036],[-43.76316,-20.68982],[-43.76311,-20.68913],[-43.76335,-20.68892],[-43.76354,-20.68749],[-43.76381,-20.68717],[-43.76376,-20.68676],[-43.76421,-20.68641],[-43.76366,-20.68592],[-43.76402,-20.68515],[-43.76396,-20.68475],[-43.7634,-20.68463],[-43.76356,-20.68423],[-43.76325,-20.68407],[-43.76394,-20.68326],[-43.76397,-20.68286],[-43.76359,-20.6825],[-43.76312,-20.68274],[-43.76096,-20.68283],[-43.75948,-20.68394],[-43.75903,-20.68395],[-43.75789,-20.68481],[-43.75769,-20.68517],[-43.75677,-20.68543],[-43.75532,-20.68475],[-43.75223,-20.68383],[-43.75081,-20.68365],[-43.75101,-20.6823],[-43.75133,-20.68165],[-43.75286,-20.68133],[-43.75425,-20.68181],[-43.75476,-20.68177],[-43.75889,-20.67894],[-43.76022,-20.67856],[-43.76214,-20.67843],[-43.76368,-20.67863],[-43.76399,-20.67825],[-43.7635,-20.67744],[-43.76383,-20.6757],[-43.76412,-20.67529],[-43.76413,-20.67503],[-43.76365,-20.6744],[-43.76216,-20.67406],[-43.76146,-20.67358],[-43.76113,-20.67386],[-43.76006,-20.67421],[-43.75986,-20.67391],[-43.75991,-20.67336],[-43.75925,-20.67341],[-43.7579,-20.67484],[-43.75667,-20.67488],[-43.75555,-20.67572],[-43.75401,-20.67502],[-43.75421,-20.67447],[-43.75405,-20.67433],[-43.75159,-20.67346],[-43.75206,-20.6721],[-43.75303,-20.6703],[-43.76026,-20.67076],[-43.76083,-20.669]]],[[[-43.79408,-20.64191],[-43.79584,-20.64251],[-43.797,-20.6435],[-43.79846,-20.64391],[-43.79943,-20.64368],[-43.79892,-20.64307],[-43.80025,-20.64282],[-43.80009,-20.6422],[-43.80321,-20.64162],[-43.80469,-20.64224],[-43.8055,-20.64124],[-43.80605,-20.64159],[-43.81018,-20.64565],[-43.8136,-20.64044],[-43.8143,-20.63909],[-43.8141,-20.6377],[-43.81274,-20.63357],[-43.80937,-20.62861],[-43.80697,-20.62992],[-43.80413,-20.62427],[-43.8046,-20.62154],[-43.80432,-20.62027],[-43.8029,-20.61772],[-43.80051,-20.61467],[-43.80035,-20.61402],[-43.80033,-20.61298],[-43.80074,-20.61194],[-43.80161,-20.61111],[-43.80444,-20.60974],[-43.80514,-20.60923],[-43.80589,-20.60792],[-43.80615,-20.60598],[-43.80631,-20.60605],[-43.80656,-20.60554],[-43.80724,-20.60508],[-43.80673,-20.60458],[-43.80738,-20.6042],[-43.80719,-20.60393],[-43.80714,-20.60302],[-43.80657,-20.60239],[-43.80675,-20.60177],[-43.80478,-20.59795],[-43.80492,-20.59761],[-43.80547,-20.59682],[-43.80768,-20.59671],[-43.80838,-20.59556],[-43.81019,-20.59507],[-43.81043,-20.59517],[-43.81023,-20.5941],[-43.8096,-20.59292],[-43.80704,-20.59176],[-43.80621,-20.59162],[-43.80432,-20.59175],[-43.80278,-20.59201],[-43.80151,-20.5925],[-43.7998,-20.59269],[-43.79927,-20.59253],[-43.7989,-20.59202],[-43.79791,-20.5921],[-43.79698,-20.5909],[-43.79695,-20.59148],[-43.79797,-20.59302],[-43.79799,-20.59463],[-43.79774,-20.5949],[-43.79705,-20.59499],[-43.79611,-20.59576],[-43.79594,-20.59833],[-43.79532,-20.59983],[-43.79531,-20.60073],[-43.79459,-20.6025],[-43.79414,-20.60294],[-43.79255,-20.60358],[-43.79101,-20.60362],[-43.79098,-20.60321],[-43.78972,-20.60271],[-43.78781,-20.60289],[-43.78716,-20.60276],[-43.78569,-20.60185],[-43.78337,-20.60121],[-43.78268,-20.60142],[-43.78233,-20.6013],[-43.78127,-20.60188],[-43.77739,-20.60324],[-43.77644,-20.60416],[-43.77569,-20.60441],[-43.77389,-20.60568],[-43.76851,-20.60787],[-43.76632,-20.60824],[-43.76585,-20.60802],[-43.7651,-20.60816],[-43.76472,-20.60801],[-43.76258,-20.60806],[-43.76203,-20.60845],[-43.76154,-20.60955],[-43.76115,-20.60986],[-43.76135,-20.61018],[-43.7619,-20.61034],[-43.76223,-20.61144],[-43.76192,-20.61266],[-43.76227,-20.61378],[-43.76067,-20.61436],[-43.76,-20.61439],[-43.75959,-20.6147],[-43.75908,-20.61533],[-43.75899,-20.61616],[-43.75862,-20.61662],[-43.75893,-20.61742],[-43.75889,-20.61806],[-43.75862,-20.6183],[-43.75888,-20.61868],[-43.75931,-20.61864],[-43.75983,-20.61922],[-43.76001,-20.61918],[-43.76052,-20.61993],[-43.76107,-20.6203],[-43.76106,-20.62194],[-43.75979,-20.62209],[-43.75903,-20.62293],[-43.76018,-20.62359],[-43.76093,-20.62471],[-43.76059,-20.62814],[-43.76092,-20.62904],[-43.76141,-20.62955],[-43.76137,-20.63019],[-43.76195,-20.632],[-43.76209,-20.63348],[-43.76282,-20.63448],[-43.76294,-20.63519],[-43.76194,-20.63615],[-43.76177,-20.63672],[-43.76284,-20.6384],[-43.76298,-20.6392],[-43.76336,-20.63958],[-43.76514,-20.64004],[-43.76578,-20.6397],[-43.7692,-20.64169],[-43.77191,-20.64282],[-43.77545,-20.64586],[-43.77964,-20.64414],[-43.77952,-20.64337],[-43.7793,-20.64322],[-43.77983,-20.64292],[-43.77956,-20.64204],[-43.78103,-20.64096],[-43.78193,-20.63771],[-43.78313,-20.6373],[-43.78446,-20.63654],[-43.78489,-20.63568],[-43.78522,-20.63545],[-43.78709,-20.63712],[-43.78971,-20.63816],[-43.79071,-20.63886],[-43.79121,-20.63986],[-43.79185,-20.64256],[-43.79408,-20.64191]]]]}},{"id":"40","type":"Feature","properties":{"bairro":"Progresso","distrito":"Conselheiro Lafaiete","regiao":"Conselheiro Lafaiete","setores":4,"urbano":4},"geometry":{"type":"MultiPolygon","coordinates":[[[[-43.77651,-20.66639],[-43.77733,-20.66691],[-43.77746,-20.66782],[-43.77787,-20.6667],[-43.77789,-20.66555],[-43.77843,-20.6643],[-43.78012,-20.66434],[-43.78051,-20.66392],[-43.7803,-20.66279],[-43.78074,-20.66293],[-43.78042,-20.66207],[-43.78124,-20.6616],[-43.78095,-20.66119],[-43.77709,-20.66326],[-43.77576,-20.66347],[-43.77592,-20.66548],[-43.77651,-20.66639]]],[[[-43.76585,-20.65934],[-43.76637,-20.65956],[-43.7661,-20.65986],[-43.76657,-20.6602],[-43.7663,-20.66097],[-43.76686,-20.66228],[-43.76645,-20.66353],[-43.76682,-20.66566],[-43.76791,-20.66664],[-43.76807,-20.66713],[-43.76786,-20.66823],[-43.76857,-20.66919],[-43.76874,-20.66767],[-43.76911,-20.66726],[-43.77005,-20.66686],[-43.77224,-20.66675],[-43.77264,-20.6663],[-43.77329,-20.66479],[-43.77523,-20.66378],[-43.77405,-20.66251],[-43.77276,-20.66246],[-43.77255,-20.6622],[-43.77115,-20.66236],[-43.7705,-20.66208],[-43.76756,-20.65826],[-43.76778,-20.65788],[-43.76656,-20.65723],[-43.76621,-20.65769],[-43.76628,-20.65839],[-43.76587,-20.65881],[-43.76549,-20.65878],[-43.76585,-20.65934]]]]}},{"id":"41","type":"Feature","properties":{"bairro":"Queluz","distrito":"Conselheiro Lafaiete","regiao":"Conselheiro Lafaiete","setores":5,"urbano":5},"geometry":{"type":"Polygon","coordinates":[[[-43.78657,-20.66779],[-43.78584,-20.66973],[-43.78488,-20.67058],[-43.78474,-20.67204],[-43.7853,-20.67082],[-43.78624,-20.67038],[-43.78827,-20.6701],[-43.78923,-20.67029],[-43.79262,-20.67005],[-43.79258,-20.66829],[-43.79285,-20.66826],[-43.79287,-20.66769],[-43.7937,-20.66795],[-43.79416,-20.66785],[-43.7947,-20.66351],[-43.79421,-20.66374],[-43.79358,-20.66337],[-43.79352,-20.664],[-43.79164,-20.66487],[-43.79071,-20.66419],[-43.79035,-20.66494],[-43.7887,-20.66609],[-43.78827,-20.66498],[-43.78809,-20.66591],[-43.78657,-20.66779]]]}},{"id":"42","type":"Feature","properties":{"bairro":"Quinta das Flores","distrito":"Conselheiro Lafaiete","regiao":"Conselheiro Lafaiete","setores":1,"urbano":1},"geometry":{"type":"Polygon","coordinates":[[[-43.77777,-20.6575],[-43.77849,-20.65782],[-43.7803,-20.65762],[-43.77993,-20.6585],[-43.7792,-20.65943],[-43.77935,-20.65968],[-43.7805,-20.65962],[-43.78183,-20.65847],[-43.78274,-20.65709],[-43.77924,-20.65581],[-43.77897,-20.65635],[-43.77777,-20.6575]]]}},{"id":"43","type":"Feature","properties":{"bairro":"Quintas do Imperador","distrito":"Conselheiro Lafaiete","regiao":"Conselheiro Lafaiete","setores":1,"urbano":1},"geometry":{"type":"Polygon","coordinates":[[[-43.76026,-20.67076],[-43.75303,-20.6703],[-43.75206,-20.6721],[-43.75159,-20.67346],[-43.75405,-20.67433],[-43.75421,-20.67447],[-43.75401,-20.67502],[-43.75555,-20.67572],[-43.75667,-20.67488],[-43.7579,-20.67484],[-43.75925,-20.67341],[-43.75991,-20.67336],[-43.75986,-20.67391],[-43.76006,-20.67421],[-43.76113,-20.67386],[-43.76146,-20.67358],[-43.76216,-20.67406],[-43.76365,-20.6744],[-43.76348,-20.67417],[-43.76352,-20.67349],[-43.76476,-20.6719],[-43.7654,-20.67016],[-43.76536,-20.66991],[-43.76472,-20.67003],[-43.7649,-20.67056],[-43.76476,-20.67125],[-43.76467,-20.6714],[-43.76433,-20.67122],[-43.76419,-20.67013],[-43.76398,-20.66984],[-43.76262,-20.66848],[-43.76212,-20.66836],[-43.76083,-20.669],[-43.76026,-20.67076]]]}},{"id":"44","type":"Feature","properties":{"bairro":"Real de Queluz","distrito":"Conselheiro Lafaiete","regiao":"Conselheiro Lafaiete","setores":2,"urbano":2},"geometry":{"type":"Polygon","coordinates":[[[-43.76536,-20.66991],[-43.76486,-20.67169],[-43.76441,-20.67235],[-43.76668,-20.67327],[-43.76665,-20.67402],[-43.76715,-20.67423],[-43.76751,-20.67467],[-43.76818,-20.67327],[-43.76822,-20.6718],[-43.76868,-20.66981],[-43.76866,-20.66919],[-43.76837,-20.66905],[-43.76786,-20.66823],[-43.76801,-20.66687],[-43.76695,-20.66589],[-43.76726,-20.66738],[-43.76665,-20.66752],[-43.76659,-20.6672],[-43.766,-20.66731],[-43.76569,-20.6658],[-43.76466,-20.66655],[-43.76407,-20.6658],[-43.76368,-20.66595],[-43.76352,-20.66634],[-43.76276,-20.66692],[-43.76212,-20.66836],[-43.76262,-20.66848],[-43.76398,-20.66984],[-43.76419,-20.67013],[-43.76433,-20.67122],[-43.76467,-20.6714],[-43.76476,-20.67125],[-43.7649,-20.67056],[-43.76472,-20.67003],[-43.76536,-20.66991]]]}},{"id":"45","type":"Feature","properties":{"bairro":"Recanto dos Colibris","distrito":"Conselheiro Lafaiete","regiao":"Conselheiro Lafaiete","setores":2,"urbano":2},"geometry":{"type":"Polygon","coordinates":[[[-43.79061,-20.65195],[-43.79238,-20.65322],[-43.79338,-20.6547],[-43.79371,-20.65466],[-43.79404,-20.65519],[-43.79415,-20.65583],[-43.79435,-20.65581],[-43.79424,-20.65533],[-43.79559,-20.6549],[-43.79679,-20.65497],[-43.79683,-20.65416],[-43.79823,-20.65332],[-43.7976,-20.65221],[-43.79795,-20.65189],[-43.79631,-20.65019],[-43.79686,-20.64978],[-43.7956,-20.64838],[-43.79424,-20.64958],[-43.7942,-20.65022],[-43.79383,-20.64984],[-43.79333,-20.65024],[-43.79345,-20.65143],[-43.79374,-20.65179],[-43.79208,-20.65221],[-43.7918,-20.65176],[-43.79095,-20.65138],[-43.79061,-20.65195]]]}},{"id":"46","type":"Feature","properties":{"bairro":"Rochedo","distrito":"Conselheiro Lafaiete","regiao":"Conselheiro Lafaiete","setores":4,"urbano":4},"geometry":{"type":"Polygon","coordinates":[[[-43.76868,-20.66965],[-43.76833,-20.67115],[-43.77053,-20.67161],[-43.77087,-20.67221],[-43.77145,-20.6719],[-43.77187,-20.67202],[-43.77284,-20.6724],[-43.77275,-20.67263],[-43.77335,-20.67293],[-43.77357,-20.6724],[-43.77304,-20.6719],[-43.77366,-20.67042],[-43.7735,-20.66981],[-43.77434,-20.66848],[-43.77706,-20.67054],[-43.77803,-20.66937],[-43.77762,-20.66908],[-43.77733,-20.66691],[-43.77651,-20.66639],[-43.77592,-20.66548],[-43.77576,-20.66347],[-43.77422,-20.6644],[-43.77348,-20.66461],[-43.77224,-20.66675],[-43.76986,-20.66689],[-43.76882,-20.66751],[-43.76868,-20.66965]]]}},{"id":"47","type":"Feature","properties":{"bairro":"Rosario","distrito":"Conselheiro Lafaiete","regiao":"Conselheiro Lafaiete","setores":3,"urbano":3},"geometry":{"type":"Polygon","coordinates":[[[-43.79069,-20.66128],[-43.78968,-20.66213],[-43.78794,-20.66291],[-43.78817,-20.66432],[-43.78965,-20.66397],[-43.78982,-20.66377],[-43.78936,-20.66281],[-43.79083,-20.66211],[-43.79081,-20.6626],[-43.79045,-20.66291],[-43.79117,-20.66371],[-43.79141,-20.66337],[-43.79257,-20.66368],[-43.79348,-20.66335],[-43.79421,-20.66374],[-43.7947,-20.66351],[-43.79474,-20.66282],[-43.7954,-20.66058],[-43.79439,-20.66005],[-43.79133,-20.66006],[-43.7904,-20.66046],[-43.79069,-20.66128]]]}},{"id":"48","type":"Feature","properties":{"bairro":"Sagrado Coracao de Jesus","distrito":"Conselheiro Lafaiete","regiao":"Conselheiro Lafaiete","setores":6,"urbano":6},"geometry":{"type":"Polygon","coordinates":[[[-43.76627,-20.65504],[-43.76632,-20.65549],[-43.76669,-20.65578],[-43.76688,-20.65628],[-43.76686,-20.65676],[-43.76656,-20.65723],[-43.76778,-20.65788],[-43.7689,-20.6572],[-43.76902,-20.65689],[-43.76857,-20.65642],[-43.76861,-20.65596],[-43.76954,-20.65505],[-43.76989,-20.65538],[-43.77109,-20.65482],[-43.77141,-20.65536],[-43.7749,-20.65349],[-43.77576,-20.65355],[-43.77624,-20.6538],[-43.77577,-20.65255],[-43.77432,-20.65035],[-43.77385,-20.64824],[-43.77315,-20.64685],[-43.77162,-20.64507],[-43.77103,-20.64535],[-43.77058,-20.64523],[-43.77157,-20.64648],[-43.77173,-20.64847],[-43.77189,-20.64869],[-43.77225,-20.64842],[-43.77308,-20.64936],[-43.77233,-20.64994],[-43.77064,-20.64965],[-43.77031,-20.64985],[-43.76981,-20.6517],[-43.77054,-20.65198],[-43.77136,-20.65286],[-43.771,-20.65315],[-43.77113,-20.65336],[-43.77066,-20.65361],[-43.77023,-20.65343],[-43.76852,-20.65426],[-43.76742,-20.65518],[-43.76702,-20.65513],[-43.76667,-20.65483],[-43.76627,-20.65504]]]}},{"id":"49","type":"Feature","properties":{"bairro":"Santa Clara","distrito":"Conselheiro Lafaiete","regiao":"Conselheiro Lafaiete","setores":2,"urbano":2},"geometry":{"type":"Polygon","coordinates":[[[-43.76397,-20.67865],[-43.76441,-20.67882],[-43.76776,-20.67727],[-43.77073,-20.67792],[-43.77269,-20.67877],[-43.7747,-20.67917],[-43.77591,-20.67919],[-43.77681,-20.67877],[-43.77609,-20.67843],[-43.77602,-20.67763],[-43.77689,-20.67676],[-43.77543,-20.67567],[-43.77555,-20.67551],[-43.77501,-20.67507],[-43.77311,-20.6737],[-43.77264,-20.6741],[-43.77299,-20.67449],[-43.77125,-20.67541],[-43.77096,-20.67608],[-43.7688,-20.67552],[-43.76878,-20.67535],[-43.76751,-20.67467],[-43.76593,-20.67685],[-43.76397,-20.67865]]]}},{"id":"50","type":"Feature","properties":{"bairro":"Santa Cruz","distrito":"Conselheiro Lafaiete","regiao":"Conselheiro Lafaiete","setores":2,"urbano":2},"geometry":{"type":"Polygon","coordinates":[[[-43.80988,-20.64651],[-43.80857,-20.65404],[-43.80779,-20.65502],[-43.80698,-20.65544],[-43.80418,-20.65608],[-43.80575,-20.65666],[-43.80752,-20.65863],[-43.81377,-20.66116],[-43.81443,-20.66098],[-43.81579,-20.66019],[-43.8156,-20.65947],[-43.81586,-20.65865],[-43.81577,-20.65777],[-43.81627,-20.65765],[-43.81669,-20.6568],[-43.81734,-20.6565],[-43.81767,-20.65605],[-43.81623,-20.65565],[-43.8155,-20.65472],[-43.81557,-20.65437],[-43.81649,-20.65363],[-43.81661,-20.65256],[-43.8158,-20.65202],[-43.81487,-20.65194],[-43.81463,-20.65156],[-43.81462,-20.651],[-43.81332,-20.65064],[-43.81297,-20.65034],[-43.81228,-20.64926],[-43.81194,-20.6481],[-43.81069,-20.64732],[-43.81163,-20.64528],[-43.81074,-20.64484],[-43.81018,-20.64565],[-43.80988,-20.64651]]]}},{"id":"51","type":"Feature","properties":{"bairro":"Santa Efigenia","distrito":"Conselheiro Lafaiete","regiao":"Conselheiro Lafaiete","setores":3,"urbano":3},"geometry":{"type":"Polygon","coordinates":[[[-43.79067,-20.64615],[-43.78967,-20.64723],[-43.78927,-20.64847],[-43.78847,-20.64958],[-43.78847,-20.64994],[-43.7891,-20.65143],[-43.78965,-20.65145],[-43.79061,-20.65195],[-43.79095,-20.65138],[-43.7918,-20.65176],[-43.79208,-20.65221],[-43.79374,-20.65179],[-43.79345,-20.65143],[-43.79327,-20.65038],[-43.79368,-20.64985],[-43.7942,-20.65022],[-43.79424,-20.64958],[-43.7956,-20.64838],[-43.79532,-20.64792],[-43.79525,-20.64705],[-43.79581,-20.64662],[-43.79792,-20.64893],[-43.79744,-20.64933],[-43.79814,-20.65019],[-43.79881,-20.64965],[-43.79844,-20.64878],[-43.79853,-20.64667],[-43.79969,-20.64781],[-43.80024,-20.64562],[-43.79958,-20.6452],[-43.7996,-20.64476],[-43.79898,-20.64446],[-43.79674,-20.64478],[-43.79629,-20.6445],[-43.79574,-20.64337],[-43.79505,-20.6427],[-43.79447,-20.64224],[-43.79379,-20.64216],[-43.79185,-20.64256],[-43.79132,-20.64402],[-43.79085,-20.64458],[-43.79096,-20.64548],[-43.79067,-20.64615]]]}},{"id":"52","type":"Feature","properties":{"bairro":"Santa Maria","distrito":"Conselheiro Lafaiete","regiao":"Conselheiro Lafaiete","setores":3,"urbano":3},"geometry":{"type":"Polygon","coordinates":[[[-43.76441,-20.67882],[-43.76368,-20.67863],[-43.76355,-20.6788],[-43.76396,-20.67953],[-43.76468,-20.67971],[-43.76487,-20.68038],[-43.76471,-20.68221],[-43.76419,-20.68336],[-43.76421,-20.68389],[-43.76456,-20.68381],[-43.7652,-20.68206],[-43.7668,-20.68293],[-43.76857,-20.68346],[-43.76912,-20.68332],[-43.76904,-20.68278],[-43.76992,-20.68252],[-43.77028,-20.68195],[-43.76982,-20.68168],[-43.77049,-20.68016],[-43.77178,-20.67838],[-43.77073,-20.67792],[-43.76776,-20.67727],[-43.76441,-20.67882]]]}},{"id":"53","type":"Feature","properties":{"bairro":"Santa Matilde","distrito":"Conselheiro Lafaiete","regiao":"Conselheiro Lafaiete","setores":17,"urbano":17},"geometry":{"type":"Polygon","coordinates":[[[-43.79114,-20.68445],[-43.79108,-20.68571],[-43.79142,-20.68623],[-43.79222,-20.68557],[-43.7934,-20.68385],[-43.79386,-20.68283],[-43.79419,-20.68126],[-43.79401,-20.67842],[-43.79497,-20.6757],[-43.7966,-20.67379],[-43.79629,-20.67373],[-43.79637,-20.67329],[-43.79616,-20.67267],[-43.79644,-20.67269],[-43.79656,-20.67175],[-43.79608,-20.67166],[-43.79634,-20.67037],[-43.79582,-20.6703],[-43.79616,-20.66788],[-43.79419,-20.66762],[-43.79411,-20.66798],[-43.79374,-20.66796],[-43.79287,-20.66769],[-43.79285,-20.66826],[-43.79258,-20.66829],[-43.79262,-20.67005],[-43.78923,-20.67029],[-43.78872,-20.67011],[-43.78784,-20.67014],[-43.78624,-20.67038],[-43.7853,-20.67082],[-43.78453,-20.67244],[-43.78429,-20.6736],[-43.78501,-20.67465],[-43.78591,-20.67669],[-43.78359,-20.67754],[-43.78313,-20.67974],[-43.78236,-20.67965],[-43.78191,-20.68215],[-43.78147,-20.68327],[-43.78182,-20.6845],[-43.78576,-20.68529],[-43.7851,-20.68805],[-43.78547,-20.6882],[-43.78386,-20.68905],[-43.7808,-20.68804],[-43.78025,-20.6892],[-43.7791,-20.69041],[-43.77875,-20.69132],[-43.77878,-20.69188],[-43.77946,-20.69323],[-43.78196,-20.69354],[-43.78367,-20.69337],[-43.78461,-20.69369],[-43.78525,-20.69435],[-43.78665,-20.69436],[-43.7863,-20.69304],[-43.78651,-20.69209],[-43.78876,-20.68931],[-43.78908,-20.68838],[-43.7891,-20.68675],[-43.78946,-20.68596],[-43.79096,-20.6842],[-43.79114,-20.68445]]]}},{"id":"54","type":"Feature","properties":{"bairro":"Santa Rosa","distrito":"Conselheiro Lafaiete","regiao":"Conselheiro Lafaiete","setores":1,"urbano":1},"geometry":{"type":"Polygon","coordinates":[[[-43.80203,-20.65996],[-43.80209,-20.6608],[-43.80342,-20.66385],[-43.80537,-20.66371],[-43.80492,-20.66336],[-43.80522,-20.66275],[-43.80435,-20.66193],[-43.80417,-20.66151],[-43.80399,-20.66073],[-43.80417,-20.65869],[-43.80342,-20.65839],[-43.80468,-20.65629],[-43.80418,-20.65608],[-43.80326,-20.65654],[-43.80203,-20.65996]]]}},{"id":"55","type":"Feature","properties":{"bairro":"Santo Antonio","distrito":"Conselheiro Lafaiete","regiao":"Conselheiro Lafaiete","setores":1,"urbano":1},"geometry":{"type":"Polygon","coordinates":[[[-43.7805,-20.65962],[-43.78096,-20.66021],[-43.78155,-20.66042],[-43.78058,-20.66104],[-43.78035,-20.66126],[-43.78046,-20.66146],[-43.78251,-20.66022],[-43.78458,-20.65958],[-43.78408,-20.65846],[-43.78274,-20.65709],[-43.78183,-20.65847],[-43.7805,-20.65962]]]}},{"id":"56","type":"Feature","properties":{"bairro":"Sao Dimas","distrito":"Conselheiro Lafaiete","regiao":"Conselheiro Lafaiete","setores":6,"urbano":6},"geometry":{"type":"Polygon","coordinates":[[[-43.81407,-20.67734],[-43.81486,-20.67758],[-43.81535,-20.67707],[-43.81186,-20.67595],[-43.81183,-20.67539],[-43.81083,-20.67505],[-43.81087,-20.67448],[-43.81039,-20.67335],[-43.80954,-20.67214],[-43.81144,-20.67058],[-43.80672,-20.66566],[-43.80571,-20.66547],[-43.80342,-20.66385],[-43.80209,-20.6608],[-43.80203,-20.65996],[-43.80144,-20.65972],[-43.80078,-20.65977],[-43.80214,-20.66206],[-43.80151,-20.66272],[-43.80338,-20.66467],[-43.80338,-20.66547],[-43.80292,-20.66766],[-43.80226,-20.66865],[-43.80351,-20.67005],[-43.80538,-20.66922],[-43.80913,-20.67334],[-43.80979,-20.67498],[-43.80897,-20.67563],[-43.80891,-20.67596],[-43.80827,-20.67669],[-43.80852,-20.67699],[-43.80985,-20.67761],[-43.8136,-20.67883],[-43.81407,-20.67734]]]}},{"id":"57","type":"Feature","properties":{"bairro":"Sao Joao","distrito":"Conselheiro Lafaiete","regiao":"Conselheiro Lafaiete","setores":21,"urbano":20},"geometry":{"type":"MultiPolygon","coordinates":[[[[-43.7824,-20.6796],[-43.78313,-20.67974],[-43.78359,-20.67754],[-43.78591,-20.67669],[-43.78429,-20.67344],[-43.78485,-20.67163],[-43.7848,-20.67076],[-43.78584,-20.66973],[-43.78597,-20.66936],[-43.78489,-20.67012],[-43.78431,-20.67088],[-43.78383,-20.6704],[-43.78259,-20.66976],[-43.782,-20.6707],[-43.78127,-20.66999],[-43.78074,-20.67036],[-43.78006,-20.66957],[-43.77977,-20.66981],[-43.77746,-20.66782],[-43.77762,-20.66908],[-43.77803,-20.66937],[-43.77706,-20.67054],[-43.77434,-20.66848],[-43.7735,-20.66981],[-43.77366,-20.67042],[-43.77304,-20.6719],[-43.77357,-20.6724],[-43.77335,-20.67293],[-43.77396,-20.67334],[-43.77347,-20.67397],[-43.77689,-20.67676],[-43.77602,-20.67763],[-43.77609,-20.67843],[-43.77681,-20.67877],[-43.77725,-20.67825],[-43.77838,-20.67902],[-43.77669,-20.68089],[-43.78168,-20.68398],[-43.78149,-20.68307],[-43.78191,-20.68215],[-43.7824,-20.6796]]],[[[-43.76394,-20.68326],[-43.76325,-20.68407],[-43.76356,-20.68423],[-43.7634,-20.68463],[-43.76396,-20.68475],[-43.76402,-20.68515],[-43.76366,-20.68592],[-43.76421,-20.68641],[-43.76376,-20.68676],[-43.76381,-20.68717],[-43.76354,-20.68749],[-43.76335,-20.68892],[-43.76311,-20.68913],[-43.76316,-20.68982],[-43.76324,-20.69036],[-43.76382,-20.69101],[-43.76366,-20.69183],[-43.76437,-20.69356],[-43.76423,-20.69461],[-43.76457,-20.69522],[-43.76522,-20.69561],[-43.76537,-20.69597],[-43.76501,-20.69783],[-43.76529,-20.69837],[-43.76515,-20.6991],[-43.76574,-20.6996],[-43.76528,-20.70012],[-43.76569,-20.70058],[-43.76547,-20.70083],[-43.76563,-20.70188],[-43.76536,-20.70221],[-43.76553,-20.70286],[-43.76584,-20.70305],[-43.76581,-20.70333],[-43.76632,-20.70412],[-43.76611,-20.70453],[-43.76472,-20.70534],[-43.76432,-20.70613],[-43.76275,-20.70741],[-43.76182,-20.70964],[-43.76191,-20.71222],[-43.7603,-20.71502],[-43.75916,-20.7165],[-43.75806,-20.71721],[-43.75699,-20.71851],[-43.75688,-20.7194],[-43.75789,-20.71937],[-43.76104,-20.71761],[-43.76207,-20.71778],[-43.76472,-20.71761],[-43.76541,-20.71788],[-43.76597,-20.71862],[-43.76726,-20.71932],[-43.76759,-20.71934],[-43.76812,-20.71901],[-43.76998,-20.72156],[-43.7752,-20.71944],[-43.77774,-20.71732],[-43.77932,-20.71652],[-43.78083,-20.71481],[-43.77998,-20.71398],[-43.78106,-20.71204],[-43.7814,-20.71188],[-43.78109,-20.7112],[-43.78118,-20.71064],[-43.78212,-20.70951],[-43.78393,-20.70802],[-43.78689,-20.70659],[-43.78677,-20.70593],[-43.78739,-20.70518],[-43.78708,-20.70476],[-43.78789,-20.70364],[-43.78917,-20.70376],[-43.79033,-20.70308],[-43.79093,-20.7019],[-43.79148,-20.70157],[-43.79171,-20.7012],[-43.79141,-20.70095],[-43.7913,-20.70046],[-43.79157,-20.69956],[-43.79191,-20.69945],[-43.79203,-20.69905],[-43.7918,-20.69885],[-43.79155,-20.69926],[-43.79103,-20.69936],[-43.79035,-20.69844],[-43.78792,-20.69737],[-43.78754,-20.6969],[-43.78665,-20.69436],[-43.78525,-20.69435],[-43.78461,-20.69369],[-43.78367,-20.69337],[-43.78196,-20.69354],[-43.78047,-20.69336],[-43.77955,-20.69348],[-43.77853,-20.69302],[-43.77623,-20.69416],[-43.77521,-20.6934],[-43.77492,-20.69353],[-43.77494,-20.69414],[-43.77419,-20.69459],[-43.77462,-20.69623],[-43.77441,-20.69661],[-43.7741,-20.69952],[-43.77358,-20.69987],[-43.772,-20.70013],[-43.7708,-20.69699],[-43.77096,-20.69654],[-43.77074,-20.69407],[-43.77087,-20.69063],[-43.77054,-20.68907],[-43.77062,-20.68793],[-43.76995,-20.68694],[-43.7691,-20.68486],[-43.76468,-20.68352],[-43.76456,-20.68381],[-43.76421,-20.68389],[-43.76419,-20.68336],[-43.76471,-20.68221],[-43.76487,-20.68038],[-43.76468,-20.67971],[-43.76396,-20.67953],[-43.76357,-20.67907],[-43.76351,-20.67996],[-43.76372,-20.68042],[-43.7634,-20.68134],[-43.76383,-20.68201],[-43.76359,-20.6825],[-43.76397,-20.68286],[-43.76394,-20.68326]]]]}},{"id":"58","type":"Feature","properties":{"bairro":"Sao Jorge","distrito":"Conselheiro Lafaiete","regiao":"Conselheiro Lafaiete","setores":1,"urbano":1},"geometry":{"type":"Polygon","coordinates":[[[-43.77521,-20.6934],[-43.77609,-20.69417],[-43.77853,-20.69302],[-43.77919,-20.69343],[-43.77962,-20.69344],[-43.77875,-20.69174],[-43.77918,-20.69005],[-43.77826,-20.68992],[-43.7769,-20.69045],[-43.77581,-20.69146],[-43.77444,-20.69173],[-43.77521,-20.6934]]]}},{"id":"59","type":"Feature","properties":{"bairro":"Sao Jose","distrito":"Conselheiro Lafaiete","regiao":"Conselheiro Lafaiete","setores":1,"urbano":1},"geometry":{"type":"Polygon","coordinates":[[[-43.75081,-20.68365],[-43.75223,-20.68383],[-43.75532,-20.68475],[-43.75677,-20.68543],[-43.75769,-20.68517],[-43.75789,-20.68481],[-43.75903,-20.68395],[-43.75948,-20.68394],[-43.76096,-20.68283],[-43.76312,-20.68274],[-43.76359,-20.6825],[-43.76384,-20.68221],[-43.76338,-20.68106],[-43.76372,-20.68042],[-43.76351,-20.67996],[-43.76368,-20.67863],[-43.76214,-20.67843],[-43.75929,-20.6788],[-43.75855,-20.6791],[-43.75476,-20.68177],[-43.75425,-20.68181],[-43.75286,-20.68133],[-43.75133,-20.68165],[-43.75101,-20.6823],[-43.75081,-20.68365]]]}},{"id":"60","type":"Feature","properties":{"bairro":"Sao Judas Tadeu","distrito":"Conselheiro Lafaiete","regiao":"Conselheiro Lafaiete","setores":2,"urbano":2},"geometry":{"type":"Polygon","coordinates":[[[-43.75838,-20.65406],[-43.7605,-20.65606],[-43.76143,-20.65657],[-43.76214,-20.65669],[-43.76452,-20.6565],[-43.76529,-20.65663],[-43.76656,-20.65723],[-43.76676,-20.65698],[-43.76685,-20.65615],[-43.76632,-20.65549],[-43.76608,-20.65361],[-43.76636,-20.65327],[-43.7663,-20.65218],[-43.76672,-20.65117],[-43.76661,-20.65021],[-43.76628,-20.65005],[-43.76625,-20.64968],[-43.76696,-20.64973],[-43.76702,-20.64931],[-43.76671,-20.64845],[-43.76691,-20.64789],[-43.76661,-20.6478],[-43.76633,-20.64798],[-43.76613,-20.64918],[-43.76574,-20.64953],[-43.76593,-20.64847],[-43.76588,-20.64626],[-43.76579,-20.64546],[-43.76554,-20.64504],[-43.76532,-20.64492],[-43.76318,-20.64791],[-43.76248,-20.64769],[-43.76213,-20.64828],[-43.76201,-20.64936],[-43.75975,-20.65181],[-43.75922,-20.65305],[-43.75859,-20.65404],[-43.75838,-20.65406]]]}},{"id":"61","type":"Feature","properties":{"bairro":"Sao Marcos","distrito":"Conselheiro Lafaiete","regiao":"Conselheiro Lafaiete","setores":2,"urbano":2},"geometry":{"type":"Polygon","coordinates":[[[-43.76995,-20.68694],[-43.77062,-20.68793],[-43.77054,-20.68907],[-43.77087,-20.69063],[-43.77074,-20.69407],[-43.77096,-20.69654],[-43.7708,-20.69699],[-43.772,-20.70013],[-43.77251,-20.70016],[-43.77385,-20.69972],[-43.77422,-20.69924],[-43.77441,-20.69661],[-43.77462,-20.69623],[-43.77419,-20.69459],[-43.77494,-20.69414],[-43.77492,-20.69353],[-43.77521,-20.6934],[-43.77444,-20.69173],[-43.77581,-20.69146],[-43.7769,-20.69045],[-43.77826,-20.68992],[-43.77918,-20.69005],[-43.77922,-20.69029],[-43.77991,-20.68957],[-43.77941,-20.68899],[-43.77832,-20.68915],[-43.77631,-20.688],[-43.77538,-20.68789],[-43.77517,-20.68763],[-43.77356,-20.6876],[-43.77349,-20.68726],[-43.77153,-20.68668],[-43.77076,-20.68599],[-43.7706,-20.68558],[-43.76935,-20.68551],[-43.76995,-20.68694]]]}},{"id":"62","type":"Feature","properties":{"bairro":"Sao Sebastiao","distrito":"Conselheiro Lafaiete","regiao":"Conselheiro Lafaiete","setores":13,"urbano":13},"geometry":{"type":"Polygon","coordinates":[[[-43.7978,-20.67141],[-43.79871,-20.67168],[-43.80248,-20.66842],[-43.80292,-20.66766],[-43.8034,-20.66528],[-43.80338,-20.66467],[-43.80151,-20.66272],[-43.80214,-20.66206],[-43.80078,-20.65977],[-43.79988,-20.65977],[-43.80002,-20.65892],[-43.79958,-20.65856],[-43.79924,-20.65925],[-43.79814,-20.65799],[-43.79606,-20.65985],[-43.79566,-20.66067],[-43.7954,-20.66058],[-43.79462,-20.66337],[-43.79419,-20.66762],[-43.79616,-20.66788],[-43.79582,-20.6703],[-43.79793,-20.67062],[-43.7978,-20.67141]]]}},{"id":"63","type":"Feature","properties":{"bairro":"Sao Vicente","distrito":"Buarque de Macedo","regiao":"Buarque de Macedo","setores":1,"urbano":0},"geometry":{"type":"Polygon","coordinates":[[[-43.72784,-20.73945],[-43.72642,-20.739],[-43.72597,-20.73948],[-43.72597,-20.73982],[-43.72567,-20.73976],[-43.72564,-20.74024],[-43.72523,-20.74096],[-43.72678,-20.7402],[-43.72678,-20.74069],[-43.7272,-20.74158],[-43.72898,-20.74216],[-43.73168,-20.74048],[-43.73053,-20.7383],[-43.72959,-20.73775],[-43.72922,-20.73776],[-43.72889,-20.73801],[-43.72868,-20.73845],[-43.72836,-20.73853],[-43.72784,-20.73945]]]}},{"id":"64","type":"Feature","properties":{"bairro":"Siderurgico","distrito":"Conselheiro Lafaiete","regiao":"Conselheiro Lafaiete","setores":5,"urbano":5},"geometry":{"type":"Polygon","coordinates":[[[-43.79953,-20.65164],[-43.80198,-20.6543],[-43.80186,-20.65523],[-43.80203,-20.65617],[-43.80348,-20.65558],[-43.80418,-20.65608],[-43.80698,-20.65544],[-43.80779,-20.65502],[-43.80863,-20.65385],[-43.8097,-20.64732],[-43.81018,-20.64565],[-43.80605,-20.64159],[-43.8055,-20.64124],[-43.80469,-20.64224],[-43.80321,-20.64162],[-43.80009,-20.6422],[-43.80025,-20.64282],[-43.79892,-20.64307],[-43.79943,-20.64368],[-43.79846,-20.64391],[-43.79673,-20.64337],[-43.79584,-20.64251],[-43.7948,-20.64207],[-43.79408,-20.64191],[-43.79286,-20.64229],[-43.79447,-20.64224],[-43.79568,-20.6433],[-43.79629,-20.6445],[-43.79674,-20.64478],[-43.79727,-20.64482],[-43.79864,-20.6444],[-43.79929,-20.64454],[-43.80061,-20.64542],[-43.80165,-20.6455],[-43.803,-20.64462],[-43.80359,-20.64468],[-43.80404,-20.64499],[-43.80425,-20.64534],[-43.80414,-20.64604],[-43.80382,-20.64639],[-43.80285,-20.6468],[-43.8019,-20.64798],[-43.8017,-20.64864],[-43.80212,-20.64924],[-43.80351,-20.64975],[-43.80465,-20.64936],[-43.80358,-20.65119],[-43.8033,-20.65202],[-43.8028,-20.65247],[-43.80202,-20.65254],[-43.79997,-20.65117],[-43.79953,-20.65164]]]}},{"id":"65","type":"Feature","properties":{"bairro":"Sion","distrito":"Conselheiro Lafaiete","regiao":"Conselheiro Lafaiete","setores":3,"urbano":3},"geometry":{"type":"Polygon","coordinates":[[[-43.771,-20.684],[-43.77362,-20.68544],[-43.77388,-20.68247],[-43.77438,-20.6824],[-43.7755,-20.68281],[-43.77662,-20.68099],[-43.77838,-20.67902],[-43.77725,-20.67825],[-43.77676,-20.67883],[-43.77574,-20.67921],[-43.77293,-20.67882],[-43.77178,-20.67838],[-43.77049,-20.68016],[-43.76982,-20.68168],[-43.77028,-20.68195],[-43.76992,-20.68252],[-43.76904,-20.68278],[-43.76916,-20.68362],[-43.77104,-20.68359],[-43.771,-20.684]]]}},{"id":"66","type":"Feature","properties":{"bairro":"Sitio da Cruz","distrito":"Conselheiro Lafaiete","regiao":"Conselheiro Lafaiete","setores":1,"urbano":0},"geometry":{"type":"Polygon","coordinates":[[[-43.72826,-20.67751],[-43.73068,-20.6787],[-43.73358,-20.6778],[-43.73435,-20.67802],[-43.73507,-20.67919],[-43.73553,-20.67882],[-43.73732,-20.67421],[-43.73657,-20.67199],[-43.73697,-20.67157],[-43.73736,-20.67057],[-43.73825,-20.66963],[-43.73801,-20.66903],[-43.73745,-20.66901],[-43.73726,-20.66872],[-43.73747,-20.66804],[-43.73547,-20.66597],[-43.73388,-20.66506],[-43.73265,-20.66228],[-43.73319,-20.6585],[-43.7342,-20.65596],[-43.733,-20.65287],[-43.73244,-20.65045],[-43.73189,-20.65034],[-43.72799,-20.64722],[-43.72699,-20.64599],[-43.7262,-20.6471],[-43.72589,-20.64726],[-43.7255,-20.64699],[-43.72496,-20.6473],[-43.72473,-20.64896],[-43.72393,-20.64931],[-43.72331,-20.65062],[-43.72234,-20.65137],[-43.72056,-20.64948],[-43.72083,-20.64895],[-43.72024,-20.6488],[-43.72018,-20.64854],[-43.71941,-20.64877],[-43.71995,-20.65061],[-43.71941,-20.65146],[-43.71858,-20.65202],[-43.71792,-20.65223],[-43.71703,-20.65168],[-43.71625,-20.65049],[-43.7157,-20.65018],[-43.71532,-20.65037],[-43.71479,-20.65279],[-43.71311,-20.65368],[-43.71088,-20.65448],[-43.7104,-20.65539],[-43.70982,-20.65782],[-43.71014,-20.65936],[-43.70947,-20.661],[-43.70819,-20.66227],[-43.70757,-20.66362],[-43.70774,-20.6649],[-43.70683,-20.66444],[-43.7062,-20.66461],[-43.70596,-20.66494],[-43.70754,-20.66592],[-43.70735,-20.66676],[-43.70749,-20.66847],[-43.70731,-20.66985],[-43.70798,-20.67038],[-43.70849,-20.67268],[-43.70905,-20.673],[-43.70947,-20.67379],[-43.7112,-20.67444],[-43.71171,-20.67516],[-43.71229,-20.67521],[-43.71278,-20.67449],[-43.71387,-20.67441],[-43.71596,-20.67345],[-43.71653,-20.67339],[-43.71751,-20.67368],[-43.71912,-20.6747],[-43.72179,-20.67539],[-43.72248,-20.67583],[-43.72371,-20.67561],[-43.72483,-20.67622],[-43.72576,-20.67727],[-43.7266,-20.67742],[-43.72735,-20.67729],[-43.72826,-20.67751]]]}},{"id":"67","type":"Feature","properties":{"bairro":"Vargas","distrito":"Conselheiro Lafaiete","regiao":"Conselheiro Lafaiete","setores":1,"urbano":0},"geometry":{"type":"Polygon","coordinates":[[[-43.7422,-20.69846],[-43.74028,-20.69964],[-43.73991,-20.70031],[-43.73104,-20.70241],[-43.72928,-20.70222],[-43.72847,-20.70181],[-43.72522,-20.70146],[-43.72176,-20.70271],[-43.71691,-20.70296],[-43.71513,-20.70335],[-43.71371,-20.70285],[-43.71314,-20.70294],[-43.71212,-20.70406],[-43.71118,-20.70734],[-43.71041,-20.70767],[-43.70923,-20.70783],[-43.70857,-20.70918],[-43.70771,-20.71004],[-43.70651,-20.71024],[-43.70341,-20.70939],[-43.70024,-20.71058],[-43.69945,-20.71055],[-43.69872,-20.71104],[-43.69816,-20.71278],[-43.69824,-20.71378],[-43.69754,-20.71594],[-43.69761,-20.71685],[-43.69605,-20.71721],[-43.69419,-20.71821],[-43.69326,-20.7191],[-43.69276,-20.71925],[-43.69204,-20.71982],[-43.69152,-20.71958],[-43.69146,-20.72078],[-43.69206,-20.72217],[-43.69201,-20.72329],[-43.69214,-20.7235],[-43.69349,-20.72367],[-43.69411,-20.72288],[-43.69492,-20.72286],[-43.69509,-20.72369],[-43.69611,-20.72373],[-43.69627,-20.72426],[-43.69595,-20.72465],[-43.69616,-20.72481],[-43.6969,-20.72464],[-43.69795,-20.72492],[-43.69834,-20.72521],[-43.6987,-20.72586],[-43.69936,-20.72621],[-43.69943,-20.72651],[-43.69905,-20.72778],[-43.69991,-20.7281],[-43.70057,-20.72883],[-43.70166,-20.72875],[-43.70265,-20.729],[-43.70377,-20.72885],[-43.70543,-20.72917],[-43.7063,-20.72912],[-43.70784,-20.72953],[-43.70833,-20.73003],[-43.70912,-20.73033],[-43.71031,-20.73223],[-43.71141,-20.73305],[-43.71182,-20.73405],[-43.71235,-20.73455],[-43.71287,-20.7361],[-43.71382,-20.73636],[-43.71405,-20.73675],[-43.7147,-20.73709],[-43.71517,-20.73765],[-43.71656,-20.738],[-43.71662,-20.7372],[-43.71783,-20.73555],[-43.71985,-20.73429],[-43.72072,-20.73349],[-43.7221,-20.73184],[-43.7227,-20.73073],[-43.72444,-20.72913],[-43.72806,-20.7285],[-43.73427,-20.72852],[-43.73769,-20.72718],[-43.73925,-20.72686],[-43.74036,-20.72805],[-43.73989,-20.72983],[-43.73897,-20.73141],[-43.73941,-20.73331],[-43.74079,-20.73466],[-43.74254,-20.7354],[-43.74394,-20.73724],[-43.74428,-20.73856],[-43.74411,-20.74075],[-43.74487,-20.74232],[-43.74531,-20.74265],[-43.74607,-20.74282],[-43.74708,-20.74283],[-43.74815,-20.74257],[-43.74966,-20.7409],[-43.75236,-20.7384],[-43.75334,-20.73694],[-43.7553,-20.73531],[-43.75668,-20.73375],[-43.75904,-20.73304],[-43.76097,-20.73157],[-43.7619,-20.72976],[-43.76382,-20.72779],[-43.76429,-20.72708],[-43.76466,-20.72594],[-43.76492,-20.72409],[-43.76549,-20.7231],[-43.76604,-20.72255],[-43.76867,-20.72108],[-43.76924,-20.72049],[-43.76812,-20.71901],[-43.76759,-20.71934],[-43.76726,-20.71932],[-43.76597,-20.71862],[-43.76541,-20.71788],[-43.76472,-20.71761],[-43.76234,-20.71778],[-43.76104,-20.71761],[-43.75756,-20.71942],[-43.75688,-20.7194],[-43.75506,-20.71875],[-43.75352,-20.71897],[-43.75221,-20.71878],[-43.75182,-20.71891],[-43.74983,-20.7173],[-43.74921,-20.71678],[-43.74827,-20.71475],[-43.74762,-20.71051],[-43.74591,-20.70913],[-43.74536,-20.70608],[-43.7442,-20.70363],[-43.7422,-20.69846]]]}},{"id":"68","type":"Feature","properties":{"bairro":"Vila Resende","distrito":"Conselheiro Lafaiete","regiao":"Conselheiro Lafaiete","setores":3,"urbano":3},"geometry":{"type":"Polygon","coordinates":[[[-43.76673,-20.65493],[-43.76721,-20.65519],[-43.7676,-20.65511],[-43.76852,-20.65426],[-43.77023,-20.65343],[-43.77066,-20.65361],[-43.77113,-20.65336],[-43.771,-20.65315],[-43.77136,-20.65286],[-43.77054,-20.65198],[-43.76981,-20.6517],[-43.77046,-20.64966],[-43.77034,-20.64917],[-43.76992,-20.64887],[-43.76691,-20.64789],[-43.76671,-20.64845],[-43.76702,-20.64931],[-43.76696,-20.64973],[-43.76625,-20.64968],[-43.76628,-20.65005],[-43.76661,-20.65021],[-43.76672,-20.65117],[-43.7663,-20.65218],[-43.76636,-20.65327],[-43.76608,-20.65361],[-43.76627,-20.65504],[-43.76673,-20.65493]]]}},{"id":"69","type":"Feature","properties":{"bairro":"Zona rural — Conselheiro Lafaiete","distrito":"Conselheiro Lafaiete","regiao":"Conselheiro Lafaiete","setores":13,"urbano":0},"geometry":{"type":"MultiPolygon","coordinates":[[[[-43.80787,-20.67667],[-43.80607,-20.67728],[-43.80597,-20.68058],[-43.80742,-20.68371],[-43.80826,-20.68446],[-43.80927,-20.68702],[-43.80807,-20.68802],[-43.80876,-20.68855],[-43.80793,-20.6902],[-43.80777,-20.69112],[-43.80779,-20.69202],[-43.80819,-20.69265],[-43.8085,-20.69378],[-43.80886,-20.69394],[-43.81079,-20.69379],[-43.81227,-20.69301],[-43.81326,-20.69474],[-43.81231,-20.69622],[-43.8137,-20.69645],[-43.81488,-20.69733],[-43.81659,-20.69765],[-43.81807,-20.69825],[-43.818,-20.69855],[-43.81866,-20.69919],[-43.81946,-20.69906],[-43.81966,-20.70004],[-43.82181,-20.70292],[-43.82139,-20.70433],[-43.81988,-20.7065],[-43.81999,-20.70747],[-43.82069,-20.70822],[-43.81887,-20.70969],[-43.81865,-20.71074],[-43.81825,-20.71103],[-43.81705,-20.71074],[-43.81632,-20.70989],[-43.81502,-20.70896],[-43.81453,-20.70784],[-43.81408,-20.70787],[-43.81137,-20.71091],[-43.8097,-20.71101],[-43.81044,-20.71155],[-43.81064,-20.71325],[-43.81138,-20.71388],[-43.81262,-20.71663],[-43.81331,-20.71716],[-43.81192,-20.71792],[-43.81109,-20.71817],[-43.80858,-20.71823],[-43.80739,-20.71897],[-43.80635,-20.7189],[-43.80315,-20.7179],[-43.80066,-20.71804],[-43.79933,-20.71792],[-43.79801,-20.71739],[-43.79747,-20.71763],[-43.80071,-20.72404],[-43.80171,-20.7248],[-43.80202,-20.72543],[-43.80243,-20.72578],[-43.80297,-20.72591],[-43.80449,-20.72589],[-43.80664,-20.72635],[-43.80799,-20.72704],[-43.80873,-20.72893],[-43.80989,-20.73054],[-43.81149,-20.73174],[-43.81315,-20.73364],[-43.8137,-20.73394],[-43.81508,-20.73398],[-43.81692,-20.73316],[-43.81721,-20.73338],[-43.81894,-20.7333],[-43.81938,-20.73355],[-43.82035,-20.73363],[-43.82197,-20.73512],[-43.82198,-20.73475],[-43.82413,-20.73425],[-43.82656,-20.73308],[-43.82785,-20.73215],[-43.82884,-20.73115],[-43.82982,-20.72987],[-43.83039,-20.7279],[-43.83164,-20.72709],[-43.83242,-20.72629],[-43.83244,-20.72556],[-43.83154,-20.72394],[-43.83164,-20.72282],[-43.83255,-20.72216],[-43.83575,-20.72072],[-43.83743,-20.72065],[-43.83797,-20.72081],[-43.8387,-20.72051],[-43.83921,-20.71996],[-43.8397,-20.71828],[-43.84139,-20.71514],[-43.84323,-20.71332],[-43.84339,-20.71201],[-43.84376,-20.7116],[-43.84494,-20.71104],[-43.84574,-20.70994],[-43.84705,-20.70926],[-43.84779,-20.70953],[-43.84811,-20.71021],[-43.84812,-20.71321],[-43.84844,-20.7139],[-43.84866,-20.71398],[-43.84947,-20.71339],[-43.85008,-20.71073],[-43.85268,-20.7096],[-43.8544,-20.70919],[-43.85557,-20.70845],[-43.85655,-20.70638],[-43.85659,-20.70492],[-43.85491,-20.70294],[-43.85296,-20.70189],[-43.85263,-20.70153],[-43.85256,-20.70034],[-43.85292,-20.69911],[-43.85641,-20.6954],[-43.85887,-20.69483],[-43.86016,-20.6943],[-43.862,-20.69171],[-43.86256,-20.69053],[-43.86343,-20.6895],[-43.86468,-20.68941],[-43.86634,-20.68979],[-43.8672,-20.6901],[-43.86822,-20.69091],[-43.86903,-20.69103],[-43.87176,-20.68939],[-43.87211,-20.68847],[-43.87135,-20.68695],[-43.87291,-20.68556],[-43.8735,-20.68455],[-43.87361,-20.68371],[-43.87312,-20.68259],[-43.87311,-20.68129],[-43.87328,-20.68084],[-43.87366,-20.68052],[-43.87478,-20.68043],[-43.87492,-20.68024],[-43.87489,-20.67881],[-43.87521,-20.67633],[-43.8756,-20.6756],[-43.87602,-20.67532],[-43.87827,-20.67468],[-43.8786,-20.67324],[-43.87937,-20.67228],[-43.88033,-20.67174],[-43.8811,-20.67181],[-43.88249,-20.67247],[-43.88405,-20.6724],[-43.88518,-20.67212],[-43.88716,-20.67002],[-43.88915,-20.66731],[-43.89069,-20.66629],[-43.89403,-20.6653],[-43.89491,-20.66514],[-43.89568,-20.66526],[-43.89673,-20.66675],[-43.89724,-20.66672],[-43.89931,-20.66592],[-43.90076,-20.66603],[-43.90188,-20.66678],[-43.90272,-20.66667],[-43.90312,-20.66626],[-43.90383,-20.66488],[-43.90486,-20.66376],[-43.90671,-20.66222],[-43.9074,-20.66192],[-43.90892,-20.65983],[-43.9111,-20.66219],[-43.91276,-20.66333],[-43.91356,-20.66459],[-43.91431,-20.66495],[-43.91509,-20.66493],[-43.9157,-20.66452],[-43.91646,-20.66318],[-43.91673,-20.65968],[-43.91775,-20.65836],[-43.91817,-20.65814],[-43.91931,-20.65816],[-43.92207,-20.65872],[-43.92392,-20.65883],[-43.92369,-20.65843],[-43.92419,-20.65791],[-43.92424,-20.65722],[-43.92317,-20.65549],[-43.92409,-20.65535],[-43.92371,-20.65503],[-43.92236,-20.65484],[-43.92222,-20.65416],[-43.92269,-20.65359],[-43.92297,-20.65234],[-43.92321,-20.65228],[-43.92357,-20.65269],[-43.92374,-20.65252],[-43.92375,-20.65151],[-43.92391,-20.65133],[-43.92442,-20.65135],[-43.92515,-20.65084],[-43.926,-20.6509],[-43.92646,-20.65068],[-43.9259,-20.64986],[-43.92473,-20.64934],[-43.92408,-20.64853],[-43.92401,-20.64751],[-43.92336,-20.64637],[-43.92338,-20.64432],[-43.92528,-20.64423],[-43.92605,-20.64294],[-43.92674,-20.64255],[-43.92755,-20.64247],[-43.92793,-20.64214],[-43.92899,-20.64232],[-43.92992,-20.64201],[-43.92989,-20.63953],[-43.92927,-20.63907],[-43.92868,-20.6382],[-43.9277,-20.63808],[-43.92756,-20.63787],[-43.9276,-20.6376],[-43.92868,-20.63671],[-43.92894,-20.63621],[-43.92864,-20.63579],[-43.92786,-20.6357],[-43.92773,-20.6355],[-43.92777,-20.63439],[-43.92692,-20.63316],[-43.92646,-20.63197],[-43.92623,-20.63004],[-43.92551,-20.62975],[-43.92501,-20.62994],[-43.92481,-20.62971],[-43.92469,-20.62884],[-43.92396,-20.62791],[-43.92254,-20.62793],[-43.9216,-20.62744],[-43.92062,-20.62732],[-43.91979,-20.62626],[-43.91966,-20.62526],[-43.91942,-20.62517],[-43.91901,-20.62546],[-43.91873,-20.62541],[-43.91847,-20.625],[-43.91799,-20.62477],[-43.91655,-20.6246],[-43.91644,-20.62435],[-43.91703,-20.62385],[-43.91698,-20.62363],[-43.91649,-20.62341],[-43.91595,-20.62351],[-43.91594,-20.62272],[-43.91513,-20.62271],[-43.91469,-20.62247],[-43.91504,-20.62154],[-43.9149,-20.6202],[-43.91518,-20.6194],[-43.91511,-20.61872],[-43.91447,-20.61828],[-43.91405,-20.61742],[-43.91297,-20.61724],[-43.9128,-20.61707],[-43.91086,-20.61392],[-43.90973,-20.6133],[-43.90856,-20.61325],[-43.90834,-20.61263],[-43.90907,-20.61139],[-43.90906,-20.61083],[-43.90858,-20.60969],[-43.90773,-20.60999],[-43.90737,-20.60974],[-43.90764,-20.6086],[-43.90681,-20.6077],[-43.90709,-20.60697],[-43.90684,-20.60622],[-43.90686,-20.606],[-43.9075,-20.60564],[-43.90723,-20.6052],[-43.90624,-20.6047],[-43.90629,-20.60448],[-43.90714,-20.60437],[-43.90781,-20.60364],[-43.90817,-20.604],[-43.90827,-20.60469],[-43.90852,-20.60472],[-43.90954,-20.60364],[-43.90895,-20.60216],[-43.90702,-20.5995],[-43.90382,-20.59796],[-43.90373,-20.59707],[-43.90427,-20.59596],[-43.90426,-20.5949],[-43.90378,-20.59372],[-43.90344,-20.5934],[-43.90157,-20.5935],[-43.90036,-20.59398],[-43.89932,-20.59409],[-43.89716,-20.59518],[-43.89674,-20.59549],[-43.89622,-20.59632],[-43.89607,-20.59763],[-43.89583,-20.59806],[-43.89491,-20.59898],[-43.89332,-20.60006],[-43.8925,-20.6001],[-43.89156,-20.59969],[-43.89067,-20.59861],[-43.89024,-20.59836],[-43.88951,-20.59816],[-43.8888,-20.59829],[-43.88722,-20.60034],[-43.88677,-20.60327],[-43.88618,-20.60408],[-43.8857,-20.60577],[-43.88496,-20.6065],[-43.88411,-20.60786],[-43.88363,-20.61009],[-43.88323,-20.61104],[-43.87959,-20.61327],[-43.87863,-20.6144],[-43.8772,-20.61523],[-43.87442,-20.61565],[-43.87407,-20.61775],[-43.87343,-20.61827],[-43.87265,-20.6185],[-43.86984,-20.61833],[-43.86813,-20.61789],[-43.86687,-20.61722],[-43.86556,-20.61577],[-43.8642,-20.61512],[-43.86308,-20.6151],[-43.8614,-20.61541],[-43.85883,-20.61518],[-43.85703,-20.6137],[-43.85497,-20.61303],[-43.85409,-20.61161],[-43.85415,-20.60914],[-43.85385,-20.60807],[-43.8534,-20.60747],[-43.85208,-20.60672],[-43.85158,-20.60612],[-43.85078,-20.60383],[-43.84675,-20.60251],[-43.84509,-20.60125],[-43.84064,-20.6011],[-43.83892,-20.60186],[-43.83765,-20.60166],[-43.83684,-20.6018],[-43.83631,-20.60235],[-43.83529,-20.60452],[-43.83494,-20.60483],[-43.8332,-20.60495],[-43.83119,-20.60404],[-43.8293,-20.60272],[-43.82843,-20.60134],[-43.82489,-20.59729],[-43.82378,-20.5952],[-43.8232,-20.59353],[-43.82228,-20.59227],[-43.82158,-20.59239],[-43.82103,-20.59416],[-43.81977,-20.59556],[-43.81898,-20.59591],[-43.81708,-20.59627],[-43.81526,-20.59611],[-43.81389,-20.59622],[-43.81345,-20.59651],[-43.81278,-20.59765],[-43.81224,-20.59816],[-43.81171,-20.59813],[-43.81103,-20.59754],[-43.81055,-20.59647],[-43.81043,-20.59517],[-43.81019,-20.59507],[-43.80862,-20.59545],[-43.80838,-20.59556],[-43.80768,-20.59671],[-43.80547,-20.59682],[-43.80492,-20.59761],[-43.80478,-20.59795],[-43.80675,-20.60177],[-43.80657,-20.60239],[-43.80714,-20.60302],[-43.80719,-20.60393],[-43.80738,-20.6042],[-43.80673,-20.60458],[-43.80724,-20.60508],[-43.80656,-20.60554],[-43.80631,-20.60605],[-43.80615,-20.60598],[-43.80589,-20.60792],[-43.80514,-20.60923],[-43.80444,-20.60974],[-43.80161,-20.61111],[-43.80074,-20.61194],[-43.80033,-20.61298],[-43.80051,-20.61467],[-43.8029,-20.61772],[-43.80432,-20.62027],[-43.8046,-20.62154],[-43.80413,-20.62427],[-43.80697,-20.62992],[-43.81049,-20.62807],[-43.81151,-20.62725],[-43.81155,-20.62694],[-43.81239,-20.62709],[-43.81406,-20.62808],[-43.81497,-20.62926],[-43.81535,-20.62945],[-43.81928,-20.62862],[-43.8196,-20.62915],[-43.8192,-20.63007],[-43.81703,-20.63047],[-43.81712,-20.63082],[-43.81615,-20.63119],[-43.81625,-20.63154],[-43.8165,-20.6318],[-43.81736,-20.63142],[-43.81791,-20.6324],[-43.82166,-20.63287],[-43.82271,-20.63406],[-43.82271,-20.63465],[-43.82264,-20.63522],[-43.82213,-20.63591],[-43.82091,-20.6361],[-43.81939,-20.63568],[-43.81695,-20.63393],[-43.81642,-20.63435],[-43.81657,-20.63711],[-43.81646,-20.63764],[-43.81561,-20.63785],[-43.81568,-20.63936],[-43.81858,-20.63992],[-43.82067,-20.6413],[-43.82097,-20.64225],[-43.81925,-20.64301],[-43.81889,-20.64525],[-43.82017,-20.6464],[-43.81957,-20.64692],[-43.81854,-20.64704],[-43.81792,-20.64755],[-43.81752,-20.65085],[-43.81673,-20.65168],[-43.81738,-20.65212],[-43.81769,-20.65328],[-43.81746,-20.65517],[-43.81722,-20.65573],[-43.81664,-20.65583],[-43.81767,-20.65605],[-43.81734,-20.6565],[-43.81669,-20.6568],[-43.81627,-20.65765],[-43.81577,-20.65777],[-43.81586,-20.65865],[-43.8156,-20.6596],[-43.81627,-20.66118],[-43.81605,-20.66128],[-43.8162,-20.66316],[-43.8158,-20.66433],[-43.8158,-20.66483],[-43.81544,-20.66496],[-43.81519,-20.66666],[-43.81468,-20.66676],[-43.81416,-20.66753],[-43.8146,-20.66832],[-43.80954,-20.67214],[-43.81039,-20.67335],[-43.81087,-20.67448],[-43.81083,-20.67505],[-43.81183,-20.67539],[-43.81186,-20.67595],[-43.81535,-20.67707],[-43.81486,-20.67758],[-43.81407,-20.67734],[-43.8136,-20.67883],[-43.80985,-20.67761],[-43.80852,-20.67699],[-43.80828,-20.6767],[-43.80787,-20.67667]]],[[[-43.72794,-20.6398],[-43.72705,-20.645],[-43.72718,-20.64607],[-43.72741,-20.64651],[-43.72799,-20.64722],[-43.73189,-20.65034],[-43.7365,-20.65067],[-43.74012,-20.652],[-43.7408,-20.65165],[-43.74172,-20.6505],[-43.74445,-20.64982],[-43.74623,-20.65004],[-43.74784,-20.65058],[-43.74987,-20.6502],[-43.75305,-20.65069],[-43.75178,-20.65037],[-43.75112,-20.64995],[-43.75101,-20.64949],[-43.75142,-20.64844],[-43.75139,-20.64802],[-43.75065,-20.646],[-43.75111,-20.64552],[-43.75227,-20.64476],[-43.75317,-20.64452],[-43.75416,-20.64482],[-43.75486,-20.64557],[-43.75757,-20.64346],[-43.75832,-20.64346],[-43.75843,-20.64289],[-43.75997,-20.64167],[-43.76081,-20.6415],[-43.76167,-20.64162],[-43.76198,-20.64116],[-43.76225,-20.64152],[-43.76283,-20.64156],[-43.76341,-20.64094],[-43.76514,-20.64004],[-43.76336,-20.63958],[-43.76298,-20.6392],[-43.76284,-20.6384],[-43.76177,-20.63672],[-43.76194,-20.63615],[-43.76294,-20.63519],[-43.76282,-20.63448],[-43.76209,-20.63348],[-43.76195,-20.632],[-43.76137,-20.63019],[-43.76141,-20.62955],[-43.76092,-20.62904],[-43.76059,-20.62814],[-43.76093,-20.62471],[-43.76018,-20.62359],[-43.75903,-20.62293],[-43.75979,-20.62209],[-43.76106,-20.62194],[-43.76107,-20.6203],[-43.76052,-20.61993],[-43.76001,-20.61918],[-43.75983,-20.61922],[-43.75931,-20.61864],[-43.75888,-20.61868],[-43.75862,-20.6183],[-43.75889,-20.61806],[-43.75893,-20.61742],[-43.75862,-20.61662],[-43.75899,-20.61616],[-43.75908,-20.61533],[-43.75959,-20.6147],[-43.76,-20.61439],[-43.76067,-20.61436],[-43.76227,-20.61378],[-43.76192,-20.61266],[-43.76223,-20.61144],[-43.7619,-20.61034],[-43.76135,-20.61018],[-43.76115,-20.60986],[-43.76154,-20.60955],[-43.76203,-20.60845],[-43.76258,-20.60806],[-43.76472,-20.60801],[-43.7651,-20.60816],[-43.76585,-20.60802],[-43.76632,-20.60824],[-43.76851,-20.60787],[-43.77389,-20.60568],[-43.77569,-20.60441],[-43.77644,-20.60416],[-43.77739,-20.60324],[-43.78127,-20.60188],[-43.78233,-20.6013],[-43.78394,-20.60133],[-43.78569,-20.60185],[-43.78716,-20.60276],[-43.78781,-20.60289],[-43.78988,-20.60274],[-43.79098,-20.60321],[-43.79101,-20.60362],[-43.79232,-20.60365],[-43.79396,-20.60304],[-43.79459,-20.6025],[-43.79531,-20.60073],[-43.79532,-20.59983],[-43.79594,-20.59833],[-43.79611,-20.59576],[-43.79705,-20.59499],[-43.79774,-20.5949],[-43.79799,-20.59463],[-43.79797,-20.59302],[-43.79695,-20.59148],[-43.79698,-20.5909],[-43.79791,-20.5921],[-43.7989,-20.59202],[-43.79892,-20.59108],[-43.79954,-20.5906],[-43.80006,-20.58977],[-43.80053,-20.58977],[-43.80131,-20.59038],[-43.80234,-20.58902],[-43.80326,-20.58864],[-43.80361,-20.58766],[-43.80473,-20.58708],[-43.80507,-20.5864],[-43.80574,-20.58626],[-43.80605,-20.58586],[-43.80607,-20.58549],[-43.80567,-20.58496],[-43.80563,-20.58418],[-43.80577,-20.58372],[-43.80663,-20.58324],[-43.80646,-20.58199],[-43.80615,-20.58147],[-43.80628,-20.58131],[-43.80608,-20.58089],[-43.8063,-20.58027],[-43.80617,-20.58003],[-43.80567,-20.58001],[-43.80549,-20.58005],[-43.80538,-20.58043],[-43.80477,-20.57994],[-43.80535,-20.57938],[-43.80579,-20.5794],[-43.80586,-20.57921],[-43.80535,-20.57893],[-43.80445,-20.57917],[-43.80438,-20.57862],[-43.80514,-20.57862],[-43.80519,-20.57839],[-43.80515,-20.57818],[-43.80462,-20.57812],[-43.80454,-20.57774],[-43.80525,-20.57713],[-43.80577,-20.57634],[-43.80812,-20.57578],[-43.80891,-20.57578],[-43.81046,-20.57508],[-43.81089,-20.57395],[-43.81152,-20.57361],[-43.81174,-20.57321],[-43.81144,-20.57234],[-43.81083,-20.57242],[-43.81045,-20.57222],[-43.80994,-20.57155],[-43.8097,-20.57155],[-43.80941,-20.57085],[-43.80936,-20.5698],[-43.80974,-20.56918],[-43.80976,-20.5671],[-43.81018,-20.56573],[-43.81024,-20.56423],[-43.81058,-20.56326],[-43.81143,-20.55879],[-43.81235,-20.55662],[-43.81329,-20.55584],[-43.81242,-20.55399],[-43.81234,-20.55296],[-43.81159,-20.5516],[-43.81189,-20.55085],[-43.81291,-20.55008],[-43.81252,-20.54979],[-43.81205,-20.54881],[-43.81122,-20.54864],[-43.80985,-20.54886],[-43.80875,-20.54858],[-43.80854,-20.54835],[-43.80858,-20.54765],[-43.80978,-20.54649],[-43.80966,-20.54579],[-43.8071,-20.54443],[-43.8067,-20.54382],[-43.80664,-20.54306],[-43.80603,-20.54234],[-43.805,-20.54163],[-43.80459,-20.54075],[-43.80377,-20.53997],[-43.80255,-20.53959],[-43.80186,-20.53917],[-43.80059,-20.53923],[-43.79982,-20.53803],[-43.79901,-20.53888],[-43.79804,-20.53898],[-43.79703,-20.53973],[-43.79669,-20.54031],[-43.79594,-20.54051],[-43.79582,-20.54075],[-43.7959,-20.54169],[-43.79655,-20.54289],[-43.79612,-20.54448],[-43.79403,-20.5462],[-43.79343,-20.54649],[-43.79313,-20.54686],[-43.7931,-20.54758],[-43.79292,-20.54778],[-43.79191,-20.54795],[-43.79137,-20.5492],[-43.7909,-20.54922],[-43.79056,-20.54859],[-43.79012,-20.54874],[-43.78969,-20.54933],[-43.78951,-20.55024],[-43.78907,-20.55045],[-43.78764,-20.55079],[-43.78757,-20.55057],[-43.7878,-20.55018],[-43.7877,-20.54995],[-43.78747,-20.54996],[-43.78709,-20.5508],[-43.78705,-20.55157],[-43.78741,-20.55187],[-43.78668,-20.55338],[-43.78585,-20.55257],[-43.78522,-20.55295],[-43.785,-20.55341],[-43.78456,-20.5535],[-43.78407,-20.55311],[-43.78383,-20.55242],[-43.78319,-20.55279],[-43.78296,-20.55417],[-43.78233,-20.55526],[-43.78206,-20.55539],[-43.78048,-20.55528],[-43.7805,-20.55552],[-43.78132,-20.5561],[-43.78194,-20.55695],[-43.78221,-20.55707],[-43.78259,-20.55681],[-43.78295,-20.55758],[-43.78166,-20.55901],[-43.78107,-20.56084],[-43.78111,-20.56132],[-43.78076,-20.5617],[-43.77971,-20.56193],[-43.77852,-20.56176],[-43.7782,-20.56215],[-43.77841,-20.56261],[-43.77832,-20.56281],[-43.77729,-20.56288],[-43.77662,-20.56236],[-43.77614,-20.56288],[-43.77539,-20.56297],[-43.77416,-20.56392],[-43.7746,-20.56416],[-43.77485,-20.56462],[-43.77361,-20.5651],[-43.77347,-20.56555],[-43.77404,-20.56647],[-43.77443,-20.56761],[-43.77438,-20.56871],[-43.77455,-20.5692],[-43.77423,-20.56984],[-43.77321,-20.57013],[-43.77156,-20.57014],[-43.77125,-20.5688],[-43.77046,-20.56964],[-43.76943,-20.5695],[-43.76901,-20.56782],[-43.76853,-20.56785],[-43.76774,-20.56722],[-43.76513,-20.56716],[-43.76463,-20.56745],[-43.76455,-20.56774],[-43.76329,-20.56819],[-43.76302,-20.56913],[-43.76253,-20.5692],[-43.76227,-20.56882],[-43.7618,-20.56879],[-43.76106,-20.56944],[-43.76096,-20.56991],[-43.76027,-20.57014],[-43.76019,-20.57056],[-43.76076,-20.57112],[-43.76077,-20.57157],[-43.76147,-20.57217],[-43.76094,-20.57335],[-43.76006,-20.57459],[-43.75959,-20.57474],[-43.75955,-20.57548],[-43.75933,-20.57591],[-43.75884,-20.57587],[-43.75815,-20.57514],[-43.75748,-20.57533],[-43.75713,-20.57602],[-43.75711,-20.5777],[-43.75773,-20.57797],[-43.75795,-20.57913],[-43.75878,-20.5797],[-43.75768,-20.5815],[-43.75687,-20.58224],[-43.75689,-20.58374],[-43.75681,-20.58421],[-43.75648,-20.58456],[-43.75681,-20.58517],[-43.75623,-20.5859],[-43.75614,-20.58665],[-43.75508,-20.58731],[-43.75468,-20.58835],[-43.75413,-20.58891],[-43.75381,-20.58959],[-43.75309,-20.58967],[-43.75234,-20.59075],[-43.75077,-20.59167],[-43.74992,-20.59288],[-43.74935,-20.59298],[-43.74896,-20.59414],[-43.74791,-20.59506],[-43.74687,-20.59724],[-43.74605,-20.59794],[-43.74566,-20.59883],[-43.7447,-20.59878],[-43.74402,-20.59902],[-43.74326,-20.59893],[-43.743,-20.59908],[-43.74292,-20.59954],[-43.74316,-20.59999],[-43.74297,-20.60047],[-43.74271,-20.60061],[-43.74212,-20.6007],[-43.74169,-20.60107],[-43.74151,-20.59967],[-43.74068,-20.59977],[-43.74054,-20.59929],[-43.73963,-20.59897],[-43.73905,-20.59796],[-43.73822,-20.59775],[-43.73737,-20.59609],[-43.73646,-20.59521],[-43.73461,-20.59461],[-43.73459,-20.59391],[-43.73364,-20.59355],[-43.73389,-20.59244],[-43.73264,-20.5918],[-43.73129,-20.59244],[-43.72976,-20.5924],[-43.72779,-20.59271],[-43.72733,-20.59246],[-43.72523,-20.59204],[-43.72567,-20.59198],[-43.72498,-20.59182],[-43.72485,-20.59136],[-43.7244,-20.59112],[-43.7231,-20.5912],[-43.72239,-20.59026],[-43.72191,-20.59029],[-43.72136,-20.58982],[-43.72082,-20.58971],[-43.72073,-20.58949],[-43.721,-20.58911],[-43.72049,-20.58902],[-43.72028,-20.58835],[-43.72005,-20.58825],[-43.71878,-20.58826],[-43.71739,-20.58883],[-43.717,-20.5882],[-43.71569,-20.5882],[-43.71492,-20.58843],[-43.71504,-20.58797],[-43.71479,-20.58793],[-43.71168,-20.58928],[-43.71036,-20.59024],[-43.70896,-20.59058],[-43.70787,-20.59193],[-43.70692,-20.59244],[-43.70581,-20.59401],[-43.70489,-20.59449],[-43.70381,-20.59461],[-43.70287,-20.59554],[-43.70169,-20.59612],[-43.69953,-20.5961],[-43.6972,-20.59666],[-43.69395,-20.59663],[-43.6924,-20.59685],[-43.69013,-20.59768],[-43.6887,-20.59892],[-43.68809,-20.59995],[-43.68794,-20.60136],[-43.68819,-20.60267],[-43.68881,-20.60379],[-43.68879,-20.60456],[-43.68778,-20.60751],[-43.68728,-20.60811],[-43.68557,-20.60905],[-43.68504,-20.60953],[-43.68422,-20.61112],[-43.68362,-20.61185],[-43.6827,-20.61229],[-43.68114,-20.61388],[-43.68014,-20.61449],[-43.68008,-20.61473],[-43.68084,-20.61679],[-43.68085,-20.61756],[-43.68019,-20.61974],[-43.67954,-20.62079],[-43.67878,-20.6215],[-43.67899,-20.62177],[-43.67956,-20.62639],[-43.67956,-20.62918],[-43.67979,-20.62989],[-43.68068,-20.63076],[-43.68142,-20.6311],[-43.68296,-20.63084],[-43.68378,-20.63022],[-43.68549,-20.62831],[-43.68638,-20.62791],[-43.68893,-20.62596],[-43.69023,-20.62576],[-43.69071,-20.62616],[-43.69174,-20.62769],[-43.6921,-20.62896],[-43.69411,-20.63019],[-43.69645,-20.6334],[-43.69922,-20.63509],[-43.70028,-20.63531],[-43.7032,-20.63534],[-43.70507,-20.63658],[-43.70601,-20.63698],[-43.70793,-20.63565],[-43.70869,-20.6354],[-43.70906,-20.63628],[-43.70894,-20.63726],[-43.70858,-20.63793],[-43.70867,-20.63867],[-43.71051,-20.63933],[-43.71082,-20.63973],[-43.71051,-20.64064],[-43.71018,-20.64093],[-43.71226,-20.64174],[-43.71296,-20.64174],[-43.71381,-20.64206],[-43.71608,-20.64203],[-43.71988,-20.6405],[-43.72707,-20.63884],[-43.72786,-20.63939],[-43.72794,-20.6398]]]]}}]}