{"type":"FeatureCollection","features":[{"id":"0","type":"Feature","properties":{"bairro":"Aclimação","distrito":"Uberlândia","regiao":"Uberlândia","setores":31,"urbano":31},"geometry":{"type":"Polygon","coordinates":[[[-48.23058,-18.88791],[-48.23286,-18.88731],[-48.23137,-18.88376],[-48.23441,-18.88209],[-48.23605,-18.87986],[-48.23959,-18.88127],[-48.24075,-18.88151],[-48.24264,-18.88155],[-48.24212,-18.87953],[-48.24178,-18.87907],[-48.2393,-18.87849],[-48.23756,-18.87753],[-48.23681,-18.87731],[-48.23375,-18.86794],[-48.23294,-18.86759],[-48.23146,-18.86621],[-48.23024,-18.86476],[-48.22933,-18.86273],[-48.2239,-18.86327],[-48.22425,-18.86442],[-48.22207,-18.8651],[-48.22861,-18.88455],[-48.22914,-18.88452],[-48.23058,-18.88791]]]}},{"id":"1","type":"Feature","properties":{"bairro":"Alto Umuarama","distrito":"Uberlândia","regiao":"Uberlândia","setores":18,"urbano":18},"geometry":{"type":"Polygon","coordinates":[[[-48.23426,-18.89616],[-48.25234,-18.88398],[-48.25319,-18.88322],[-48.25389,-18.88224],[-48.25591,-18.87889],[-48.25126,-18.88017],[-48.25109,-18.87991],[-48.2496,-18.88037],[-48.24978,-18.88064],[-48.24908,-18.88086],[-48.24759,-18.88129],[-48.2474,-18.88101],[-48.24482,-18.88179],[-48.24477,-18.88213],[-48.2433,-18.88231],[-48.24306,-18.88193],[-48.24268,-18.88185],[-48.24264,-18.88155],[-48.24075,-18.88151],[-48.23959,-18.88127],[-48.23605,-18.87986],[-48.23441,-18.88209],[-48.23137,-18.88376],[-48.23286,-18.88731],[-48.23084,-18.88781],[-48.23426,-18.89616]]]}},{"id":"2","type":"Feature","properties":{"bairro":"Alvorada","distrito":"Uberlândia","regiao":"Uberlândia","setores":6,"urbano":6},"geometry":{"type":"Polygon","coordinates":[[[-48.19151,-18.92482],[-48.19194,-18.92555],[-48.19021,-18.92656],[-48.1927,-18.92846],[-48.20587,-18.92065],[-48.20263,-18.91575],[-48.20152,-18.91643],[-48.20069,-18.91504],[-48.20006,-18.91537],[-48.19423,-18.92237],[-48.19446,-18.92283],[-48.19151,-18.92482]]]}},{"id":"3","type":"Feature","properties":{"bairro":"Aroeiras","distrito":"Uberlândia","regiao":"Uberlândia","setores":1,"urbano":0},"geometry":{"type":"Polygon","coordinates":[[[-48.009,-18.97617],[-48.01166,-18.97836],[-48.01442,-18.98],[-48.01579,-18.98187],[-48.01779,-18.98379],[-48.01833,-18.98509],[-48.01854,-18.98686],[-48.01806,-18.99008],[-48.01737,-18.99103],[-48.016,-18.99219],[-48.01521,-18.99343],[-48.01447,-18.99413],[-48.01378,-18.99537],[-48.01517,-18.99667],[-48.01676,-18.99689],[-48.01691,-18.99733],[-48.01735,-18.99753],[-48.0188,-18.99727],[-48.01935,-18.99742],[-48.01974,-18.99776],[-48.02021,-18.99863],[-48.02122,-18.99846],[-48.02206,-18.99798],[-48.02397,-18.99812],[-48.02448,-18.99793],[-48.02471,-18.9969],[-48.0247,-18.99582],[-48.02492,-18.99533],[-48.02749,-18.9924],[-48.02875,-18.99204],[-48.03284,-18.99209],[-48.03591,-18.99287],[-48.03721,-18.99354],[-48.03888,-18.99365],[-48.03935,-18.99428],[-48.03984,-18.99442],[-48.04077,-18.99437],[-48.04244,-18.99353],[-48.04014,-18.99248],[-48.03894,-18.99142],[-48.0396,-18.98824],[-48.03216,-18.98476],[-48.03115,-18.98384],[-48.03055,-18.98276],[-48.02859,-18.9823],[-48.02751,-18.98184],[-48.02639,-18.98038],[-48.01931,-18.97577],[-48.01856,-18.97402],[-48.009,-18.97617]]]}},{"id":"4","type":"Feature","properties":{"bairro":"Assentamento Tocantis","distrito":"Uberlândia","regiao":"Uberlândia","setores":1,"urbano":1},"geometry":{"type":"Polygon","coordinates":[[[-48.34141,-18.90443],[-48.33531,-18.90648],[-48.3354,-18.90678],[-48.33648,-18.90783],[-48.33615,-18.909],[-48.34185,-18.91066],[-48.34141,-18.90443]]]}},{"id":"5","type":"Feature","properties":{"bairro":"Bom Jesus","distrito":"Uberlândia","regiao":"Uberlândia","setores":8,"urbano":8},"geometry":{"type":"Polygon","coordinates":[[[-48.27553,-18.90977],[-48.27599,-18.90964],[-48.27744,-18.91005],[-48.27966,-18.9032],[-48.27712,-18.90248],[-48.27232,-18.89859],[-48.27153,-18.89718],[-48.27148,-18.89536],[-48.27025,-18.89638],[-48.26974,-18.89723],[-48.26964,-18.89842],[-48.27553,-18.90977]]]}},{"id":"6","type":"Feature","properties":{"bairro":"Brasil","distrito":"Uberlândia","regiao":"Uberlândia","setores":28,"urbano":28},"geometry":{"type":"Polygon","coordinates":[[[-48.26079,-18.90227],[-48.27049,-18.89579],[-48.27063,-18.89598],[-48.27148,-18.89536],[-48.27174,-18.89401],[-48.27163,-18.89305],[-48.271,-18.89142],[-48.26595,-18.88444],[-48.26004,-18.88834],[-48.25131,-18.89354],[-48.25197,-18.89435],[-48.25434,-18.89563],[-48.25754,-18.89833],[-48.26052,-18.90245],[-48.26081,-18.90243],[-48.26079,-18.90227]]]}},{"id":"7","type":"Feature","properties":{"bairro":"Capim Branco","distrito":"Uberlândia","regiao":"Uberlândia","setores":1,"urbano":1},"geometry":{"type":"Polygon","coordinates":[[[-48.33343,-18.90888],[-48.33654,-18.90968],[-48.33783,-18.91021],[-48.33892,-18.91098],[-48.34009,-18.91237],[-48.34185,-18.91066],[-48.33615,-18.909],[-48.33648,-18.90783],[-48.3354,-18.90678],[-48.33531,-18.90648],[-48.33118,-18.90638],[-48.33235,-18.90823],[-48.33343,-18.90888]]]}},{"id":"8","type":"Feature","properties":{"bairro":"Carajás","distrito":"Uberlândia","regiao":"Uberlândia","setores":7,"urbano":7},"geometry":{"type":"Polygon","coordinates":[[[-48.24595,-18.93577],[-48.249,-18.93551],[-48.24949,-18.93473],[-48.25017,-18.9346],[-48.25039,-18.93429],[-48.25149,-18.93392],[-48.25311,-18.93371],[-48.25463,-18.9293],[-48.25747,-18.92673],[-48.24482,-18.92918],[-48.24595,-18.93577]]]}},{"id":"9","type":"Feature","properties":{"bairro":"Cazeca","distrito":"Uberlândia","regiao":"Uberlândia","setores":8,"urbano":8},"geometry":{"type":"Polygon","coordinates":[[[-48.26685,-18.91893],[-48.27095,-18.91622],[-48.26964,-18.91571],[-48.26496,-18.9117],[-48.26406,-18.9113],[-48.26225,-18.91139],[-48.26197,-18.91363],[-48.26207,-18.91411],[-48.26685,-18.91893]]]}},{"id":"10","type":"Feature","properties":{"bairro":"Centro","distrito":"Uberlândia","regiao":"Uberlândia","setores":25,"urbano":25},"geometry":{"type":"Polygon","coordinates":[[[-48.27906,-18.92328],[-48.28459,-18.91952],[-48.28239,-18.91821],[-48.28162,-18.91752],[-48.28083,-18.91677],[-48.27955,-18.91483],[-48.27862,-18.91556],[-48.27657,-18.91278],[-48.27744,-18.91005],[-48.27599,-18.90964],[-48.27553,-18.90977],[-48.2751,-18.90894],[-48.26761,-18.91397],[-48.26964,-18.91571],[-48.27095,-18.91622],[-48.26907,-18.91746],[-48.27021,-18.9185],[-48.27756,-18.92374],[-48.27889,-18.92406],[-48.27906,-18.92328]]]}},{"id":"11","type":"Feature","properties":{"bairro":"Chacaras Arco Iris","distrito":"Miraporanga","regiao":"Miraporanga","setores":1,"urbano":0},"geometry":{"type":"Polygon","coordinates":[[[-48.42006,-18.98887],[-48.43457,-18.99709],[-48.43639,-18.99544],[-48.43715,-18.99375],[-48.43825,-18.99322],[-48.43596,-18.98465],[-48.43327,-18.98527],[-48.43442,-18.98357],[-48.43536,-18.98254],[-48.43223,-18.98068],[-48.43084,-18.98174],[-48.42939,-18.98464],[-48.42609,-18.9832],[-48.42389,-18.98563],[-48.42006,-18.98887]]]}},{"id":"12","type":"Feature","properties":{"bairro":"Chacaras Morada Nova","distrito":"Uberlândia","regiao":"Uberlândia","setores":18,"urbano":18},"geometry":{"type":"Polygon","coordinates":[[[-48.38053,-19.0073],[-48.38721,-18.9935],[-48.38154,-18.99124],[-48.37992,-18.99502],[-48.37359,-18.99254],[-48.37372,-18.99153],[-48.37435,-18.99068],[-48.37464,-18.98855],[-48.37087,-18.98215],[-48.36443,-18.97043],[-48.36393,-18.96984],[-48.36335,-18.96965],[-48.35813,-18.96978],[-48.35818,-18.97079],[-48.36245,-18.97079],[-48.36169,-18.97189],[-48.35852,-18.9754],[-48.3593,-18.97596],[-48.3545,-18.98128],[-48.35676,-18.98513],[-48.35704,-18.98596],[-48.35769,-18.98603],[-48.35944,-18.98693],[-48.36159,-18.98845],[-48.36193,-18.989],[-48.36218,-18.99158],[-48.36248,-18.99259],[-48.36319,-18.99424],[-48.36391,-18.99525],[-48.36395,-18.99686],[-48.36471,-18.99715],[-48.36539,-18.99787],[-48.36649,-18.99986],[-48.36721,-19.00053],[-48.36902,-19.00319],[-48.36927,-19.00429],[-48.37092,-19.0059],[-48.38053,-19.0073]]]}},{"id":"13","type":"Feature","properties":{"bairro":"Chacaras Olivera","distrito":"Uberlândia","regiao":"Uberlândia","setores":1,"urbano":0},"geometry":{"type":"Polygon","coordinates":[[[-48.38914,-18.94985],[-48.3895,-18.9488],[-48.38062,-18.9421],[-48.37009,-18.94484],[-48.37314,-18.94817],[-48.37404,-18.94852],[-48.37772,-18.94818],[-48.37847,-18.94851],[-48.3815,-18.94878],[-48.38819,-18.95038],[-48.38914,-18.94985]]]}},{"id":"14","type":"Feature","properties":{"bairro":"Chacaras Parque Maravilha","distrito":"Uberlândia","regiao":"Uberlândia","setores":1,"urbano":1},"geometry":{"type":"Polygon","coordinates":[[[-48.34606,-18.90689],[-48.34842,-18.90783],[-48.34853,-18.90506],[-48.34598,-18.90517],[-48.34606,-18.90689]]]}},{"id":"15","type":"Feature","properties":{"bairro":"Chácaras Tubalina e Quartel","distrito":"Uberlândia","regiao":"Uberlândia","setores":38,"urbano":38},"geometry":{"type":"Polygon","coordinates":[[[-48.32113,-18.94093],[-48.32054,-18.9427],[-48.32142,-18.94296],[-48.32263,-18.94128],[-48.32273,-18.94091],[-48.3233,-18.94042],[-48.32338,-18.93998],[-48.32455,-18.93886],[-48.32459,-18.93855],[-48.32512,-18.93801],[-48.32511,-18.93765],[-48.3262,-18.93637],[-48.32693,-18.93598],[-48.32758,-18.93486],[-48.3288,-18.93373],[-48.32896,-18.93281],[-48.32829,-18.9318],[-48.32817,-18.9304],[-48.32844,-18.93006],[-48.32843,-18.92921],[-48.32875,-18.92869],[-48.32854,-18.92836],[-48.32897,-18.9272],[-48.32847,-18.92638],[-48.32888,-18.92559],[-48.32706,-18.92411],[-48.3264,-18.92384],[-48.32564,-18.92307],[-48.32461,-18.92294],[-48.32348,-18.9224],[-48.32216,-18.92092],[-48.32021,-18.92018],[-48.31881,-18.92018],[-48.31824,-18.91954],[-48.3167,-18.91927],[-48.31643,-18.91894],[-48.31339,-18.91725],[-48.31267,-18.91622],[-48.30357,-18.9263],[-48.32028,-18.92945],[-48.32113,-18.94093]]]}},{"id":"16","type":"Feature","properties":{"bairro":"Cidade Jardim","distrito":"Uberlândia","regiao":"Uberlândia","setores":21,"urbano":21},"geometry":{"type":"Polygon","coordinates":[[[-48.29962,-18.95004],[-48.30137,-18.95151],[-48.30354,-18.95252],[-48.30556,-18.95312],[-48.30699,-18.95305],[-48.30725,-18.93921],[-48.30603,-18.94068],[-48.3055,-18.94105],[-48.30063,-18.94194],[-48.29783,-18.94305],[-48.29654,-18.94131],[-48.29344,-18.9356],[-48.29417,-18.93473],[-48.29428,-18.93064],[-48.29367,-18.92984],[-48.29313,-18.92979],[-48.29295,-18.93377],[-48.2919,-18.93615],[-48.29051,-18.93711],[-48.28932,-18.93868],[-48.28884,-18.93996],[-48.28737,-18.94585],[-48.28752,-18.94766],[-48.28682,-18.94894],[-48.28683,-18.94954],[-48.28704,-18.94993],[-48.2875,-18.9501],[-48.2892,-18.95028],[-48.29201,-18.95123],[-48.29491,-18.95043],[-48.29673,-18.95052],[-48.29873,-18.95019],[-48.29902,-18.95043],[-48.29919,-18.95018],[-48.29962,-18.95004]]]}},{"id":"17","type":"Feature","properties":{"bairro":"Condominio Eldorado","distrito":"Miraporanga","regiao":"Miraporanga","setores":2,"urbano":0},"geometry":{"type":"Polygon","coordinates":[[[-48.44044,-18.99217],[-48.43715,-18.99375],[-48.43639,-18.99544],[-48.43457,-18.99709],[-48.44804,-19.00464],[-48.45642,-18.99159],[-48.45477,-18.98974],[-48.45275,-18.98425],[-48.45219,-18.98452],[-48.45112,-18.98457],[-48.45111,-18.98472],[-48.45013,-18.98492],[-48.44922,-18.98553],[-48.44918,-18.9862],[-48.44834,-18.9865],[-48.44651,-18.9863],[-48.44338,-18.99212],[-48.44044,-18.99217]]]}},{"id":"18","type":"Feature","properties":{"bairro":"Cruzeiro dos Peixotos","distrito":"Cruzeiro dos Peixotos","regiao":"Cruzeiro dos Peixotos","setores":4,"urbano":2},"geometry":{"type":"Polygon","coordinates":[[[-48.30991,-18.7253],[-48.30761,-18.72737],[-48.30566,-18.72729],[-48.30457,-18.72701],[-48.30222,-18.72583],[-48.30055,-18.72548],[-48.29717,-18.72765],[-48.29342,-18.72916],[-48.29049,-18.72976],[-48.28532,-18.73169],[-48.28226,-18.73227],[-48.28108,-18.7323],[-48.27857,-18.73161],[-48.27448,-18.73099],[-48.27313,-18.73054],[-48.27139,-18.73042],[-48.26957,-18.72972],[-48.26846,-18.729],[-48.26596,-18.72821],[-48.26287,-18.72797],[-48.26164,-18.72768],[-48.26068,-18.72785],[-48.25763,-18.727],[-48.25666,-18.72853],[-48.25658,-18.73018],[-48.25673,-18.73119],[-48.25754,-18.73252],[-48.25799,-18.73371],[-48.26007,-18.73661],[-48.26093,-18.73814],[-48.26129,-18.73858],[-48.26265,-18.73902],[-48.2642,-18.73986],[-48.26889,-18.74303],[-48.26994,-18.74408],[-48.27121,-18.74602],[-48.2716,-18.74698],[-48.27219,-18.74739],[-48.27272,-18.74766],[-48.27395,-18.74777],[-48.27487,-18.74746],[-48.27554,-18.74757],[-48.27596,-18.74784],[-48.27659,-18.74855],[-48.27726,-18.75052],[-48.27724,-18.75109],[-48.27582,-18.75375],[-48.27432,-18.75544],[-48.27298,-18.75651],[-48.2718,-18.7571],[-48.27026,-18.75729],[-48.26807,-18.75738],[-48.26553,-18.75715],[-48.26406,-18.7574],[-48.26265,-18.75888],[-48.26164,-18.76114],[-48.26159,-18.76303],[-48.26184,-18.76406],[-48.26206,-18.76677],[-48.26246,-18.76819],[-48.26127,-18.77031],[-48.26009,-18.77335],[-48.26155,-18.77312],[-48.26381,-18.77311],[-48.26445,-18.77376],[-48.26482,-18.77546],[-48.26529,-18.77579],[-48.26627,-18.77755],[-48.26638,-18.77848],[-48.26576,-18.77942],[-48.26533,-18.78051],[-48.26478,-18.78091],[-48.26395,-18.78059],[-48.26382,-18.78109],[-48.26423,-18.78159],[-48.26412,-18.78417],[-48.26439,-18.78477],[-48.26405,-18.78778],[-48.26449,-18.78846],[-48.26451,-18.78924],[-48.26327,-18.79039],[-48.26306,-18.79154],[-48.26308,-18.79253],[-48.2636,-18.79332],[-48.26393,-18.79446],[-48.26484,-18.79573],[-48.26499,-18.79643],[-48.26666,-18.79782],[-48.26757,-18.79933],[-48.26796,-18.79981],[-48.26847,-18.80004],[-48.26925,-18.80321],[-48.26966,-18.80354],[-48.27073,-18.80376],[-48.27275,-18.80535],[-48.2731,-18.80602],[-48.2739,-18.80665],[-48.27406,-18.8071],[-48.27584,-18.80891],[-48.27671,-18.81016],[-48.28103,-18.81244],[-48.28273,-18.81376],[-48.28367,-18.81418],[-48.28714,-18.8171],[-48.28927,-18.8206],[-48.28996,-18.82109],[-48.2913,-18.82139],[-48.29207,-18.82121],[-48.29248,-18.82059],[-48.29451,-18.82],[-48.29561,-18.81995],[-48.2977,-18.81897],[-48.29993,-18.81891],[-48.30278,-18.81945],[-48.30511,-18.82082],[-48.30833,-18.82123],[-48.30994,-18.82075],[-48.31872,-18.82552],[-48.32393,-18.81619],[-48.33109,-18.80855],[-48.3367,-18.80366],[-48.33775,-18.80252],[-48.34645,-18.78534],[-48.36203,-18.76693],[-48.36786,-18.75486],[-48.37108,-18.75248],[-48.38234,-18.74092],[-48.38071,-18.73924],[-48.3812,-18.73868],[-48.38611,-18.72971],[-48.38634,-18.72196],[-48.39075,-18.72218],[-48.39062,-18.7163],[-48.39034,-18.71511],[-48.39046,-18.71311],[-48.39102,-18.71218],[-48.3914,-18.71204],[-48.39247,-18.70948],[-48.39259,-18.7086],[-48.39226,-18.70691],[-48.39234,-18.70609],[-48.39275,-18.70569],[-48.3928,-18.70507],[-48.39248,-18.70403],[-48.39203,-18.70349],[-48.392,-18.70306],[-48.39128,-18.70253],[-48.39127,-18.70187],[-48.391,-18.70147],[-48.3913,-18.69979],[-48.39077,-18.6994],[-48.38996,-18.69804],[-48.38956,-18.69773],[-48.38914,-18.69639],[-48.38914,-18.6953],[-48.3888,-18.69486],[-48.38796,-18.69394],[-48.38677,-18.69307],[-48.38573,-18.69293],[-48.38545,-18.69241],[-48.38313,-18.69055],[-48.38318,-18.69016],[-48.3823,-18.68943],[-48.38212,-18.68884],[-48.38108,-18.68842],[-48.38022,-18.68767],[-48.37927,-18.68575],[-48.3793,-18.68502],[-48.37972,-18.68427],[-48.38128,-18.68315],[-48.38169,-18.68261],[-48.38186,-18.68167],[-48.38217,-18.68142],[-48.38264,-18.6814],[-48.38366,-18.68072],[-48.38467,-18.6809],[-48.38609,-18.67986],[-48.3867,-18.67963],[-48.38737,-18.67897],[-48.38781,-18.67755],[-48.38775,-18.67703],[-48.38801,-18.67652],[-48.3879,-18.67565],[-48.38885,-18.6735],[-48.38936,-18.6733],[-48.38998,-18.67249],[-48.39043,-18.67247],[-48.39066,-18.67161],[-48.39276,-18.67104],[-48.3943,-18.67116],[-48.39502,-18.67047],[-48.39745,-18.67027],[-48.39861,-18.66984],[-48.3986,-18.66921],[-48.39888,-18.66873],[-48.39908,-18.66723],[-48.39999,-18.6661],[-48.40019,-18.66524],[-48.40053,-18.6649],[-48.40102,-18.66475],[-48.40042,-18.66437],[-48.39956,-18.66245],[-48.39941,-18.66192],[-48.39974,-18.66095],[-48.40005,-18.66056],[-48.40151,-18.65962],[-48.40513,-18.65789],[-48.40815,-18.65422],[-48.40821,-18.65314],[-48.40736,-18.65005],[-48.40667,-18.64909],[-48.40482,-18.64759],[-48.40401,-18.64604],[-48.40235,-18.64394],[-48.39998,-18.63953],[-48.39976,-18.63856],[-48.39987,-18.6376],[-48.39971,-18.63689],[-48.39881,-18.63545],[-48.39773,-18.63431],[-48.39688,-18.63365],[-48.39522,-18.63374],[-48.39373,-18.63462],[-48.38919,-18.63825],[-48.38787,-18.63861],[-48.38216,-18.64106],[-48.38071,-18.64133],[-48.379,-18.6413],[-48.37695,-18.64065],[-48.3758,-18.63974],[-48.37477,-18.63794],[-48.37367,-18.63687],[-48.37144,-18.63569],[-48.36688,-18.63282],[-48.36639,-18.63225],[-48.36474,-18.63121],[-48.36319,-18.63067],[-48.3615,-18.63041],[-48.35902,-18.63023],[-48.35745,-18.63048],[-48.35166,-18.63226],[-48.34733,-18.63283],[-48.3425,-18.6343],[-48.34098,-18.63454],[-48.33997,-18.63458],[-48.33417,-18.63353],[-48.33175,-18.63265],[-48.33076,-18.63285],[-48.32976,-18.63352],[-48.32872,-18.63517],[-48.3283,-18.63673],[-48.32807,-18.63839],[-48.32823,-18.63947],[-48.32944,-18.64224],[-48.33201,-18.6458],[-48.33359,-18.64737],[-48.33446,-18.64954],[-48.3342,-18.65001],[-48.33231,-18.65108],[-48.32913,-18.65187],[-48.32752,-18.65248],[-48.3246,-18.65447],[-48.32394,-18.65528],[-48.32335,-18.6565],[-48.32288,-18.65811],[-48.32296,-18.65864],[-48.32437,-18.66033],[-48.32525,-18.66094],[-48.32624,-18.66095],[-48.32835,-18.65997],[-48.33473,-18.65864],[-48.33516,-18.65894],[-48.33607,-18.66052],[-48.33586,-18.66114],[-48.33517,-18.66209],[-48.33393,-18.66529],[-48.33104,-18.67075],[-48.33047,-18.67146],[-48.32885,-18.67277],[-48.32796,-18.673],[-48.32685,-18.67299],[-48.32547,-18.67259],[-48.32334,-18.67158],[-48.32143,-18.67125],[-48.31968,-18.67049],[-48.31865,-18.67047],[-48.31764,-18.67085],[-48.31619,-18.67332],[-48.31515,-18.67563],[-48.31455,-18.67761],[-48.31454,-18.67865],[-48.31506,-18.68007],[-48.31584,-18.68132],[-48.31657,-18.68205],[-48.3211,-18.68357],[-48.32295,-18.68516],[-48.32352,-18.68642],[-48.3235,-18.68739],[-48.32388,-18.68936],[-48.3238,-18.69083],[-48.32348,-18.69185],[-48.32184,-18.69469],[-48.32048,-18.69571],[-48.31817,-18.6984],[-48.31519,-18.70022],[-48.31409,-18.70113],[-48.31194,-18.70499],[-48.3119,-18.70556],[-48.31234,-18.70668],[-48.314,-18.7134],[-48.31416,-18.71455],[-48.3139,-18.71694],[-48.31333,-18.71826],[-48.31181,-18.72032],[-48.31115,-18.72184],[-48.31052,-18.72426],[-48.30991,-18.7253]]]}},{"id":"19","type":"Feature","properties":{"bairro":"Custódio Pereira","distrito":"Uberlândia","regiao":"Uberlândia","setores":24,"urbano":24},"geometry":{"type":"Polygon","coordinates":[[[-48.22173,-18.91107],[-48.25557,-18.89102],[-48.2518,-18.88595],[-48.25188,-18.88496],[-48.25169,-18.88447],[-48.23426,-18.89616],[-48.23403,-18.89557],[-48.22862,-18.89913],[-48.22573,-18.90174],[-48.22483,-18.90294],[-48.21991,-18.90728],[-48.21928,-18.90738],[-48.21919,-18.90786],[-48.21954,-18.90812],[-48.21988,-18.908],[-48.22173,-18.91107]]]}},{"id":"20","type":"Feature","properties":{"bairro":"Daniel Fonseca","distrito":"Uberlândia","regiao":"Uberlândia","setores":12,"urbano":12},"geometry":{"type":"Polygon","coordinates":[[[-48.30245,-18.92135],[-48.30413,-18.91937],[-48.3043,-18.91884],[-48.30498,-18.91509],[-48.30693,-18.9131],[-48.30708,-18.91142],[-48.30693,-18.91109],[-48.30625,-18.91066],[-48.30608,-18.91019],[-48.3037,-18.91055],[-48.30347,-18.91085],[-48.30358,-18.91112],[-48.30326,-18.91121],[-48.30193,-18.91273],[-48.29381,-18.92227],[-48.29297,-18.92271],[-48.29021,-18.92294],[-48.2934,-18.9245],[-48.29631,-18.92689],[-48.298,-18.92586],[-48.29808,-18.92514],[-48.2989,-18.92289],[-48.29982,-18.92129],[-48.30005,-18.92121],[-48.30074,-18.92161],[-48.30245,-18.92135]]]}},{"id":"21","type":"Feature","properties":{"bairro":"Distrito Industrial","distrito":"Uberlândia","regiao":"Uberlândia","setores":6,"urbano":6},"geometry":{"type":"Polygon","coordinates":[[[-48.28879,-18.86938],[-48.29144,-18.87194],[-48.29639,-18.87539],[-48.295,-18.87702],[-48.2966,-18.87755],[-48.29865,-18.87914],[-48.29942,-18.88003],[-48.30049,-18.88037],[-48.30177,-18.88177],[-48.30197,-18.88175],[-48.30278,-18.88322],[-48.30327,-18.88332],[-48.30345,-18.88388],[-48.30423,-18.8849],[-48.3048,-18.8853],[-48.30496,-18.88565],[-48.30539,-18.88569],[-48.30545,-18.88607],[-48.30651,-18.88661],[-48.30656,-18.8872],[-48.30759,-18.88776],[-48.30845,-18.88904],[-48.30942,-18.88921],[-48.31025,-18.88972],[-48.31124,-18.88981],[-48.31197,-18.89027],[-48.31359,-18.89068],[-48.31424,-18.8914],[-48.31472,-18.89149],[-48.31614,-18.89234],[-48.31621,-18.89149],[-48.31684,-18.89113],[-48.3179,-18.89137],[-48.31873,-18.89195],[-48.31968,-18.8919],[-48.32027,-18.89161],[-48.3204,-18.89049],[-48.32102,-18.88994],[-48.32152,-18.88904],[-48.32149,-18.8882],[-48.32173,-18.8874],[-48.32166,-18.88508],[-48.32298,-18.88396],[-48.32451,-18.88306],[-48.32633,-18.88234],[-48.32822,-18.88335],[-48.32925,-18.88354],[-48.33006,-18.88341],[-48.33124,-18.88226],[-48.33261,-18.87923],[-48.33352,-18.87864],[-48.33528,-18.87808],[-48.33801,-18.87745],[-48.33906,-18.87754],[-48.33965,-18.87727],[-48.34148,-18.87509],[-48.34165,-18.87448],[-48.34053,-18.87322],[-48.33993,-18.8717],[-48.31402,-18.85052],[-48.29094,-18.83695],[-48.28192,-18.85069],[-48.28157,-18.85172],[-48.2823,-18.852],[-48.28262,-18.8524],[-48.28207,-18.85241],[-48.28102,-18.85205],[-48.2807,-18.8523],[-48.28035,-18.85318],[-48.27172,-18.86648],[-48.27443,-18.86466],[-48.27458,-18.86499],[-48.27407,-18.86569],[-48.27396,-18.86637],[-48.27474,-18.86748],[-48.28062,-18.86372],[-48.28181,-18.86331],[-48.28301,-18.86331],[-48.28427,-18.86374],[-48.28499,-18.86434],[-48.28879,-18.86938]]]}},{"id":"22","type":"Feature","properties":{"bairro":"Dona Zulmira","distrito":"Uberlândia","regiao":"Uberlândia","setores":10,"urbano":10},"geometry":{"type":"Polygon","coordinates":[[[-48.31125,-18.91521],[-48.31267,-18.91622],[-48.31755,-18.9108],[-48.32205,-18.90881],[-48.32371,-18.90753],[-48.32037,-18.90722],[-48.31994,-18.90674],[-48.32,-18.90633],[-48.31962,-18.90626],[-48.30608,-18.91019],[-48.30625,-18.91066],[-48.30693,-18.91109],[-48.30708,-18.91142],[-48.30696,-18.91287],[-48.3086,-18.9135],[-48.30935,-18.91419],[-48.31071,-18.91489],[-48.31087,-18.91518],[-48.31125,-18.91521]]]}},{"id":"23","type":"Feature","properties":{"bairro":"Fazenda Alvorada","distrito":"Uberlândia","regiao":"Uberlândia","setores":1,"urbano":0},"geometry":{"type":"Polygon","coordinates":[[[-48.2119,-18.98737],[-48.20827,-19.01075],[-48.20278,-19.0294],[-48.19662,-19.04899],[-48.18825,-19.07788],[-48.18458,-19.08959],[-48.16482,-19.156],[-48.1689,-19.15465],[-48.17039,-19.15384],[-48.17153,-19.15278],[-48.17347,-19.15207],[-48.17435,-19.15131],[-48.1783,-19.14938],[-48.18055,-19.14911],[-48.18085,-19.14944],[-48.18213,-19.14956],[-48.18247,-19.14923],[-48.18335,-19.14893],[-48.18577,-19.14853],[-48.1871,-19.14846],[-48.18727,-19.14865],[-48.18774,-19.14721],[-48.18815,-19.1466],[-48.19074,-19.14434],[-48.19098,-19.14373],[-48.19285,-19.14157],[-48.19377,-19.14077],[-48.19476,-19.14058],[-48.1951,-19.14032],[-48.19497,-19.13877],[-48.19524,-19.13822],[-48.19616,-19.13777],[-48.19667,-19.13616],[-48.19725,-19.13584],[-48.19766,-19.13629],[-48.19824,-19.13645],[-48.19879,-19.13636],[-48.1996,-19.1361],[-48.19994,-19.13552],[-48.20008,-19.13471],[-48.20086,-19.1341],[-48.20151,-19.13407],[-48.20199,-19.13455],[-48.20243,-19.13436],[-48.20274,-19.13307],[-48.20349,-19.13137],[-48.20397,-19.13056],[-48.20567,-19.12924],[-48.20564,-19.12837],[-48.20598,-19.12808],[-48.2083,-19.1284],[-48.20928,-19.12769],[-48.20942,-19.12818],[-48.2098,-19.1285],[-48.21102,-19.1276],[-48.21136,-19.12769],[-48.21153,-19.12798],[-48.21293,-19.12805],[-48.21365,-19.1284],[-48.21409,-19.12821],[-48.21566,-19.1286],[-48.21648,-19.12847],[-48.21702,-19.12908],[-48.21917,-19.12824],[-48.21937,-19.1284],[-48.21941,-19.12905],[-48.22111,-19.12969],[-48.22241,-19.12963],[-48.22418,-19.12992],[-48.22503,-19.12966],[-48.22663,-19.12982],[-48.22711,-19.12947],[-48.22732,-19.12795],[-48.22786,-19.12702],[-48.22858,-19.12657],[-48.22923,-19.12634],[-48.23096,-19.1265],[-48.23226,-19.12624],[-48.23291,-19.12631],[-48.23342,-19.12573],[-48.23301,-19.12447],[-48.23308,-19.12306],[-48.23454,-19.11938],[-48.23574,-19.11947],[-48.23638,-19.11876],[-48.23669,-19.11863],[-48.23727,-19.11882],[-48.23778,-19.1186],[-48.23792,-19.11798],[-48.23853,-19.11782],[-48.23891,-19.11737],[-48.23921,-19.11637],[-48.23966,-19.1157],[-48.24177,-19.11438],[-48.24231,-19.11312],[-48.24409,-19.11289],[-48.24436,-19.11261],[-48.24566,-19.11235],[-48.24695,-19.11248],[-48.24733,-19.11215],[-48.24709,-19.11151],[-48.24753,-19.11103],[-48.24818,-19.11128],[-48.24848,-19.11093],[-48.24923,-19.11067],[-48.25026,-19.11116],[-48.2508,-19.11106],[-48.25125,-19.11019],[-48.2521,-19.10942],[-48.25254,-19.10926],[-48.25292,-19.10971],[-48.25397,-19.10909],[-48.25435,-19.10845],[-48.25503,-19.10806],[-48.25605,-19.108],[-48.25629,-19.10771],[-48.2566,-19.10774],[-48.2567,-19.10819],[-48.25909,-19.1071],[-48.26031,-19.10713],[-48.26038,-19.10745],[-48.26076,-19.10758],[-48.2613,-19.10703],[-48.26198,-19.10707],[-48.26301,-19.10668],[-48.26413,-19.10597],[-48.2642,-19.10549],[-48.26454,-19.10504],[-48.26549,-19.1043],[-48.26601,-19.10352],[-48.26689,-19.10333],[-48.26788,-19.10278],[-48.26924,-19.10301],[-48.26955,-19.10333],[-48.26993,-19.10275],[-48.27064,-19.10278],[-48.27139,-19.1021],[-48.27194,-19.10107],[-48.27177,-19.10095],[-48.27183,-19.10072],[-48.27289,-19.09998],[-48.27217,-19.09856],[-48.27217,-19.0976],[-48.27282,-19.09737],[-48.27265,-19.09611],[-48.27217,-19.09544],[-48.27235,-19.09492],[-48.27221,-19.09444],[-48.27289,-19.09376],[-48.27258,-19.09309],[-48.27381,-19.09206],[-48.27395,-19.09128],[-48.27432,-19.09093],[-48.27483,-19.08932],[-48.27487,-19.087],[-48.27579,-19.08552],[-48.27569,-19.08477],[-48.27609,-19.08445],[-48.2764,-19.08358],[-48.27729,-19.08246],[-48.27725,-19.08217],[-48.27592,-19.08204],[-48.27592,-19.08184],[-48.27674,-19.08136],[-48.27644,-19.07991],[-48.27671,-19.07956],[-48.27736,-19.0794],[-48.278,-19.0774],[-48.27807,-19.07675],[-48.2779,-19.07621],[-48.27834,-19.07466],[-48.27841,-19.07363],[-48.27811,-19.07305],[-48.2777,-19.07081],[-48.27729,-19.07084],[-48.27722,-19.07033],[-48.27719,-19.06762],[-48.2777,-19.06704],[-48.27691,-19.06569],[-48.27667,-19.06479],[-48.27773,-19.06369],[-48.27783,-19.06259],[-48.27746,-19.06192],[-48.27756,-19.06105],[-48.27633,-19.06034],[-48.27627,-19.05992],[-48.2765,-19.05908],[-48.27633,-19.05844],[-48.27698,-19.05718],[-48.27654,-19.05625],[-48.27596,-19.05605],[-48.27609,-19.05547],[-48.27586,-19.05535],[-48.2748,-19.05551],[-48.27446,-19.05518],[-48.2748,-19.05477],[-48.27449,-19.05451],[-48.27395,-19.05457],[-48.27272,-19.05373],[-48.27265,-19.05225],[-48.27217,-19.05177],[-48.27187,-19.05096],[-48.2704,-19.051],[-48.27003,-19.0508],[-48.2704,-19.05045],[-48.27061,-19.04977],[-48.27033,-19.04938],[-48.26931,-19.0488],[-48.26918,-19.04832],[-48.26935,-19.04784],[-48.2701,-19.04758],[-48.27071,-19.04613],[-48.27296,-19.04471],[-48.2734,-19.04387],[-48.27217,-19.04317],[-48.27125,-19.043],[-48.27221,-19.04184],[-48.27136,-19.04152],[-48.27129,-19.04114],[-48.27081,-19.04072],[-48.27003,-19.04062],[-48.26969,-19.04039],[-48.26938,-19.03956],[-48.26863,-19.03914],[-48.26883,-19.03791],[-48.26846,-19.03727],[-48.2673,-19.03685],[-48.2675,-19.03608],[-48.26754,-19.03463],[-48.26556,-19.03424],[-48.26679,-19.03111],[-48.26669,-19.02944],[-48.26723,-19.02786],[-48.26669,-19.02747],[-48.26781,-19.02728],[-48.26771,-19.02702],[-48.26808,-19.02657],[-48.26771,-19.02612],[-48.26771,-19.0258],[-48.26798,-19.02538],[-48.26836,-19.02541],[-48.26846,-19.02509],[-48.26853,-19.01225],[-48.27016,-19.00664],[-48.2688,-19.0049],[-48.26924,-19.004],[-48.26994,-19.00363],[-48.26986,-19.00218],[-48.27006,-19.00171],[-48.27081,-19.00168],[-48.2719,-19.00221],[-48.27287,-19.00179],[-48.27298,-19.00158],[-48.27281,-19.00137],[-48.27207,-19.00098],[-48.27202,-19.00031],[-48.27328,-18.99853],[-48.27337,-18.99815],[-48.27299,-18.99704],[-48.27315,-18.99688],[-48.27335,-18.99707],[-48.27385,-18.99701],[-48.27383,-18.99616],[-48.27306,-18.99598],[-48.27184,-18.99639],[-48.27058,-18.99611],[-48.26611,-18.9962],[-48.26351,-18.99498],[-48.26238,-18.99412],[-48.26087,-18.99383],[-48.25955,-18.99425],[-48.25857,-18.99416],[-48.25745,-18.99459],[-48.25686,-18.99454],[-48.25657,-18.99443],[-48.25572,-18.9933],[-48.25442,-18.99289],[-48.25227,-18.99152],[-48.25157,-18.99177],[-48.25154,-18.99246],[-48.25191,-18.99337],[-48.25181,-18.99367],[-48.25141,-18.99371],[-48.24988,-18.99232],[-48.24862,-18.99221],[-48.247,-18.99262],[-48.24558,-18.99161],[-48.24364,-18.99132],[-48.24303,-18.99089],[-48.24264,-18.99086],[-48.24127,-18.99125],[-48.24085,-18.99163],[-48.23923,-18.99171],[-48.23898,-18.99216],[-48.23912,-18.9929],[-48.23971,-18.99358],[-48.23963,-18.994],[-48.23932,-18.9942],[-48.23739,-18.99326],[-48.23578,-18.99038],[-48.23514,-18.99026],[-48.23261,-18.99206],[-48.22998,-18.99154],[-48.22849,-18.99031],[-48.22782,-18.9901],[-48.22493,-18.99036],[-48.22411,-18.99026],[-48.22387,-18.98883],[-48.22395,-18.98773],[-48.22349,-18.98721],[-48.22292,-18.98732],[-48.2221,-18.98824],[-48.22174,-18.98917],[-48.22029,-18.98974],[-48.21988,-18.9902],[-48.2173,-18.98958],[-48.21663,-18.98922],[-48.21483,-18.98897],[-48.21437,-18.98804],[-48.2119,-18.98737]]]}},{"id":"24","type":"Feature","properties":{"bairro":"Fazenda Santa Ines","distrito":"Uberlândia","regiao":"Uberlândia","setores":1,"urbano":0},"geometry":{"type":"Polygon","coordinates":[[[-48.04824,-19.08591],[-48.04854,-19.08828],[-48.04831,-19.08836],[-48.04801,-19.08795],[-48.04769,-19.0883],[-48.04677,-19.08812],[-48.04623,-19.08866],[-48.04745,-19.08919],[-48.0474,-19.08984],[-48.04622,-19.0906],[-48.04496,-19.09066],[-48.04293,-19.09173],[-48.04342,-19.09401],[-48.04466,-19.09486],[-48.04515,-19.09745],[-48.04544,-19.09798],[-48.04531,-19.10001],[-48.04554,-19.10041],[-48.04617,-19.10068],[-48.04689,-19.10141],[-48.04635,-19.10171],[-48.0471,-19.10263],[-48.04688,-19.10293],[-48.04559,-19.10301],[-48.04521,-19.10323],[-48.04551,-19.10396],[-48.04635,-19.10443],[-48.04644,-19.10489],[-48.04616,-19.10534],[-48.04524,-19.10596],[-48.04566,-19.10642],[-48.04552,-19.10686],[-48.04466,-19.10723],[-48.0443,-19.10787],[-48.04434,-19.10852],[-48.04342,-19.10867],[-48.04289,-19.1091],[-48.04193,-19.10887],[-48.04091,-19.10902],[-48.04082,-19.10956],[-48.04039,-19.10991],[-48.04016,-19.11116],[-48.03904,-19.11077],[-48.03842,-19.11186],[-48.03874,-19.11266],[-48.03806,-19.11398],[-48.04021,-19.11449],[-48.04064,-19.11484],[-48.0398,-19.11509],[-48.03896,-19.11473],[-48.03903,-19.11522],[-48.03951,-19.11559],[-48.04194,-19.11576],[-48.04491,-19.11717],[-48.04523,-19.11754],[-48.04455,-19.11812],[-48.04378,-19.11826],[-48.04372,-19.11965],[-48.04268,-19.12209],[-48.04288,-19.12343],[-48.04355,-19.12386],[-48.04435,-19.12365],[-48.0447,-19.12406],[-48.04484,-19.12462],[-48.04398,-19.12514],[-48.0437,-19.12615],[-48.04492,-19.12761],[-48.04503,-19.12921],[-48.04576,-19.12951],[-48.04679,-19.12962],[-48.04705,-19.12868],[-48.04726,-19.12854],[-48.04726,-19.128],[-48.04787,-19.12793],[-48.04782,-19.12753],[-48.04823,-19.12718],[-48.04887,-19.12773],[-48.04869,-19.1281],[-48.04836,-19.12806],[-48.04842,-19.12849],[-48.0499,-19.12842],[-48.05004,-19.12858],[-48.04968,-19.12887],[-48.05006,-19.1297],[-48.0506,-19.12957],[-48.05076,-19.13018],[-48.05058,-19.13042],[-48.05031,-19.13015],[-48.05007,-19.13038],[-48.04984,-19.13169],[-48.05,-19.13237],[-48.04932,-19.13388],[-48.04888,-19.13403],[-48.04809,-19.13543],[-48.04817,-19.13662],[-48.04833,-19.13698],[-48.04946,-19.13708],[-48.04975,-19.13727],[-48.04989,-19.13845],[-48.05039,-19.13871],[-48.05253,-19.13876],[-48.05277,-19.13918],[-48.05358,-19.13972],[-48.05354,-19.13998],[-48.05382,-19.14032],[-48.05372,-19.14074],[-48.05449,-19.14093],[-48.05464,-19.14134],[-48.0555,-19.14142],[-48.05543,-19.14192],[-48.05604,-19.14314],[-48.05709,-19.14403],[-48.05733,-19.14391],[-48.05757,-19.14427],[-48.05732,-19.14493],[-48.05758,-19.1453],[-48.05785,-19.14517],[-48.05833,-19.14554],[-48.05818,-19.14608],[-48.05758,-19.14646],[-48.0574,-19.14709],[-48.05712,-19.14738],[-48.0571,-19.14765],[-48.05778,-19.14774],[-48.05769,-19.14833],[-48.05712,-19.14946],[-48.05828,-19.1499],[-48.05847,-19.15096],[-48.05839,-19.15195],[-48.05963,-19.15246],[-48.05942,-19.15271],[-48.05998,-19.15305],[-48.06033,-19.15278],[-48.06034,-19.15245],[-48.06008,-19.15216],[-48.06073,-19.15219],[-48.06227,-19.15341],[-48.06248,-19.15392],[-48.06311,-19.1544],[-48.06295,-19.15531],[-48.0632,-19.15554],[-48.06415,-19.15479],[-48.06468,-19.15546],[-48.0645,-19.15574],[-48.06469,-19.15609],[-48.0641,-19.15674],[-48.0643,-19.15694],[-48.06537,-19.1571],[-48.06559,-19.15694],[-48.06511,-19.15675],[-48.06596,-19.15632],[-48.06655,-19.15702],[-48.06712,-19.157],[-48.06862,-19.15854],[-48.06845,-19.16021],[-48.06938,-19.1603],[-48.06955,-19.16056],[-48.06851,-19.16396],[-48.06869,-19.16429],[-48.06848,-19.16498],[-48.06903,-19.16593],[-48.06894,-19.16662],[-48.06962,-19.16784],[-48.06973,-19.1687],[-48.07049,-19.16987],[-48.07099,-19.16997],[-48.07079,-19.17085],[-48.0711,-19.17144],[-48.0707,-19.17306],[-48.07107,-19.17323],[-48.07112,-19.17369],[-48.07067,-19.17384],[-48.07039,-19.17434],[-48.07035,-19.17512],[-48.07115,-19.17589],[-48.07147,-19.17682],[-48.072,-19.17748],[-48.07173,-19.17927],[-48.0721,-19.17925],[-48.07252,-19.17961],[-48.07285,-19.1816],[-48.07368,-19.18224],[-48.07444,-19.18258],[-48.07514,-19.18247],[-48.07521,-19.18267],[-48.07473,-19.18377],[-48.07513,-19.18394],[-48.07529,-19.18592],[-48.07505,-19.18658],[-48.07549,-19.18684],[-48.07563,-19.18758],[-48.07533,-19.18752],[-48.07512,-19.18772],[-48.07416,-19.19013],[-48.0737,-19.19001],[-48.07328,-19.19079],[-48.07394,-19.19091],[-48.0745,-19.19224],[-48.07436,-19.1932],[-48.07457,-19.19441],[-48.07483,-19.1947],[-48.07543,-19.19656],[-48.07511,-19.19701],[-48.07514,-19.1977],[-48.07605,-19.19913],[-48.07759,-19.20026],[-48.07802,-19.20124],[-48.07843,-19.2013],[-48.07904,-19.2024],[-48.0792,-19.20333],[-48.07902,-19.20447],[-48.08026,-19.20628],[-48.0808,-19.20651],[-48.08168,-19.2077],[-48.08215,-19.20775],[-48.08233,-19.20821],[-48.08218,-19.20961],[-48.08386,-19.21076],[-48.08411,-19.21087],[-48.08435,-19.2107],[-48.0845,-19.2111],[-48.08434,-19.21235],[-48.08506,-19.21309],[-48.08552,-19.21308],[-48.08641,-19.21371],[-48.08747,-19.21587],[-48.08786,-19.21542],[-48.08833,-19.21556],[-48.08929,-19.21511],[-48.09102,-19.21337],[-48.09145,-19.2132],[-48.09308,-19.21332],[-48.09532,-19.21081],[-48.09908,-19.20779],[-48.1014,-19.20629],[-48.10213,-19.20551],[-48.10341,-19.20325],[-48.10624,-19.19983],[-48.1074,-19.19771],[-48.11234,-19.1915],[-48.11247,-19.19051],[-48.11213,-19.18957],[-48.11088,-19.18783],[-48.10886,-19.18564],[-48.10679,-19.18414],[-48.10589,-19.18305],[-48.10593,-19.18245],[-48.10681,-19.17967],[-48.10756,-19.17882],[-48.10818,-19.1784],[-48.11002,-19.17824],[-48.11213,-19.17742],[-48.1132,-19.17739],[-48.11869,-19.18006],[-48.11976,-19.18032],[-48.12403,-19.17953],[-48.12825,-19.17951],[-48.12965,-19.17932],[-48.13008,-19.17904],[-48.13016,-19.17738],[-48.13141,-19.17572],[-48.13705,-19.17253],[-48.13822,-19.17166],[-48.14082,-19.17112],[-48.14367,-19.16942],[-48.14437,-19.16823],[-48.14503,-19.16647],[-48.14581,-19.16291],[-48.1464,-19.16193],[-48.1469,-19.16171],[-48.14823,-19.16048],[-48.14887,-19.15911],[-48.14951,-19.15838],[-48.15062,-19.15808],[-48.1522,-19.15846],[-48.15594,-19.1576],[-48.15851,-19.15789],[-48.16037,-19.15746],[-48.16344,-19.15617],[-48.16482,-19.156],[-48.18458,-19.08959],[-48.18825,-19.07788],[-48.15765,-19.08556],[-48.15781,-19.08644],[-48.15229,-19.08883],[-48.14916,-19.08994],[-48.14713,-19.09013],[-48.14462,-19.08948],[-48.13821,-19.08711],[-48.13001,-19.0848],[-48.1283,-19.0849],[-48.12709,-19.08564],[-48.12302,-19.08943],[-48.11966,-19.09109],[-48.11764,-19.09117],[-48.11679,-19.09059],[-48.11565,-19.09133],[-48.11337,-19.09148],[-48.11245,-19.09185],[-48.11132,-19.09175],[-48.10915,-19.09281],[-48.10795,-19.09277],[-48.10721,-19.09226],[-48.10519,-19.09244],[-48.10402,-19.09295],[-48.09886,-19.09284],[-48.09571,-19.09193],[-48.0934,-19.09058],[-48.09067,-19.08841],[-48.0879,-19.08574],[-48.08512,-19.08479],[-48.08303,-19.08458],[-48.08156,-19.08395],[-48.08116,-19.08349],[-48.08049,-19.08339],[-48.07956,-19.08369],[-48.0789,-19.08337],[-48.07805,-19.08335],[-48.07731,-19.08304],[-48.07313,-19.08277],[-48.07196,-19.08207],[-48.06827,-19.08204],[-48.06679,-19.08302],[-48.06588,-19.08306],[-48.06311,-19.08257],[-48.06227,-19.08359],[-48.0607,-19.08391],[-48.05993,-19.08319],[-48.05856,-19.08272],[-48.05714,-19.08299],[-48.05652,-19.08341],[-48.05689,-19.0845],[-48.05667,-19.08495],[-48.05531,-19.08447],[-48.05381,-19.08443],[-48.05255,-19.08497],[-48.04824,-19.08591]]]}},{"id":"25","type":"Feature","properties":{"bairro":"Fazenda da Saudade","distrito":"Uberlândia","regiao":"Uberlândia","setores":1,"urbano":0},"geometry":{"type":"Polygon","coordinates":[[[-48.01472,-18.96418],[-48.02414,-18.96302],[-48.02433,-18.96216],[-48.02558,-18.96147],[-48.0281,-18.95832],[-48.02813,-18.95708],[-48.02844,-18.95677],[-48.02637,-18.95244],[-48.02025,-18.94554],[-48.01342,-18.94548],[-48.01103,-18.95211],[-48.01058,-18.95415],[-48.01048,-18.95661],[-48.01503,-18.9626],[-48.01472,-18.96418]]]}},{"id":"26","type":"Feature","properties":{"bairro":"Fundinho","distrito":"Uberlândia","regiao":"Uberlândia","setores":9,"urbano":9},"geometry":{"type":"Polygon","coordinates":[[[-48.28107,-18.92845],[-48.28374,-18.92855],[-48.28444,-18.9279],[-48.28459,-18.92547],[-48.28521,-18.92548],[-48.28529,-18.92124],[-48.28361,-18.9202],[-48.27906,-18.92328],[-48.27889,-18.92406],[-48.28177,-18.92476],[-48.28065,-18.92706],[-48.28185,-18.92804],[-48.28107,-18.92845]]]}},{"id":"27","type":"Feature","properties":{"bairro":"Granada","distrito":"Uberlândia","regiao":"Uberlândia","setores":37,"urbano":37},"geometry":{"type":"Polygon","coordinates":[[[-48.25237,-18.95552],[-48.25254,-18.95476],[-48.2519,-18.94794],[-48.25019,-18.94636],[-48.24911,-18.94486],[-48.24897,-18.94391],[-48.24868,-18.94368],[-48.24825,-18.94273],[-48.2479,-18.94148],[-48.24764,-18.93961],[-48.24229,-18.93999],[-48.2405,-18.94076],[-48.24065,-18.94101],[-48.23088,-18.94769],[-48.23011,-18.94778],[-48.25192,-18.95581],[-48.25237,-18.95552]]]}},{"id":"28","type":"Feature","properties":{"bairro":"Grand Ville","distrito":"Uberlândia","regiao":"Uberlândia","setores":11,"urbano":11},"geometry":{"type":"Polygon","coordinates":[[[-48.21458,-18.91286],[-48.2167,-18.91412],[-48.22173,-18.91107],[-48.21988,-18.908],[-48.21954,-18.90812],[-48.21928,-18.908],[-48.2192,-18.90749],[-48.2195,-18.90724],[-48.21991,-18.90728],[-48.22483,-18.90294],[-48.22573,-18.90174],[-48.22562,-18.90153],[-48.22581,-18.90114],[-48.22327,-18.89515],[-48.22255,-18.89493],[-48.22203,-18.89631],[-48.21281,-18.90132],[-48.21322,-18.90582],[-48.21411,-18.91132],[-48.21487,-18.91254],[-48.21458,-18.91286]]]}},{"id":"29","type":"Feature","properties":{"bairro":"Granja Marileusa","distrito":"Uberlândia","regiao":"Uberlândia","setores":11,"urbano":11},"geometry":{"type":"Polygon","coordinates":[[[-48.24733,-18.88103],[-48.24759,-18.88129],[-48.24978,-18.88064],[-48.2496,-18.88037],[-48.25109,-18.87991],[-48.25126,-18.88017],[-48.25591,-18.87889],[-48.25712,-18.8778],[-48.25981,-18.87597],[-48.25552,-18.87018],[-48.25473,-18.86832],[-48.25445,-18.86674],[-48.25391,-18.85837],[-48.2464,-18.85495],[-48.24481,-18.85443],[-48.24217,-18.85395],[-48.24038,-18.85376],[-48.22103,-18.85432],[-48.2239,-18.86327],[-48.22933,-18.86273],[-48.23024,-18.86476],[-48.23146,-18.86621],[-48.23294,-18.86759],[-48.23375,-18.86794],[-48.23681,-18.87731],[-48.23756,-18.87753],[-48.2393,-18.87849],[-48.24178,-18.87907],[-48.24212,-18.87953],[-48.24268,-18.88185],[-48.24306,-18.88193],[-48.2433,-18.88231],[-48.24477,-18.88213],[-48.24482,-18.88179],[-48.24733,-18.88103]]]}},{"id":"30","type":"Feature","properties":{"bairro":"Guarani","distrito":"Uberlândia","regiao":"Uberlândia","setores":19,"urbano":19},"geometry":{"type":"Polygon","coordinates":[[[-48.32549,-18.90005],[-48.33775,-18.89199],[-48.33156,-18.88167],[-48.33124,-18.88226],[-48.33006,-18.88341],[-48.32925,-18.88354],[-48.32822,-18.88335],[-48.32633,-18.88234],[-48.32451,-18.88306],[-48.32298,-18.88396],[-48.32166,-18.88508],[-48.32173,-18.8874],[-48.32149,-18.8882],[-48.32152,-18.88904],[-48.32102,-18.88994],[-48.3204,-18.89049],[-48.32027,-18.89161],[-48.32005,-18.8918],[-48.32381,-18.89822],[-48.32479,-18.89952],[-48.32549,-18.90005]]]}},{"id":"31","type":"Feature","properties":{"bairro":"Gávea","distrito":"Uberlândia","regiao":"Uberlândia","setores":15,"urbano":15},"geometry":{"type":"Polygon","coordinates":[[[-48.28212,-18.96449],[-48.28348,-18.96442],[-48.28543,-18.96475],[-48.28727,-18.96558],[-48.28921,-18.9671],[-48.28822,-18.96971],[-48.28775,-18.97246],[-48.28869,-18.97351],[-48.29081,-18.97511],[-48.29278,-18.97183],[-48.29303,-18.97076],[-48.29283,-18.96701],[-48.29244,-18.96487],[-48.29098,-18.96281],[-48.29089,-18.96226],[-48.29143,-18.95984],[-48.29147,-18.95888],[-48.29085,-18.95715],[-48.29071,-18.95531],[-48.29199,-18.95303],[-48.29235,-18.95199],[-48.29232,-18.95158],[-48.29201,-18.95123],[-48.2892,-18.95028],[-48.2875,-18.9501],[-48.28704,-18.94993],[-48.28683,-18.94953],[-48.28605,-18.94954],[-48.28381,-18.94964],[-48.27787,-18.95162],[-48.27372,-18.95175],[-48.27366,-18.95778],[-48.27399,-18.95811],[-48.27369,-18.95836],[-48.27366,-18.96627],[-48.28212,-18.96449]]]}},{"id":"32","type":"Feature","properties":{"bairro":"Jaraguá","distrito":"Uberlândia","regiao":"Uberlândia","setores":18,"urbano":18},"geometry":{"type":"Polygon","coordinates":[[[-48.30612,-18.93722],[-48.3083,-18.92719],[-48.30357,-18.9263],[-48.31267,-18.91622],[-48.30935,-18.91419],[-48.3086,-18.9135],[-48.30696,-18.91287],[-48.30693,-18.9131],[-48.30498,-18.91509],[-48.3043,-18.91884],[-48.30375,-18.91993],[-48.30245,-18.92135],[-48.30074,-18.92161],[-48.30005,-18.92121],[-48.29982,-18.92129],[-48.2989,-18.92289],[-48.29808,-18.92514],[-48.298,-18.92586],[-48.29631,-18.92689],[-48.29698,-18.92754],[-48.30014,-18.92927],[-48.30107,-18.93004],[-48.30612,-18.93722]]]}},{"id":"33","type":"Feature","properties":{"bairro":"Jardim Brasília","distrito":"Uberlândia","regiao":"Uberlândia","setores":44,"urbano":44},"geometry":{"type":"Polygon","coordinates":[[[-48.30544,-18.90438],[-48.31534,-18.89186],[-48.31424,-18.8914],[-48.31359,-18.89068],[-48.31197,-18.89027],[-48.31124,-18.88981],[-48.31025,-18.88972],[-48.30942,-18.88921],[-48.30845,-18.88904],[-48.30818,-18.88872],[-48.30721,-18.88963],[-48.30645,-18.89073],[-48.30564,-18.89125],[-48.3045,-18.89141],[-48.30287,-18.89148],[-48.3015,-18.89119],[-48.30074,-18.89122],[-48.29917,-18.89072],[-48.2971,-18.89046],[-48.29678,-18.89026],[-48.29503,-18.89048],[-48.29614,-18.90373],[-48.29612,-18.90404],[-48.29528,-18.90433],[-48.29494,-18.90536],[-48.29804,-18.90712],[-48.30232,-18.90847],[-48.30284,-18.90897],[-48.30324,-18.91013],[-48.3037,-18.91055],[-48.30523,-18.91041],[-48.30484,-18.90728],[-48.30544,-18.90438]]]}},{"id":"34","type":"Feature","properties":{"bairro":"Jardim Canaã","distrito":"Uberlândia","regiao":"Uberlândia","setores":39,"urbano":39},"geometry":{"type":"Polygon","coordinates":[[[-48.33387,-18.96955],[-48.33546,-18.97085],[-48.33624,-18.97036],[-48.33658,-18.9695],[-48.33538,-18.96867],[-48.34425,-18.96483],[-48.34314,-18.96465],[-48.3348,-18.95839],[-48.33296,-18.95755],[-48.32508,-18.95122],[-48.32485,-18.95313],[-48.32491,-18.95965],[-48.32341,-18.96037],[-48.32278,-18.96222],[-48.32167,-18.96387],[-48.31947,-18.96644],[-48.31697,-18.97105],[-48.31838,-18.97107],[-48.31889,-18.97081],[-48.31968,-18.97091],[-48.32354,-18.97338],[-48.33366,-18.96908],[-48.33387,-18.96955]]]}},{"id":"35","type":"Feature","properties":{"bairro":"Jardim Europa","distrito":"Uberlândia","regiao":"Uberlândia","setores":41,"urbano":41},"geometry":{"type":"Polygon","coordinates":[[[-48.35406,-18.95198],[-48.35427,-18.95154],[-48.35269,-18.94919],[-48.35027,-18.94261],[-48.34675,-18.93619],[-48.34507,-18.93594],[-48.33985,-18.9345],[-48.32829,-18.9318],[-48.32896,-18.93281],[-48.3288,-18.93373],[-48.32758,-18.93486],[-48.32693,-18.93598],[-48.3262,-18.93637],[-48.32511,-18.93765],[-48.32512,-18.93801],[-48.32459,-18.93855],[-48.32455,-18.93886],[-48.32338,-18.93998],[-48.3233,-18.94042],[-48.32273,-18.94091],[-48.32263,-18.94128],[-48.32142,-18.94296],[-48.35364,-18.95211],[-48.35406,-18.95198]]]}},{"id":"36","type":"Feature","properties":{"bairro":"Jardim Holanda","distrito":"Uberlândia","regiao":"Uberlândia","setores":36,"urbano":36},"geometry":{"type":"Polygon","coordinates":[[[-48.32491,-18.95965],[-48.32485,-18.95313],[-48.32508,-18.95122],[-48.32422,-18.9507],[-48.3138,-18.94881],[-48.31055,-18.95506],[-48.3068,-18.96111],[-48.30667,-18.9672],[-48.30733,-18.97072],[-48.31045,-18.96985],[-48.31361,-18.96977],[-48.31449,-18.97029],[-48.3163,-18.97066],[-48.31697,-18.97105],[-48.31947,-18.96644],[-48.32167,-18.96387],[-48.32278,-18.96222],[-48.32341,-18.96037],[-48.32491,-18.95965]]]}},{"id":"37","type":"Feature","properties":{"bairro":"Jardim Inconfidência","distrito":"Uberlândia","regiao":"Uberlândia","setores":9,"urbano":9},"geometry":{"type":"Polygon","coordinates":[[[-48.2493,-18.94523],[-48.25019,-18.94636],[-48.2519,-18.94794],[-48.25263,-18.94719],[-48.25389,-18.94824],[-48.25267,-18.95022],[-48.25285,-18.95071],[-48.25314,-18.95092],[-48.25498,-18.94876],[-48.25553,-18.94784],[-48.25774,-18.94646],[-48.25918,-18.94528],[-48.2606,-18.94389],[-48.2612,-18.94282],[-48.26283,-18.9416],[-48.26386,-18.94034],[-48.26481,-18.93966],[-48.2656,-18.93821],[-48.26593,-18.93795],[-48.2659,-18.93731],[-48.26712,-18.9359],[-48.2659,-18.93533],[-48.26447,-18.93534],[-48.26406,-18.93508],[-48.26376,-18.93442],[-48.2634,-18.93414],[-48.2591,-18.93307],[-48.25272,-18.93367],[-48.25055,-18.93423],[-48.25017,-18.9346],[-48.24949,-18.93473],[-48.249,-18.93551],[-48.24918,-18.93549],[-48.24954,-18.93947],[-48.24764,-18.93961],[-48.24825,-18.94273],[-48.24868,-18.94368],[-48.24897,-18.94391],[-48.24896,-18.94451],[-48.2493,-18.94523]]]}},{"id":"38","type":"Feature","properties":{"bairro":"Jardim Ipanema","distrito":"Uberlândia","regiao":"Uberlândia","setores":19,"urbano":19},"geometry":{"type":"Polygon","coordinates":[[[-48.2186,-18.89816],[-48.22203,-18.89631],[-48.22255,-18.89493],[-48.22327,-18.89515],[-48.22581,-18.90114],[-48.22562,-18.90153],[-48.22573,-18.90174],[-48.22862,-18.89913],[-48.23403,-18.89557],[-48.23084,-18.88781],[-48.23058,-18.88791],[-48.22914,-18.88452],[-48.22861,-18.88455],[-48.223,-18.86796],[-48.22138,-18.86896],[-48.2166,-18.87329],[-48.21751,-18.87517],[-48.21679,-18.87546],[-48.21613,-18.87435],[-48.21312,-18.87263],[-48.20726,-18.88106],[-48.20602,-18.88232],[-48.20646,-18.88281],[-48.21466,-18.8823],[-48.21775,-18.88447],[-48.21649,-18.88655],[-48.21235,-18.88894],[-48.2186,-18.89816]]]}},{"id":"39","type":"Feature","properties":{"bairro":"Jardim Karaíba","distrito":"Uberlândia","regiao":"Uberlândia","setores":18,"urbano":18},"geometry":{"type":"Polygon","coordinates":[[[-48.26823,-18.95365],[-48.26904,-18.9535],[-48.271,-18.9523],[-48.27274,-18.95182],[-48.27372,-18.9518],[-48.27383,-18.93633],[-48.27492,-18.93453],[-48.27377,-18.93423],[-48.27294,-18.93438],[-48.27147,-18.93474],[-48.27061,-18.93548],[-48.27034,-18.93552],[-48.26948,-18.93508],[-48.26857,-18.93518],[-48.26749,-18.93601],[-48.26712,-18.9359],[-48.2659,-18.93731],[-48.26593,-18.93795],[-48.2656,-18.93821],[-48.26481,-18.93966],[-48.26386,-18.94034],[-48.26283,-18.9416],[-48.2612,-18.94282],[-48.2606,-18.94389],[-48.25918,-18.94528],[-48.25774,-18.94646],[-48.25553,-18.94784],[-48.25498,-18.94876],[-48.25314,-18.95092],[-48.25285,-18.95071],[-48.25267,-18.95022],[-48.25389,-18.94824],[-48.25263,-18.94719],[-48.2519,-18.94794],[-48.25254,-18.95476],[-48.25237,-18.95552],[-48.25266,-18.95588],[-48.25883,-18.95195],[-48.26308,-18.95083],[-48.26418,-18.9501],[-48.26452,-18.95015],[-48.26659,-18.95321],[-48.26823,-18.95365]]]}},{"id":"40","type":"Feature","properties":{"bairro":"Jardim Patrícia","distrito":"Uberlândia","regiao":"Uberlândia","setores":23,"urbano":23},"geometry":{"type":"Polygon","coordinates":[[[-48.32171,-18.92083],[-48.32568,-18.91289],[-48.32861,-18.91595],[-48.33495,-18.91014],[-48.33478,-18.90926],[-48.33343,-18.90888],[-48.33235,-18.90823],[-48.33118,-18.90638],[-48.32396,-18.90555],[-48.32246,-18.90563],[-48.32,-18.90633],[-48.31994,-18.90674],[-48.32037,-18.90722],[-48.32371,-18.90753],[-48.32205,-18.90881],[-48.31755,-18.9108],[-48.31267,-18.91622],[-48.31339,-18.91725],[-48.31643,-18.91894],[-48.3167,-18.91927],[-48.31824,-18.91954],[-48.31881,-18.92018],[-48.32021,-18.92018],[-48.32171,-18.92083]]]}},{"id":"41","type":"Feature","properties":{"bairro":"Jardim Sul","distrito":"Uberlândia","regiao":"Uberlândia","setores":8,"urbano":8},"geometry":{"type":"Polygon","coordinates":[[[-48.27106,-18.96691],[-48.27366,-18.96627],[-48.27369,-18.95836],[-48.27399,-18.95811],[-48.27366,-18.95778],[-48.27372,-18.9518],[-48.27274,-18.95182],[-48.271,-18.9523],[-48.26904,-18.9535],[-48.26825,-18.95365],[-48.26659,-18.95321],[-48.26452,-18.95015],[-48.26418,-18.9501],[-48.26308,-18.95083],[-48.25926,-18.95175],[-48.25266,-18.95588],[-48.25237,-18.95552],[-48.25196,-18.95569],[-48.25194,-18.956],[-48.2522,-18.95622],[-48.25015,-18.96688],[-48.24872,-18.97574],[-48.25164,-18.97519],[-48.27106,-18.96691]]]}},{"id":"42","type":"Feature","properties":{"bairro":"Jardim das Palmeiras","distrito":"Uberlândia","regiao":"Uberlândia","setores":28,"urbano":28},"geometry":{"type":"Polygon","coordinates":[[[-48.3248,-18.95032],[-48.32147,-18.94463],[-48.32142,-18.94296],[-48.30735,-18.93906],[-48.3068,-18.96111],[-48.31055,-18.95506],[-48.3138,-18.94881],[-48.32454,-18.95079],[-48.3248,-18.95032]]]}},{"id":"43","type":"Feature","properties":{"bairro":"Lagoinha","distrito":"Uberlândia","regiao":"Uberlândia","setores":10,"urbano":10},"geometry":{"type":"Polygon","coordinates":[[[-48.25311,-18.93371],[-48.25469,-18.93341],[-48.25652,-18.93342],[-48.2591,-18.93307],[-48.26146,-18.9336],[-48.26331,-18.92829],[-48.25789,-18.92667],[-48.25747,-18.92673],[-48.25463,-18.9293],[-48.25311,-18.93371]]]}},{"id":"44","type":"Feature","properties":{"bairro":"Laranjeiras","distrito":"Uberlândia","regiao":"Uberlândia","setores":55,"urbano":55},"geometry":{"type":"Polygon","coordinates":[[[-48.25032,-18.96601],[-48.2522,-18.95622],[-48.25192,-18.95581],[-48.23722,-18.95041],[-48.23244,-18.95582],[-48.23097,-18.96155],[-48.23109,-18.96159],[-48.22952,-18.97323],[-48.24872,-18.97574],[-48.25032,-18.96601]]]}},{"id":"45","type":"Feature","properties":{"bairro":"Luizote de Freitas","distrito":"Uberlândia","regiao":"Uberlândia","setores":44,"urbano":44},"geometry":{"type":"Polygon","coordinates":[[[-48.3341,-18.9258],[-48.33594,-18.92612],[-48.33789,-18.92606],[-48.33829,-18.92649],[-48.33895,-18.92644],[-48.3397,-18.92693],[-48.34144,-18.92689],[-48.34043,-18.92467],[-48.34015,-18.92323],[-48.34009,-18.92176],[-48.34083,-18.91535],[-48.34074,-18.91397],[-48.34044,-18.91306],[-48.3397,-18.91178],[-48.33853,-18.91065],[-48.33699,-18.90984],[-48.33478,-18.90926],[-48.33495,-18.91014],[-48.32861,-18.91595],[-48.32568,-18.91289],[-48.32171,-18.92083],[-48.32216,-18.92092],[-48.32266,-18.92131],[-48.32348,-18.9224],[-48.32461,-18.92294],[-48.32564,-18.92307],[-48.3264,-18.92384],[-48.32706,-18.92411],[-48.32888,-18.92559],[-48.32972,-18.92564],[-48.33143,-18.92526],[-48.33361,-18.92546],[-48.3341,-18.9258]]]}},{"id":"46","type":"Feature","properties":{"bairro":"Lídice","distrito":"Uberlândia","regiao":"Uberlândia","setores":10,"urbano":10},"geometry":{"type":"Polygon","coordinates":[[[-48.28098,-18.92457],[-48.27756,-18.92374],[-48.27111,-18.9192],[-48.26907,-18.91746],[-48.26685,-18.91893],[-48.27087,-18.92333],[-48.27148,-18.92435],[-48.27376,-18.92635],[-48.27517,-18.92791],[-48.27773,-18.9299],[-48.28098,-18.92457]]]}},{"id":"47","type":"Feature","properties":{"bairro":"Mansoes Aeroporto","distrito":"Uberlândia","regiao":"Uberlândia","setores":1,"urbano":1},"geometry":{"type":"Polygon","coordinates":[[[-48.21052,-18.89728],[-48.21281,-18.90132],[-48.2186,-18.89816],[-48.21585,-18.89411],[-48.21052,-18.89728]]]}},{"id":"48","type":"Feature","properties":{"bairro":"Mansour","distrito":"Uberlândia","regiao":"Uberlândia","setores":26,"urbano":26},"geometry":{"type":"Polygon","coordinates":[[[-48.34507,-18.93594],[-48.34675,-18.93619],[-48.34144,-18.92689],[-48.3397,-18.92693],[-48.33895,-18.92644],[-48.33829,-18.92649],[-48.33789,-18.92606],[-48.33594,-18.92612],[-48.3341,-18.9258],[-48.33378,-18.92551],[-48.33314,-18.92537],[-48.3312,-18.92526],[-48.32972,-18.92564],[-48.32888,-18.92559],[-48.32863,-18.92596],[-48.32847,-18.92638],[-48.32897,-18.9272],[-48.32854,-18.92836],[-48.32875,-18.92869],[-48.32843,-18.92921],[-48.32844,-18.93006],[-48.32817,-18.9304],[-48.32829,-18.9318],[-48.33985,-18.9345],[-48.34507,-18.93594]]]}},{"id":"49","type":"Feature","properties":{"bairro":"Maravilha","distrito":"Uberlândia","regiao":"Uberlândia","setores":14,"urbano":14},"geometry":{"type":"Polygon","coordinates":[[[-48.2971,-18.89046],[-48.30287,-18.89148],[-48.30564,-18.89125],[-48.30645,-18.89073],[-48.30721,-18.88963],[-48.30818,-18.88872],[-48.30759,-18.88776],[-48.30656,-18.8872],[-48.30651,-18.88661],[-48.30545,-18.88607],[-48.30539,-18.88569],[-48.30496,-18.88565],[-48.3048,-18.8853],[-48.30423,-18.8849],[-48.30345,-18.88388],[-48.30327,-18.88332],[-48.30278,-18.88322],[-48.30239,-18.88273],[-48.30197,-18.88175],[-48.30177,-18.88177],[-48.30066,-18.88061],[-48.29054,-18.89078],[-48.29219,-18.8912],[-48.29407,-18.8906],[-48.29678,-18.89026],[-48.2971,-18.89046]]]}},{"id":"50","type":"Feature","properties":{"bairro":"Marta Helena","distrito":"Uberlândia","regiao":"Uberlândia","setores":25,"urbano":25},"geometry":{"type":"Polygon","coordinates":[[[-48.27148,-18.89536],[-48.27584,-18.89235],[-48.27642,-18.8908],[-48.27604,-18.88951],[-48.27183,-18.88377],[-48.27009,-18.88108],[-48.27016,-18.87363],[-48.27166,-18.87259],[-48.27489,-18.86768],[-48.27396,-18.86637],[-48.27407,-18.86569],[-48.27458,-18.86499],[-48.27443,-18.86466],[-48.25901,-18.87498],[-48.271,-18.89142],[-48.27163,-18.89305],[-48.27174,-18.89401],[-48.27148,-18.89536]]]}},{"id":"51","type":"Feature","properties":{"bairro":"Martins","distrito":"Uberlândia","regiao":"Uberlândia","setores":22,"urbano":22},"geometry":{"type":"Polygon","coordinates":[[[-48.28459,-18.91952],[-48.28928,-18.90491],[-48.2878,-18.90498],[-48.27966,-18.9032],[-48.27657,-18.91278],[-48.27862,-18.91556],[-48.27955,-18.91483],[-48.28083,-18.91677],[-48.28162,-18.91752],[-48.28239,-18.91821],[-48.28459,-18.91952]]]}},{"id":"52","type":"Feature","properties":{"bairro":"Martinésia — sem bairro declarado","distrito":"Martinésia","regiao":"Martinésia","setores":1,"urbano":1},"geometry":{"type":"Polygon","coordinates":[[[-48.42346,-18.74971],[-48.42019,-18.74742],[-48.4203,-18.74728],[-48.42009,-18.74709],[-48.4207,-18.74333],[-48.41761,-18.74297],[-48.41838,-18.74655],[-48.4171,-18.7482],[-48.4162,-18.74901],[-48.4166,-18.74971],[-48.41737,-18.74887],[-48.42171,-18.752],[-48.42346,-18.74971]]]}},{"id":"53","type":"Feature","properties":{"bairro":"Minas Gerais","distrito":"Uberlândia","regiao":"Uberlândia","setores":24,"urbano":24},"geometry":{"type":"Polygon","coordinates":[[[-48.25901,-18.87498],[-48.27172,-18.86648],[-48.28035,-18.85318],[-48.2807,-18.8523],[-48.28102,-18.85205],[-48.28207,-18.85241],[-48.28262,-18.8524],[-48.28246,-18.8521],[-48.28121,-18.85162],[-48.27999,-18.85147],[-48.27715,-18.8521],[-48.26304,-18.8598],[-48.26184,-18.86029],[-48.26055,-18.8605],[-48.25833,-18.86032],[-48.25391,-18.85837],[-48.25445,-18.86674],[-48.25473,-18.86832],[-48.25552,-18.87018],[-48.25901,-18.87498]]]}},{"id":"54","type":"Feature","properties":{"bairro":"Miranda","distrito":"Uberlândia","regiao":"Uberlândia","setores":2,"urbano":0},"geometry":{"type":"Polygon","coordinates":[[[-48.02637,-18.95244],[-48.02844,-18.95677],[-48.02905,-18.95622],[-48.03085,-18.95596],[-48.03393,-18.95222],[-48.03468,-18.95037],[-48.03747,-18.94864],[-48.03878,-18.94797],[-48.03948,-18.94788],[-48.03667,-18.94598],[-48.03176,-18.94142],[-48.03025,-18.9418],[-48.02477,-18.94028],[-48.02083,-18.93853],[-48.02046,-18.92913],[-48.01362,-18.92682],[-48.01309,-18.92748],[-48.01182,-18.92841],[-48.0107,-18.93005],[-48.00965,-18.9321],[-48.00819,-18.9363],[-48.00793,-18.93747],[-48.008,-18.93952],[-48.0087,-18.94022],[-48.01011,-18.94067],[-48.01052,-18.94106],[-48.01084,-18.942],[-48.01155,-18.94293],[-48.01325,-18.94391],[-48.0136,-18.94487],[-48.01342,-18.94548],[-48.02025,-18.94554],[-48.02637,-18.95244]]]}},{"id":"55","type":"Feature","properties":{"bairro":"Miranda V","distrito":"Uberlândia","regiao":"Uberlândia","setores":1,"urbano":0},"geometry":{"type":"Polygon","coordinates":[[[-48.009,-18.97617],[-48.01856,-18.97402],[-48.0175,-18.96902],[-48.01455,-18.96531],[-48.01416,-18.96589],[-48.01111,-18.96824],[-48.01004,-18.9696],[-48.00809,-18.97062],[-48.00689,-18.97165],[-48.00705,-18.97279],[-48.00808,-18.97471],[-48.0082,-18.97561],[-48.009,-18.97617]]]}},{"id":"56","type":"Feature","properties":{"bairro":"Miraporanga","distrito":"Miraporanga","regiao":"Miraporanga","setores":4,"urbano":0},"geometry":{"type":"Polygon","coordinates":[[[-48.42851,-19.09808],[-48.42881,-19.09757],[-48.43015,-19.09785],[-48.43114,-19.09764],[-48.43203,-19.09719],[-48.4321,-19.09642],[-48.43285,-19.09649],[-48.43354,-19.09725],[-48.43372,-19.09845],[-48.43356,-19.09898],[-48.43416,-19.09939],[-48.43551,-19.09932],[-48.43573,-19.099],[-48.43581,-19.09748],[-48.43719,-19.09713],[-48.43762,-19.09725],[-48.4388,-19.09704],[-48.43974,-19.09771],[-48.43996,-19.09947],[-48.44055,-19.09928],[-48.44088,-19.09867],[-48.44132,-19.0988],[-48.44173,-19.09853],[-48.4416,-19.09804],[-48.44199,-19.09819],[-48.44218,-19.09852],[-48.44203,-19.09909],[-48.44446,-19.09966],[-48.44498,-19.0994],[-48.44498,-19.09889],[-48.44453,-19.09831],[-48.44456,-19.09801],[-48.4468,-19.09738],[-48.44965,-19.09712],[-48.45135,-19.09649],[-48.45234,-19.09646],[-48.45396,-19.09662],[-48.45551,-19.09719],[-48.45803,-19.09862],[-48.45852,-19.09855],[-48.45888,-19.09825],[-48.45922,-19.09739],[-48.45972,-19.09684],[-48.46008,-19.09693],[-48.46102,-19.09858],[-48.46138,-19.09876],[-48.46219,-19.09848],[-48.46277,-19.09866],[-48.46306,-19.09817],[-48.46236,-19.09707],[-48.46348,-19.09663],[-48.46351,-19.09628],[-48.46314,-19.09611],[-48.46325,-19.09551],[-48.46403,-19.09546],[-48.46413,-19.0953],[-48.46522,-19.09671],[-48.46605,-19.09628],[-48.46695,-19.0964],[-48.46731,-19.09627],[-48.46783,-19.0968],[-48.46971,-19.09642],[-48.47018,-19.09582],[-48.47008,-19.09473],[-48.47108,-19.09418],[-48.47157,-19.09342],[-48.47319,-19.09183],[-48.4738,-19.09195],[-48.47493,-19.09345],[-48.47498,-19.09452],[-48.47581,-19.09533],[-48.47638,-19.09516],[-48.47648,-19.09471],[-48.47582,-19.09401],[-48.47664,-19.09321],[-48.47652,-19.09202],[-48.47685,-19.09159],[-48.47853,-19.09064],[-48.48084,-19.09205],[-48.48115,-19.09193],[-48.48128,-19.0915],[-48.48114,-19.0912],[-48.48014,-19.091],[-48.48013,-19.08981],[-48.47984,-19.08883],[-48.48016,-19.08842],[-48.48174,-19.08815],[-48.48418,-19.08854],[-48.48421,-19.08775],[-48.4836,-19.08708],[-48.48355,-19.08636],[-48.48384,-19.08625],[-48.48404,-19.08698],[-48.48524,-19.08699],[-48.48651,-19.08918],[-48.4901,-19.09111],[-48.49058,-19.09108],[-48.49092,-19.09068],[-48.49107,-19.09029],[-48.49092,-19.08937],[-48.49103,-19.089],[-48.49184,-19.08884],[-48.49243,-19.08892],[-48.49289,-19.08921],[-48.49325,-19.08912],[-48.49433,-19.08807],[-48.49517,-19.08802],[-48.49523,-19.08772],[-48.49489,-19.08726],[-48.49496,-19.08689],[-48.49538,-19.08662],[-48.49587,-19.08666],[-48.49699,-19.08727],[-48.49752,-19.08803],[-48.49796,-19.08826],[-48.49984,-19.08782],[-48.50021,-19.08753],[-48.50041,-19.08683],[-48.50114,-19.08689],[-48.50161,-19.0867],[-48.5023,-19.08604],[-48.50243,-19.08544],[-48.50293,-19.08462],[-48.50368,-19.08462],[-48.50391,-19.08438],[-48.50405,-19.08347],[-48.50494,-19.08251],[-48.5054,-19.08224],[-48.50702,-19.08198],[-48.50799,-19.08148],[-48.50815,-19.08113],[-48.50774,-19.08032],[-48.50862,-19.07955],[-48.50968,-19.07822],[-48.51022,-19.07791],[-48.51314,-19.07788],[-48.51375,-19.07808],[-48.51449,-19.07911],[-48.51471,-19.08044],[-48.51517,-19.08117],[-48.51645,-19.08216],[-48.5171,-19.0822],[-48.51783,-19.08196],[-48.51844,-19.08106],[-48.51972,-19.0807],[-48.52077,-19.08089],[-48.52192,-19.0818],[-48.52269,-19.08203],[-48.52324,-19.08205],[-48.52418,-19.08148],[-48.52484,-19.08134],[-48.52545,-19.08238],[-48.52569,-19.08241],[-48.5264,-19.08178],[-48.52702,-19.08189],[-48.52708,-19.0815],[-48.52688,-19.08101],[-48.52799,-19.07962],[-48.52803,-19.07858],[-48.52848,-19.07816],[-48.53117,-19.07801],[-48.53145,-19.07779],[-48.53162,-19.07708],[-48.53241,-19.07664],[-48.53295,-19.07695],[-48.53306,-19.07749],[-48.53314,-19.07721],[-48.53384,-19.07764],[-48.53402,-19.0779],[-48.53391,-19.07867],[-48.53449,-19.07837],[-48.53504,-19.07872],[-48.53547,-19.07974],[-48.53621,-19.07942],[-48.53693,-19.07984],[-48.53749,-19.07938],[-48.53976,-19.07862],[-48.54047,-19.07769],[-48.54184,-19.07654],[-48.54223,-19.07572],[-48.54292,-19.07516],[-48.54432,-19.07531],[-48.54475,-19.07486],[-48.54499,-19.07496],[-48.54499,-19.07562],[-48.54544,-19.07564],[-48.54614,-19.07518],[-48.54622,-19.07466],[-48.54682,-19.07516],[-48.5472,-19.07494],[-48.54693,-19.07442],[-48.54719,-19.0743],[-48.54796,-19.07435],[-48.54818,-19.07478],[-48.54855,-19.07436],[-48.54855,-19.07377],[-48.54889,-19.07367],[-48.54934,-19.07395],[-48.54947,-19.07323],[-48.5504,-19.07354],[-48.55099,-19.07324],[-48.55116,-19.07289],[-48.55059,-19.07245],[-48.5505,-19.07203],[-48.55068,-19.07185],[-48.55194,-19.07244],[-48.55282,-19.07242],[-48.553,-19.0721],[-48.55286,-19.07184],[-48.55351,-19.07145],[-48.5537,-19.07104],[-48.55414,-19.0709],[-48.55543,-19.07203],[-48.55604,-19.07208],[-48.55656,-19.07204],[-48.55646,-19.07157],[-48.55686,-19.07136],[-48.55718,-19.07167],[-48.55755,-19.07158],[-48.55774,-19.0712],[-48.55818,-19.0712],[-48.55877,-19.07158],[-48.55899,-19.07154],[-48.55911,-19.07132],[-48.55892,-19.07119],[-48.55924,-19.07102],[-48.5593,-19.07161],[-48.55893,-19.07218],[-48.56015,-19.07285],[-48.56046,-19.07277],[-48.56083,-19.07214],[-48.56141,-19.07241],[-48.5617,-19.0722],[-48.56152,-19.07098],[-48.56189,-19.07029],[-48.56261,-19.07043],[-48.56319,-19.07019],[-48.56348,-19.06984],[-48.56398,-19.06997],[-48.56414,-19.06981],[-48.56386,-19.06916],[-48.56393,-19.06888],[-48.56373,-19.06869],[-48.5638,-19.06842],[-48.56557,-19.06794],[-48.56568,-19.06748],[-48.56596,-19.06747],[-48.56603,-19.06778],[-48.5667,-19.06832],[-48.56659,-19.06877],[-48.56672,-19.06891],[-48.56719,-19.06846],[-48.5679,-19.06862],[-48.56815,-19.06815],[-48.5684,-19.06806],[-48.56902,-19.06839],[-48.56924,-19.06822],[-48.56924,-19.06746],[-48.56948,-19.06712],[-48.57056,-19.06787],[-48.57087,-19.06758],[-48.57184,-19.06772],[-48.5748,-19.07048],[-48.57673,-19.07152],[-48.64146,-19.10436],[-48.64213,-19.10325],[-48.64266,-19.10311],[-48.64478,-19.10319],[-48.64569,-19.10282],[-48.64569,-19.10115],[-48.6451,-19.10098],[-48.64544,-19.10034],[-48.64579,-19.10025],[-48.64651,-19.10093],[-48.64735,-19.10025],[-48.64877,-19.09958],[-48.64921,-19.09961],[-48.64963,-19.10021],[-48.65001,-19.10032],[-48.65069,-19.10008],[-48.6507,-19.09971],[-48.65032,-19.09929],[-48.65115,-19.09779],[-48.65176,-19.09735],[-48.6522,-19.09753],[-48.65265,-19.09736],[-48.65331,-19.0965],[-48.65338,-19.09602],[-48.65385,-19.09563],[-48.6546,-19.09539],[-48.65529,-19.09316],[-48.65628,-19.09258],[-48.65662,-19.09167],[-48.65832,-19.08964],[-48.65993,-19.08941],[-48.65932,-19.08856],[-48.66039,-19.08849],[-48.66062,-19.08771],[-48.6609,-19.08751],[-48.66014,-19.08704],[-48.65997,-19.0867],[-48.66026,-19.08628],[-48.66059,-19.08625],[-48.66088,-19.08594],[-48.66148,-19.08507],[-48.66182,-19.08501],[-48.66247,-19.08568],[-48.66281,-19.08556],[-48.66287,-19.08518],[-48.66253,-19.0848],[-48.66266,-19.0846],[-48.66411,-19.08515],[-48.66434,-19.08486],[-48.66414,-19.08449],[-48.66542,-19.0839],[-48.66574,-19.08432],[-48.66637,-19.08468],[-48.66852,-19.08448],[-48.66891,-19.08526],[-48.67014,-19.0861],[-48.67157,-19.09],[-48.67237,-19.09061],[-48.67268,-19.08957],[-48.67271,-19.0885],[-48.67342,-19.08706],[-48.67386,-19.08513],[-48.67381,-19.08482],[-48.67255,-19.08374],[-48.67196,-19.08295],[-48.67232,-19.08259],[-48.67278,-19.08265],[-48.67312,-19.08249],[-48.67327,-19.08167],[-48.67416,-19.08098],[-48.67609,-19.0811],[-48.67642,-19.0808],[-48.67657,-19.08014],[-48.67699,-19.07981],[-48.67817,-19.07965],[-48.68045,-19.07778],[-48.68079,-19.07664],[-48.68399,-19.07562],[-48.685,-19.07612],[-48.68481,-19.07922],[-48.68516,-19.07987],[-48.68596,-19.07994],[-48.68686,-19.07948],[-48.68767,-19.0795],[-48.68849,-19.07897],[-48.68881,-19.07817],[-48.68964,-19.07776],[-48.69056,-19.07771],[-48.69278,-19.07885],[-48.69568,-19.0788],[-48.69598,-19.07939],[-48.69588,-19.07991],[-48.69407,-19.08065],[-48.69291,-19.08141],[-48.69224,-19.08241],[-48.69216,-19.08301],[-48.69233,-19.08376],[-48.69528,-19.08414],[-48.69801,-19.08208],[-48.69822,-19.08159],[-48.69883,-19.08097],[-48.69966,-19.0806],[-48.70095,-19.0793],[-48.70059,-19.07716],[-48.70077,-19.07659],[-48.70131,-19.07623],[-48.70359,-19.07582],[-48.70532,-19.07622],[-48.70592,-19.07605],[-48.70651,-19.07517],[-48.70699,-19.0739],[-48.70641,-19.07411],[-48.70593,-19.07391],[-48.70585,-19.07336],[-48.70611,-19.07248],[-48.70598,-19.07197],[-48.70495,-19.07049],[-48.70449,-19.06801],[-48.70385,-19.06707],[-48.70328,-19.06564],[-48.70249,-19.06487],[-48.70222,-19.06384],[-48.70238,-19.06342],[-48.70226,-19.06298],[-48.70102,-19.06223],[-48.69992,-19.06119],[-48.69904,-19.06076],[-48.69614,-19.05678],[-48.69457,-19.05407],[-48.69409,-19.0523],[-48.69441,-19.05005],[-48.6941,-19.04602],[-48.69363,-19.0445],[-48.69299,-19.04336],[-48.6921,-19.04212],[-48.68942,-19.03984],[-48.68723,-19.03874],[-48.68662,-19.03872],[-48.68516,-19.03816],[-48.68431,-19.03733],[-48.68338,-19.03681],[-48.68176,-19.03464],[-48.68035,-19.03364],[-48.67889,-19.03289],[-48.67749,-19.03102],[-48.6764,-19.02774],[-48.67648,-19.02412],[-48.67611,-19.02069],[-48.67616,-19.01862],[-48.67584,-19.01796],[-48.67457,-19.01675],[-48.67048,-19.01455],[-48.66721,-19.01361],[-48.66594,-19.01256],[-48.66503,-19.01135],[-48.6615,-19.00924],[-48.66038,-19.00888],[-48.65886,-19.00924],[-48.65833,-19.00918],[-48.65794,-19.00888],[-48.65747,-19.00824],[-48.65716,-19.0058],[-48.65694,-19.00534],[-48.65669,-19.00491],[-48.65572,-19.00443],[-48.65527,-19.00354],[-48.65506,-19.00122],[-48.65442,-19.00024],[-48.65412,-18.9993],[-48.65381,-18.99896],[-48.65282,-18.99859],[-48.65173,-18.99863],[-48.65079,-18.9984],[-48.6476,-18.9967],[-48.64685,-18.99608],[-48.64538,-18.9936],[-48.64427,-18.99238],[-48.6434,-18.98983],[-48.64267,-18.98857],[-48.6426,-18.9874],[-48.64318,-18.98354],[-48.64557,-18.97993],[-48.64576,-18.97938],[-48.64579,-18.97784],[-48.64448,-18.97412],[-48.64429,-18.97187],[-48.6434,-18.97049],[-48.64178,-18.9698],[-48.64147,-18.96948],[-48.63787,-18.96497],[-48.63642,-18.96012],[-48.63577,-18.95863],[-48.63347,-18.95505],[-48.6333,-18.95459],[-48.6335,-18.95415],[-48.63185,-18.95394],[-48.6314,-18.9541],[-48.63055,-18.95325],[-48.62997,-18.95318],[-48.62963,-18.95355],[-48.62971,-18.95399],[-48.62951,-18.95445],[-48.62903,-18.9547],[-48.62881,-18.95509],[-48.62748,-18.95477],[-48.62722,-18.95514],[-48.62625,-18.95569],[-48.62466,-18.95573],[-48.62434,-18.95663],[-48.62475,-18.9575],[-48.62451,-18.95789],[-48.62355,-18.9578],[-48.62314,-18.95803],[-48.62263,-18.95884],[-48.62224,-18.96028],[-48.62193,-18.96063],[-48.62004,-18.96111],[-48.61862,-18.96318],[-48.61782,-18.96272],[-48.61734,-18.96293],[-48.61683,-18.96375],[-48.61546,-18.96419],[-48.61434,-18.96525],[-48.61343,-18.96529],[-48.61309,-18.9657],[-48.61188,-18.96605],[-48.61137,-18.96685],[-48.61092,-18.96662],[-48.61079,-18.96754],[-48.61034,-18.9677],[-48.61029,-18.96814],[-48.60968,-18.96802],[-48.6091,-18.96819],[-48.60838,-18.96883],[-48.6079,-18.96892],[-48.60763,-18.96929],[-48.60773,-18.97016],[-48.6072,-18.97099],[-48.60674,-18.97094],[-48.60577,-18.97138],[-48.60589,-18.97193],[-48.60572,-18.97239],[-48.60534,-18.97278],[-48.60471,-18.97278],[-48.60335,-18.97386],[-48.60261,-18.97519],[-48.60219,-18.97733],[-48.60111,-18.97749],[-48.60062,-18.97783],[-48.59968,-18.97763],[-48.59867,-18.97795],[-48.59799,-18.97921],[-48.59698,-18.97928],[-48.59649,-18.98004],[-48.59517,-18.98089],[-48.59473,-18.98064],[-48.59449,-18.9802],[-48.59379,-18.98098],[-48.59268,-18.98075],[-48.59248,-18.98119],[-48.5928,-18.98263],[-48.59183,-18.9827],[-48.5914,-18.98295],[-48.59123,-18.98341],[-48.59149,-18.98431],[-48.59115,-18.98477],[-48.59014,-18.98498],[-48.58992,-18.98541],[-48.58999,-18.98654],[-48.5898,-18.98695],[-48.58934,-18.98714],[-48.58954,-18.98808],[-48.58915,-18.98845],[-48.58811,-18.98865],[-48.58661,-18.98817],[-48.58606,-18.98828],[-48.58565,-18.98801],[-48.58531,-18.98831],[-48.58553,-18.98874],[-48.58533,-18.98916],[-48.58483,-18.98941],[-48.58434,-18.98943],[-48.58393,-18.98916],[-48.58342,-18.98936],[-48.58248,-18.98913],[-48.58193,-18.98925],[-48.58166,-18.98961],[-48.58118,-18.98975],[-48.58026,-18.98959],[-48.57995,-18.99106],[-48.57929,-18.99136],[-48.57854,-18.99212],[-48.57794,-18.99244],[-48.57536,-18.99265],[-48.57391,-18.99326],[-48.57335,-18.99398],[-48.57178,-18.99437],[-48.57154,-18.99393],[-48.57026,-18.99313],[-48.5698,-18.99322],[-48.56937,-18.99306],[-48.56903,-18.99248],[-48.5685,-18.9923],[-48.56809,-18.99257],[-48.56765,-18.99237],[-48.56797,-18.99152],[-48.56698,-18.99034],[-48.56652,-18.99053],[-48.56644,-18.99007],[-48.56591,-18.98926],[-48.56594,-18.98828],[-48.56546,-18.98834],[-48.56461,-18.98788],[-48.56364,-18.98816],[-48.56297,-18.98752],[-48.56251,-18.98763],[-48.56152,-18.98729],[-48.56169,-18.98678],[-48.5621,-18.98655],[-48.56123,-18.98547],[-48.56075,-18.98542],[-48.56034,-18.98451],[-48.55988,-18.98467],[-48.55867,-18.98379],[-48.55824,-18.984],[-48.55802,-18.9831],[-48.55763,-18.9828],[-48.55715,-18.98292],[-48.55672,-18.98273],[-48.55635,-18.98193],[-48.55585,-18.98204],[-48.55423,-18.98161],[-48.55382,-18.9808],[-48.55244,-18.98025],[-48.55181,-18.97961],[-48.55087,-18.97993],[-48.55039,-18.97972],[-48.54954,-18.98013],[-48.54962,-18.97876],[-48.54851,-18.9788],[-48.54781,-18.97811],[-48.54723,-18.97793],[-48.54636,-18.97618],[-48.54624,-18.97485],[-48.54602,-18.97443],[-48.54559,-18.97425],[-48.54518,-18.9745],[-48.54457,-18.97273],[-48.54375,-18.97207],[-48.54356,-18.97161],[-48.54257,-18.97165],[-48.54189,-18.97103],[-48.54146,-18.97004],[-48.53999,-18.96945],[-48.54052,-18.96871],[-48.54028,-18.96784],[-48.53977,-18.96742],[-48.53842,-18.96703],[-48.5372,-18.96823],[-48.53641,-18.96855],[-48.53573,-18.96943],[-48.53478,-18.96958],[-48.53395,-18.96996],[-48.5299,-18.97047],[-48.52931,-18.97035],[-48.52829,-18.97125],[-48.52609,-18.97196],[-48.52464,-18.97182],[-48.52355,-18.97143],[-48.5233,-18.97167],[-48.52245,-18.97169],[-48.52221,-18.97199],[-48.52096,-18.97166],[-48.52064,-18.97198],[-48.51988,-18.97166],[-48.5194,-18.9718],[-48.51917,-18.97211],[-48.51878,-18.97202],[-48.51871,-18.97216],[-48.51831,-18.97186],[-48.51805,-18.97212],[-48.51731,-18.97195],[-48.51706,-18.97167],[-48.5167,-18.97179],[-48.51663,-18.97154],[-48.51638,-18.97159],[-48.51589,-18.97103],[-48.51531,-18.97081],[-48.51462,-18.97087],[-48.51298,-18.97148],[-48.5116,-18.97159],[-48.51067,-18.97111],[-48.50799,-18.97154],[-48.50699,-18.97129],[-48.50605,-18.97157],[-48.50517,-18.97106],[-48.50431,-18.9711],[-48.50232,-18.97151],[-48.50164,-18.9722],[-48.50056,-18.9716],[-48.50042,-18.9709],[-48.49974,-18.97084],[-48.49943,-18.97111],[-48.49939,-18.97197],[-48.49916,-18.97231],[-48.49798,-18.9724],[-48.49695,-18.97298],[-48.49488,-18.97344],[-48.494,-18.97402],[-48.49361,-18.97391],[-48.49327,-18.97426],[-48.4928,-18.97412],[-48.49231,-18.97425],[-48.49058,-18.97367],[-48.48983,-18.97305],[-48.48852,-18.97307],[-48.48655,-18.9736],[-48.48103,-18.97341],[-48.47895,-18.97291],[-48.4775,-18.97306],[-48.47692,-18.9726],[-48.47562,-18.97232],[-48.47502,-18.97241],[-48.4747,-18.9728],[-48.47418,-18.97284],[-48.47343,-18.97241],[-48.47312,-18.97252],[-48.47246,-18.97223],[-48.47214,-18.97237],[-48.47169,-18.97223],[-48.4712,-18.97179],[-48.47098,-18.97192],[-48.4694,-18.97153],[-48.46859,-18.97179],[-48.46669,-18.97163],[-48.46593,-18.97201],[-48.46463,-18.97223],[-48.46202,-18.9716],[-48.46191,-18.97093],[-48.4599,-18.97027],[-48.45928,-18.97023],[-48.45876,-18.97073],[-48.45565,-18.96961],[-48.45476,-18.96895],[-48.4542,-18.96779],[-48.45368,-18.96756],[-48.45256,-18.9675],[-48.45066,-18.96584],[-48.44929,-18.96562],[-48.44805,-18.9659],[-48.44749,-18.96564],[-48.44612,-18.96563],[-48.4454,-18.96585],[-48.43998,-18.96592],[-48.4376,-18.96614],[-48.43717,-18.96645],[-48.43666,-18.96654],[-48.43608,-18.96636],[-48.43184,-18.96647],[-48.4286,-18.96608],[-48.42667,-18.96613],[-48.42374,-18.96719],[-48.4222,-18.96815],[-48.42067,-18.96847],[-48.42114,-18.96899],[-48.42172,-18.9692],[-48.42171,-18.96947],[-48.42062,-18.96965],[-48.41998,-18.96948],[-48.41747,-18.9726],[-48.41684,-18.97373],[-48.4157,-18.97476],[-48.41481,-18.97636],[-48.41394,-18.97726],[-48.41256,-18.9781],[-48.40998,-18.97839],[-48.40675,-18.97987],[-48.40477,-18.98029],[-48.39827,-18.97666],[-48.39363,-18.98992],[-48.39208,-18.99497],[-48.39798,-18.9971],[-48.39856,-18.99776],[-48.39986,-19.0066],[-48.40128,-19.01972],[-48.4012,-19.02052],[-48.40014,-19.02408],[-48.39488,-19.04055],[-48.39537,-19.04256],[-48.40074,-19.04602],[-48.40111,-19.04653],[-48.40962,-19.06749],[-48.41226,-19.07576],[-48.41806,-19.08483],[-48.42344,-19.09208],[-48.42738,-19.09873],[-48.42851,-19.09808]],[[-48.44804,-19.00464],[-48.42006,-18.98887],[-48.42389,-18.98563],[-48.42609,-18.9832],[-48.42939,-18.98464],[-48.43084,-18.98174],[-48.43223,-18.98068],[-48.43536,-18.98254],[-48.43442,-18.98357],[-48.43327,-18.98527],[-48.43596,-18.98465],[-48.43825,-18.99322],[-48.44044,-18.99217],[-48.44338,-18.99212],[-48.44488,-18.98909],[-48.44627,-18.98695],[-48.44635,-18.98641],[-48.4469,-18.98625],[-48.44767,-18.98653],[-48.44834,-18.9865],[-48.44918,-18.9862],[-48.44922,-18.98553],[-48.45013,-18.98492],[-48.45111,-18.98472],[-48.45112,-18.98457],[-48.45219,-18.98452],[-48.45275,-18.98425],[-48.45477,-18.98974],[-48.45642,-18.99159],[-48.44804,-19.00464]]]}},{"id":"57","type":"Feature","properties":{"bairro":"Miraporanga — sem bairro declarado","distrito":"Miraporanga","regiao":"Miraporanga","setores":1,"urbano":1},"geometry":{"type":"Polygon","coordinates":[[[-48.43083,-19.25727],[-48.43158,-19.25649],[-48.43134,-19.25622],[-48.43094,-19.25618],[-48.43098,-19.25585],[-48.43073,-19.25571],[-48.43078,-19.25539],[-48.43029,-19.25458],[-48.43064,-19.2543],[-48.4295,-19.25381],[-48.42896,-19.25226],[-48.42898,-19.25181],[-48.42869,-19.25143],[-48.42881,-19.25039],[-48.42868,-19.25004],[-48.42886,-19.24944],[-48.4281,-19.24887],[-48.42697,-19.24964],[-48.42532,-19.25014],[-48.4255,-19.2513],[-48.42509,-19.25177],[-48.42507,-19.25227],[-48.42405,-19.25318],[-48.4276,-19.25949],[-48.42826,-19.25964],[-48.42958,-19.25886],[-48.42938,-19.2578],[-48.43011,-19.25732],[-48.43083,-19.25727]]]}},{"id":"58","type":"Feature","properties":{"bairro":"Morada Nova","distrito":"Miraporanga","regiao":"Miraporanga","setores":2,"urbano":2},"geometry":{"type":"Polygon","coordinates":[[[-48.37464,-18.98855],[-48.37426,-18.99093],[-48.37372,-18.99153],[-48.37359,-18.99254],[-48.37992,-18.99502],[-48.38154,-18.99124],[-48.378,-18.98984],[-48.38072,-18.98744],[-48.38075,-18.98707],[-48.38006,-18.98669],[-48.37935,-18.98519],[-48.3797,-18.98478],[-48.37607,-18.98484],[-48.37551,-18.98388],[-48.37269,-18.98529],[-48.37464,-18.98855]]]}},{"id":"59","type":"Feature","properties":{"bairro":"Morada da Colina","distrito":"Uberlândia","regiao":"Uberlândia","setores":15,"urbano":15},"geometry":{"type":"Polygon","coordinates":[[[-48.27787,-18.95162],[-48.28423,-18.9496],[-48.28683,-18.94953],[-48.28682,-18.94894],[-48.28752,-18.94766],[-48.28737,-18.94585],[-48.2886,-18.94103],[-48.28123,-18.9393],[-48.28267,-18.93497],[-48.28289,-18.93389],[-48.28282,-18.93203],[-48.28178,-18.93195],[-48.27889,-18.93066],[-48.27773,-18.9299],[-48.27383,-18.93633],[-48.27372,-18.95175],[-48.27787,-18.95162]]]}},{"id":"60","type":"Feature","properties":{"bairro":"Morada do Sol","distrito":"Uberlândia","regiao":"Uberlândia","setores":2,"urbano":2},"geometry":{"type":"Polygon","coordinates":[[[-48.34065,-18.89004],[-48.34141,-18.90443],[-48.34443,-18.90327],[-48.34732,-18.90255],[-48.36382,-18.90026],[-48.36357,-18.89952],[-48.36233,-18.89863],[-48.36073,-18.89611],[-48.35999,-18.89569],[-48.35955,-18.895],[-48.3592,-18.89492],[-48.35819,-18.89333],[-48.35792,-18.89329],[-48.35788,-18.89304],[-48.35615,-18.89137],[-48.35923,-18.88349],[-48.35798,-18.87839],[-48.35025,-18.88355],[-48.35004,-18.8819],[-48.34981,-18.88183],[-48.34921,-18.88457],[-48.34065,-18.89004]]]}},{"id":"61","type":"Feature","properties":{"bairro":"Morada dos Pássaros","distrito":"Uberlândia","regiao":"Uberlândia","setores":5,"urbano":5},"geometry":{"type":"Polygon","coordinates":[[[-48.21384,-18.87086],[-48.21312,-18.87263],[-48.21613,-18.87435],[-48.21679,-18.87546],[-48.21751,-18.87517],[-48.2166,-18.87329],[-48.22138,-18.86896],[-48.223,-18.86796],[-48.22207,-18.8651],[-48.22425,-18.86442],[-48.22103,-18.85432],[-48.21536,-18.85442],[-48.21194,-18.85475],[-48.21028,-18.85551],[-48.20938,-18.85624],[-48.20836,-18.85792],[-48.20806,-18.85958],[-48.20808,-18.86069],[-48.20845,-18.86178],[-48.20942,-18.86318],[-48.21267,-18.86618],[-48.2132,-18.86701],[-48.21369,-18.86795],[-48.21391,-18.86903],[-48.21384,-18.87086]]]}},{"id":"62","type":"Feature","properties":{"bairro":"Morumbi","distrito":"Uberlândia","regiao":"Uberlândia","setores":65,"urbano":65},"geometry":{"type":"Polygon","coordinates":[[[-48.19021,-18.92656],[-48.19194,-18.92555],[-48.19151,-18.92482],[-48.19446,-18.92283],[-48.19423,-18.92237],[-48.20006,-18.91537],[-48.19216,-18.91068],[-48.18771,-18.9026],[-48.18385,-18.90476],[-48.18063,-18.90715],[-48.17598,-18.90908],[-48.17472,-18.90999],[-48.17239,-18.9124],[-48.17689,-18.91676],[-48.19021,-18.92656]]]}},{"id":"63","type":"Feature","properties":{"bairro":"Nossa Senhora Aparecida","distrito":"Uberlândia","regiao":"Uberlândia","setores":28,"urbano":28},"geometry":{"type":"Polygon","coordinates":[[[-48.26761,-18.91397],[-48.2751,-18.90894],[-48.26964,-18.89842],[-48.26974,-18.89723],[-48.27063,-18.89598],[-48.27049,-18.89579],[-48.26079,-18.90227],[-48.26081,-18.90243],[-48.26052,-18.90245],[-48.26162,-18.9078],[-48.26217,-18.90967],[-48.26225,-18.91139],[-48.26331,-18.91123],[-48.26448,-18.91145],[-48.26761,-18.91397]]]}},{"id":"64","type":"Feature","properties":{"bairro":"Nossa Senhora das Graças","distrito":"Uberlândia","regiao":"Uberlândia","setores":18,"urbano":18},"geometry":{"type":"Polygon","coordinates":[[[-48.27038,-18.88147],[-48.2887,-18.86931],[-48.28499,-18.86434],[-48.28427,-18.86374],[-48.28301,-18.86331],[-48.28181,-18.86331],[-48.28062,-18.86372],[-48.27474,-18.86748],[-48.27489,-18.86768],[-48.27166,-18.87259],[-48.27016,-18.87363],[-48.27009,-18.88108],[-48.27038,-18.88147]]]}},{"id":"65","type":"Feature","properties":{"bairro":"Nova Alvorada","distrito":"Uberlândia","regiao":"Uberlândia","setores":11,"urbano":11},"geometry":{"type":"Polygon","coordinates":[[[-48.20598,-18.93648],[-48.2195,-18.93847],[-48.22158,-18.92524],[-48.2032,-18.92223],[-48.1927,-18.92846],[-48.20063,-18.93422],[-48.20317,-18.93572],[-48.20598,-18.93648]]]}},{"id":"66","type":"Feature","properties":{"bairro":"Nova Uberlândia","distrito":"Uberlândia","regiao":"Uberlândia","setores":15,"urbano":15},"geometry":{"type":"Polygon","coordinates":[[[-48.30667,-18.9672],[-48.30699,-18.95305],[-48.30556,-18.95312],[-48.30354,-18.95252],[-48.30137,-18.95151],[-48.30027,-18.95072],[-48.29982,-18.95009],[-48.29919,-18.95018],[-48.29902,-18.95043],[-48.29873,-18.95019],[-48.29673,-18.95052],[-48.29491,-18.95043],[-48.29201,-18.95123],[-48.29232,-18.95158],[-48.29235,-18.95199],[-48.29199,-18.95303],[-48.29071,-18.95531],[-48.29085,-18.95715],[-48.29147,-18.95888],[-48.29143,-18.95984],[-48.29089,-18.96226],[-48.29098,-18.96281],[-48.29244,-18.96487],[-48.29283,-18.96701],[-48.29296,-18.97025],[-48.29399,-18.96912],[-48.29483,-18.96942],[-48.29476,-18.9698],[-48.29501,-18.97003],[-48.29535,-18.96994],[-48.29581,-18.97024],[-48.29663,-18.9703],[-48.2969,-18.97056],[-48.29875,-18.97129],[-48.29909,-18.97117],[-48.29976,-18.9714],[-48.3009,-18.97099],[-48.30258,-18.97131],[-48.30281,-18.97104],[-48.30315,-18.97103],[-48.30365,-18.97197],[-48.30424,-18.97172],[-48.30595,-18.97154],[-48.30733,-18.97072],[-48.30667,-18.9672]]]}},{"id":"67","type":"Feature","properties":{"bairro":"Novo Mundo","distrito":"Uberlândia","regiao":"Uberlândia","setores":5,"urbano":5},"geometry":{"type":"Polygon","coordinates":[[[-48.2032,-18.92223],[-48.22158,-18.92524],[-48.22356,-18.91243],[-48.22257,-18.9122],[-48.22173,-18.91107],[-48.2032,-18.92223]]]}},{"id":"68","type":"Feature","properties":{"bairro":"Osvaldo Rezende","distrito":"Uberlândia","regiao":"Uberlândia","setores":43,"urbano":43},"geometry":{"type":"Polygon","coordinates":[[[-48.29404,-18.92205],[-48.30193,-18.91273],[-48.30326,-18.91121],[-48.30358,-18.91112],[-48.30347,-18.91085],[-48.3037,-18.91055],[-48.30324,-18.91013],[-48.30284,-18.90897],[-48.30232,-18.90847],[-48.29804,-18.90712],[-48.29603,-18.90587],[-48.29433,-18.90511],[-48.29121,-18.90483],[-48.28928,-18.90491],[-48.28459,-18.91952],[-48.28833,-18.92207],[-48.29021,-18.92294],[-48.29297,-18.92271],[-48.29404,-18.92205]]]}},{"id":"69","type":"Feature","properties":{"bairro":"Pacaembú","distrito":"Uberlândia","regiao":"Uberlândia","setores":19,"urbano":19},"geometry":{"type":"Polygon","coordinates":[[[-48.29011,-18.89122],[-48.30066,-18.88061],[-48.30021,-18.88018],[-48.29942,-18.88003],[-48.29865,-18.87914],[-48.2966,-18.87755],[-48.295,-18.87702],[-48.29467,-18.87715],[-48.29428,-18.87785],[-48.28307,-18.88878],[-48.29011,-18.89122]]]}},{"id":"70","type":"Feature","properties":{"bairro":"Pampulha","distrito":"Uberlândia","regiao":"Uberlândia","setores":11,"urbano":11},"geometry":{"type":"Polygon","coordinates":[[[-48.24918,-18.93549],[-48.24595,-18.93577],[-48.24482,-18.92918],[-48.24228,-18.92968],[-48.23893,-18.93095],[-48.23512,-18.93308],[-48.23283,-18.93475],[-48.23569,-18.93847],[-48.23583,-18.93806],[-48.2357,-18.93724],[-48.23605,-18.93682],[-48.24212,-18.93577],[-48.24229,-18.93999],[-48.24954,-18.93947],[-48.24918,-18.93549]]]}},{"id":"71","type":"Feature","properties":{"bairro":"Panorama","distrito":"Uberlândia","regiao":"Uberlândia","setores":20,"urbano":20},"geometry":{"type":"Polygon","coordinates":[[[-48.35428,-18.96983],[-48.36335,-18.96965],[-48.36393,-18.96984],[-48.36443,-18.97043],[-48.36468,-18.96963],[-48.36531,-18.9688],[-48.35896,-18.96152],[-48.35544,-18.95786],[-48.3538,-18.95263],[-48.35418,-18.95275],[-48.35436,-18.95229],[-48.32142,-18.94296],[-48.32147,-18.94463],[-48.3248,-18.95032],[-48.32454,-18.95079],[-48.33296,-18.95755],[-48.3348,-18.95839],[-48.34314,-18.96465],[-48.34434,-18.96485],[-48.35428,-18.96983]]]}},{"id":"72","type":"Feature","properties":{"bairro":"Patrimônio","distrito":"Uberlândia","regiao":"Uberlândia","setores":22,"urbano":22},"geometry":{"type":"Polygon","coordinates":[[[-48.28123,-18.9393],[-48.2886,-18.94103],[-48.28932,-18.93868],[-48.29051,-18.93711],[-48.2919,-18.93615],[-48.29295,-18.93377],[-48.29313,-18.92979],[-48.29161,-18.93023],[-48.28949,-18.9313],[-48.28546,-18.93132],[-48.28282,-18.93203],[-48.28289,-18.93389],[-48.28267,-18.93497],[-48.28123,-18.9393]]]}},{"id":"73","type":"Feature","properties":{"bairro":"Pequis","distrito":"Uberlândia","regiao":"Uberlândia","setores":29,"urbano":29},"geometry":{"type":"Polygon","coordinates":[[[-48.39341,-18.98122],[-48.39451,-18.97846],[-48.39714,-18.9799],[-48.39827,-18.97666],[-48.37553,-18.96391],[-48.37401,-18.96615],[-48.37094,-18.9688],[-48.36984,-18.96931],[-48.3689,-18.96946],[-48.3661,-18.96952],[-48.36443,-18.97043],[-48.36745,-18.97608],[-48.38056,-18.97633],[-48.38066,-18.97826],[-48.38729,-18.97757],[-48.39041,-18.97961],[-48.39341,-18.98122]]]}},{"id":"74","type":"Feature","properties":{"bairro":"Planalto","distrito":"Uberlândia","regiao":"Uberlândia","setores":32,"urbano":32},"geometry":{"type":"Polygon","coordinates":[[[-48.32054,-18.9427],[-48.32121,-18.94065],[-48.32028,-18.92945],[-48.3083,-18.92719],[-48.30612,-18.93722],[-48.30735,-18.93906],[-48.32054,-18.9427]]]}},{"id":"75","type":"Feature","properties":{"bairro":"Portal do Vale","distrito":"Uberlândia","regiao":"Uberlândia","setores":9,"urbano":9},"geometry":{"type":"Polygon","coordinates":[[[-48.19774,-18.90706],[-48.20051,-18.90782],[-48.20697,-18.90704],[-48.20692,-18.90672],[-48.21322,-18.90582],[-48.21281,-18.90132],[-48.21052,-18.89728],[-48.21585,-18.89411],[-48.21235,-18.88894],[-48.21649,-18.88655],[-48.21775,-18.88447],[-48.21466,-18.8823],[-48.20646,-18.88281],[-48.20602,-18.88232],[-48.20499,-18.88298],[-48.2015,-18.88411],[-48.20008,-18.88481],[-48.19869,-18.88573],[-48.19726,-18.88709],[-48.19554,-18.88941],[-48.19228,-18.89855],[-48.19066,-18.90079],[-48.18967,-18.90158],[-48.18771,-18.9026],[-48.19216,-18.91068],[-48.19425,-18.9119],[-48.19774,-18.90706]]]}},{"id":"76","type":"Feature","properties":{"bairro":"Presidente Roosevelt","distrito":"Uberlândia","regiao":"Uberlândia","setores":54,"urbano":54},"geometry":{"type":"Polygon","coordinates":[[[-48.29494,-18.90536],[-48.29528,-18.90433],[-48.29612,-18.90404],[-48.29614,-18.90373],[-48.29503,-18.89048],[-48.29407,-18.8906],[-48.29219,-18.8912],[-48.29054,-18.89078],[-48.29011,-18.89122],[-48.28294,-18.88879],[-48.28085,-18.89095],[-48.27999,-18.89237],[-48.27962,-18.89215],[-48.27706,-18.89475],[-48.27446,-18.89328],[-48.27148,-18.89536],[-48.27153,-18.89718],[-48.27232,-18.89859],[-48.27712,-18.90248],[-48.27793,-18.9028],[-48.2878,-18.90498],[-48.29121,-18.90483],[-48.29433,-18.90511],[-48.29494,-18.90536]]]}},{"id":"77","type":"Feature","properties":{"bairro":"Rancho dos Ypes","distrito":"Uberlândia","regiao":"Uberlândia","setores":2,"urbano":1},"geometry":{"type":"Polygon","coordinates":[[[-48.34144,-18.92689],[-48.35027,-18.94261],[-48.35269,-18.94919],[-48.35427,-18.95154],[-48.35406,-18.95198],[-48.35364,-18.95211],[-48.35436,-18.95229],[-48.35418,-18.95275],[-48.3538,-18.95263],[-48.35544,-18.95786],[-48.35896,-18.96152],[-48.36524,-18.96857],[-48.36531,-18.9688],[-48.36468,-18.96963],[-48.36443,-18.97043],[-48.3661,-18.96952],[-48.3689,-18.96946],[-48.36984,-18.96931],[-48.37094,-18.9688],[-48.37401,-18.96615],[-48.37553,-18.96391],[-48.3834,-18.9683],[-48.38425,-18.9675],[-48.38469,-18.967],[-48.38551,-18.96431],[-48.38582,-18.96421],[-48.38704,-18.96238],[-48.38745,-18.96237],[-48.38797,-18.96174],[-48.38811,-18.96023],[-48.38903,-18.95846],[-48.38855,-18.95369],[-48.38851,-18.95068],[-48.38914,-18.94985],[-48.38819,-18.95038],[-48.3815,-18.94878],[-48.37847,-18.94851],[-48.37772,-18.94818],[-48.37404,-18.94852],[-48.37314,-18.94817],[-48.37009,-18.94484],[-48.38062,-18.9421],[-48.3895,-18.9488],[-48.39026,-18.94812],[-48.3903,-18.94771],[-48.39011,-18.94768],[-48.39031,-18.94733],[-48.3906,-18.94721],[-48.39199,-18.94536],[-48.39212,-18.943],[-48.394,-18.93776],[-48.39382,-18.9363],[-48.394,-18.93517],[-48.39384,-18.93477],[-48.39412,-18.93434],[-48.39429,-18.9316],[-48.39484,-18.93057],[-48.39588,-18.92943],[-48.39254,-18.92784],[-48.39186,-18.92735],[-48.38465,-18.91632],[-48.38452,-18.91586],[-48.38911,-18.89656],[-48.3946,-18.88793],[-48.39057,-18.8824],[-48.39017,-18.88211],[-48.38825,-18.88163],[-48.38725,-18.88118],[-48.38663,-18.8806],[-48.38531,-18.8766],[-48.38524,-18.87427],[-48.38013,-18.86931],[-48.37923,-18.86731],[-48.37738,-18.86434],[-48.37366,-18.86238],[-48.3708,-18.8615],[-48.36496,-18.85891],[-48.36203,-18.85739],[-48.36092,-18.85712],[-48.36033,-18.85671],[-48.35767,-18.85634],[-48.35675,-18.85584],[-48.35562,-18.85586],[-48.35225,-18.85377],[-48.35194,-18.85489],[-48.34975,-18.85604],[-48.34824,-18.85799],[-48.3489,-18.85916],[-48.34886,-18.86033],[-48.3465,-18.86329],[-48.34736,-18.86506],[-48.3468,-18.86596],[-48.34588,-18.86601],[-48.34538,-18.8664],[-48.34498,-18.86797],[-48.34187,-18.8698],[-48.33993,-18.8717],[-48.34053,-18.87322],[-48.34165,-18.87448],[-48.34148,-18.87509],[-48.33965,-18.87727],[-48.33906,-18.87754],[-48.33801,-18.87745],[-48.33528,-18.87808],[-48.33352,-18.87864],[-48.33261,-18.87923],[-48.33156,-18.88167],[-48.33775,-18.89199],[-48.34921,-18.88457],[-48.34981,-18.88183],[-48.35004,-18.8819],[-48.35025,-18.88355],[-48.35798,-18.87839],[-48.35923,-18.88349],[-48.35615,-18.89137],[-48.35788,-18.89304],[-48.35792,-18.89329],[-48.35819,-18.89333],[-48.3592,-18.89492],[-48.35955,-18.895],[-48.35999,-18.89569],[-48.36073,-18.89611],[-48.36233,-18.89863],[-48.36357,-18.89952],[-48.36382,-18.90026],[-48.34732,-18.90255],[-48.34443,-18.90327],[-48.34141,-18.90443],[-48.34185,-18.91066],[-48.34009,-18.91237],[-48.34074,-18.91397],[-48.34083,-18.91535],[-48.34009,-18.92176],[-48.34043,-18.92467],[-48.34144,-18.92689]],[[-48.34602,-18.90517],[-48.34853,-18.90506],[-48.34842,-18.90783],[-48.34606,-18.90689],[-48.34602,-18.90517]],[[-48.37032,-18.95161],[-48.37227,-18.95062],[-48.37283,-18.95006],[-48.37345,-18.94892],[-48.38036,-18.95613],[-48.37888,-18.95844],[-48.36951,-18.953],[-48.36944,-18.95232],[-48.37032,-18.95161]]]}},{"id":"78","type":"Feature","properties":{"bairro":"Residencial Gramado","distrito":"Uberlândia","regiao":"Uberlândia","setores":5,"urbano":5},"geometry":{"type":"Polygon","coordinates":[[[-48.28973,-18.87543],[-48.29084,-18.87712],[-48.29124,-18.87691],[-48.29371,-18.87671],[-48.295,-18.87702],[-48.29639,-18.87539],[-48.29144,-18.87194],[-48.2887,-18.86931],[-48.28523,-18.87162],[-48.28528,-18.8722],[-48.28568,-18.87208],[-48.28583,-18.87243],[-48.28685,-18.8727],[-48.28787,-18.87341],[-48.28921,-18.87487],[-48.28942,-18.87558],[-48.28973,-18.87543]]]}},{"id":"79","type":"Feature","properties":{"bairro":"Residencial Integração","distrito":"Uberlândia","regiao":"Uberlândia","setores":39,"urbano":39},"geometry":{"type":"Polygon","coordinates":[[[-48.20587,-18.92065],[-48.2167,-18.91412],[-48.21458,-18.91286],[-48.21487,-18.91254],[-48.21411,-18.91132],[-48.21322,-18.90582],[-48.20692,-18.90672],[-48.20697,-18.90704],[-48.20051,-18.90782],[-48.19774,-18.90706],[-48.19425,-18.9119],[-48.20006,-18.91537],[-48.20069,-18.91504],[-48.20152,-18.91643],[-48.20263,-18.91575],[-48.20587,-18.92065]]]}},{"id":"80","type":"Feature","properties":{"bairro":"Rio das Pedras","distrito":"Uberlândia","regiao":"Uberlândia","setores":1,"urbano":0},"geometry":{"type":"Polygon","coordinates":[[[-48.36951,-18.953],[-48.37888,-18.95844],[-48.38036,-18.95613],[-48.37345,-18.94892],[-48.37283,-18.95006],[-48.37227,-18.95062],[-48.37032,-18.95161],[-48.36944,-18.95232],[-48.36951,-18.953]]]}},{"id":"81","type":"Feature","properties":{"bairro":"Santa Luzia","distrito":"Uberlândia","regiao":"Uberlândia","setores":18,"urbano":18},"geometry":{"type":"Polygon","coordinates":[[[-48.23088,-18.94769],[-48.24065,-18.94101],[-48.2405,-18.94076],[-48.24229,-18.93999],[-48.24212,-18.93577],[-48.23605,-18.93682],[-48.2357,-18.93724],[-48.23583,-18.93806],[-48.23569,-18.93847],[-48.23283,-18.93475],[-48.22886,-18.93775],[-48.2266,-18.93881],[-48.22442,-18.93909],[-48.2195,-18.93847],[-48.21847,-18.94514],[-48.23052,-18.94776],[-48.23088,-18.94769]]]}},{"id":"82","type":"Feature","properties":{"bairro":"Santa Mônica","distrito":"Uberlândia","regiao":"Uberlândia","setores":122,"urbano":122},"geometry":{"type":"Polygon","coordinates":[[[-48.24228,-18.92968],[-48.25936,-18.92635],[-48.26092,-18.92553],[-48.2621,-18.92433],[-48.26267,-18.9229],[-48.26276,-18.92181],[-48.26234,-18.92026],[-48.25888,-18.91545],[-48.25871,-18.91492],[-48.25874,-18.9135],[-48.25907,-18.91275],[-48.25449,-18.91059],[-48.25105,-18.91015],[-48.25068,-18.91041],[-48.2505,-18.91013],[-48.24624,-18.90965],[-48.24596,-18.90934],[-48.24569,-18.90958],[-48.24467,-18.90976],[-48.24402,-18.91014],[-48.24336,-18.91105],[-48.24276,-18.91151],[-48.2353,-18.91516],[-48.23284,-18.91492],[-48.23166,-18.91433],[-48.22966,-18.91384],[-48.23512,-18.93308],[-48.23754,-18.93161],[-48.24018,-18.93039],[-48.24228,-18.92968]]]}},{"id":"83","type":"Feature","properties":{"bairro":"Santa Rosa","distrito":"Uberlândia","regiao":"Uberlândia","setores":24,"urbano":24},"geometry":{"type":"Polygon","coordinates":[[[-48.28074,-18.89108],[-48.29428,-18.87785],[-48.29467,-18.87715],[-48.295,-18.87702],[-48.29371,-18.87671],[-48.29124,-18.87691],[-48.29084,-18.87712],[-48.29023,-18.87604],[-48.28973,-18.87543],[-48.28942,-18.87558],[-48.28921,-18.87487],[-48.28787,-18.87341],[-48.28685,-18.8727],[-48.28583,-18.87243],[-48.28568,-18.87208],[-48.28528,-18.8722],[-48.28523,-18.87162],[-48.27038,-18.88147],[-48.27633,-18.89015],[-48.2764,-18.89103],[-48.27584,-18.89235],[-48.27446,-18.89328],[-48.27706,-18.89475],[-48.27962,-18.89215],[-48.27999,-18.89237],[-48.28074,-18.89108]]]}},{"id":"84","type":"Feature","properties":{"bairro":"Saraiva","distrito":"Uberlândia","regiao":"Uberlândia","setores":33,"urbano":33},"geometry":{"type":"Polygon","coordinates":[[[-48.2649,-18.92875],[-48.27148,-18.92435],[-48.27087,-18.92333],[-48.26685,-18.91893],[-48.26207,-18.91411],[-48.26197,-18.91363],[-48.26225,-18.91139],[-48.26051,-18.91172],[-48.25976,-18.91205],[-48.25907,-18.91275],[-48.25874,-18.9135],[-48.25871,-18.91492],[-48.25907,-18.91576],[-48.26234,-18.92026],[-48.26276,-18.92181],[-48.26267,-18.9229],[-48.2621,-18.92433],[-48.26119,-18.92532],[-48.25936,-18.92635],[-48.25789,-18.92667],[-48.2649,-18.92875]]]}},{"id":"85","type":"Feature","properties":{"bairro":"Segismundo Pereira","distrito":"Uberlândia","regiao":"Uberlândia","setores":49,"urbano":49},"geometry":{"type":"Polygon","coordinates":[[[-48.22886,-18.93775],[-48.23512,-18.93308],[-48.22966,-18.91384],[-48.22356,-18.91243],[-48.2195,-18.93847],[-48.22442,-18.93909],[-48.2266,-18.93881],[-48.22886,-18.93775]]]}},{"id":"86","type":"Feature","properties":{"bairro":"Shopping Park","distrito":"Uberlândia","regiao":"Uberlândia","setores":74,"urbano":74},"geometry":{"type":"Polygon","coordinates":[[[-48.28425,-18.97787],[-48.28514,-18.97667],[-48.28575,-18.97631],[-48.28678,-18.97682],[-48.28745,-18.97651],[-48.28946,-18.97627],[-48.29027,-18.97578],[-48.29081,-18.97511],[-48.28869,-18.97351],[-48.28775,-18.97246],[-48.28822,-18.96971],[-48.28921,-18.9671],[-48.28727,-18.96558],[-48.28638,-18.96512],[-48.28543,-18.96475],[-48.28348,-18.96442],[-48.2811,-18.96465],[-48.27106,-18.96691],[-48.25164,-18.97519],[-48.24972,-18.97567],[-48.24669,-18.97558],[-48.21437,-18.97116],[-48.21189,-18.98737],[-48.21437,-18.98804],[-48.21483,-18.98897],[-48.21663,-18.98922],[-48.2173,-18.98958],[-48.21988,-18.9902],[-48.22029,-18.98974],[-48.22174,-18.98917],[-48.2221,-18.98824],[-48.22292,-18.98732],[-48.22349,-18.98721],[-48.22395,-18.98773],[-48.22387,-18.98883],[-48.22411,-18.99026],[-48.22493,-18.99036],[-48.22782,-18.9901],[-48.22849,-18.99031],[-48.22998,-18.99154],[-48.23261,-18.99206],[-48.23514,-18.99026],[-48.23578,-18.99038],[-48.23739,-18.99326],[-48.23932,-18.9942],[-48.23963,-18.994],[-48.23971,-18.99358],[-48.23912,-18.9929],[-48.23898,-18.99216],[-48.23923,-18.99171],[-48.24085,-18.99163],[-48.24127,-18.99125],[-48.24264,-18.99086],[-48.24303,-18.99089],[-48.24364,-18.99132],[-48.24558,-18.99161],[-48.247,-18.99262],[-48.24862,-18.99221],[-48.24988,-18.99232],[-48.25141,-18.99371],[-48.25181,-18.99367],[-48.25191,-18.99337],[-48.25154,-18.99246],[-48.25157,-18.99177],[-48.25227,-18.99152],[-48.25442,-18.99289],[-48.25572,-18.9933],[-48.25657,-18.99443],[-48.25686,-18.99454],[-48.25745,-18.99459],[-48.25857,-18.99416],[-48.25955,-18.99425],[-48.26087,-18.99383],[-48.26238,-18.99412],[-48.26351,-18.99498],[-48.26611,-18.9962],[-48.27058,-18.99611],[-48.27184,-18.99639],[-48.27306,-18.99598],[-48.27366,-18.99602],[-48.27423,-18.99498],[-48.27494,-18.99502],[-48.27538,-18.99451],[-48.27658,-18.99271],[-48.27709,-18.99085],[-48.27791,-18.98895],[-48.28127,-18.98558],[-48.2816,-18.98392],[-48.28259,-18.98266],[-48.28425,-18.97787]]]}},{"id":"87","type":"Feature","properties":{"bairro":"São Jorge","distrito":"Uberlândia","regiao":"Uberlândia","setores":64,"urbano":64},"geometry":{"type":"Polygon","coordinates":[[[-48.22952,-18.97323],[-48.23109,-18.96159],[-48.23097,-18.96155],[-48.23244,-18.95582],[-48.23722,-18.95041],[-48.22857,-18.94722],[-48.21847,-18.94514],[-48.21437,-18.97116],[-48.22952,-18.97323]]]}},{"id":"88","type":"Feature","properties":{"bairro":"São José","distrito":"Uberlândia","regiao":"Uberlândia","setores":2,"urbano":2},"geometry":{"type":"Polygon","coordinates":[[[-48.30547,-18.90449],[-48.30484,-18.90728],[-48.30523,-18.91041],[-48.30608,-18.91019],[-48.30583,-18.90923],[-48.3061,-18.9087],[-48.30636,-18.90838],[-48.30805,-18.90745],[-48.30973,-18.9052],[-48.31397,-18.90416],[-48.31483,-18.90359],[-48.31376,-18.90153],[-48.31388,-18.90108],[-48.31422,-18.90073],[-48.31498,-18.89624],[-48.31546,-18.8953],[-48.31656,-18.89426],[-48.31683,-18.89377],[-48.31614,-18.89234],[-48.31534,-18.89186],[-48.30547,-18.90449]]]}},{"id":"89","type":"Feature","properties":{"bairro":"Tabajaras","distrito":"Uberlândia","regiao":"Uberlândia","setores":19,"urbano":19},"geometry":{"type":"Polygon","coordinates":[[[-48.28949,-18.9313],[-48.29161,-18.93023],[-48.29313,-18.92979],[-48.29329,-18.9293],[-48.29405,-18.9287],[-48.29539,-18.92833],[-48.29606,-18.92775],[-48.29631,-18.92689],[-48.2934,-18.9245],[-48.28833,-18.92207],[-48.28459,-18.91952],[-48.28361,-18.9202],[-48.28529,-18.92124],[-48.28521,-18.92548],[-48.28459,-18.92547],[-48.28444,-18.9279],[-48.28374,-18.92855],[-48.28107,-18.92845],[-48.28185,-18.92804],[-48.28065,-18.92706],[-48.28177,-18.92476],[-48.28098,-18.92457],[-48.27773,-18.9299],[-48.27889,-18.93066],[-48.28178,-18.93195],[-48.28318,-18.93197],[-48.2845,-18.93146],[-48.28546,-18.93132],[-48.28949,-18.9313]]]}},{"id":"90","type":"Feature","properties":{"bairro":"Taiaman","distrito":"Uberlândia","regiao":"Uberlândia","setores":21,"urbano":21},"geometry":{"type":"Polygon","coordinates":[[[-48.32,-18.90633],[-48.32246,-18.90563],[-48.32396,-18.90555],[-48.33118,-18.90638],[-48.32866,-18.90247],[-48.32479,-18.89952],[-48.32381,-18.89822],[-48.32005,-18.8918],[-48.31873,-18.89195],[-48.3179,-18.89137],[-48.31684,-18.89113],[-48.31621,-18.89149],[-48.31614,-18.89234],[-48.31683,-18.89377],[-48.31656,-18.89426],[-48.31546,-18.8953],[-48.31498,-18.89624],[-48.31422,-18.90073],[-48.31388,-18.90108],[-48.31376,-18.90153],[-48.31483,-18.90359],[-48.31397,-18.90416],[-48.30973,-18.9052],[-48.30805,-18.90745],[-48.30636,-18.90838],[-48.30583,-18.90923],[-48.30592,-18.90972],[-48.30608,-18.91019],[-48.31962,-18.90626],[-48.32,-18.90633]]]}},{"id":"91","type":"Feature","properties":{"bairro":"Tapuirama","distrito":"Tapuirama","regiao":"Tapuirama","setores":8,"urbano":5},"geometry":{"type":"Polygon","coordinates":[[[-48.03686,-19.05864],[-48.02707,-19.0718],[-48.02621,-19.07271],[-48.02409,-19.07397],[-48.01164,-19.07581],[-48.01068,-19.07615],[-48.00862,-19.0775],[-48.00793,-19.07828],[-48.00729,-19.07945],[-48.00364,-19.08712],[-48.00262,-19.08863],[-47.9812,-19.10711],[-47.9776,-19.11001],[-47.97647,-19.11063],[-47.95973,-19.11666],[-47.95854,-19.11745],[-47.9556,-19.12052],[-47.95473,-19.12115],[-47.95365,-19.1213],[-47.95001,-19.12066],[-47.94895,-19.12081],[-47.9479,-19.12118],[-47.94718,-19.12166],[-47.93818,-19.13179],[-47.9265,-19.14219],[-47.9229,-19.14412],[-47.92126,-19.14571],[-47.91575,-19.15352],[-47.91597,-19.15426],[-47.91614,-19.15727],[-47.91564,-19.15758],[-47.91469,-19.15777],[-47.91418,-19.15955],[-47.91377,-19.15976],[-47.91322,-19.16059],[-47.91304,-19.16167],[-47.9126,-19.16198],[-47.91213,-19.16295],[-47.91091,-19.16457],[-47.91032,-19.16662],[-47.91031,-19.16763],[-47.90976,-19.16851],[-47.90977,-19.16987],[-47.90952,-19.17102],[-47.9089,-19.17209],[-47.90859,-19.1731],[-47.90849,-19.1751],[-47.90911,-19.17648],[-47.90906,-19.17841],[-47.90823,-19.18033],[-47.90802,-19.18194],[-47.90711,-19.18476],[-47.90705,-19.18621],[-47.90727,-19.18674],[-47.90733,-19.18775],[-47.90693,-19.18918],[-47.90667,-19.18957],[-47.90542,-19.19039],[-47.9053,-19.19359],[-47.90483,-19.19467],[-47.90456,-19.19714],[-47.90591,-19.19869],[-47.90675,-19.20011],[-47.90707,-19.20103],[-47.90693,-19.20156],[-47.90655,-19.20186],[-47.90683,-19.20349],[-47.90669,-19.20393],[-47.90606,-19.2046],[-47.90603,-19.20603],[-47.90543,-19.20679],[-47.90453,-19.20899],[-47.90343,-19.21063],[-47.90341,-19.21107],[-47.90378,-19.21196],[-47.90478,-19.21267],[-47.90612,-19.21323],[-47.90634,-19.21362],[-47.90722,-19.2143],[-47.91194,-19.22098],[-47.9127,-19.22236],[-47.91317,-19.22359],[-47.91343,-19.22509],[-47.91358,-19.23082],[-47.91313,-19.23416],[-47.9132,-19.23577],[-47.91296,-19.23669],[-47.91064,-19.2397],[-47.90865,-19.24181],[-47.9082,-19.24287],[-47.90791,-19.24757],[-47.9072,-19.25202],[-47.90484,-19.25646],[-47.90314,-19.26292],[-47.90294,-19.2652],[-47.90343,-19.26846],[-47.90499,-19.27144],[-47.90536,-19.2718],[-47.90616,-19.27237],[-47.90796,-19.27265],[-47.90964,-19.2713],[-47.91225,-19.26827],[-47.9135,-19.26727],[-47.91449,-19.26671],[-47.91659,-19.26597],[-47.91976,-19.26574],[-47.92476,-19.26648],[-47.92588,-19.26637],[-47.92738,-19.26661],[-47.92875,-19.26582],[-47.92921,-19.26584],[-47.9296,-19.26611],[-47.9293,-19.26745],[-47.92944,-19.26887],[-47.93049,-19.27029],[-47.93072,-19.27126],[-47.93036,-19.27158],[-47.92884,-19.27166],[-47.92852,-19.27203],[-47.92877,-19.27286],[-47.92779,-19.27407],[-47.92735,-19.27564],[-47.92739,-19.27722],[-47.92763,-19.27761],[-47.92964,-19.27918],[-47.93164,-19.28041],[-47.9331,-19.28175],[-47.93614,-19.28264],[-47.93805,-19.28447],[-47.9394,-19.28607],[-47.94062,-19.28707],[-47.94391,-19.28906],[-47.94831,-19.29328],[-47.94857,-19.2948],[-47.94783,-19.29814],[-47.94791,-19.29924],[-47.9469,-19.30701],[-47.94688,-19.31007],[-47.94761,-19.31225],[-47.94882,-19.31481],[-47.94933,-19.31686],[-47.94934,-19.31792],[-47.94974,-19.31913],[-47.95114,-19.32112],[-47.95129,-19.32202],[-47.95107,-19.32388],[-47.95123,-19.32535],[-47.95168,-19.32657],[-47.953,-19.32849],[-47.9535,-19.33164],[-47.95401,-19.33251],[-47.95598,-19.33479],[-47.95803,-19.33652],[-47.95915,-19.33704],[-47.96075,-19.33719],[-47.96189,-19.33699],[-47.96696,-19.33485],[-47.96984,-19.33421],[-47.97399,-19.33281],[-47.97693,-19.33113],[-47.97861,-19.32959],[-47.97978,-19.3276],[-47.9815,-19.32522],[-47.983,-19.32221],[-47.98436,-19.32061],[-47.98532,-19.31724],[-47.98596,-19.31567],[-47.98889,-19.31068],[-47.98971,-19.30305],[-47.98965,-19.29965],[-47.98892,-19.29715],[-47.98863,-19.29501],[-47.98801,-19.29349],[-47.98798,-19.29285],[-47.98581,-19.28887],[-47.9856,-19.28733],[-47.98558,-19.28372],[-47.98642,-19.28237],[-47.98934,-19.27903],[-47.99056,-19.27734],[-47.9932,-19.27492],[-47.99385,-19.27411],[-47.99415,-19.2731],[-47.99405,-19.26843],[-47.99368,-19.26535],[-47.99396,-19.26385],[-47.99484,-19.26205],[-47.99553,-19.26133],[-47.99816,-19.2596],[-47.99892,-19.25817],[-47.99922,-19.25671],[-47.99983,-19.2554],[-48.0031,-19.25346],[-48.00503,-19.25296],[-48.0067,-19.25294],[-48.00831,-19.2524],[-48.00933,-19.25234],[-48.0102,-19.25303],[-48.01122,-19.25324],[-48.01172,-19.25305],[-48.01329,-19.25161],[-48.01605,-19.2525],[-48.01658,-19.25226],[-48.01714,-19.25128],[-48.01864,-19.25111],[-48.01909,-19.25089],[-48.01986,-19.25037],[-48.02168,-19.24852],[-48.02321,-19.24756],[-48.02515,-19.24667],[-48.02597,-19.24534],[-48.02676,-19.24489],[-48.02732,-19.24402],[-48.0278,-19.2439],[-48.02799,-19.24348],[-48.02842,-19.2432],[-48.02997,-19.24307],[-48.03176,-19.24324],[-48.03382,-19.242],[-48.03586,-19.24205],[-48.0372,-19.24232],[-48.03901,-19.24203],[-48.04037,-19.24233],[-48.04086,-19.24232],[-48.04129,-19.24205],[-48.04229,-19.24229],[-48.04383,-19.24207],[-48.04451,-19.24286],[-48.04565,-19.24298],[-48.04676,-19.24277],[-48.04682,-19.24229],[-48.04748,-19.24165],[-48.04977,-19.2407],[-48.05302,-19.24101],[-48.05404,-19.23993],[-48.05474,-19.23975],[-48.05671,-19.24026],[-48.06132,-19.2404],[-48.06386,-19.24117],[-48.06453,-19.24095],[-48.06534,-19.24036],[-48.06683,-19.24079],[-48.06794,-19.24028],[-48.0697,-19.24024],[-48.07197,-19.2407],[-48.07349,-19.24129],[-48.07431,-19.24245],[-48.07593,-19.24313],[-48.07631,-19.24397],[-48.07585,-19.24497],[-48.0759,-19.24592],[-48.07646,-19.24634],[-48.07698,-19.24647],[-48.07874,-19.24512],[-48.07973,-19.24492],[-48.08133,-19.24403],[-48.08236,-19.24242],[-48.08312,-19.24162],[-48.08474,-19.24133],[-48.08547,-19.24067],[-48.08712,-19.24073],[-48.08793,-19.23991],[-48.08848,-19.23976],[-48.08888,-19.23936],[-48.0896,-19.23782],[-48.08927,-19.23726],[-48.08926,-19.2368],[-48.08976,-19.23637],[-48.09029,-19.23544],[-48.09011,-19.23487],[-48.08954,-19.2341],[-48.08968,-19.23317],[-48.09007,-19.23291],[-48.09117,-19.23134],[-48.09122,-19.23031],[-48.09278,-19.22882],[-48.09258,-19.22839],[-48.0916,-19.2279],[-48.09137,-19.22752],[-48.09124,-19.22609],[-48.09093,-19.22513],[-48.09094,-19.22467],[-48.09154,-19.22332],[-48.0915,-19.22282],[-48.09095,-19.22193],[-48.09081,-19.22097],[-48.09046,-19.22065],[-48.08943,-19.22031],[-48.08923,-19.21983],[-48.08968,-19.21823],[-48.0893,-19.21669],[-48.08786,-19.21542],[-48.08747,-19.21587],[-48.08641,-19.21371],[-48.08552,-19.21308],[-48.08506,-19.21309],[-48.08434,-19.21235],[-48.0845,-19.2111],[-48.08435,-19.2107],[-48.08411,-19.21087],[-48.08386,-19.21076],[-48.08218,-19.20961],[-48.08233,-19.20821],[-48.08215,-19.20775],[-48.08168,-19.2077],[-48.0808,-19.20651],[-48.08026,-19.20628],[-48.07902,-19.20447],[-48.0792,-19.20333],[-48.07904,-19.2024],[-48.07843,-19.2013],[-48.07802,-19.20124],[-48.07759,-19.20026],[-48.07605,-19.19913],[-48.07514,-19.1977],[-48.07511,-19.19701],[-48.07543,-19.19656],[-48.07483,-19.1947],[-48.07457,-19.19441],[-48.07436,-19.1932],[-48.0745,-19.19224],[-48.07394,-19.19091],[-48.07328,-19.19079],[-48.0737,-19.19001],[-48.07416,-19.19013],[-48.07512,-19.18772],[-48.07533,-19.18752],[-48.07563,-19.18758],[-48.07549,-19.18684],[-48.07505,-19.18658],[-48.07529,-19.18592],[-48.07513,-19.18394],[-48.07473,-19.18377],[-48.07521,-19.18267],[-48.07514,-19.18247],[-48.07444,-19.18258],[-48.07368,-19.18224],[-48.07285,-19.1816],[-48.07252,-19.17961],[-48.0721,-19.17925],[-48.07173,-19.17927],[-48.072,-19.17748],[-48.07147,-19.17682],[-48.07115,-19.17589],[-48.07035,-19.17512],[-48.07039,-19.17434],[-48.07067,-19.17384],[-48.07112,-19.17369],[-48.07107,-19.17323],[-48.0707,-19.17306],[-48.0711,-19.17144],[-48.07079,-19.17085],[-48.07099,-19.16997],[-48.07049,-19.16987],[-48.06973,-19.1687],[-48.06962,-19.16784],[-48.06894,-19.16662],[-48.06903,-19.16593],[-48.06848,-19.16498],[-48.06869,-19.16429],[-48.06851,-19.16396],[-48.06955,-19.16056],[-48.06938,-19.1603],[-48.06845,-19.16021],[-48.06862,-19.15854],[-48.06712,-19.157],[-48.06655,-19.15702],[-48.06596,-19.15632],[-48.06511,-19.15675],[-48.06559,-19.15694],[-48.06537,-19.1571],[-48.0643,-19.15694],[-48.0641,-19.15674],[-48.06469,-19.15609],[-48.0645,-19.15574],[-48.06468,-19.15546],[-48.06415,-19.15479],[-48.0632,-19.15554],[-48.06295,-19.15531],[-48.06311,-19.1544],[-48.06248,-19.15392],[-48.06227,-19.15341],[-48.06073,-19.15219],[-48.06008,-19.15216],[-48.06034,-19.15245],[-48.06033,-19.15278],[-48.05998,-19.15305],[-48.05942,-19.15271],[-48.05963,-19.15246],[-48.05839,-19.15195],[-48.05847,-19.15096],[-48.05828,-19.1499],[-48.05712,-19.14946],[-48.05769,-19.14833],[-48.05778,-19.14774],[-48.0571,-19.14765],[-48.05712,-19.14738],[-48.0574,-19.14709],[-48.05758,-19.14646],[-48.05818,-19.14608],[-48.05833,-19.14554],[-48.05785,-19.14517],[-48.05758,-19.1453],[-48.05732,-19.14493],[-48.05757,-19.14427],[-48.05733,-19.14391],[-48.05709,-19.14403],[-48.05604,-19.14314],[-48.05543,-19.14192],[-48.0555,-19.14142],[-48.05464,-19.14134],[-48.05449,-19.14093],[-48.05372,-19.14074],[-48.05382,-19.14032],[-48.05354,-19.13998],[-48.05358,-19.13972],[-48.05277,-19.13918],[-48.05253,-19.13876],[-48.05039,-19.13871],[-48.04989,-19.13845],[-48.04975,-19.13727],[-48.04946,-19.13708],[-48.04833,-19.13698],[-48.04817,-19.13662],[-48.04809,-19.13543],[-48.04888,-19.13403],[-48.04932,-19.13388],[-48.05,-19.13237],[-48.04984,-19.13169],[-48.05007,-19.13038],[-48.05031,-19.13015],[-48.05058,-19.13042],[-48.05076,-19.13018],[-48.0506,-19.12957],[-48.05006,-19.1297],[-48.04968,-19.12887],[-48.05004,-19.12858],[-48.0499,-19.12842],[-48.04842,-19.12849],[-48.04836,-19.12806],[-48.04869,-19.1281],[-48.04887,-19.12773],[-48.04823,-19.12718],[-48.04782,-19.12753],[-48.04787,-19.12793],[-48.04726,-19.128],[-48.04726,-19.12854],[-48.04705,-19.12868],[-48.04679,-19.12962],[-48.04576,-19.12951],[-48.04503,-19.12921],[-48.04492,-19.12761],[-48.0437,-19.12615],[-48.04398,-19.12514],[-48.04484,-19.12462],[-48.0447,-19.12406],[-48.04435,-19.12365],[-48.04355,-19.12386],[-48.04288,-19.12343],[-48.04268,-19.12209],[-48.04372,-19.11965],[-48.04378,-19.11826],[-48.04455,-19.11812],[-48.04523,-19.11754],[-48.04491,-19.11717],[-48.04194,-19.11576],[-48.03951,-19.11559],[-48.03903,-19.11522],[-48.03896,-19.11473],[-48.0398,-19.11509],[-48.04064,-19.11484],[-48.04021,-19.11449],[-48.03806,-19.11398],[-48.03874,-19.11266],[-48.03842,-19.11186],[-48.03904,-19.11077],[-48.04016,-19.11116],[-48.04039,-19.10991],[-48.04082,-19.10956],[-48.04091,-19.10902],[-48.04193,-19.10887],[-48.04289,-19.1091],[-48.04342,-19.10867],[-48.04434,-19.10852],[-48.0443,-19.10787],[-48.04466,-19.10723],[-48.04552,-19.10686],[-48.04566,-19.10642],[-48.04524,-19.10596],[-48.04616,-19.10534],[-48.04644,-19.10489],[-48.04635,-19.10443],[-48.04551,-19.10396],[-48.04521,-19.10323],[-48.04559,-19.10301],[-48.04688,-19.10293],[-48.0471,-19.10263],[-48.04635,-19.10171],[-48.04689,-19.10141],[-48.04617,-19.10068],[-48.04554,-19.10041],[-48.04531,-19.10001],[-48.04544,-19.09798],[-48.04515,-19.09745],[-48.04466,-19.09486],[-48.04342,-19.09401],[-48.04293,-19.09173],[-48.04496,-19.09066],[-48.04622,-19.0906],[-48.0474,-19.08984],[-48.04745,-19.08919],[-48.04623,-19.08866],[-48.04677,-19.08812],[-48.04769,-19.0883],[-48.04801,-19.08795],[-48.04831,-19.08836],[-48.04854,-19.08828],[-48.04863,-19.088],[-48.04824,-19.08591],[-48.04833,-19.08538],[-48.04805,-19.08477],[-48.04751,-19.08434],[-48.0461,-19.084],[-48.04623,-19.08351],[-48.04608,-19.0834],[-48.04505,-19.08446],[-48.04484,-19.08512],[-48.04456,-19.08496],[-48.0446,-19.08311],[-48.04408,-19.08143],[-48.04455,-19.08099],[-48.04425,-19.08009],[-48.04356,-19.07908],[-48.0435,-19.07728],[-48.04336,-19.07711],[-48.04304,-19.07718],[-48.04272,-19.07688],[-48.04229,-19.07692],[-48.04196,-19.07728],[-48.04118,-19.07732],[-48.04064,-19.0771],[-48.03947,-19.07485],[-48.03956,-19.07341],[-48.03825,-19.07197],[-48.03792,-19.07199],[-48.03792,-19.07166],[-48.0383,-19.07139],[-48.03833,-19.07112],[-48.0378,-19.07086],[-48.03775,-19.0705],[-48.0375,-19.07032],[-48.03712,-19.07043],[-48.03709,-19.06997],[-48.03791,-19.06811],[-48.03891,-19.06802],[-48.04172,-19.0672],[-48.04327,-19.06598],[-48.04384,-19.06231],[-48.04412,-19.06206],[-48.04473,-19.06231],[-48.04589,-19.06225],[-48.04662,-19.06158],[-48.04709,-19.06082],[-48.04765,-19.06044],[-48.04775,-19.0587],[-48.0487,-19.05701],[-48.05178,-19.05659],[-48.05373,-19.05572],[-48.05432,-19.0551],[-48.05454,-19.0545],[-48.05424,-19.05335],[-48.05473,-19.0514],[-48.05429,-19.05102],[-48.05438,-19.05038],[-48.055,-19.05027],[-48.05535,-19.04964],[-48.05654,-19.04963],[-48.05703,-19.04985],[-48.05726,-19.04891],[-48.05773,-19.0488],[-48.05813,-19.04842],[-48.05906,-19.04656],[-48.05892,-19.04616],[-48.05921,-19.04592],[-48.06009,-19.04612],[-48.06008,-19.04535],[-48.0605,-19.04526],[-48.06109,-19.04523],[-48.06184,-19.04568],[-48.06248,-19.04559],[-48.06447,-19.04468],[-48.06497,-19.04419],[-48.0658,-19.04404],[-48.06645,-19.04365],[-48.06676,-19.04301],[-48.06734,-19.04246],[-48.06989,-19.04172],[-48.07003,-19.04148],[-48.06955,-19.04055],[-48.07061,-19.04014],[-48.07134,-19.04039],[-48.07229,-19.0402],[-48.07262,-19.03963],[-48.07337,-19.03926],[-48.0752,-19.03785],[-48.0764,-19.03762],[-48.07695,-19.03715],[-48.07767,-19.0371],[-48.07818,-19.03671],[-48.07912,-19.03642],[-48.08069,-19.03629],[-48.08114,-19.03519],[-48.08155,-19.03483],[-48.08323,-19.03451],[-48.08475,-19.03445],[-48.0864,-19.03256],[-48.08601,-19.03178],[-48.08478,-19.03026],[-48.0852,-19.02956],[-48.08691,-19.03004],[-48.08756,-19.02996],[-48.08804,-19.02911],[-48.08765,-19.02775],[-48.08826,-19.02709],[-48.08866,-19.02575],[-48.08846,-19.0252],[-48.08754,-19.02501],[-48.0871,-19.02463],[-48.08696,-19.02264],[-48.08744,-19.02219],[-48.08761,-19.0215],[-48.08737,-19.02124],[-48.08808,-19.02041],[-48.08809,-19.01959],[-48.08718,-19.01816],[-48.08719,-19.01756],[-48.08764,-19.01664],[-48.08801,-19.01633],[-48.0896,-19.01569],[-48.09031,-19.01582],[-48.09047,-19.01558],[-48.09017,-19.01501],[-48.0903,-19.01483],[-48.09105,-19.01499],[-48.09144,-19.01488],[-48.09272,-19.01113],[-48.09294,-19.00966],[-48.0935,-19.00889],[-48.09472,-19.00795],[-48.09532,-19.00794],[-48.09568,-19.00831],[-48.0961,-19.00821],[-48.0971,-19.00462],[-48.09728,-19.00325],[-48.09704,-19.00277],[-48.09752,-18.99855],[-48.09792,-18.99825],[-48.09819,-18.99837],[-48.09827,-18.99804],[-48.09746,-18.99505],[-48.09612,-18.99417],[-48.09489,-18.99367],[-48.09468,-18.99339],[-48.08957,-18.99737],[-48.08593,-19.00074],[-48.07652,-19.01423],[-48.06533,-19.03364],[-48.06269,-19.03662],[-48.0413,-19.05349],[-48.03991,-19.05486],[-48.03686,-19.05864]]]}},{"id":"92","type":"Feature","properties":{"bairro":"Tibery","distrito":"Uberlândia","regiao":"Uberlândia","setores":51,"urbano":51},"geometry":{"type":"Polygon","coordinates":[[[-48.2505,-18.91013],[-48.25082,-18.91041],[-48.25105,-18.91015],[-48.25449,-18.91059],[-48.25907,-18.91275],[-48.25976,-18.91205],[-48.26051,-18.91172],[-48.26225,-18.91139],[-48.26217,-18.90967],[-48.26162,-18.9078],[-48.26079,-18.90327],[-48.2602,-18.90187],[-48.25754,-18.89833],[-48.25434,-18.89563],[-48.25197,-18.89435],[-48.25131,-18.89354],[-48.22173,-18.91107],[-48.2222,-18.91186],[-48.22301,-18.91236],[-48.23166,-18.91433],[-48.23284,-18.91492],[-48.23512,-18.9152],[-48.23696,-18.91446],[-48.24276,-18.91151],[-48.24336,-18.91105],[-48.24402,-18.91014],[-48.24467,-18.90976],[-48.24569,-18.90958],[-48.24585,-18.90937],[-48.24613,-18.90939],[-48.24624,-18.90965],[-48.2505,-18.91013]]]}},{"id":"93","type":"Feature","properties":{"bairro":"Tocantins","distrito":"Uberlândia","regiao":"Uberlândia","setores":28,"urbano":28},"geometry":{"type":"Polygon","coordinates":[[[-48.33557,-18.90646],[-48.34141,-18.90443],[-48.341,-18.89905],[-48.34065,-18.89004],[-48.32549,-18.90005],[-48.32866,-18.90247],[-48.33118,-18.90638],[-48.33288,-18.90653],[-48.33557,-18.90646]]]}},{"id":"94","type":"Feature","properties":{"bairro":"Tubalina","distrito":"Uberlândia","regiao":"Uberlândia","setores":31,"urbano":31},"geometry":{"type":"Polygon","coordinates":[[[-48.30063,-18.94194],[-48.3055,-18.94105],[-48.30603,-18.94068],[-48.30735,-18.93906],[-48.30713,-18.93869],[-48.30107,-18.93004],[-48.30014,-18.92927],[-48.29698,-18.92754],[-48.29631,-18.92689],[-48.29606,-18.92775],[-48.29504,-18.92853],[-48.29405,-18.9287],[-48.29329,-18.9293],[-48.29313,-18.92979],[-48.29367,-18.92984],[-48.29428,-18.93064],[-48.29417,-18.93473],[-48.29344,-18.9356],[-48.29654,-18.94131],[-48.29783,-18.94305],[-48.30063,-18.94194]]]}},{"id":"95","type":"Feature","properties":{"bairro":"Uberlandia","distrito":"Uberlândia","regiao":"Uberlândia","setores":45,"urbano":25},"geometry":{"type":"MultiPolygon","coordinates":[[[[-48.35441,-18.96989],[-48.34425,-18.96483],[-48.33538,-18.96867],[-48.33658,-18.9695],[-48.33624,-18.97036],[-48.33546,-18.97085],[-48.33388,-18.96957],[-48.33366,-18.96908],[-48.32354,-18.97338],[-48.31968,-18.97091],[-48.31889,-18.97081],[-48.31838,-18.97107],[-48.31697,-18.97105],[-48.3163,-18.97066],[-48.31449,-18.97029],[-48.31361,-18.96977],[-48.31045,-18.96985],[-48.30733,-18.97072],[-48.30595,-18.97154],[-48.30424,-18.97172],[-48.30365,-18.97197],[-48.30315,-18.97103],[-48.30281,-18.97104],[-48.30258,-18.97131],[-48.3009,-18.97099],[-48.29976,-18.9714],[-48.29909,-18.97117],[-48.29875,-18.97129],[-48.2969,-18.97056],[-48.29663,-18.9703],[-48.29581,-18.97024],[-48.29535,-18.96994],[-48.29501,-18.97003],[-48.29476,-18.9698],[-48.29483,-18.96942],[-48.29399,-18.96912],[-48.29296,-18.97025],[-48.29303,-18.97076],[-48.29278,-18.97183],[-48.29027,-18.97578],[-48.28946,-18.97627],[-48.28745,-18.97651],[-48.28678,-18.97682],[-48.28575,-18.97631],[-48.28484,-18.977],[-48.28405,-18.97837],[-48.28259,-18.98266],[-48.2816,-18.98392],[-48.28127,-18.98558],[-48.27791,-18.98895],[-48.27709,-18.99085],[-48.27658,-18.99271],[-48.27494,-18.99502],[-48.27423,-18.99498],[-48.27395,-18.99535],[-48.27366,-18.99601],[-48.27386,-18.99629],[-48.27385,-18.99701],[-48.27335,-18.99707],[-48.27315,-18.99688],[-48.27299,-18.99704],[-48.27337,-18.99815],[-48.27328,-18.99853],[-48.27202,-19.00031],[-48.27207,-19.00098],[-48.27281,-19.00137],[-48.27298,-19.00158],[-48.27287,-19.00179],[-48.2719,-19.00221],[-48.27081,-19.00168],[-48.27006,-19.00171],[-48.26986,-19.00218],[-48.26994,-19.00363],[-48.26924,-19.004],[-48.2688,-19.0049],[-48.27016,-19.00664],[-48.26853,-19.01225],[-48.26846,-19.02509],[-48.26836,-19.02541],[-48.26798,-19.02538],[-48.26771,-19.0258],[-48.26771,-19.02612],[-48.26808,-19.02657],[-48.26771,-19.02702],[-48.26781,-19.02728],[-48.26669,-19.02747],[-48.26723,-19.02786],[-48.26669,-19.02944],[-48.26679,-19.03111],[-48.26556,-19.03424],[-48.26754,-19.03463],[-48.2675,-19.03608],[-48.2673,-19.03685],[-48.26846,-19.03727],[-48.26883,-19.03791],[-48.26863,-19.03914],[-48.26938,-19.03956],[-48.26969,-19.04039],[-48.27003,-19.04062],[-48.27081,-19.04072],[-48.27129,-19.04114],[-48.27136,-19.04152],[-48.27221,-19.04184],[-48.27125,-19.043],[-48.27217,-19.04317],[-48.2734,-19.04387],[-48.27296,-19.04471],[-48.27071,-19.04613],[-48.2701,-19.04758],[-48.26935,-19.04784],[-48.26918,-19.04832],[-48.26931,-19.0488],[-48.27033,-19.04938],[-48.27061,-19.04977],[-48.2704,-19.05045],[-48.27003,-19.0508],[-48.2704,-19.051],[-48.27187,-19.05096],[-48.27217,-19.05177],[-48.27265,-19.05225],[-48.27272,-19.05373],[-48.27395,-19.05457],[-48.27449,-19.05451],[-48.2748,-19.05477],[-48.27446,-19.05518],[-48.2748,-19.05551],[-48.27586,-19.05535],[-48.27609,-19.05547],[-48.27596,-19.05605],[-48.27654,-19.05625],[-48.27698,-19.05718],[-48.27633,-19.05844],[-48.2765,-19.05908],[-48.27627,-19.05992],[-48.27633,-19.06034],[-48.27756,-19.06105],[-48.27746,-19.06192],[-48.27783,-19.06259],[-48.27773,-19.06369],[-48.27667,-19.06479],[-48.27691,-19.06569],[-48.2777,-19.06704],[-48.27719,-19.06762],[-48.27722,-19.07033],[-48.27729,-19.07084],[-48.2777,-19.07081],[-48.27811,-19.07305],[-48.27841,-19.07363],[-48.27834,-19.07466],[-48.2779,-19.07621],[-48.27807,-19.07675],[-48.278,-19.0774],[-48.27736,-19.0794],[-48.27671,-19.07956],[-48.27644,-19.07991],[-48.27674,-19.08136],[-48.27592,-19.08184],[-48.27592,-19.08204],[-48.27725,-19.08217],[-48.27729,-19.08246],[-48.2764,-19.08358],[-48.27609,-19.08445],[-48.27569,-19.08477],[-48.27579,-19.08552],[-48.27487,-19.087],[-48.27483,-19.08932],[-48.27432,-19.09093],[-48.27395,-19.09128],[-48.27381,-19.09206],[-48.27258,-19.09309],[-48.27289,-19.09376],[-48.27221,-19.09444],[-48.27235,-19.09492],[-48.27217,-19.09544],[-48.27265,-19.09611],[-48.27282,-19.09737],[-48.27217,-19.0976],[-48.27217,-19.09856],[-48.27289,-19.09998],[-48.27183,-19.10072],[-48.27177,-19.10095],[-48.27194,-19.10107],[-48.27139,-19.1021],[-48.27064,-19.10278],[-48.26993,-19.10275],[-48.26955,-19.10333],[-48.26924,-19.10301],[-48.26788,-19.10278],[-48.26689,-19.10333],[-48.26601,-19.10352],[-48.26549,-19.1043],[-48.26454,-19.10504],[-48.2642,-19.10549],[-48.26413,-19.10597],[-48.26301,-19.10668],[-48.26198,-19.10707],[-48.2613,-19.10703],[-48.26076,-19.10758],[-48.26038,-19.10745],[-48.26031,-19.10713],[-48.25909,-19.1071],[-48.2567,-19.10819],[-48.2566,-19.10774],[-48.25629,-19.10771],[-48.25605,-19.108],[-48.25503,-19.10806],[-48.25435,-19.10845],[-48.25397,-19.10909],[-48.25292,-19.10971],[-48.25254,-19.10926],[-48.2521,-19.10942],[-48.25125,-19.11019],[-48.2508,-19.11106],[-48.25026,-19.11116],[-48.24923,-19.11067],[-48.24848,-19.11093],[-48.24818,-19.11128],[-48.24753,-19.11103],[-48.24709,-19.11151],[-48.24733,-19.11215],[-48.24695,-19.11248],[-48.24566,-19.11235],[-48.24436,-19.11261],[-48.24409,-19.11289],[-48.24231,-19.11312],[-48.24177,-19.11438],[-48.23966,-19.1157],[-48.23921,-19.11637],[-48.23891,-19.11737],[-48.23853,-19.11782],[-48.23792,-19.11798],[-48.23778,-19.1186],[-48.23727,-19.11882],[-48.23669,-19.11863],[-48.23638,-19.11876],[-48.23574,-19.11947],[-48.23454,-19.11938],[-48.23308,-19.12306],[-48.23301,-19.12447],[-48.23342,-19.12573],[-48.23291,-19.12631],[-48.23226,-19.12624],[-48.23096,-19.1265],[-48.22923,-19.12634],[-48.22858,-19.12657],[-48.22786,-19.12702],[-48.22732,-19.12795],[-48.22711,-19.12947],[-48.22663,-19.12982],[-48.22503,-19.12966],[-48.22418,-19.12992],[-48.22241,-19.12963],[-48.22111,-19.12969],[-48.21941,-19.12905],[-48.21937,-19.1284],[-48.21917,-19.12824],[-48.21702,-19.12908],[-48.21648,-19.12847],[-48.21566,-19.1286],[-48.21409,-19.12821],[-48.21365,-19.1284],[-48.21293,-19.12805],[-48.21153,-19.12798],[-48.21136,-19.12769],[-48.21102,-19.1276],[-48.2098,-19.1285],[-48.20942,-19.12818],[-48.20928,-19.12769],[-48.2083,-19.1284],[-48.20598,-19.12808],[-48.20564,-19.12837],[-48.20567,-19.12924],[-48.20397,-19.13056],[-48.20349,-19.13137],[-48.20274,-19.13307],[-48.20243,-19.13436],[-48.20199,-19.13455],[-48.20151,-19.13407],[-48.20086,-19.1341],[-48.20008,-19.13471],[-48.19994,-19.13552],[-48.1996,-19.1361],[-48.19879,-19.13636],[-48.19824,-19.13645],[-48.19766,-19.13629],[-48.19725,-19.13584],[-48.19667,-19.13616],[-48.19616,-19.13777],[-48.19524,-19.13822],[-48.19497,-19.13877],[-48.1951,-19.14032],[-48.19476,-19.14058],[-48.19377,-19.14077],[-48.19285,-19.14157],[-48.19098,-19.14373],[-48.19074,-19.14434],[-48.1888,-19.14592],[-48.18774,-19.14721],[-48.18727,-19.14865],[-48.18828,-19.15014],[-48.18839,-19.15276],[-48.18866,-19.15397],[-48.1878,-19.15731],[-48.18774,-19.16016],[-48.1888,-19.16401],[-48.18825,-19.166],[-48.18756,-19.16666],[-48.18737,-19.16777],[-48.18863,-19.16986],[-48.18879,-19.17037],[-48.18855,-19.17081],[-48.18896,-19.17165],[-48.19099,-19.17324],[-48.19334,-19.1745],[-48.19385,-19.17447],[-48.19525,-19.17525],[-48.19735,-19.17695],[-48.19926,-19.17765],[-48.2014,-19.17887],[-48.20291,-19.17939],[-48.20537,-19.17968],[-48.20691,-19.17953],[-48.20818,-19.17985],[-48.21074,-19.18138],[-48.21382,-19.18254],[-48.21768,-19.18462],[-48.21922,-19.18514],[-48.22422,-19.18751],[-48.22663,-19.18923],[-48.22827,-19.18975],[-48.22906,-19.19033],[-48.22934,-19.19076],[-48.23054,-19.19334],[-48.23263,-19.19663],[-48.23322,-19.19911],[-48.23316,-19.19962],[-48.23303,-19.2001],[-48.23063,-19.20412],[-48.22955,-19.20566],[-48.22868,-19.20655],[-48.22489,-19.20921],[-48.22395,-19.21066],[-48.22373,-19.21161],[-48.22376,-19.21299],[-48.22526,-19.21685],[-48.22636,-19.21809],[-48.23009,-19.21406],[-48.2308,-19.21365],[-48.23893,-19.21107],[-48.24009,-19.2104],[-48.24047,-19.20986],[-48.24325,-19.19985],[-48.2434,-19.19884],[-48.24335,-19.19817],[-48.24176,-19.19463],[-48.24135,-19.18634],[-48.24184,-19.17933],[-48.24233,-19.17837],[-48.2438,-19.17749],[-48.25207,-19.17458],[-48.26246,-19.17687],[-48.26907,-19.17646],[-48.2699,-19.17608],[-48.27061,-19.17546],[-48.27656,-19.1695],[-48.27765,-19.16522],[-48.28466,-19.15353],[-48.28758,-19.1376],[-48.29408,-19.13891],[-48.29943,-19.14341],[-48.30047,-19.14481],[-48.30276,-19.1465],[-48.30932,-19.14795],[-48.31402,-19.14677],[-48.31452,-19.14717],[-48.31731,-19.14759],[-48.31882,-19.14687],[-48.32791,-19.14374],[-48.3336,-19.14363],[-48.33422,-19.14408],[-48.33475,-19.14395],[-48.33551,-19.14303],[-48.33599,-19.14306],[-48.33647,-19.14375],[-48.33707,-19.14412],[-48.33729,-19.14389],[-48.33859,-19.14419],[-48.33878,-19.14399],[-48.3396,-19.14408],[-48.3396,-19.14383],[-48.3403,-19.14383],[-48.34103,-19.14453],[-48.34141,-19.14397],[-48.34184,-19.14405],[-48.34191,-19.14376],[-48.34254,-19.14379],[-48.34257,-19.14348],[-48.34291,-19.14328],[-48.34449,-19.14336],[-48.34491,-19.1431],[-48.34595,-19.14306],[-48.34698,-19.14275],[-48.34743,-19.14296],[-48.34819,-19.14285],[-48.34846,-19.14252],[-48.34916,-19.14269],[-48.34939,-19.1431],[-48.34973,-19.14319],[-48.35032,-19.14275],[-48.35085,-19.14278],[-48.35102,-19.14259],[-48.35163,-19.14289],[-48.35235,-19.14217],[-48.35281,-19.14098],[-48.3531,-19.14091],[-48.35349,-19.14041],[-48.35491,-19.14052],[-48.35559,-19.14018],[-48.35594,-19.14058],[-48.35576,-19.14127],[-48.35604,-19.14126],[-48.35603,-19.14154],[-48.35675,-19.14146],[-48.35697,-19.1418],[-48.35925,-19.14135],[-48.36071,-19.14182],[-48.36168,-19.14109],[-48.36329,-19.14097],[-48.36352,-19.14067],[-48.36359,-19.14013],[-48.36385,-19.14009],[-48.36461,-19.14015],[-48.36622,-19.14072],[-48.3666,-19.14038],[-48.36683,-19.14086],[-48.36786,-19.14089],[-48.36798,-19.14115],[-48.36957,-19.14172],[-48.37004,-19.14155],[-48.37184,-19.14281],[-48.37288,-19.14292],[-48.37624,-19.14267],[-48.37666,-19.14252],[-48.37755,-19.14134],[-48.37808,-19.14134],[-48.37874,-19.14006],[-48.37921,-19.13969],[-48.38954,-19.16964],[-48.39181,-19.16856],[-48.39231,-19.16731],[-48.39337,-19.16727],[-48.39557,-19.16639],[-48.39654,-19.16529],[-48.39724,-19.165],[-48.39886,-19.1634],[-48.40198,-19.16264],[-48.40416,-19.16262],[-48.40479,-19.16343],[-48.40569,-19.164],[-48.40807,-19.1648],[-48.41123,-19.16474],[-48.4125,-19.16516],[-48.41389,-19.16528],[-48.41467,-19.16595],[-48.41652,-19.16664],[-48.41786,-19.1665],[-48.41897,-19.16672],[-48.4195,-19.16708],[-48.41948,-19.1681],[-48.41995,-19.16866],[-48.4208,-19.16877],[-48.42114,-19.16903],[-48.42182,-19.1697],[-48.42187,-19.17025],[-48.42224,-19.17041],[-48.42331,-19.16972],[-48.42438,-19.16968],[-48.4247,-19.16979],[-48.42521,-19.17076],[-48.4293,-19.17284],[-48.43056,-19.17197],[-48.43127,-19.16932],[-48.43254,-19.16652],[-48.42756,-19.15964],[-48.42723,-19.15883],[-48.4274,-19.15187],[-48.42713,-19.15058],[-48.42119,-19.14049],[-48.42043,-19.12952],[-48.4205,-19.12497],[-48.42219,-19.12115],[-48.42462,-19.11784],[-48.42813,-19.11213],[-48.42869,-19.11105],[-48.42911,-19.10952],[-48.42777,-19.09948],[-48.42344,-19.09208],[-48.41806,-19.08483],[-48.41226,-19.07576],[-48.40962,-19.06749],[-48.40111,-19.04653],[-48.40074,-19.04602],[-48.39537,-19.04256],[-48.395,-19.04134],[-48.39488,-19.04055],[-48.40014,-19.02408],[-48.4012,-19.02052],[-48.40128,-19.01972],[-48.39986,-19.0066],[-48.39856,-18.99776],[-48.39798,-18.9971],[-48.39208,-18.99497],[-48.39363,-18.98992],[-48.39714,-18.9799],[-48.39451,-18.97846],[-48.39341,-18.98122],[-48.39041,-18.97961],[-48.38729,-18.97757],[-48.38066,-18.97826],[-48.38056,-18.97633],[-48.36745,-18.97608],[-48.37269,-18.98529],[-48.37551,-18.98388],[-48.37607,-18.98484],[-48.3797,-18.98478],[-48.37935,-18.98519],[-48.38006,-18.98669],[-48.38075,-18.98707],[-48.38072,-18.98744],[-48.378,-18.98984],[-48.38721,-18.9935],[-48.38053,-19.0073],[-48.37092,-19.0059],[-48.36927,-19.00429],[-48.36902,-19.00319],[-48.36721,-19.00053],[-48.36649,-18.99986],[-48.36539,-18.99787],[-48.36471,-18.99715],[-48.36395,-18.99686],[-48.36391,-18.99525],[-48.36319,-18.99424],[-48.36248,-18.99259],[-48.36218,-18.99158],[-48.36193,-18.989],[-48.36159,-18.98845],[-48.35944,-18.98693],[-48.35769,-18.98603],[-48.35704,-18.98596],[-48.35676,-18.98513],[-48.3545,-18.98128],[-48.3593,-18.97596],[-48.35852,-18.9754],[-48.36169,-18.97189],[-48.36245,-18.97079],[-48.35818,-18.97079],[-48.35813,-18.96978],[-48.35441,-18.96989]]],[[[-48.3943,-18.93302],[-48.39414,-18.93308],[-48.39412,-18.93434],[-48.39384,-18.93477],[-48.394,-18.93517],[-48.39382,-18.9363],[-48.394,-18.93776],[-48.39212,-18.943],[-48.39199,-18.94536],[-48.3906,-18.94721],[-48.39031,-18.94733],[-48.39011,-18.94768],[-48.3903,-18.94771],[-48.39026,-18.94812],[-48.3895,-18.9488],[-48.38914,-18.94985],[-48.38851,-18.95068],[-48.38855,-18.95369],[-48.38903,-18.95846],[-48.38811,-18.96023],[-48.38797,-18.96174],[-48.38745,-18.96237],[-48.38704,-18.96238],[-48.38582,-18.96421],[-48.38551,-18.96431],[-48.38469,-18.967],[-48.3834,-18.9683],[-48.40477,-18.98029],[-48.40746,-18.97961],[-48.40917,-18.97864],[-48.41256,-18.9781],[-48.41351,-18.97756],[-48.41481,-18.97636],[-48.4157,-18.97476],[-48.41684,-18.97373],[-48.41747,-18.9726],[-48.41998,-18.96948],[-48.42062,-18.96965],[-48.42171,-18.96947],[-48.42172,-18.9692],[-48.42114,-18.96899],[-48.42067,-18.96847],[-48.4222,-18.96815],[-48.42374,-18.96719],[-48.42667,-18.96613],[-48.4286,-18.96608],[-48.43184,-18.96647],[-48.43608,-18.96636],[-48.43666,-18.96654],[-48.43717,-18.96645],[-48.4376,-18.96614],[-48.43998,-18.96592],[-48.4454,-18.96585],[-48.44612,-18.96563],[-48.44749,-18.96564],[-48.44805,-18.9659],[-48.44929,-18.96562],[-48.45066,-18.96584],[-48.45256,-18.9675],[-48.45368,-18.96756],[-48.4542,-18.96779],[-48.45476,-18.96895],[-48.45565,-18.96961],[-48.45876,-18.97073],[-48.45928,-18.97023],[-48.4599,-18.97027],[-48.46191,-18.97093],[-48.46202,-18.9716],[-48.46463,-18.97223],[-48.46593,-18.97201],[-48.46669,-18.97163],[-48.46859,-18.97179],[-48.4694,-18.97153],[-48.47098,-18.97192],[-48.4712,-18.97179],[-48.47169,-18.97223],[-48.47214,-18.97237],[-48.47246,-18.97223],[-48.47312,-18.97252],[-48.47343,-18.97241],[-48.47418,-18.97284],[-48.4747,-18.9728],[-48.47502,-18.97241],[-48.47562,-18.97232],[-48.47692,-18.9726],[-48.4775,-18.97306],[-48.47895,-18.97291],[-48.48103,-18.97341],[-48.48655,-18.9736],[-48.48852,-18.97307],[-48.48983,-18.97305],[-48.49058,-18.97367],[-48.49231,-18.97425],[-48.4928,-18.97412],[-48.49327,-18.97426],[-48.49361,-18.97391],[-48.494,-18.97402],[-48.49488,-18.97344],[-48.49695,-18.97298],[-48.49798,-18.9724],[-48.49916,-18.97231],[-48.49939,-18.97197],[-48.49943,-18.97111],[-48.49974,-18.97084],[-48.50042,-18.9709],[-48.50056,-18.9716],[-48.50164,-18.9722],[-48.50232,-18.97151],[-48.50431,-18.9711],[-48.50517,-18.97106],[-48.50605,-18.97157],[-48.50699,-18.97129],[-48.50799,-18.97154],[-48.51067,-18.97111],[-48.5116,-18.97159],[-48.51298,-18.97148],[-48.51462,-18.97087],[-48.51531,-18.97081],[-48.51589,-18.97103],[-48.51638,-18.97159],[-48.51663,-18.97154],[-48.5167,-18.97179],[-48.51706,-18.97167],[-48.51731,-18.97195],[-48.51805,-18.97212],[-48.51831,-18.97186],[-48.51871,-18.97216],[-48.51878,-18.97202],[-48.51917,-18.97211],[-48.5194,-18.9718],[-48.51988,-18.97166],[-48.52064,-18.97198],[-48.52096,-18.97166],[-48.52221,-18.97199],[-48.52245,-18.97169],[-48.5233,-18.97167],[-48.52355,-18.97143],[-48.52464,-18.97182],[-48.52609,-18.97196],[-48.52829,-18.97125],[-48.52931,-18.97035],[-48.5299,-18.97047],[-48.53395,-18.96996],[-48.53478,-18.96958],[-48.53573,-18.96943],[-48.53641,-18.96855],[-48.5372,-18.96823],[-48.53842,-18.96703],[-48.53806,-18.9665],[-48.53753,-18.96485],[-48.53702,-18.96409],[-48.53663,-18.96273],[-48.53678,-18.9589],[-48.53618,-18.95814],[-48.53582,-18.95713],[-48.53582,-18.95667],[-48.53623,-18.95632],[-48.5363,-18.95586],[-48.5355,-18.95458],[-48.53551,-18.95308],[-48.53447,-18.95118],[-48.53442,-18.94971],[-48.53416,-18.94865],[-48.53314,-18.9481],[-48.53319,-18.94598],[-48.5323,-18.9455],[-48.53203,-18.94435],[-48.53276,-18.94189],[-48.53257,-18.93969],[-48.53192,-18.9387],[-48.53189,-18.93778],[-48.53163,-18.93739],[-48.53117,-18.93493],[-48.53023,-18.93293],[-48.53011,-18.93155],[-48.52941,-18.93077],[-48.52953,-18.92776],[-48.52937,-18.92728],[-48.52845,-18.92712],[-48.5276,-18.92661],[-48.52693,-18.92484],[-48.52633,-18.92413],[-48.52596,-18.92202],[-48.52502,-18.92183],[-48.5243,-18.92126],[-48.52391,-18.91981],[-48.52348,-18.91963],[-48.52314,-18.91917],[-48.523,-18.91827],[-48.52162,-18.91606],[-48.5216,-18.91468],[-48.52117,-18.9145],[-48.52095,-18.91411],[-48.52124,-18.91271],[-48.52122,-18.9119],[-48.52097,-18.91151],[-48.52124,-18.90991],[-48.52066,-18.90894],[-48.51982,-18.90836],[-48.51967,-18.90722],[-48.51992,-18.90655],[-48.52067,-18.90563],[-48.52088,-18.90471],[-48.52129,-18.90437],[-48.52298,-18.90384],[-48.52318,-18.90338],[-48.52397,-18.90262],[-48.52453,-18.90258],[-48.5255,-18.90288],[-48.52648,-18.90263],[-48.52735,-18.9021],[-48.52895,-18.89952],[-48.529,-18.89909],[-48.52965,-18.89835],[-48.53059,-18.8978],[-48.53269,-18.89608],[-48.53322,-18.8947],[-48.53702,-18.89199],[-48.53921,-18.89158],[-48.54358,-18.89186],[-48.548,-18.89372],[-48.55039,-18.89391],[-48.55275,-18.89313],[-48.55869,-18.88973],[-48.55968,-18.88789],[-48.56053,-18.88387],[-48.56316,-18.87946],[-48.56389,-18.87875],[-48.56611,-18.87778],[-48.56804,-18.87625],[-48.56876,-18.87434],[-48.57046,-18.87124],[-48.57157,-18.87002],[-48.57424,-18.86803],[-48.56684,-18.86778],[-48.53823,-18.87318],[-48.51013,-18.87812],[-48.45358,-18.88734],[-48.45331,-18.88628],[-48.45163,-18.88355],[-48.4503,-18.87968],[-48.44952,-18.88002],[-48.44855,-18.87988],[-48.4475,-18.88094],[-48.44584,-18.88194],[-48.4433,-18.88576],[-48.44202,-18.88612],[-48.44024,-18.88762],[-48.43868,-18.88833],[-48.43848,-18.88895],[-48.43548,-18.89009],[-48.42893,-18.89088],[-48.38902,-18.89704],[-48.38778,-18.90217],[-48.38942,-18.90215],[-48.39597,-18.90703],[-48.39723,-18.90686],[-48.39924,-18.90693],[-48.40268,-18.91227],[-48.38452,-18.91586],[-48.38465,-18.91632],[-48.39186,-18.92735],[-48.39254,-18.92784],[-48.39588,-18.92943],[-48.39484,-18.93057],[-48.39429,-18.9316],[-48.3943,-18.93302]]],[[[-48.31707,-18.83747],[-48.3151,-18.83944],[-48.31558,-18.84139],[-48.31974,-18.84525],[-48.32054,-18.84549],[-48.32088,-18.84581],[-48.32195,-18.84607],[-48.32276,-18.84274],[-48.32339,-18.83783],[-48.32162,-18.83758],[-48.31986,-18.83699],[-48.31686,-18.83693],[-48.31707,-18.83747]]],[[[-48.30698,-18.83139],[-48.30235,-18.82833],[-48.30193,-18.8286],[-48.30523,-18.83281],[-48.30403,-18.83364],[-48.30385,-18.83561],[-48.30649,-18.83791],[-48.30963,-18.83376],[-48.30698,-18.83139]]],[[[-47.93763,-19.06654],[-47.93599,-19.06655],[-47.9349,-19.06684],[-47.93295,-19.06754],[-47.93191,-19.06813],[-47.93096,-19.06938],[-47.92929,-19.07222],[-47.92836,-19.07426],[-47.92821,-19.07543],[-47.92824,-19.07872],[-47.93075,-19.08282],[-47.93129,-19.08431],[-47.93157,-19.08585],[-47.93144,-19.08735],[-47.92914,-19.09144],[-47.9277,-19.09269],[-47.92707,-19.093],[-47.92393,-19.09356],[-47.92279,-19.0934],[-47.92163,-19.09362],[-47.91864,-19.09501],[-47.91472,-19.0952],[-47.91376,-19.09567],[-47.91345,-19.09599],[-47.91335,-19.09832],[-47.91297,-19.09929],[-47.91324,-19.10018],[-47.91301,-19.10062],[-47.91255,-19.10074],[-47.91238,-19.10123],[-47.91278,-19.1021],[-47.91111,-19.1046],[-47.91088,-19.10566],[-47.91094,-19.10725],[-47.91119,-19.1078],[-47.91233,-19.10884],[-47.91317,-19.11022],[-47.914,-19.11088],[-47.91406,-19.11198],[-47.91366,-19.11334],[-47.91383,-19.11376],[-47.9152,-19.11471],[-47.91576,-19.11542],[-47.91569,-19.11742],[-47.91769,-19.12182],[-47.91793,-19.12394],[-47.91848,-19.12582],[-47.91877,-19.12839],[-47.91779,-19.12944],[-47.91777,-19.13047],[-47.91893,-19.13207],[-47.9193,-19.13373],[-47.9206,-19.13473],[-47.92,-19.1354],[-47.92027,-19.13577],[-47.91999,-19.13724],[-47.91941,-19.13745],[-47.91908,-19.13792],[-47.9191,-19.14056],[-47.91836,-19.14142],[-47.91739,-19.1415],[-47.91703,-19.14178],[-47.91637,-19.14303],[-47.91623,-19.14358],[-47.91686,-19.14606],[-47.91737,-19.14631],[-47.91732,-19.14677],[-47.9156,-19.14863],[-47.91544,-19.15238],[-47.91575,-19.15352],[-47.92171,-19.14515],[-47.9229,-19.14412],[-47.9265,-19.14219],[-47.93818,-19.13179],[-47.94718,-19.12166],[-47.9479,-19.12118],[-47.94895,-19.12081],[-47.95001,-19.12066],[-47.95365,-19.1213],[-47.95473,-19.12115],[-47.9556,-19.12052],[-47.95854,-19.11745],[-47.95973,-19.11666],[-47.97647,-19.11063],[-47.9776,-19.11001],[-47.9812,-19.10711],[-48.00262,-19.08863],[-48.00364,-19.08712],[-48.00729,-19.07945],[-48.00793,-19.07828],[-48.00862,-19.0775],[-48.01068,-19.07615],[-48.01164,-19.07581],[-48.02304,-19.07419],[-48.02503,-19.07353],[-48.02621,-19.07271],[-48.02707,-19.0718],[-48.03686,-19.05864],[-48.03991,-19.05486],[-48.0413,-19.05349],[-48.06269,-19.03662],[-48.06426,-19.03489],[-48.06533,-19.03364],[-48.07652,-19.01423],[-48.08593,-19.00074],[-48.08957,-18.99737],[-48.09468,-18.99339],[-48.09489,-18.99367],[-48.09612,-18.99417],[-48.09746,-18.99505],[-48.09827,-18.99804],[-48.09819,-18.99837],[-48.09792,-18.99825],[-48.09752,-18.99855],[-48.0973,-18.99979],[-48.09704,-19.00277],[-48.09728,-19.00325],[-48.0971,-19.00462],[-48.0961,-19.00821],[-48.09568,-19.00831],[-48.09532,-19.00794],[-48.09472,-19.00795],[-48.0935,-19.00889],[-48.09294,-19.00966],[-48.09272,-19.01113],[-48.09144,-19.01488],[-48.09105,-19.01499],[-48.0903,-19.01483],[-48.09017,-19.01501],[-48.09047,-19.01558],[-48.09031,-19.01582],[-48.0896,-19.01569],[-48.08801,-19.01633],[-48.08735,-19.01712],[-48.08718,-19.01816],[-48.08809,-19.01959],[-48.08808,-19.02041],[-48.08737,-19.02124],[-48.08761,-19.0215],[-48.08744,-19.02219],[-48.08696,-19.02264],[-48.0869,-19.02351],[-48.0871,-19.02463],[-48.08754,-19.02501],[-48.08846,-19.0252],[-48.08866,-19.02575],[-48.08826,-19.02709],[-48.08765,-19.02775],[-48.08804,-19.02911],[-48.08756,-19.02996],[-48.08691,-19.03004],[-48.0852,-19.02956],[-48.08478,-19.03026],[-48.08601,-19.03178],[-48.0864,-19.03256],[-48.08475,-19.03445],[-48.08323,-19.03451],[-48.08155,-19.03483],[-48.08114,-19.03519],[-48.08069,-19.03629],[-48.07912,-19.03642],[-48.07818,-19.03671],[-48.07767,-19.0371],[-48.07695,-19.03715],[-48.0764,-19.03762],[-48.0752,-19.03785],[-48.07337,-19.03926],[-48.07262,-19.03963],[-48.07229,-19.0402],[-48.07134,-19.04039],[-48.07061,-19.04014],[-48.06955,-19.04055],[-48.07003,-19.04148],[-48.06989,-19.04172],[-48.06734,-19.04246],[-48.06676,-19.04301],[-48.06645,-19.04365],[-48.0658,-19.04404],[-48.06497,-19.04419],[-48.06447,-19.04468],[-48.06248,-19.04559],[-48.06184,-19.04568],[-48.06109,-19.04523],[-48.0605,-19.04526],[-48.06008,-19.04535],[-48.06009,-19.04612],[-48.05921,-19.04592],[-48.05892,-19.04616],[-48.05906,-19.04656],[-48.05813,-19.04842],[-48.05773,-19.0488],[-48.05726,-19.04891],[-48.05703,-19.04985],[-48.05654,-19.04963],[-48.05535,-19.04964],[-48.055,-19.05027],[-48.05438,-19.05038],[-48.05429,-19.05102],[-48.05473,-19.0514],[-48.05424,-19.05335],[-48.05454,-19.0545],[-48.05432,-19.0551],[-48.05373,-19.05572],[-48.05178,-19.05659],[-48.0487,-19.05701],[-48.04775,-19.0587],[-48.04765,-19.06044],[-48.04709,-19.06082],[-48.04662,-19.06158],[-48.04589,-19.06225],[-48.04473,-19.06231],[-48.04412,-19.06206],[-48.04384,-19.06231],[-48.04327,-19.06598],[-48.04172,-19.0672],[-48.03891,-19.06802],[-48.03791,-19.06811],[-48.03752,-19.06876],[-48.03709,-19.06997],[-48.03712,-19.07043],[-48.0375,-19.07032],[-48.03775,-19.0705],[-48.0378,-19.07086],[-48.03833,-19.07112],[-48.0383,-19.07139],[-48.03792,-19.07166],[-48.03792,-19.07199],[-48.03825,-19.07197],[-48.03956,-19.07341],[-48.03947,-19.07485],[-48.04064,-19.0771],[-48.04118,-19.07732],[-48.04196,-19.07728],[-48.04229,-19.07692],[-48.04272,-19.07688],[-48.04304,-19.07718],[-48.04336,-19.07711],[-48.0435,-19.07728],[-48.04356,-19.07908],[-48.04425,-19.08009],[-48.04455,-19.08099],[-48.04408,-19.08143],[-48.0446,-19.08311],[-48.04456,-19.08496],[-48.04484,-19.08512],[-48.04505,-19.08446],[-48.04608,-19.0834],[-48.04623,-19.08351],[-48.0461,-19.084],[-48.04751,-19.08434],[-48.04805,-19.08477],[-48.04833,-19.08538],[-48.04824,-19.08591],[-48.05255,-19.08497],[-48.05381,-19.08443],[-48.05531,-19.08447],[-48.05667,-19.08495],[-48.05689,-19.0845],[-48.05652,-19.08341],[-48.05714,-19.08299],[-48.05856,-19.08272],[-48.05993,-19.08319],[-48.0607,-19.08391],[-48.06227,-19.08359],[-48.06311,-19.08257],[-48.06588,-19.08306],[-48.06679,-19.08302],[-48.06827,-19.08204],[-48.07196,-19.08207],[-48.07313,-19.08277],[-48.07731,-19.08304],[-48.07805,-19.08335],[-48.0789,-19.08337],[-48.07956,-19.08369],[-48.08049,-19.08339],[-48.08116,-19.08349],[-48.08156,-19.08395],[-48.08303,-19.08458],[-48.08512,-19.08479],[-48.0879,-19.08574],[-48.09067,-19.08841],[-48.0934,-19.09058],[-48.09571,-19.09193],[-48.09886,-19.09284],[-48.10402,-19.09295],[-48.10519,-19.09244],[-48.10721,-19.09226],[-48.10795,-19.09277],[-48.10915,-19.09281],[-48.11132,-19.09175],[-48.11245,-19.09185],[-48.11337,-19.09148],[-48.11565,-19.09133],[-48.11679,-19.09059],[-48.11764,-19.09117],[-48.11966,-19.09109],[-48.12302,-19.08943],[-48.12709,-19.08564],[-48.1283,-19.0849],[-48.13001,-19.0848],[-48.13821,-19.08711],[-48.14462,-19.08948],[-48.14713,-19.09013],[-48.14916,-19.08994],[-48.15229,-19.08883],[-48.15781,-19.08644],[-48.15765,-19.08556],[-48.18825,-19.07788],[-48.19662,-19.04899],[-48.20278,-19.0294],[-48.20827,-19.01075],[-48.2195,-18.93847],[-48.20598,-18.93648],[-48.20317,-18.93572],[-48.20202,-18.93513],[-48.17689,-18.91676],[-48.17239,-18.9124],[-48.17472,-18.90999],[-48.17598,-18.90908],[-48.18063,-18.90715],[-48.18385,-18.90476],[-48.18771,-18.9026],[-48.18274,-18.89372],[-48.18678,-18.89162],[-48.18711,-18.8922],[-48.18783,-18.89155],[-48.18688,-18.8903],[-48.18891,-18.88797],[-48.19382,-18.883],[-48.19242,-18.88022],[-48.19168,-18.88062],[-48.18576,-18.88836],[-48.18484,-18.88636],[-48.18547,-18.88499],[-48.18183,-18.88382],[-48.18015,-18.88743],[-48.18005,-18.88844],[-48.17668,-18.88412],[-48.16991,-18.87895],[-48.1687,-18.87832],[-48.16287,-18.87733],[-48.16222,-18.87693],[-48.16011,-18.87504],[-48.15669,-18.87055],[-48.14928,-18.86326],[-48.14263,-18.8556],[-48.14218,-18.85344],[-48.14108,-18.85068],[-48.14023,-18.84764],[-48.14007,-18.84252],[-48.14475,-18.84246],[-48.14471,-18.83843],[-48.14547,-18.83844],[-48.14535,-18.83708],[-48.14564,-18.83668],[-48.14547,-18.83611],[-48.1457,-18.83585],[-48.14563,-18.83537],[-48.14635,-18.83429],[-48.14641,-18.83357],[-48.14707,-18.83347],[-48.1479,-18.83169],[-48.148,-18.83076],[-48.14793,-18.82976],[-48.14385,-18.83083],[-48.14164,-18.83656],[-48.14253,-18.83689],[-48.14186,-18.83942],[-48.14056,-18.83938],[-48.14011,-18.83954],[-48.14028,-18.82526],[-48.14067,-18.82112],[-48.14121,-18.81855],[-48.14053,-18.81464],[-48.14075,-18.81349],[-48.14018,-18.81164],[-48.1373,-18.81004],[-48.13709,-18.80247],[-48.13684,-18.80047],[-48.13782,-18.79867],[-48.13764,-18.79803],[-48.13727,-18.79757],[-48.13729,-18.79612],[-48.13749,-18.7954],[-48.1373,-18.79435],[-48.13745,-18.79313],[-48.13882,-18.78768],[-48.13956,-18.78641],[-48.13775,-18.78581],[-48.13674,-18.78614],[-48.13588,-18.78739],[-48.13382,-18.78917],[-48.13259,-18.79143],[-48.13289,-18.79263],[-48.13372,-18.7934],[-48.13439,-18.79367],[-48.13509,-18.79525],[-48.13482,-18.79776],[-48.13387,-18.79912],[-48.13336,-18.79954],[-48.13301,-18.80042],[-48.13277,-18.80373],[-48.13308,-18.80554],[-48.13312,-18.8074],[-48.13423,-18.80955],[-48.13388,-18.81119],[-48.13319,-18.81216],[-48.13274,-18.81246],[-48.12994,-18.81324],[-48.12702,-18.81278],[-48.12656,-18.81253],[-48.12405,-18.81056],[-48.12383,-18.81012],[-48.124,-18.80948],[-48.12457,-18.80871],[-48.12345,-18.80757],[-48.11852,-18.80401],[-48.11705,-18.80241],[-48.11446,-18.80121],[-48.11299,-18.8012],[-48.1083,-18.80331],[-48.10799,-18.80368],[-48.10779,-18.80469],[-48.107,-18.80557],[-48.10651,-18.80732],[-48.10681,-18.80886],[-48.10767,-18.81097],[-48.10932,-18.81378],[-48.11027,-18.81501],[-48.11103,-18.81652],[-48.11084,-18.81728],[-48.11011,-18.81867],[-48.10873,-18.82043],[-48.10715,-18.8218],[-48.1018,-18.82285],[-48.09901,-18.82432],[-48.09804,-18.82392],[-48.09708,-18.82383],[-48.09614,-18.82407],[-48.09532,-18.82451],[-48.09485,-18.82543],[-48.09445,-18.82677],[-48.09432,-18.8281],[-48.0945,-18.8298],[-48.09527,-18.83184],[-48.09573,-18.83269],[-48.09651,-18.83353],[-48.10374,-18.83802],[-48.10909,-18.83906],[-48.11204,-18.84018],[-48.11347,-18.84275],[-48.11297,-18.84372],[-48.11306,-18.84537],[-48.11287,-18.84631],[-48.11226,-18.84783],[-48.11104,-18.84973],[-48.11064,-18.85012],[-48.10818,-18.8503],[-48.10574,-18.84991],[-48.10172,-18.84847],[-48.10028,-18.8477],[-48.09634,-18.84636],[-48.09054,-18.84319],[-48.08887,-18.84272],[-48.08535,-18.84293],[-48.0841,-18.84326],[-48.08328,-18.84391],[-48.08286,-18.84456],[-48.08199,-18.84714],[-48.08192,-18.84838],[-48.08225,-18.84941],[-48.08383,-18.85071],[-48.08878,-18.85168],[-48.08978,-18.85211],[-48.0908,-18.85332],[-48.09115,-18.85456],[-48.09135,-18.85798],[-48.09102,-18.85897],[-48.08932,-18.86025],[-48.08756,-18.8609],[-48.08445,-18.86098],[-48.08217,-18.86207],[-48.07913,-18.86286],[-48.07837,-18.86339],[-48.07784,-18.86415],[-48.076,-18.86888],[-48.07592,-18.8706],[-48.07628,-18.87276],[-48.07684,-18.87354],[-48.07965,-18.87443],[-48.08006,-18.87477],[-48.08255,-18.87813],[-48.08229,-18.88167],[-48.08129,-18.88508],[-48.08081,-18.88619],[-48.07933,-18.8882],[-48.07617,-18.89064],[-48.07508,-18.89058],[-48.07412,-18.89095],[-48.07238,-18.89092],[-48.07124,-18.89068],[-48.06981,-18.88995],[-48.06845,-18.88868],[-48.06581,-18.88718],[-48.06527,-18.88645],[-48.06481,-18.88623],[-48.06169,-18.88579],[-48.06029,-18.88612],[-48.05878,-18.8868],[-48.0571,-18.88819],[-48.05653,-18.88903],[-48.05436,-18.88994],[-48.05374,-18.88987],[-48.05279,-18.88945],[-48.05126,-18.88815],[-48.04988,-18.88745],[-48.0474,-18.88544],[-48.04694,-18.88529],[-48.04585,-18.88509],[-48.04479,-18.88526],[-48.04272,-18.8861],[-48.04047,-18.88803],[-48.03845,-18.88935],[-48.03802,-18.88981],[-48.03784,-18.89129],[-48.03974,-18.89332],[-48.04042,-18.8966],[-48.04144,-18.89781],[-48.04162,-18.89898],[-48.04132,-18.90293],[-48.04186,-18.90444],[-48.04367,-18.90689],[-48.04469,-18.90741],[-48.0457,-18.90752],[-48.04621,-18.90781],[-48.04763,-18.90927],[-48.0477,-18.90982],[-48.04747,-18.91079],[-48.04683,-18.9115],[-48.04572,-18.91197],[-48.04509,-18.91198],[-48.04393,-18.9116],[-48.04024,-18.91197],[-48.03744,-18.91172],[-48.03655,-18.91225],[-48.03534,-18.91256],[-48.0338,-18.91243],[-48.03203,-18.91164],[-48.03037,-18.91035],[-48.02882,-18.90951],[-48.02648,-18.90891],[-48.02472,-18.90738],[-48.02293,-18.90684],[-48.02208,-18.90614],[-48.02104,-18.90569],[-48.01945,-18.90554],[-48.01826,-18.90566],[-48.01624,-18.90623],[-48.01495,-18.90736],[-48.01493,-18.9078],[-48.01532,-18.9086],[-48.01607,-18.90933],[-48.01567,-18.90954],[-48.01534,-18.91115],[-48.01561,-18.91159],[-48.01782,-18.9127],[-48.01889,-18.91404],[-48.01951,-18.9162],[-48.01947,-18.91689],[-48.019,-18.919],[-48.0175,-18.92113],[-48.01632,-18.92371],[-48.01443,-18.92609],[-48.01362,-18.92682],[-48.02046,-18.92913],[-48.02083,-18.93853],[-48.02477,-18.94028],[-48.03025,-18.9418],[-48.03176,-18.94142],[-48.03667,-18.94598],[-48.03948,-18.94788],[-48.03878,-18.94797],[-48.03747,-18.94864],[-48.03468,-18.95037],[-48.03393,-18.95222],[-48.03111,-18.95583],[-48.02984,-18.9562],[-48.02905,-18.95622],[-48.02813,-18.95708],[-48.02818,-18.95775],[-48.02795,-18.95864],[-48.02558,-18.96147],[-48.02433,-18.96216],[-48.02414,-18.96302],[-48.01472,-18.96418],[-48.01455,-18.96531],[-48.0175,-18.96902],[-48.01856,-18.97402],[-48.01931,-18.97577],[-48.02639,-18.98038],[-48.02751,-18.98184],[-48.02859,-18.9823],[-48.03055,-18.98276],[-48.03115,-18.98384],[-48.03216,-18.98476],[-48.0396,-18.98824],[-48.03894,-18.99142],[-48.04014,-18.99248],[-48.04244,-18.99353],[-48.04077,-18.99437],[-48.03984,-18.99442],[-48.03935,-18.99428],[-48.03888,-18.99365],[-48.03721,-18.99354],[-48.03591,-18.99287],[-48.03284,-18.99209],[-48.02875,-18.99204],[-48.02749,-18.9924],[-48.02492,-18.99533],[-48.0247,-18.99582],[-48.02471,-18.9969],[-48.02448,-18.99793],[-48.02351,-18.99817],[-48.02303,-18.99797],[-48.02206,-18.99798],[-48.02122,-18.99846],[-48.02021,-18.99863],[-48.01974,-18.99776],[-48.01935,-18.99742],[-48.0188,-18.99727],[-48.01735,-18.99753],[-48.01691,-18.99733],[-48.01676,-18.99689],[-48.01517,-18.99667],[-48.01378,-18.99537],[-48.01324,-18.99952],[-48.01299,-19.00042],[-48.01216,-19.00186],[-48.00986,-19.0037],[-48.00819,-19.004],[-48.00511,-19.00325],[-48.00343,-19.00202],[-48.00276,-19.001],[-48.00219,-18.99946],[-48.00198,-18.99654],[-48.00175,-18.99565],[-48.0004,-18.99375],[-47.99959,-18.99323],[-47.99862,-18.99297],[-47.9955,-18.99275],[-47.99225,-18.99385],[-47.99124,-18.99448],[-47.99058,-18.99532],[-47.98705,-18.99729],[-47.98529,-18.99781],[-47.9831,-18.99931],[-47.98164,-18.99985],[-47.97917,-19.00128],[-47.97794,-19.00239],[-47.97434,-19.00698],[-47.97063,-19.01364],[-47.96986,-19.01468],[-47.96859,-19.01589],[-47.96645,-19.01718],[-47.96496,-19.01777],[-47.96291,-19.01891],[-47.96139,-19.01943],[-47.96053,-19.02001],[-47.95986,-19.02089],[-47.95945,-19.02301],[-47.96043,-19.02494],[-47.96478,-19.02909],[-47.96704,-19.03024],[-47.97191,-19.03328],[-47.97364,-19.03497],[-47.97739,-19.03984],[-47.97837,-19.04061],[-47.98148,-19.04403],[-47.98188,-19.04548],[-47.98162,-19.04656],[-47.98108,-19.0476],[-47.97894,-19.04933],[-47.97749,-19.04987],[-47.97153,-19.05089],[-47.9694,-19.05153],[-47.96771,-19.0518],[-47.96227,-19.05212],[-47.95895,-19.0516],[-47.95779,-19.05122],[-47.95154,-19.04628],[-47.94965,-19.04533],[-47.94865,-19.04511],[-47.94713,-19.04508],[-47.94535,-19.04647],[-47.94442,-19.04809],[-47.94346,-19.05111],[-47.94362,-19.05293],[-47.94414,-19.05382],[-47.94485,-19.05455],[-47.94726,-19.05598],[-47.94816,-19.05673],[-47.95063,-19.05699],[-47.95417,-19.05795],[-47.95573,-19.05878],[-47.95644,-19.05961],[-47.95787,-19.06205],[-47.95814,-19.06304],[-47.95807,-19.06539],[-47.95672,-19.06865],[-47.95596,-19.0699],[-47.95497,-19.07055],[-47.95271,-19.07158],[-47.94983,-19.072],[-47.94809,-19.07192],[-47.94403,-19.07],[-47.94303,-19.06925],[-47.94189,-19.06878],[-47.94052,-19.06787],[-47.93763,-19.06654]],[[-47.981,-19.06529],[-47.98032,-19.06456],[-47.97941,-19.06474],[-47.97839,-19.06384],[-47.97805,-19.06382],[-47.97733,-19.06423],[-47.97707,-19.06374],[-47.97704,-19.06336],[-47.97953,-19.06293],[-47.98007,-19.0634],[-47.98095,-19.06249],[-47.97797,-19.05989],[-47.97774,-19.05817],[-47.9787,-19.05644],[-47.97733,-19.05571],[-47.97785,-19.0548],[-47.97872,-19.05571],[-47.98094,-19.05945],[-47.98428,-19.06075],[-47.981,-19.06529]],[[-48.16119,-18.90248],[-48.15289,-18.89777],[-48.15373,-18.89445],[-48.16217,-18.90255],[-48.16119,-18.90248]]]]}},{"id":"96","type":"Feature","properties":{"bairro":"Umuarama","distrito":"Uberlândia","regiao":"Uberlândia","setores":14,"urbano":14},"geometry":{"type":"Polygon","coordinates":[[[-48.26004,-18.88834],[-48.26595,-18.88444],[-48.25981,-18.87597],[-48.2563,-18.87846],[-48.25547,-18.87947],[-48.25319,-18.88322],[-48.25169,-18.88447],[-48.25188,-18.88496],[-48.2518,-18.88595],[-48.25557,-18.89102],[-48.26004,-18.88834]]]}},{"id":"97","type":"Feature","properties":{"bairro":"Vigilato Pereira","distrito":"Uberlândia","regiao":"Uberlândia","setores":11,"urbano":11},"geometry":{"type":"Polygon","coordinates":[[[-48.27147,-18.93474],[-48.27377,-18.93423],[-48.27492,-18.93453],[-48.27773,-18.9299],[-48.27517,-18.92791],[-48.27376,-18.92635],[-48.27148,-18.92435],[-48.2649,-18.92875],[-48.26331,-18.92829],[-48.26147,-18.93358],[-48.2627,-18.93408],[-48.2634,-18.93414],[-48.26376,-18.93442],[-48.26406,-18.93508],[-48.26447,-18.93534],[-48.26534,-18.93522],[-48.26616,-18.93539],[-48.26735,-18.93601],[-48.26857,-18.93518],[-48.26948,-18.93508],[-48.27034,-18.93552],[-48.27119,-18.93512],[-48.27147,-18.93474]]]}},{"id":"98","type":"Feature","properties":{"bairro":"Vila Marielza","distrito":"Uberlândia","regiao":"Uberlândia","setores":1,"urbano":0},"geometry":{"type":"Polygon","coordinates":[[[-48.16217,-18.90255],[-48.16047,-18.90095],[-48.15373,-18.89445],[-48.15289,-18.89777],[-48.16119,-18.90248],[-48.16217,-18.90255]]]}},{"id":"99","type":"Feature","properties":{"bairro":"Zona rural — Cruzeiro dos Peixotos","distrito":"Cruzeiro dos Peixotos","regiao":"Cruzeiro dos Peixotos","setores":1,"urbano":0},"geometry":{"type":"Polygon","coordinates":[[[-48.31872,-18.82552],[-48.32823,-18.82562],[-48.32807,-18.8289],[-48.33003,-18.829],[-48.33098,-18.83076],[-48.33404,-18.83333],[-48.33492,-18.83503],[-48.33674,-18.837],[-48.33759,-18.8372],[-48.342,-18.84086],[-48.34261,-18.84177],[-48.34395,-18.8429],[-48.34444,-18.84424],[-48.34496,-18.84492],[-48.34675,-18.84583],[-48.34702,-18.8462],[-48.34853,-18.8467],[-48.34992,-18.84797],[-48.35014,-18.84935],[-48.35141,-18.84979],[-48.3519,-18.85108],[-48.35268,-18.85082],[-48.35464,-18.85098],[-48.35559,-18.85038],[-48.35706,-18.84816],[-48.36075,-18.84574],[-48.36167,-18.84605],[-48.36221,-18.84585],[-48.36231,-18.84521],[-48.36302,-18.84424],[-48.36306,-18.8429],[-48.36346,-18.84228],[-48.36461,-18.84149],[-48.36441,-18.84096],[-48.36453,-18.84036],[-48.36546,-18.83829],[-48.36699,-18.83578],[-48.36852,-18.83435],[-48.36931,-18.83219],[-48.37012,-18.831],[-48.37305,-18.82897],[-48.37352,-18.82808],[-48.37375,-18.82692],[-48.3756,-18.82589],[-48.37657,-18.82412],[-48.37693,-18.82261],[-48.37826,-18.82161],[-48.37859,-18.81932],[-48.37887,-18.81856],[-48.38082,-18.81644],[-48.38156,-18.81422],[-48.38204,-18.81381],[-48.38303,-18.81345],[-48.38443,-18.81342],[-48.38563,-18.81263],[-48.38703,-18.8112],[-48.38812,-18.80953],[-48.38855,-18.807],[-48.38915,-18.80654],[-48.39025,-18.80588],[-48.39461,-18.80576],[-48.39513,-18.80544],[-48.39525,-18.80471],[-48.39512,-18.80371],[-48.3955,-18.80282],[-48.39758,-18.80176],[-48.3994,-18.80122],[-48.40091,-18.79932],[-48.40147,-18.79818],[-48.40196,-18.79463],[-48.40225,-18.79416],[-48.40594,-18.79318],[-48.40613,-18.7925],[-48.40548,-18.78921],[-48.40634,-18.78748],[-48.41,-18.78468],[-48.41142,-18.78406],[-48.4124,-18.78337],[-48.41115,-18.78251],[-48.4109,-18.78201],[-48.4102,-18.78163],[-48.4098,-18.78081],[-48.409,-18.7802],[-48.40887,-18.77919],[-48.40772,-18.77839],[-48.40722,-18.77835],[-48.40685,-18.77808],[-48.40578,-18.77673],[-48.40567,-18.77605],[-48.40543,-18.77587],[-48.40509,-18.77592],[-48.40509,-18.7756],[-48.40475,-18.77522],[-48.40392,-18.77489],[-48.40302,-18.77362],[-48.40302,-18.77268],[-48.40097,-18.77159],[-48.40082,-18.77108],[-48.40004,-18.77047],[-48.39826,-18.77009],[-48.39732,-18.76885],[-48.39635,-18.76846],[-48.3951,-18.76696],[-48.39403,-18.76644],[-48.39298,-18.76509],[-48.39255,-18.76416],[-48.39171,-18.76361],[-48.39036,-18.76357],[-48.38951,-18.76288],[-48.38877,-18.76277],[-48.38795,-18.76298],[-48.38756,-18.76356],[-48.38703,-18.76369],[-48.38593,-18.76354],[-48.38502,-18.76311],[-48.38453,-18.76332],[-48.38374,-18.76304],[-48.38257,-18.76316],[-48.38177,-18.76252],[-48.38117,-18.76144],[-48.37966,-18.7606],[-48.37944,-18.75996],[-48.37856,-18.75946],[-48.37731,-18.75914],[-48.37665,-18.75866],[-48.37644,-18.75753],[-48.37679,-18.75676],[-48.37685,-18.75607],[-48.37658,-18.75187],[-48.3764,-18.75154],[-48.37832,-18.74895],[-48.37679,-18.7466],[-48.37108,-18.75248],[-48.36786,-18.75486],[-48.36203,-18.76693],[-48.34645,-18.78534],[-48.33775,-18.80252],[-48.3367,-18.80366],[-48.33109,-18.80855],[-48.32393,-18.81619],[-48.31872,-18.82552]]]}},{"id":"100","type":"Feature","properties":{"bairro":"Zona rural — Martinésia","distrito":"Martinésia","regiao":"Martinésia","setores":4,"urbano":0},"geometry":{"type":"Polygon","coordinates":[[[-48.43084,-18.7764],[-48.43165,-18.77687],[-48.43282,-18.77823],[-48.43278,-18.77915],[-48.43298,-18.77957],[-48.43354,-18.77963],[-48.43383,-18.78004],[-48.43526,-18.78037],[-48.43541,-18.78081],[-48.43669,-18.78162],[-48.43756,-18.78173],[-48.43821,-18.78217],[-48.43896,-18.78276],[-48.43935,-18.78339],[-48.43993,-18.78373],[-48.4406,-18.78378],[-48.44139,-18.78522],[-48.44208,-18.78556],[-48.44255,-18.7865],[-48.44385,-18.78739],[-48.44396,-18.78856],[-48.44423,-18.78911],[-48.44513,-18.78942],[-48.44599,-18.79013],[-48.446,-18.79052],[-48.44675,-18.79081],[-48.44716,-18.79068],[-48.44745,-18.79081],[-48.45226,-18.79327],[-48.45309,-18.79423],[-48.45304,-18.79439],[-48.45396,-18.79524],[-48.45503,-18.7973],[-48.45526,-18.79787],[-48.45498,-18.79874],[-48.45506,-18.79993],[-48.46286,-18.79601],[-48.46612,-18.79518],[-48.4688,-18.79518],[-48.47193,-18.79327],[-48.4724,-18.79335],[-48.47407,-18.79278],[-48.47513,-18.79279],[-48.47724,-18.7924],[-48.47857,-18.79275],[-48.47924,-18.7931],[-48.48064,-18.79444],[-48.48237,-18.79744],[-48.4834,-18.79854],[-48.48589,-18.79954],[-48.48702,-18.80048],[-48.48829,-18.80052],[-48.48875,-18.80096],[-48.4899,-18.80132],[-48.49089,-18.80196],[-48.49124,-18.80246],[-48.49221,-18.80254],[-48.49246,-18.80312],[-48.49223,-18.80371],[-48.49241,-18.80396],[-48.49266,-18.8039],[-48.49409,-18.80543],[-48.4952,-18.80528],[-48.49573,-18.80566],[-48.49772,-18.80617],[-48.49869,-18.80726],[-48.50008,-18.80775],[-48.50111,-18.80892],[-48.50222,-18.80924],[-48.50343,-18.81066],[-48.5048,-18.81151],[-48.50476,-18.81204],[-48.50449,-18.81243],[-48.50784,-18.81563],[-48.5096,-18.8188],[-48.51027,-18.8205],[-48.51025,-18.82202],[-48.51252,-18.82367],[-48.51235,-18.82411],[-48.51256,-18.82501],[-48.51391,-18.82659],[-48.51553,-18.82664],[-48.51763,-18.82825],[-48.51814,-18.82841],[-48.51985,-18.828],[-48.52149,-18.82701],[-48.52217,-18.82625],[-48.52364,-18.82589],[-48.5268,-18.8269],[-48.52875,-18.82867],[-48.52926,-18.82883],[-48.5329,-18.82748],[-48.5337,-18.82736],[-48.5356,-18.82791],[-48.53664,-18.82842],[-48.5384,-18.82985],[-48.5404,-18.83063],[-48.54161,-18.83132],[-48.54209,-18.8321],[-48.54499,-18.83389],[-48.54754,-18.83757],[-48.55074,-18.84035],[-48.55142,-18.84203],[-48.55417,-18.84171],[-48.55874,-18.84064],[-48.56044,-18.83985],[-48.56413,-18.83687],[-48.56456,-18.83669],[-48.56579,-18.83684],[-48.56899,-18.83393],[-48.56955,-18.83159],[-48.57131,-18.83053],[-48.57163,-18.82986],[-48.57175,-18.82961],[-48.56721,-18.82687],[-48.56545,-18.82494],[-48.56463,-18.82432],[-48.56401,-18.82411],[-48.56294,-18.8243],[-48.56246,-18.82407],[-48.56191,-18.82317],[-48.56184,-18.82273],[-48.55986,-18.82108],[-48.55776,-18.81602],[-48.55535,-18.81241],[-48.55438,-18.81051],[-48.55378,-18.80821],[-48.554,-18.80775],[-48.55402,-18.80626],[-48.55468,-18.80345],[-48.55415,-18.80205],[-48.5541,-18.80138],[-48.55441,-18.79929],[-48.55391,-18.79792],[-48.55282,-18.79617],[-48.5527,-18.79258],[-48.55355,-18.79022],[-48.55355,-18.78971],[-48.55275,-18.78797],[-48.55234,-18.78758],[-48.55133,-18.78714],[-48.55044,-18.78636],[-48.54911,-18.78638],[-48.54868,-18.78661],[-48.54709,-18.78599],[-48.54574,-18.78413],[-48.54528,-18.78408],[-48.54489,-18.7838],[-48.54383,-18.78217],[-48.54275,-18.78194],[-48.54258,-18.78151],[-48.54263,-18.78052],[-48.54231,-18.78013],[-48.54077,-18.77994],[-48.54041,-18.77951],[-48.53937,-18.77916],[-48.5384,-18.77854],[-48.53701,-18.77904],[-48.53558,-18.77865],[-48.53529,-18.77806],[-48.53481,-18.77778],[-48.53295,-18.77737],[-48.53192,-18.77794],[-48.53037,-18.77819],[-48.52991,-18.77792],[-48.52926,-18.77711],[-48.52832,-18.77667],[-48.52688,-18.77725],[-48.52589,-18.77711],[-48.52473,-18.77736],[-48.52369,-18.77782],[-48.52166,-18.77931],[-48.52104,-18.77934],[-48.51993,-18.77837],[-48.51805,-18.77798],[-48.51718,-18.77619],[-48.5172,-18.77508],[-48.51675,-18.77483],[-48.51624,-18.77485],[-48.51576,-18.77409],[-48.51525,-18.77412],[-48.51532,-18.77368],[-48.51397,-18.77361],[-48.51371,-18.77313],[-48.51376,-18.77196],[-48.51311,-18.77108],[-48.51262,-18.77111],[-48.51221,-18.77136],[-48.51144,-18.77058],[-48.51024,-18.76796],[-48.50843,-18.76665],[-48.5079,-18.7658],[-48.50766,-18.76481],[-48.50686,-18.76414],[-48.50672,-18.76359],[-48.50624,-18.76343],[-48.50416,-18.76384],[-48.50327,-18.76244],[-48.50334,-18.76062],[-48.50243,-18.76019],[-48.50224,-18.75975],[-48.50127,-18.75979],[-48.50055,-18.75858],[-48.50007,-18.75814],[-48.49976,-18.75732],[-48.49824,-18.75715],[-48.49802,-18.75674],[-48.49844,-18.75587],[-48.49926,-18.75514],[-48.49931,-18.75379],[-48.49965,-18.7533],[-48.50097,-18.75309],[-48.50077,-18.75166],[-48.50092,-18.75079],[-48.50181,-18.75067],[-48.50133,-18.74987],[-48.50133,-18.74941],[-48.50174,-18.74911],[-48.50278,-18.74723],[-48.50331,-18.74707],[-48.50357,-18.74665],[-48.50355,-18.74619],[-48.50323,-18.74585],[-48.50396,-18.74466],[-48.50381,-18.7441],[-48.50333,-18.74403],[-48.50292,-18.74429],[-48.50256,-18.74397],[-48.50239,-18.74341],[-48.50249,-18.74293],[-48.50449,-18.74247],[-48.50493,-18.73997],[-48.50534,-18.73976],[-48.50594,-18.73809],[-48.50594,-18.7371],[-48.5056,-18.73613],[-48.50739,-18.73482],[-48.50768,-18.73439],[-48.50749,-18.73388],[-48.507,-18.73384],[-48.50688,-18.73333],[-48.5064,-18.73299],[-48.50594,-18.73324],[-48.50573,-18.73427],[-48.50532,-18.73397],[-48.50452,-18.73269],[-48.50404,-18.73275],[-48.50382,-18.73234],[-48.50334,-18.73213],[-48.50288,-18.73234],[-48.50242,-18.73229],[-48.50163,-18.73149],[-48.50066,-18.73108],[-48.50108,-18.72921],[-48.50151,-18.72896],[-48.5019,-18.72921],[-48.50194,-18.7297],[-48.50252,-18.72986],[-48.50349,-18.72763],[-48.50351,-18.72595],[-48.50445,-18.7249],[-48.50392,-18.72414],[-48.50426,-18.72354],[-48.50506,-18.72304],[-48.50556,-18.72228],[-48.50547,-18.72136],[-48.50576,-18.72042],[-48.50571,-18.71998],[-48.50602,-18.71964],[-48.5075,-18.71996],[-48.50947,-18.71989],[-48.50988,-18.71909],[-48.50984,-18.71803],[-48.51003,-18.71702],[-48.51097,-18.71569],[-48.51071,-18.71516],[-48.51075,-18.71468],[-48.513,-18.71376],[-48.51295,-18.7133],[-48.51256,-18.713],[-48.51203,-18.713],[-48.51136,-18.71236],[-48.51162,-18.71153],[-48.51119,-18.71066],[-48.51163,-18.70834],[-48.51143,-18.70788],[-48.51049,-18.70799],[-48.51042,-18.70755],[-48.51189,-18.70413],[-48.51221,-18.70379],[-48.5131,-18.70326],[-48.51402,-18.70314],[-48.51474,-18.702],[-48.5166,-18.70142],[-48.51689,-18.70106],[-48.51665,-18.70062],[-48.51573,-18.70039],[-48.51474,-18.69977],[-48.5144,-18.69922],[-48.51443,-18.69834],[-48.51455,-18.69788],[-48.51494,-18.69756],[-48.51631,-18.6971],[-48.5166,-18.69524],[-48.51725,-18.69462],[-48.51723,-18.69412],[-48.51778,-18.69336],[-48.51764,-18.69278],[-48.51629,-18.69223],[-48.51617,-18.69168],[-48.51634,-18.69122],[-48.51728,-18.6901],[-48.51733,-18.68966],[-48.51697,-18.68929],[-48.51656,-18.68954],[-48.51562,-18.68945],[-48.51472,-18.6898],[-48.51337,-18.68823],[-48.51186,-18.68775],[-48.51101,-18.68722],[-48.51089,-18.68628],[-48.51121,-18.68596],[-48.51263,-18.68589],[-48.51304,-18.68557],[-48.51318,-18.68511],[-48.51299,-18.68355],[-48.51174,-18.68272],[-48.51114,-18.6818],[-48.51063,-18.68028],[-48.51063,-18.67973],[-48.51123,-18.67835],[-48.51104,-18.67628],[-48.51198,-18.67318],[-48.51186,-18.67114],[-48.51124,-18.66928],[-48.51085,-18.66896],[-48.50936,-18.66875],[-48.50743,-18.66815],[-48.50673,-18.66728],[-48.50668,-18.66633],[-48.50775,-18.66535],[-48.51064,-18.66383],[-48.51204,-18.66243],[-48.51235,-18.66108],[-48.51238,-18.65967],[-48.51272,-18.6588],[-48.51267,-18.6574],[-48.51342,-18.65673],[-48.51542,-18.65579],[-48.51619,-18.6551],[-48.51732,-18.65368],[-48.51821,-18.65186],[-48.51846,-18.65081],[-48.5192,-18.65028],[-48.51949,-18.64991],[-48.51954,-18.64945],[-48.52118,-18.64821],[-48.52284,-18.64798],[-48.52333,-18.64775],[-48.52391,-18.6469],[-48.52424,-18.64585],[-48.52408,-18.64543],[-48.52215,-18.64194],[-48.52056,-18.64077],[-48.52,-18.63914],[-48.52005,-18.63868],[-48.52099,-18.63833],[-48.52234,-18.63696],[-48.52309,-18.63645],[-48.52425,-18.63647],[-48.52512,-18.63696],[-48.52608,-18.63795],[-48.52656,-18.63806],[-48.52798,-18.63751],[-48.52837,-18.63668],[-48.52839,-18.63609],[-48.52798,-18.63452],[-48.52832,-18.63367],[-48.52926,-18.63252],[-48.53049,-18.63144],[-48.53136,-18.63087],[-48.53232,-18.63066],[-48.53348,-18.63014],[-48.53389,-18.62984],[-48.53406,-18.62933],[-48.53401,-18.6289],[-48.53365,-18.62855],[-48.53194,-18.62765],[-48.53127,-18.62699],[-48.52985,-18.62416],[-48.52968,-18.62219],[-48.53011,-18.62136],[-48.53129,-18.62037],[-48.53233,-18.61982],[-48.53435,-18.61971],[-48.53527,-18.62012],[-48.53643,-18.61895],[-48.53638,-18.61791],[-48.53575,-18.6172],[-48.53558,-18.6166],[-48.53631,-18.61598],[-48.53643,-18.61536],[-48.5351,-18.61477],[-48.53383,-18.61385],[-48.53187,-18.61428],[-48.53019,-18.61424],[-48.52722,-18.61359],[-48.52677,-18.61357],[-48.52525,-18.61414],[-48.52474,-18.61419],[-48.5244,-18.61387],[-48.52431,-18.61334],[-48.52508,-18.61136],[-48.52433,-18.6095],[-48.52465,-18.60851],[-48.52636,-18.60739],[-48.52725,-18.605],[-48.52829,-18.60403],[-48.52848,-18.60351],[-48.52834,-18.60295],[-48.52735,-18.60233],[-48.52569,-18.60167],[-48.52467,-18.60042],[-48.52364,-18.59983],[-48.52255,-18.5999],[-48.52051,-18.59962],[-48.52,-18.59939],[-48.51933,-18.5987],[-48.51877,-18.5973],[-48.51803,-18.59652],[-48.51744,-18.59469],[-48.5127,-18.59582],[-48.51171,-18.59569],[-48.50935,-18.59596],[-48.5075,-18.59683],[-48.50533,-18.59653],[-48.50049,-18.59389],[-48.50009,-18.59384],[-48.49962,-18.59414],[-48.49811,-18.59437],[-48.49719,-18.59415],[-48.49551,-18.59324],[-48.4945,-18.59307],[-48.49349,-18.5935],[-48.4927,-18.59419],[-48.49167,-18.59632],[-48.4897,-18.5991],[-48.48933,-18.60069],[-48.48944,-18.60249],[-48.49028,-18.60373],[-48.49063,-18.60467],[-48.49053,-18.60617],[-48.49137,-18.61014],[-48.49133,-18.61108],[-48.49101,-18.61209],[-48.49012,-18.6127],[-48.4876,-18.61342],[-48.48495,-18.61347],[-48.48271,-18.61379],[-48.48167,-18.61419],[-48.48074,-18.61498],[-48.47982,-18.61614],[-48.47944,-18.61723],[-48.4784,-18.61852],[-48.47345,-18.62274],[-48.47177,-18.62542],[-48.47022,-18.62652],[-48.46948,-18.62731],[-48.46595,-18.63244],[-48.46425,-18.63359],[-48.46305,-18.63466],[-48.46229,-18.63565],[-48.45993,-18.63979],[-48.45815,-18.64204],[-48.45721,-18.64251],[-48.45605,-18.64255],[-48.45208,-18.64118],[-48.44985,-18.63987],[-48.4468,-18.6385],[-48.44276,-18.63795],[-48.44067,-18.63804],[-48.43956,-18.63842],[-48.43851,-18.63895],[-48.43748,-18.64002],[-48.43692,-18.64115],[-48.43667,-18.64238],[-48.43683,-18.64394],[-48.43784,-18.6462],[-48.44097,-18.65031],[-48.44299,-18.65406],[-48.4429,-18.65645],[-48.44173,-18.65779],[-48.44025,-18.65903],[-48.43843,-18.66003],[-48.4379,-18.66013],[-48.43356,-18.66001],[-48.42795,-18.66062],[-48.421,-18.66078],[-48.41836,-18.66164],[-48.41637,-18.66262],[-48.41437,-18.66455],[-48.41345,-18.66511],[-48.41096,-18.6664],[-48.4094,-18.66683],[-48.40766,-18.66689],[-48.40493,-18.66644],[-48.40232,-18.66577],[-48.40102,-18.66475],[-48.40053,-18.6649],[-48.40019,-18.66524],[-48.39999,-18.6661],[-48.39892,-18.66765],[-48.39861,-18.66984],[-48.39745,-18.67027],[-48.39502,-18.67047],[-48.3943,-18.67116],[-48.39276,-18.67104],[-48.39066,-18.67161],[-48.39043,-18.67247],[-48.38998,-18.67249],[-48.38936,-18.6733],[-48.38885,-18.6735],[-48.3879,-18.67565],[-48.38801,-18.67652],[-48.38775,-18.67703],[-48.38781,-18.67755],[-48.38737,-18.67897],[-48.3867,-18.67963],[-48.38609,-18.67986],[-48.38467,-18.6809],[-48.38366,-18.68072],[-48.38264,-18.6814],[-48.38217,-18.68142],[-48.38186,-18.68167],[-48.38169,-18.68261],[-48.38128,-18.68315],[-48.37939,-18.68468],[-48.37927,-18.68575],[-48.38022,-18.68767],[-48.38108,-18.68842],[-48.38212,-18.68884],[-48.3823,-18.68943],[-48.38318,-18.69016],[-48.38313,-18.69055],[-48.38545,-18.69241],[-48.38573,-18.69293],[-48.38677,-18.69307],[-48.38796,-18.69394],[-48.38914,-18.6953],[-48.38914,-18.69639],[-48.38956,-18.69773],[-48.38996,-18.69804],[-48.39077,-18.6994],[-48.3913,-18.69979],[-48.391,-18.70147],[-48.39127,-18.70187],[-48.39128,-18.70253],[-48.392,-18.70306],[-48.39203,-18.70349],[-48.39248,-18.70403],[-48.3928,-18.70507],[-48.39275,-18.70569],[-48.39234,-18.70609],[-48.39226,-18.70691],[-48.39259,-18.7086],[-48.39247,-18.70948],[-48.3914,-18.71204],[-48.39102,-18.71218],[-48.39046,-18.71311],[-48.39034,-18.71511],[-48.39062,-18.7163],[-48.39075,-18.72218],[-48.38634,-18.72196],[-48.38611,-18.72971],[-48.3812,-18.73868],[-48.38071,-18.73924],[-48.38234,-18.74092],[-48.37679,-18.7466],[-48.37832,-18.74895],[-48.3764,-18.75154],[-48.37658,-18.75187],[-48.37685,-18.75607],[-48.37679,-18.75676],[-48.37644,-18.75753],[-48.37665,-18.75866],[-48.37731,-18.75914],[-48.37856,-18.75946],[-48.37944,-18.75996],[-48.37966,-18.7606],[-48.38117,-18.76144],[-48.38177,-18.76252],[-48.38257,-18.76316],[-48.38374,-18.76304],[-48.38453,-18.76332],[-48.38502,-18.76311],[-48.38593,-18.76354],[-48.38703,-18.76369],[-48.38756,-18.76356],[-48.38795,-18.76298],[-48.38877,-18.76277],[-48.38951,-18.76288],[-48.39036,-18.76357],[-48.39171,-18.76361],[-48.39255,-18.76416],[-48.39298,-18.76509],[-48.39403,-18.76644],[-48.3951,-18.76696],[-48.39635,-18.76846],[-48.39732,-18.76885],[-48.39826,-18.77009],[-48.40004,-18.77047],[-48.40082,-18.77108],[-48.40097,-18.77159],[-48.40302,-18.77268],[-48.40302,-18.77362],[-48.40392,-18.77489],[-48.40475,-18.77522],[-48.40509,-18.7756],[-48.40509,-18.77592],[-48.40543,-18.77587],[-48.40567,-18.77605],[-48.40578,-18.77673],[-48.40685,-18.77808],[-48.40722,-18.77835],[-48.40772,-18.77839],[-48.40887,-18.77919],[-48.409,-18.7802],[-48.4098,-18.78081],[-48.4102,-18.78163],[-48.4109,-18.78201],[-48.41115,-18.78251],[-48.4124,-18.78337],[-48.41341,-18.78215],[-48.41424,-18.78167],[-48.41503,-18.78088],[-48.41696,-18.78013],[-48.41919,-18.77838],[-48.42088,-18.77877],[-48.42146,-18.77869],[-48.42261,-18.7782],[-48.42351,-18.77749],[-48.42482,-18.77699],[-48.42888,-18.77598],[-48.42993,-18.77516],[-48.43084,-18.7764]],[[-48.42019,-18.74742],[-48.42346,-18.74971],[-48.42171,-18.752],[-48.41737,-18.74887],[-48.4166,-18.74971],[-48.4162,-18.74901],[-48.4171,-18.7482],[-48.41838,-18.74655],[-48.41761,-18.74297],[-48.4207,-18.74333],[-48.42009,-18.74709],[-48.4203,-18.74728],[-48.42019,-18.74742]]]}},{"id":"101","type":"Feature","properties":{"bairro":"Zona rural — Miraporanga","distrito":"Miraporanga","regiao":"Miraporanga","setores":8,"urbano":0},"geometry":{"type":"Polygon","coordinates":[[[-48.42521,-19.17076],[-48.4247,-19.16979],[-48.42438,-19.16968],[-48.42331,-19.16972],[-48.42224,-19.17041],[-48.42187,-19.17025],[-48.42182,-19.1697],[-48.42114,-19.16903],[-48.4208,-19.16877],[-48.41995,-19.16866],[-48.41948,-19.1681],[-48.4195,-19.16708],[-48.41897,-19.16672],[-48.41786,-19.1665],[-48.41652,-19.16664],[-48.41467,-19.16595],[-48.41389,-19.16528],[-48.4125,-19.16516],[-48.41123,-19.16474],[-48.40807,-19.1648],[-48.40569,-19.164],[-48.40479,-19.16343],[-48.40416,-19.16262],[-48.40198,-19.16264],[-48.39886,-19.1634],[-48.39724,-19.165],[-48.39654,-19.16529],[-48.39557,-19.16639],[-48.39337,-19.16727],[-48.39231,-19.16731],[-48.39181,-19.16856],[-48.38954,-19.16964],[-48.37921,-19.13969],[-48.37874,-19.14006],[-48.37808,-19.14134],[-48.37755,-19.14134],[-48.37666,-19.14252],[-48.37624,-19.14267],[-48.37288,-19.14292],[-48.37184,-19.14281],[-48.37004,-19.14155],[-48.36957,-19.14172],[-48.36798,-19.14115],[-48.36786,-19.14089],[-48.36683,-19.14086],[-48.3666,-19.14038],[-48.36622,-19.14072],[-48.36461,-19.14015],[-48.36385,-19.14009],[-48.36359,-19.14013],[-48.36352,-19.14067],[-48.36329,-19.14097],[-48.36168,-19.14109],[-48.36071,-19.14182],[-48.35925,-19.14135],[-48.35697,-19.1418],[-48.35675,-19.14146],[-48.35603,-19.14154],[-48.35604,-19.14126],[-48.35576,-19.14127],[-48.35594,-19.14058],[-48.35559,-19.14018],[-48.35491,-19.14052],[-48.35349,-19.14041],[-48.3531,-19.14091],[-48.35281,-19.14098],[-48.35235,-19.14217],[-48.35163,-19.14289],[-48.35102,-19.14259],[-48.35085,-19.14278],[-48.35032,-19.14275],[-48.34973,-19.14319],[-48.34939,-19.1431],[-48.34916,-19.14269],[-48.34846,-19.14252],[-48.34819,-19.14285],[-48.34743,-19.14296],[-48.34698,-19.14275],[-48.34595,-19.14306],[-48.34491,-19.1431],[-48.34449,-19.14336],[-48.34291,-19.14328],[-48.34257,-19.14348],[-48.34254,-19.14379],[-48.34191,-19.14376],[-48.34184,-19.14405],[-48.34141,-19.14397],[-48.34103,-19.14453],[-48.3403,-19.14383],[-48.3396,-19.14383],[-48.3396,-19.14408],[-48.33878,-19.14399],[-48.33859,-19.14419],[-48.33729,-19.14389],[-48.33707,-19.14412],[-48.33647,-19.14375],[-48.33599,-19.14306],[-48.33551,-19.14303],[-48.33475,-19.14395],[-48.33422,-19.14408],[-48.3336,-19.14363],[-48.32791,-19.14374],[-48.31882,-19.14687],[-48.31731,-19.14759],[-48.31452,-19.14717],[-48.31402,-19.14677],[-48.30932,-19.14795],[-48.30276,-19.1465],[-48.30047,-19.14481],[-48.29943,-19.14341],[-48.29408,-19.13891],[-48.28758,-19.1376],[-48.28466,-19.15353],[-48.27765,-19.16522],[-48.27656,-19.1695],[-48.27061,-19.17546],[-48.2699,-19.17608],[-48.26907,-19.17646],[-48.26246,-19.17687],[-48.25207,-19.17458],[-48.2438,-19.17749],[-48.24233,-19.17837],[-48.24184,-19.17933],[-48.24135,-19.18634],[-48.24176,-19.19463],[-48.24335,-19.19817],[-48.2434,-19.19884],[-48.24325,-19.19985],[-48.24047,-19.20986],[-48.24009,-19.2104],[-48.23893,-19.21107],[-48.2308,-19.21365],[-48.23009,-19.21406],[-48.22636,-19.21809],[-48.23127,-19.2216],[-48.23281,-19.22237],[-48.24185,-19.2281],[-48.24344,-19.22889],[-48.24868,-19.23069],[-48.25023,-19.23086],[-48.25323,-19.23075],[-48.25569,-19.2312],[-48.2632,-19.23392],[-48.2646,-19.23462],[-48.26645,-19.23594],[-48.26788,-19.23782],[-48.26818,-19.23903],[-48.2681,-19.24074],[-48.26728,-19.24288],[-48.26678,-19.24556],[-48.26677,-19.24616],[-48.26725,-19.24675],[-48.26831,-19.24744],[-48.27122,-19.24836],[-48.27284,-19.24946],[-48.27669,-19.25025],[-48.27851,-19.25027],[-48.27957,-19.25069],[-48.28014,-19.25153],[-48.28108,-19.25204],[-48.28241,-19.2521],[-48.28339,-19.25245],[-48.28487,-19.25548],[-48.28615,-19.25727],[-48.28818,-19.25893],[-48.28967,-19.2594],[-48.29028,-19.2604],[-48.29138,-19.26086],[-48.29237,-19.26155],[-48.29312,-19.2628],[-48.29571,-19.26558],[-48.29802,-19.26765],[-48.29953,-19.26998],[-48.29991,-19.27147],[-48.29967,-19.27242],[-48.30031,-19.27386],[-48.30179,-19.27583],[-48.30266,-19.27669],[-48.30404,-19.27875],[-48.30594,-19.28103],[-48.30701,-19.282],[-48.3073,-19.28292],[-48.30871,-19.28411],[-48.30922,-19.28426],[-48.31065,-19.28415],[-48.3133,-19.28633],[-48.31493,-19.2868],[-48.31544,-19.28665],[-48.31601,-19.28523],[-48.31649,-19.28506],[-48.31741,-19.28509],[-48.31757,-19.28467],[-48.31737,-19.28426],[-48.31737,-19.2832],[-48.3176,-19.28276],[-48.31846,-19.28232],[-48.32069,-19.28329],[-48.32092,-19.28372],[-48.32183,-19.28432],[-48.32267,-19.2838],[-48.3233,-19.28383],[-48.32516,-19.28565],[-48.3271,-19.28556],[-48.32759,-19.28465],[-48.32815,-19.28464],[-48.32963,-19.28587],[-48.33057,-19.28567],[-48.33211,-19.28409],[-48.33475,-19.28314],[-48.33664,-19.2827],[-48.33758,-19.28277],[-48.33886,-19.28235],[-48.34096,-19.28203],[-48.34198,-19.28205],[-48.34298,-19.28235],[-48.34304,-19.28293],[-48.34279,-19.28351],[-48.34129,-19.28536],[-48.33997,-19.2882],[-48.33936,-19.29095],[-48.33886,-19.29228],[-48.33877,-19.29465],[-48.33853,-19.29565],[-48.33864,-19.29618],[-48.33795,-19.2976],[-48.33576,-19.30027],[-48.33406,-19.30312],[-48.33054,-19.30483],[-48.32878,-19.30641],[-48.32715,-19.30836],[-48.32409,-19.30997],[-48.32063,-19.3132],[-48.319,-19.3161],[-48.31869,-19.31923],[-48.31954,-19.32039],[-48.32146,-19.32154],[-48.32307,-19.32356],[-48.32462,-19.32375],[-48.32641,-19.32521],[-48.32778,-19.32686],[-48.32975,-19.33004],[-48.33037,-19.33231],[-48.33059,-19.3344],[-48.33049,-19.33548],[-48.33119,-19.3372],[-48.33128,-19.33892],[-48.33094,-19.34093],[-48.33085,-19.34303],[-48.33171,-19.34566],[-48.33287,-19.34715],[-48.33459,-19.34806],[-48.33613,-19.34775],[-48.33699,-19.34697],[-48.33805,-19.34685],[-48.33846,-19.34592],[-48.33809,-19.34464],[-48.33828,-19.34422],[-48.33868,-19.34398],[-48.34157,-19.34397],[-48.34347,-19.34427],[-48.3465,-19.34604],[-48.3468,-19.34645],[-48.34597,-19.34822],[-48.34511,-19.34891],[-48.34489,-19.34983],[-48.34568,-19.35431],[-48.34703,-19.35957],[-48.34781,-19.36384],[-48.34796,-19.36591],[-48.34754,-19.36843],[-48.34623,-19.37035],[-48.34369,-19.37291],[-48.34294,-19.37392],[-48.3418,-19.37703],[-48.34032,-19.37999],[-48.33951,-19.38217],[-48.3396,-19.38523],[-48.34019,-19.38736],[-48.34166,-19.38894],[-48.34427,-19.39049],[-48.34455,-19.39093],[-48.3446,-19.39196],[-48.34444,-19.39238],[-48.34209,-19.39365],[-48.33965,-19.39603],[-48.33939,-19.39701],[-48.33973,-19.39923],[-48.34041,-19.40011],[-48.34269,-19.40193],[-48.34406,-19.40337],[-48.34479,-19.40444],[-48.34654,-19.40583],[-48.34715,-19.40655],[-48.34989,-19.40852],[-48.35106,-19.4096],[-48.3557,-19.41207],[-48.3571,-19.41246],[-48.35814,-19.4125],[-48.35895,-19.41193],[-48.35955,-19.41063],[-48.35991,-19.4103],[-48.36095,-19.41023],[-48.36198,-19.41078],[-48.36261,-19.41081],[-48.36287,-19.41039],[-48.36393,-19.41018],[-48.36413,-19.41135],[-48.36478,-19.41198],[-48.36412,-19.41271],[-48.36366,-19.41275],[-48.36414,-19.41363],[-48.36419,-19.41455],[-48.36449,-19.41489],[-48.36559,-19.41512],[-48.36565,-19.41556],[-48.36594,-19.4159],[-48.36686,-19.4165],[-48.36746,-19.41644],[-48.36772,-19.41595],[-48.3677,-19.4154],[-48.36814,-19.41518],[-48.36861,-19.41552],[-48.3688,-19.41461],[-48.36908,-19.41419],[-48.36997,-19.41456],[-48.3704,-19.41428],[-48.37187,-19.41411],[-48.37219,-19.41502],[-48.37265,-19.41508],[-48.3726,-19.41414],[-48.37341,-19.41343],[-48.37378,-19.41372],[-48.37527,-19.41309],[-48.37738,-19.41308],[-48.37817,-19.41254],[-48.37867,-19.41241],[-48.37939,-19.41173],[-48.38023,-19.41235],[-48.38013,-19.4133],[-48.38155,-19.41394],[-48.38282,-19.4131],[-48.38456,-19.4111],[-48.38545,-19.41049],[-48.38588,-19.41029],[-48.38736,-19.41044],[-48.38871,-19.41002],[-48.38993,-19.41025],[-48.39093,-19.40923],[-48.39216,-19.40902],[-48.39261,-19.40876],[-48.39347,-19.40925],[-48.39444,-19.40922],[-48.3949,-19.40896],[-48.39546,-19.40904],[-48.39865,-19.41035],[-48.3993,-19.41033],[-48.40009,-19.40898],[-48.39979,-19.4086],[-48.40006,-19.40767],[-48.39935,-19.40646],[-48.3996,-19.40556],[-48.40018,-19.40481],[-48.40153,-19.40411],[-48.40216,-19.40338],[-48.40227,-19.40292],[-48.40303,-19.40233],[-48.40691,-19.40086],[-48.40932,-19.40143],[-48.41087,-19.40128],[-48.41152,-19.40103],[-48.41248,-19.40053],[-48.41312,-19.39975],[-48.41304,-19.39886],[-48.41338,-19.39855],[-48.41442,-19.39852],[-48.415,-19.39764],[-48.41544,-19.39747],[-48.41663,-19.39762],[-48.4181,-19.39816],[-48.41958,-19.39809],[-48.42027,-19.39869],[-48.42092,-19.39831],[-48.42224,-19.3969],[-48.42272,-19.39666],[-48.42333,-19.39666],[-48.42356,-19.39707],[-48.42417,-19.3972],[-48.42445,-19.39685],[-48.42549,-19.39666],[-48.42577,-19.39626],[-48.42672,-19.39629],[-48.42774,-19.39525],[-48.42866,-19.39516],[-48.42929,-19.3943],[-48.43015,-19.39377],[-48.43063,-19.39364],[-48.43163,-19.3939],[-48.43258,-19.3939],[-48.43302,-19.39412],[-48.43338,-19.39383],[-48.43382,-19.39302],[-48.43617,-19.39276],[-48.43723,-19.39236],[-48.43839,-19.39142],[-48.44031,-19.3914],[-48.44114,-19.39059],[-48.44162,-19.39045],[-48.44175,-19.38998],[-48.44138,-19.38969],[-48.44174,-19.38938],[-48.4428,-19.38934],[-48.44379,-19.38881],[-48.44418,-19.38829],[-48.44358,-19.38635],[-48.44371,-19.38475],[-48.44402,-19.38385],[-48.44333,-19.3832],[-48.44358,-19.3816],[-48.44316,-19.38138],[-48.44344,-19.38096],[-48.44345,-19.38022],[-48.44384,-19.37927],[-48.44543,-19.37887],[-48.44649,-19.37769],[-48.44695,-19.37777],[-48.44755,-19.37852],[-48.44806,-19.37839],[-48.44935,-19.37758],[-48.44983,-19.37757],[-48.45037,-19.37677],[-48.45046,-19.37633],[-48.45091,-19.37607],[-48.45187,-19.37563],[-48.45241,-19.37562],[-48.4528,-19.37586],[-48.45593,-19.37393],[-48.45834,-19.37309],[-48.4588,-19.37326],[-48.45957,-19.37202],[-48.4597,-19.3714],[-48.45896,-19.37086],[-48.4588,-19.37036],[-48.45951,-19.36975],[-48.45978,-19.36882],[-48.45984,-19.36619],[-48.45901,-19.36504],[-48.45767,-19.36421],[-48.45764,-19.36373],[-48.45794,-19.3634],[-48.45886,-19.36313],[-48.4596,-19.36244],[-48.46005,-19.36236],[-48.46025,-19.36144],[-48.45993,-19.36112],[-48.46008,-19.36068],[-48.46051,-19.36039],[-48.46078,-19.35848],[-48.46106,-19.35808],[-48.46205,-19.3579],[-48.46255,-19.35643],[-48.46321,-19.3558],[-48.46342,-19.35524],[-48.46473,-19.3544],[-48.46576,-19.35406],[-48.46794,-19.35378],[-48.46953,-19.35441],[-48.47045,-19.35427],[-48.47073,-19.35291],[-48.47177,-19.35281],[-48.47268,-19.35222],[-48.47289,-19.35166],[-48.47334,-19.35146],[-48.47364,-19.3509],[-48.47376,-19.34996],[-48.47465,-19.34954],[-48.47498,-19.34919],[-48.47443,-19.34844],[-48.47461,-19.34796],[-48.47553,-19.34683],[-48.47636,-19.34619],[-48.47654,-19.34577],[-48.47522,-19.34426],[-48.47501,-19.34288],[-48.47439,-19.34209],[-48.47457,-19.34162],[-48.47441,-19.3411],[-48.47341,-19.34077],[-48.47294,-19.34046],[-48.47271,-19.34003],[-48.47101,-19.33899],[-48.47006,-19.33901],[-48.46974,-19.33768],[-48.46996,-19.33673],[-48.46959,-19.3358],[-48.46973,-19.33535],[-48.46952,-19.3349],[-48.46788,-19.33441],[-48.46756,-19.33409],[-48.4666,-19.33441],[-48.46611,-19.33433],[-48.4657,-19.33351],[-48.46528,-19.3332],[-48.46435,-19.33301],[-48.46317,-19.33219],[-48.46258,-19.33087],[-48.46323,-19.32899],[-48.46399,-19.3283],[-48.46545,-19.32831],[-48.46705,-19.3256],[-48.46755,-19.32518],[-48.46844,-19.32477],[-48.46879,-19.32508],[-48.46922,-19.32486],[-48.46971,-19.32402],[-48.47013,-19.32371],[-48.47118,-19.32383],[-48.47158,-19.32352],[-48.47146,-19.32258],[-48.47313,-19.32134],[-48.47338,-19.32065],[-48.47331,-19.31975],[-48.47362,-19.31942],[-48.47501,-19.31987],[-48.47542,-19.31961],[-48.47602,-19.31865],[-48.47668,-19.31801],[-48.47682,-19.31757],[-48.4767,-19.31668],[-48.4771,-19.3163],[-48.47753,-19.31599],[-48.47799,-19.31612],[-48.47813,-19.31655],[-48.47866,-19.31659],[-48.47895,-19.31552],[-48.47994,-19.31446],[-48.47977,-19.31359],[-48.47993,-19.3131],[-48.48021,-19.31263],[-48.48107,-19.31195],[-48.48123,-19.31153],[-48.48163,-19.31127],[-48.48217,-19.31135],[-48.48251,-19.31164],[-48.48297,-19.31153],[-48.4832,-19.31114],[-48.48438,-19.3107],[-48.48474,-19.31032],[-48.48522,-19.31033],[-48.48563,-19.31004],[-48.48547,-19.30961],[-48.4856,-19.30912],[-48.48722,-19.3089],[-48.48813,-19.30946],[-48.48869,-19.3102],[-48.48969,-19.31046],[-48.48963,-19.31002],[-48.49112,-19.30943],[-48.49098,-19.30785],[-48.49154,-19.30712],[-48.49148,-19.30668],[-48.49128,-19.30614],[-48.49079,-19.30592],[-48.49051,-19.30553],[-48.49047,-19.3051],[-48.49136,-19.30468],[-48.49212,-19.30395],[-48.4936,-19.30408],[-48.49405,-19.30379],[-48.49371,-19.30283],[-48.49375,-19.30233],[-48.49423,-19.30215],[-48.49444,-19.30176],[-48.49432,-19.30088],[-48.49448,-19.30047],[-48.49478,-19.30009],[-48.49525,-19.30026],[-48.49583,-19.30018],[-48.49633,-19.29897],[-48.49726,-19.29837],[-48.4973,-19.29789],[-48.49648,-19.2971],[-48.49666,-19.29668],[-48.49707,-19.29637],[-48.49721,-19.29547],[-48.49754,-19.29514],[-48.49859,-19.29512],[-48.49877,-19.2947],[-48.49852,-19.29431],[-48.49793,-19.29414],[-48.49789,-19.29366],[-48.49817,-19.29322],[-48.49972,-19.29284],[-48.49979,-19.29182],[-48.49935,-19.29098],[-48.49949,-19.29047],[-48.49994,-19.2902],[-48.50081,-19.29021],[-48.5011,-19.28975],[-48.50201,-19.28926],[-48.50254,-19.28849],[-48.50327,-19.28819],[-48.5037,-19.28837],[-48.50389,-19.28795],[-48.50385,-19.28611],[-48.50407,-19.28572],[-48.50453,-19.28574],[-48.5048,-19.28666],[-48.50534,-19.28675],[-48.50563,-19.28638],[-48.50586,-19.28541],[-48.50683,-19.2851],[-48.50719,-19.28471],[-48.5082,-19.28435],[-48.50852,-19.28472],[-48.50901,-19.28483],[-48.509,-19.28416],[-48.50822,-19.28304],[-48.50814,-19.28256],[-48.5084,-19.28219],[-48.50889,-19.28205],[-48.5094,-19.28218],[-48.50983,-19.28199],[-48.50987,-19.28103],[-48.5103,-19.28063],[-48.51065,-19.281],[-48.51085,-19.28194],[-48.51131,-19.28196],[-48.51162,-19.28161],[-48.51238,-19.28211],[-48.51291,-19.28215],[-48.51334,-19.28125],[-48.51336,-19.28077],[-48.51428,-19.28044],[-48.51415,-19.27943],[-48.51429,-19.27894],[-48.51518,-19.27857],[-48.51539,-19.27767],[-48.51626,-19.2772],[-48.51602,-19.27674],[-48.51558,-19.27645],[-48.51545,-19.27596],[-48.51584,-19.27555],[-48.51612,-19.27449],[-48.5165,-19.27405],[-48.51703,-19.27393],[-48.51847,-19.27426],[-48.5189,-19.27396],[-48.5181,-19.27343],[-48.51792,-19.27298],[-48.51828,-19.27267],[-48.51921,-19.27278],[-48.51969,-19.27259],[-48.52277,-19.26969],[-48.52283,-19.26877],[-48.52259,-19.26838],[-48.52198,-19.26832],[-48.52181,-19.26783],[-48.52192,-19.26726],[-48.52332,-19.26635],[-48.52411,-19.2651],[-48.52553,-19.26447],[-48.52599,-19.2637],[-48.52642,-19.26347],[-48.52734,-19.26365],[-48.52787,-19.26328],[-48.52809,-19.26286],[-48.52872,-19.26249],[-48.5295,-19.26377],[-48.53042,-19.26332],[-48.53105,-19.26325],[-48.53147,-19.26456],[-48.53228,-19.26504],[-48.53274,-19.26499],[-48.53382,-19.2638],[-48.5358,-19.26301],[-48.53783,-19.26269],[-48.54073,-19.26182],[-48.54177,-19.26075],[-48.54308,-19.25867],[-48.54475,-19.25522],[-48.54724,-19.25488],[-48.54936,-19.25362],[-48.55042,-19.25237],[-48.55139,-19.25229],[-48.55228,-19.25194],[-48.55342,-19.252],[-48.55513,-19.25086],[-48.55587,-19.24963],[-48.5563,-19.24553],[-48.55689,-19.24373],[-48.55873,-19.24381],[-48.5606,-19.24432],[-48.56106,-19.24427],[-48.56192,-19.24346],[-48.56281,-19.24203],[-48.56365,-19.24122],[-48.56502,-19.24038],[-48.56655,-19.24016],[-48.56742,-19.23978],[-48.56753,-19.23865],[-48.56681,-19.23682],[-48.56702,-19.23624],[-48.57166,-19.23512],[-48.57263,-19.23447],[-48.57282,-19.23405],[-48.57259,-19.23297],[-48.56976,-19.23124],[-48.56966,-19.23081],[-48.57002,-19.23048],[-48.57328,-19.22907],[-48.5759,-19.22871],[-48.57738,-19.22879],[-48.57786,-19.22888],[-48.58074,-19.23088],[-48.58416,-19.23099],[-48.58455,-19.23126],[-48.58494,-19.23223],[-48.58545,-19.23236],[-48.58698,-19.23216],[-48.58744,-19.23244],[-48.58779,-19.23094],[-48.58779,-19.23048],[-48.58734,-19.22956],[-48.58769,-19.22808],[-48.58759,-19.22698],[-48.58667,-19.22519],[-48.5853,-19.22368],[-48.58517,-19.22269],[-48.58609,-19.22206],[-48.58706,-19.22185],[-48.58761,-19.22189],[-48.58854,-19.22246],[-48.58923,-19.22328],[-48.59038,-19.22553],[-48.59107,-19.22626],[-48.59171,-19.22754],[-48.59217,-19.22786],[-48.59271,-19.2277],[-48.59556,-19.2265],[-48.59623,-19.22578],[-48.59622,-19.2253],[-48.5956,-19.22367],[-48.59457,-19.22163],[-48.59451,-19.22105],[-48.59477,-19.22064],[-48.59656,-19.21933],[-48.59919,-19.21834],[-48.59998,-19.21765],[-48.60313,-19.21698],[-48.60494,-19.21606],[-48.60651,-19.21575],[-48.60756,-19.21436],[-48.60802,-19.21406],[-48.60916,-19.21439],[-48.61049,-19.21417],[-48.61088,-19.21447],[-48.6109,-19.21659],[-48.61164,-19.21739],[-48.61198,-19.21826],[-48.61195,-19.22022],[-48.61293,-19.22141],[-48.6134,-19.22156],[-48.61388,-19.22167],[-48.6151,-19.21998],[-48.61504,-19.21906],[-48.61523,-19.21814],[-48.61599,-19.21666],[-48.61688,-19.21622],[-48.61832,-19.21673],[-48.61885,-19.21675],[-48.61914,-19.21636],[-48.61968,-19.21454],[-48.62009,-19.21423],[-48.62138,-19.21489],[-48.62228,-19.21758],[-48.62286,-19.21782],[-48.62358,-19.21717],[-48.62389,-19.21659],[-48.62422,-19.21567],[-48.62452,-19.21378],[-48.6245,-19.21143],[-48.62356,-19.21006],[-48.62321,-19.20861],[-48.62323,-19.20804],[-48.62383,-19.20734],[-48.62421,-19.20642],[-48.62568,-19.20622],[-48.62738,-19.20637],[-48.62851,-19.20732],[-48.6304,-19.208],[-48.6332,-19.20643],[-48.63371,-19.20643],[-48.63646,-19.20793],[-48.63782,-19.20817],[-48.64007,-19.20796],[-48.64233,-19.20887],[-48.6435,-19.20883],[-48.64393,-19.20906],[-48.64507,-19.20912],[-48.64551,-19.20895],[-48.64545,-19.20796],[-48.64562,-19.20746],[-48.64661,-19.20505],[-48.64726,-19.20427],[-48.6482,-19.20396],[-48.64922,-19.20409],[-48.65164,-19.20393],[-48.65311,-19.20339],[-48.65468,-19.20243],[-48.65595,-19.2009],[-48.65669,-19.19953],[-48.6572,-19.19732],[-48.65787,-19.19653],[-48.65977,-19.19707],[-48.66055,-19.19759],[-48.66106,-19.19844],[-48.66176,-19.20071],[-48.66257,-19.20137],[-48.6657,-19.20176],[-48.66618,-19.20157],[-48.66698,-19.20101],[-48.66739,-19.19912],[-48.66763,-19.19866],[-48.66871,-19.19761],[-48.67067,-19.19757],[-48.67407,-19.19803],[-48.67433,-19.19766],[-48.67401,-19.1963],[-48.67259,-19.1947],[-48.67132,-19.19179],[-48.67122,-19.19087],[-48.6715,-19.18992],[-48.67229,-19.18943],[-48.67651,-19.18958],[-48.67748,-19.18994],[-48.67817,-19.19072],[-48.6796,-19.19093],[-48.68001,-19.19063],[-48.68107,-19.19039],[-48.68186,-19.1893],[-48.68316,-19.18862],[-48.68395,-19.18712],[-48.68494,-19.18672],[-48.68647,-19.18701],[-48.68749,-19.18743],[-48.68786,-19.18773],[-48.68803,-19.18821],[-48.68816,-19.18934],[-48.68767,-19.19125],[-48.68657,-19.19283],[-48.6867,-19.1937],[-48.68773,-19.19489],[-48.68819,-19.19514],[-48.68875,-19.19511],[-48.6903,-19.19448],[-48.69078,-19.19452],[-48.69233,-19.1948],[-48.69384,-19.19546],[-48.69433,-19.1955],[-48.69498,-19.19485],[-48.69502,-19.19437],[-48.69457,-19.19064],[-48.69478,-19.18953],[-48.69649,-19.18853],[-48.69772,-19.18845],[-48.69879,-19.18862],[-48.69923,-19.18823],[-48.69933,-19.18685],[-48.69847,-19.18563],[-48.69861,-19.1852],[-48.69989,-19.18431],[-48.7008,-19.18322],[-48.70212,-19.1821],[-48.7026,-19.18129],[-48.70438,-19.17983],[-48.70493,-19.17959],[-48.70643,-19.17958],[-48.70861,-19.17896],[-48.71016,-19.17878],[-48.71166,-19.17889],[-48.71319,-19.17936],[-48.71467,-19.17918],[-48.71571,-19.17929],[-48.71819,-19.18019],[-48.71962,-19.18013],[-48.72115,-19.18067],[-48.72266,-19.18077],[-48.72459,-19.18057],[-48.72765,-19.17904],[-48.72821,-19.17876],[-48.72886,-19.17804],[-48.7293,-19.17663],[-48.72978,-19.17352],[-48.73038,-19.17269],[-48.73191,-19.17293],[-48.73297,-19.17266],[-48.73374,-19.1721],[-48.73504,-19.17159],[-48.73665,-19.17031],[-48.7372,-19.16947],[-48.73732,-19.16896],[-48.73617,-19.16801],[-48.73599,-19.16711],[-48.73637,-19.16676],[-48.73772,-19.16611],[-48.73929,-19.16466],[-48.73977,-19.16454],[-48.7419,-19.16487],[-48.74369,-19.16465],[-48.74459,-19.16411],[-48.74599,-19.16191],[-48.7462,-19.16094],[-48.74701,-19.15941],[-48.74852,-19.15514],[-48.74977,-19.15234],[-48.75163,-19.14949],[-48.75271,-19.14838],[-48.75447,-19.14747],[-48.75814,-19.14642],[-48.75979,-19.14627],[-48.7607,-19.14573],[-48.76363,-19.14494],[-48.76652,-19.14363],[-48.76698,-19.1436],[-48.76768,-19.14299],[-48.77047,-19.13919],[-48.77304,-19.13689],[-48.77537,-19.13445],[-48.77683,-19.13328],[-48.78223,-19.13063],[-48.78383,-19.13032],[-48.78533,-19.13026],[-48.78627,-19.12993],[-48.78694,-19.12914],[-48.78754,-19.12674],[-48.78817,-19.12595],[-48.79613,-19.12053],[-48.79914,-19.11878],[-48.80124,-19.11832],[-48.80345,-19.11865],[-48.80439,-19.11854],[-48.80473,-19.11824],[-48.805,-19.11684],[-48.80628,-19.11599],[-48.80727,-19.11603],[-48.80911,-19.11541],[-48.81015,-19.11527],[-48.81159,-19.11459],[-48.8138,-19.11302],[-48.81569,-19.11291],[-48.81675,-19.11246],[-48.81701,-19.112],[-48.817,-19.11101],[-48.81824,-19.10879],[-48.82191,-19.10528],[-48.82279,-19.104],[-48.82355,-19.10335],[-48.82256,-19.10249],[-48.82158,-19.10206],[-48.82051,-19.10094],[-48.81926,-19.10017],[-48.8178,-19.09878],[-48.81685,-19.09842],[-48.81626,-19.09755],[-48.816,-19.09647],[-48.81505,-19.09528],[-48.81466,-19.09503],[-48.81309,-19.09569],[-48.81253,-19.09574],[-48.81095,-19.09525],[-48.8101,-19.09459],[-48.80921,-19.09269],[-48.80862,-19.09249],[-48.80819,-19.09268],[-48.80713,-19.0913],[-48.80669,-19.09036],[-48.80567,-19.09007],[-48.80429,-19.08813],[-48.80327,-19.08796],[-48.80188,-19.08884],[-48.80088,-19.08899],[-48.7989,-19.08682],[-48.79673,-19.08491],[-48.79626,-19.08475],[-48.7952,-19.08495],[-48.79327,-19.08602],[-48.79236,-19.08626],[-48.79087,-19.08563],[-48.78946,-19.08459],[-48.78921,-19.0842],[-48.78807,-19.08384],[-48.78691,-19.08385],[-48.78566,-19.08313],[-48.78336,-19.08329],[-48.78276,-19.08343],[-48.78141,-19.08418],[-48.78042,-19.08433],[-48.77991,-19.08417],[-48.77769,-19.08244],[-48.77656,-19.08084],[-48.77468,-19.07968],[-48.77265,-19.07961],[-48.7718,-19.0801],[-48.77062,-19.08043],[-48.76943,-19.08021],[-48.76792,-19.07952],[-48.7678,-19.07887],[-48.76736,-19.07867],[-48.76513,-19.07821],[-48.76303,-19.07733],[-48.76257,-19.07735],[-48.76212,-19.07766],[-48.76116,-19.07601],[-48.76074,-19.07578],[-48.76028,-19.07574],[-48.75784,-19.0765],[-48.75627,-19.07615],[-48.75566,-19.07634],[-48.75275,-19.07837],[-48.75128,-19.07895],[-48.75089,-19.07866],[-48.75052,-19.07776],[-48.75068,-19.07687],[-48.75033,-19.07581],[-48.75001,-19.07549],[-48.74856,-19.07543],[-48.74805,-19.07558],[-48.74681,-19.07699],[-48.74638,-19.07778],[-48.74622,-19.07868],[-48.7454,-19.07917],[-48.74482,-19.07908],[-48.74307,-19.0785],[-48.74113,-19.07564],[-48.74016,-19.07563],[-48.73921,-19.07536],[-48.73833,-19.07477],[-48.73743,-19.07372],[-48.73696,-19.07351],[-48.7352,-19.0739],[-48.73371,-19.0746],[-48.73208,-19.07448],[-48.73112,-19.07467],[-48.73059,-19.07488],[-48.72992,-19.07563],[-48.72931,-19.07572],[-48.72804,-19.0747],[-48.72705,-19.07448],[-48.7251,-19.07351],[-48.72281,-19.07422],[-48.72237,-19.0739],[-48.72238,-19.07296],[-48.72187,-19.07011],[-48.72148,-19.06979],[-48.72097,-19.06975],[-48.72003,-19.07012],[-48.71868,-19.07103],[-48.7167,-19.07183],[-48.7137,-19.07363],[-48.70952,-19.07224],[-48.70699,-19.0739],[-48.70651,-19.07517],[-48.70592,-19.07605],[-48.70532,-19.07622],[-48.70359,-19.07582],[-48.70131,-19.07623],[-48.70077,-19.07659],[-48.70059,-19.07716],[-48.70095,-19.0793],[-48.69966,-19.0806],[-48.69883,-19.08097],[-48.69822,-19.08159],[-48.69801,-19.08208],[-48.69528,-19.08414],[-48.69233,-19.08376],[-48.69216,-19.08301],[-48.69224,-19.08241],[-48.69291,-19.08141],[-48.69407,-19.08065],[-48.69588,-19.07991],[-48.69598,-19.07939],[-48.69568,-19.0788],[-48.69278,-19.07885],[-48.69056,-19.07771],[-48.68964,-19.07776],[-48.68881,-19.07817],[-48.68849,-19.07897],[-48.68767,-19.0795],[-48.68686,-19.07948],[-48.68596,-19.07994],[-48.68516,-19.07987],[-48.68481,-19.07922],[-48.685,-19.07612],[-48.68399,-19.07562],[-48.68079,-19.07664],[-48.68045,-19.07778],[-48.67817,-19.07965],[-48.67699,-19.07981],[-48.67657,-19.08014],[-48.67642,-19.0808],[-48.67609,-19.0811],[-48.67416,-19.08098],[-48.67327,-19.08167],[-48.67312,-19.08249],[-48.67278,-19.08265],[-48.67232,-19.08259],[-48.67196,-19.08295],[-48.67255,-19.08374],[-48.67381,-19.08482],[-48.67386,-19.08513],[-48.67342,-19.08706],[-48.67271,-19.0885],[-48.67268,-19.08957],[-48.67237,-19.09061],[-48.67157,-19.09],[-48.67014,-19.0861],[-48.66891,-19.08526],[-48.66852,-19.08448],[-48.66637,-19.08468],[-48.66574,-19.08432],[-48.66542,-19.0839],[-48.66414,-19.08449],[-48.66434,-19.08486],[-48.66411,-19.08515],[-48.66266,-19.0846],[-48.66253,-19.0848],[-48.66287,-19.08518],[-48.66281,-19.08556],[-48.66247,-19.08568],[-48.66182,-19.08501],[-48.66148,-19.08507],[-48.66088,-19.08594],[-48.66059,-19.08625],[-48.66026,-19.08628],[-48.65997,-19.0867],[-48.66014,-19.08704],[-48.6609,-19.08751],[-48.66062,-19.08771],[-48.66039,-19.08849],[-48.65932,-19.08856],[-48.65993,-19.08941],[-48.65832,-19.08964],[-48.65662,-19.09167],[-48.65628,-19.09258],[-48.65529,-19.09316],[-48.6546,-19.09539],[-48.65385,-19.09563],[-48.65338,-19.09602],[-48.65331,-19.0965],[-48.65265,-19.09736],[-48.6522,-19.09753],[-48.65176,-19.09735],[-48.65115,-19.09779],[-48.65032,-19.09929],[-48.6507,-19.09971],[-48.65069,-19.10008],[-48.65001,-19.10032],[-48.64963,-19.10021],[-48.64921,-19.09961],[-48.64877,-19.09958],[-48.64735,-19.10025],[-48.64651,-19.10093],[-48.64579,-19.10025],[-48.64544,-19.10034],[-48.6451,-19.10098],[-48.64569,-19.10115],[-48.64569,-19.10282],[-48.64478,-19.10319],[-48.64266,-19.10311],[-48.64213,-19.10325],[-48.64146,-19.10436],[-48.57673,-19.07152],[-48.5748,-19.07048],[-48.57184,-19.06772],[-48.57087,-19.06758],[-48.57056,-19.06787],[-48.56948,-19.06712],[-48.56924,-19.06746],[-48.56924,-19.06822],[-48.56902,-19.06839],[-48.5684,-19.06806],[-48.56815,-19.06815],[-48.5679,-19.06862],[-48.56719,-19.06846],[-48.56672,-19.06891],[-48.56655,-19.06805],[-48.56603,-19.06778],[-48.56596,-19.06747],[-48.56568,-19.06748],[-48.56557,-19.06794],[-48.5638,-19.06842],[-48.56373,-19.06869],[-48.56393,-19.06888],[-48.56386,-19.06916],[-48.56414,-19.06981],[-48.56398,-19.06997],[-48.56348,-19.06984],[-48.56319,-19.07019],[-48.56261,-19.07043],[-48.56189,-19.07029],[-48.56152,-19.07098],[-48.5617,-19.0722],[-48.56141,-19.07241],[-48.56083,-19.07214],[-48.56046,-19.07277],[-48.56015,-19.07285],[-48.55893,-19.07218],[-48.5593,-19.07161],[-48.55924,-19.07102],[-48.55892,-19.07119],[-48.55911,-19.07132],[-48.55899,-19.07154],[-48.55877,-19.07158],[-48.55818,-19.0712],[-48.55774,-19.0712],[-48.55755,-19.07158],[-48.55718,-19.07167],[-48.55686,-19.07136],[-48.55646,-19.07157],[-48.55656,-19.07204],[-48.55604,-19.07208],[-48.55543,-19.07203],[-48.55414,-19.0709],[-48.5537,-19.07104],[-48.55351,-19.07145],[-48.55286,-19.07184],[-48.553,-19.0721],[-48.55282,-19.07242],[-48.55194,-19.07244],[-48.55068,-19.07185],[-48.5505,-19.07203],[-48.55059,-19.07245],[-48.55116,-19.07289],[-48.55099,-19.07324],[-48.5504,-19.07354],[-48.54947,-19.07323],[-48.54934,-19.07395],[-48.54889,-19.07367],[-48.54855,-19.07377],[-48.54855,-19.07436],[-48.54818,-19.07478],[-48.54796,-19.07435],[-48.54719,-19.0743],[-48.54693,-19.07442],[-48.5472,-19.07494],[-48.54682,-19.07516],[-48.54622,-19.07466],[-48.54614,-19.07518],[-48.54544,-19.07564],[-48.54499,-19.07562],[-48.54499,-19.07496],[-48.54475,-19.07486],[-48.54432,-19.07531],[-48.54292,-19.07516],[-48.54223,-19.07572],[-48.54184,-19.07654],[-48.54047,-19.07769],[-48.53976,-19.07862],[-48.53749,-19.07938],[-48.53693,-19.07984],[-48.53621,-19.07942],[-48.53547,-19.07974],[-48.53504,-19.07872],[-48.53449,-19.07837],[-48.53391,-19.07867],[-48.53402,-19.0779],[-48.53384,-19.07764],[-48.53314,-19.07721],[-48.53306,-19.07749],[-48.53295,-19.07695],[-48.53241,-19.07664],[-48.53162,-19.07708],[-48.53145,-19.07779],[-48.53117,-19.07801],[-48.52848,-19.07816],[-48.52803,-19.07858],[-48.52799,-19.07962],[-48.52688,-19.08101],[-48.52708,-19.0815],[-48.52702,-19.08189],[-48.5264,-19.08178],[-48.52569,-19.08241],[-48.52545,-19.08238],[-48.52484,-19.08134],[-48.52418,-19.08148],[-48.52324,-19.08205],[-48.52269,-19.08203],[-48.52192,-19.0818],[-48.52077,-19.08089],[-48.51972,-19.0807],[-48.51844,-19.08106],[-48.51783,-19.08196],[-48.5171,-19.0822],[-48.51645,-19.08216],[-48.51517,-19.08117],[-48.51471,-19.08044],[-48.51449,-19.07911],[-48.51375,-19.07808],[-48.51314,-19.07788],[-48.51022,-19.07791],[-48.50968,-19.07822],[-48.50862,-19.07955],[-48.50774,-19.08032],[-48.50815,-19.08113],[-48.50799,-19.08148],[-48.50702,-19.08198],[-48.5054,-19.08224],[-48.50494,-19.08251],[-48.50405,-19.08347],[-48.50391,-19.08438],[-48.50368,-19.08462],[-48.50293,-19.08462],[-48.50243,-19.08544],[-48.5023,-19.08604],[-48.50161,-19.0867],[-48.50114,-19.08689],[-48.50041,-19.08683],[-48.50021,-19.08753],[-48.49984,-19.08782],[-48.49796,-19.08826],[-48.49752,-19.08803],[-48.49699,-19.08727],[-48.49587,-19.08666],[-48.49538,-19.08662],[-48.49496,-19.08689],[-48.49489,-19.08726],[-48.49523,-19.08772],[-48.49517,-19.08802],[-48.49433,-19.08807],[-48.49325,-19.08912],[-48.49289,-19.08921],[-48.49243,-19.08892],[-48.49184,-19.08884],[-48.49103,-19.089],[-48.49092,-19.08937],[-48.49107,-19.09029],[-48.49092,-19.09068],[-48.49058,-19.09108],[-48.4901,-19.09111],[-48.48651,-19.08918],[-48.48524,-19.08699],[-48.48404,-19.08698],[-48.48384,-19.08625],[-48.48355,-19.08636],[-48.4836,-19.08708],[-48.48421,-19.08775],[-48.48418,-19.08854],[-48.48174,-19.08815],[-48.48016,-19.08842],[-48.47984,-19.08883],[-48.48013,-19.08981],[-48.48014,-19.091],[-48.48114,-19.0912],[-48.48128,-19.0915],[-48.48115,-19.09193],[-48.48084,-19.09205],[-48.47853,-19.09064],[-48.47685,-19.09159],[-48.47652,-19.09202],[-48.47664,-19.09321],[-48.47582,-19.09401],[-48.47648,-19.09471],[-48.47638,-19.09516],[-48.47581,-19.09533],[-48.47498,-19.09452],[-48.47493,-19.09345],[-48.4738,-19.09195],[-48.47319,-19.09183],[-48.47157,-19.09342],[-48.47108,-19.09418],[-48.47008,-19.09473],[-48.47018,-19.09582],[-48.46971,-19.09642],[-48.46783,-19.0968],[-48.46731,-19.09627],[-48.46695,-19.0964],[-48.46605,-19.09628],[-48.46522,-19.09671],[-48.46413,-19.0953],[-48.46403,-19.09546],[-48.46325,-19.09551],[-48.46314,-19.09611],[-48.46351,-19.09628],[-48.46348,-19.09663],[-48.46236,-19.09707],[-48.46306,-19.09817],[-48.46277,-19.09866],[-48.46219,-19.09848],[-48.46138,-19.09876],[-48.46102,-19.09858],[-48.46008,-19.09693],[-48.45972,-19.09684],[-48.45922,-19.09739],[-48.45888,-19.09825],[-48.45852,-19.09855],[-48.45803,-19.09862],[-48.45551,-19.09719],[-48.45396,-19.09662],[-48.45234,-19.09646],[-48.45135,-19.09649],[-48.44965,-19.09712],[-48.4468,-19.09738],[-48.44456,-19.09801],[-48.44453,-19.09831],[-48.44498,-19.09889],[-48.44498,-19.0994],[-48.44446,-19.09966],[-48.44203,-19.09909],[-48.44218,-19.09852],[-48.44199,-19.09819],[-48.4416,-19.09804],[-48.44173,-19.09853],[-48.44132,-19.0988],[-48.44088,-19.09867],[-48.44055,-19.09928],[-48.43996,-19.09947],[-48.43974,-19.09771],[-48.4388,-19.09704],[-48.43762,-19.09725],[-48.43719,-19.09713],[-48.43581,-19.09748],[-48.43573,-19.099],[-48.43551,-19.09932],[-48.43416,-19.09939],[-48.43356,-19.09898],[-48.43372,-19.09845],[-48.43354,-19.09725],[-48.43285,-19.09649],[-48.4321,-19.09642],[-48.43203,-19.09719],[-48.43114,-19.09764],[-48.43015,-19.09785],[-48.42881,-19.09757],[-48.42851,-19.09808],[-48.42738,-19.09873],[-48.42801,-19.10033],[-48.42911,-19.10952],[-48.42869,-19.11105],[-48.42813,-19.11213],[-48.42462,-19.11784],[-48.42219,-19.12115],[-48.4205,-19.12497],[-48.42043,-19.12952],[-48.42065,-19.13367],[-48.42119,-19.14049],[-48.42713,-19.15058],[-48.4274,-19.15187],[-48.42723,-19.15883],[-48.42779,-19.16003],[-48.43254,-19.16652],[-48.43127,-19.16932],[-48.43056,-19.17197],[-48.4293,-19.17284],[-48.42521,-19.17076]],[[-48.43064,-19.25738],[-48.43011,-19.25732],[-48.42938,-19.2578],[-48.42958,-19.25886],[-48.42826,-19.25964],[-48.4276,-19.25949],[-48.42405,-19.25318],[-48.42507,-19.25227],[-48.42509,-19.25177],[-48.4255,-19.2513],[-48.42532,-19.25014],[-48.42697,-19.24964],[-48.4281,-19.24887],[-48.42886,-19.24944],[-48.42868,-19.25004],[-48.42881,-19.25039],[-48.42869,-19.25143],[-48.42898,-19.25181],[-48.42896,-19.25226],[-48.4295,-19.25381],[-48.43064,-19.2543],[-48.43029,-19.25458],[-48.43078,-19.25539],[-48.43073,-19.25571],[-48.43098,-19.25585],[-48.43094,-19.25618],[-48.43134,-19.25622],[-48.43158,-19.25649],[-48.43064,-19.25738]]]}},{"id":"102","type":"Feature","properties":{"bairro":"Zona rural — Tapuirama","distrito":"Tapuirama","regiao":"Tapuirama","setores":1,"urbano":0},"geometry":{"type":"Polygon","coordinates":[[[-47.97785,-19.0548],[-47.97733,-19.05571],[-47.9787,-19.05644],[-47.97774,-19.05817],[-47.97797,-19.05989],[-47.98095,-19.06249],[-47.98007,-19.0634],[-47.97953,-19.06293],[-47.97704,-19.06336],[-47.97707,-19.06374],[-47.97733,-19.06423],[-47.97805,-19.06382],[-47.97839,-19.06384],[-47.97941,-19.06474],[-47.98032,-19.06456],[-47.981,-19.06529],[-47.98428,-19.06075],[-47.98094,-19.05945],[-47.97872,-19.05571],[-47.97785,-19.0548]]]}},{"id":"103","type":"Feature","properties":{"bairro":"Zona rural — Uberlândia","distrito":"Uberlândia","regiao":"Uberlândia","setores":7,"urbano":0},"geometry":{"type":"MultiPolygon","coordinates":[[[[-48.40268,-18.91227],[-48.39924,-18.90693],[-48.39723,-18.90686],[-48.39597,-18.90703],[-48.38942,-18.90215],[-48.38778,-18.90217],[-48.38452,-18.91586],[-48.40268,-18.91227]]],[[[-48.4503,-18.87968],[-48.45163,-18.88355],[-48.45331,-18.88628],[-48.45358,-18.88734],[-48.51013,-18.87812],[-48.53823,-18.87318],[-48.56684,-18.86778],[-48.57424,-18.86803],[-48.57654,-18.8671],[-48.58214,-18.86566],[-48.58313,-18.86529],[-48.58492,-18.86417],[-48.58938,-18.86362],[-48.59206,-18.86194],[-48.59344,-18.85996],[-48.59426,-18.8581],[-48.59455,-18.85698],[-48.59546,-18.85551],[-48.59701,-18.85172],[-48.59921,-18.84735],[-48.6002,-18.8445],[-48.60143,-18.8422],[-48.60152,-18.84043],[-48.60121,-18.83953],[-48.59771,-18.83995],[-48.59535,-18.83974],[-48.59303,-18.83938],[-48.58869,-18.8379],[-48.58627,-18.8374],[-48.58512,-18.83694],[-48.58208,-18.83524],[-48.57918,-18.83402],[-48.57556,-18.83207],[-48.57175,-18.82961],[-48.57131,-18.83053],[-48.56955,-18.83159],[-48.56899,-18.83393],[-48.56579,-18.83684],[-48.56456,-18.83669],[-48.56413,-18.83687],[-48.56044,-18.83985],[-48.55874,-18.84064],[-48.55417,-18.84171],[-48.55142,-18.84203],[-48.55074,-18.84035],[-48.54754,-18.83757],[-48.54499,-18.83389],[-48.54209,-18.8321],[-48.54161,-18.83132],[-48.5404,-18.83063],[-48.5384,-18.82985],[-48.53664,-18.82842],[-48.5356,-18.82791],[-48.5337,-18.82736],[-48.5329,-18.82748],[-48.52926,-18.82883],[-48.52875,-18.82867],[-48.5268,-18.8269],[-48.52364,-18.82589],[-48.52217,-18.82625],[-48.52149,-18.82701],[-48.51985,-18.828],[-48.51814,-18.82841],[-48.51763,-18.82825],[-48.51553,-18.82664],[-48.51391,-18.82659],[-48.51256,-18.82501],[-48.51235,-18.82411],[-48.51252,-18.82367],[-48.51025,-18.82202],[-48.51027,-18.8205],[-48.5096,-18.8188],[-48.50784,-18.81563],[-48.50449,-18.81243],[-48.50476,-18.81204],[-48.5048,-18.81151],[-48.50343,-18.81066],[-48.50222,-18.80924],[-48.50111,-18.80892],[-48.50008,-18.80775],[-48.49869,-18.80726],[-48.49772,-18.80617],[-48.49573,-18.80566],[-48.4952,-18.80528],[-48.49409,-18.80543],[-48.49266,-18.8039],[-48.49241,-18.80396],[-48.49223,-18.80371],[-48.49246,-18.80312],[-48.49221,-18.80254],[-48.49124,-18.80246],[-48.49089,-18.80196],[-48.4899,-18.80132],[-48.48875,-18.80096],[-48.48829,-18.80052],[-48.48702,-18.80048],[-48.48589,-18.79954],[-48.4834,-18.79854],[-48.48237,-18.79744],[-48.48064,-18.79444],[-48.47924,-18.7931],[-48.47857,-18.79275],[-48.47724,-18.7924],[-48.47513,-18.79279],[-48.47407,-18.79278],[-48.4724,-18.79335],[-48.47193,-18.79327],[-48.4688,-18.79518],[-48.46612,-18.79518],[-48.46286,-18.79601],[-48.45506,-18.79993],[-48.45498,-18.79874],[-48.45526,-18.79787],[-48.45503,-18.7973],[-48.45396,-18.79524],[-48.45304,-18.79439],[-48.45309,-18.79423],[-48.45226,-18.79327],[-48.44745,-18.79081],[-48.44635,-18.79072],[-48.446,-18.79052],[-48.44599,-18.79013],[-48.44513,-18.78942],[-48.44423,-18.78911],[-48.44396,-18.78856],[-48.44385,-18.78739],[-48.44255,-18.7865],[-48.44208,-18.78556],[-48.44139,-18.78522],[-48.4406,-18.78378],[-48.43993,-18.78373],[-48.43935,-18.78339],[-48.43896,-18.78276],[-48.43821,-18.78217],[-48.43756,-18.78173],[-48.43669,-18.78162],[-48.43541,-18.78081],[-48.43526,-18.78037],[-48.43383,-18.78004],[-48.43354,-18.77963],[-48.43298,-18.77957],[-48.43278,-18.77915],[-48.43282,-18.77823],[-48.43165,-18.77687],[-48.43084,-18.7764],[-48.42993,-18.77516],[-48.42888,-18.77598],[-48.42482,-18.77699],[-48.42351,-18.77749],[-48.42261,-18.7782],[-48.42146,-18.77869],[-48.42088,-18.77877],[-48.41919,-18.77838],[-48.41696,-18.78013],[-48.41503,-18.78088],[-48.41424,-18.78167],[-48.41341,-18.78215],[-48.4124,-18.78337],[-48.41142,-18.78406],[-48.41,-18.78468],[-48.40634,-18.78748],[-48.40548,-18.78921],[-48.40613,-18.7925],[-48.40594,-18.79318],[-48.40225,-18.79416],[-48.40196,-18.79463],[-48.40147,-18.79818],[-48.40091,-18.79932],[-48.3994,-18.80122],[-48.39758,-18.80176],[-48.3955,-18.80282],[-48.39512,-18.80371],[-48.39525,-18.80471],[-48.39513,-18.80544],[-48.39461,-18.80576],[-48.39025,-18.80588],[-48.38915,-18.80654],[-48.38855,-18.807],[-48.38812,-18.80953],[-48.38703,-18.8112],[-48.38563,-18.81263],[-48.38443,-18.81342],[-48.38303,-18.81345],[-48.38204,-18.81381],[-48.38156,-18.81422],[-48.38082,-18.81644],[-48.37887,-18.81856],[-48.37859,-18.81932],[-48.37826,-18.82161],[-48.37693,-18.82261],[-48.37657,-18.82412],[-48.3756,-18.82589],[-48.37375,-18.82692],[-48.37352,-18.82808],[-48.37305,-18.82897],[-48.37012,-18.831],[-48.36931,-18.83219],[-48.36852,-18.83435],[-48.36699,-18.83578],[-48.36546,-18.83829],[-48.36453,-18.84036],[-48.36441,-18.84096],[-48.36461,-18.84149],[-48.36346,-18.84228],[-48.36306,-18.8429],[-48.36302,-18.84424],[-48.36231,-18.84521],[-48.36221,-18.84585],[-48.36167,-18.84605],[-48.36075,-18.84574],[-48.35706,-18.84816],[-48.35559,-18.85038],[-48.35464,-18.85098],[-48.35268,-18.85082],[-48.3519,-18.85108],[-48.35141,-18.84979],[-48.35014,-18.84935],[-48.34992,-18.84797],[-48.34853,-18.8467],[-48.34702,-18.8462],[-48.34675,-18.84583],[-48.34496,-18.84492],[-48.34444,-18.84424],[-48.34395,-18.8429],[-48.34261,-18.84177],[-48.342,-18.84086],[-48.33759,-18.8372],[-48.33674,-18.837],[-48.33492,-18.83503],[-48.33404,-18.83333],[-48.33098,-18.83076],[-48.33003,-18.829],[-48.32807,-18.8289],[-48.32823,-18.82562],[-48.31872,-18.82552],[-48.30994,-18.82075],[-48.30833,-18.82123],[-48.30511,-18.82082],[-48.30278,-18.81945],[-48.29993,-18.81891],[-48.2977,-18.81897],[-48.29561,-18.81995],[-48.29451,-18.82],[-48.29248,-18.82059],[-48.29207,-18.82121],[-48.2913,-18.82139],[-48.28996,-18.82109],[-48.28927,-18.8206],[-48.28714,-18.8171],[-48.28367,-18.81418],[-48.28273,-18.81376],[-48.28103,-18.81244],[-48.27671,-18.81016],[-48.27584,-18.80891],[-48.27406,-18.8071],[-48.2739,-18.80665],[-48.2731,-18.80602],[-48.27275,-18.80535],[-48.27073,-18.80376],[-48.26966,-18.80354],[-48.26925,-18.80321],[-48.26847,-18.80004],[-48.26796,-18.79981],[-48.26757,-18.79933],[-48.26666,-18.79782],[-48.26499,-18.79643],[-48.26484,-18.79573],[-48.26393,-18.79446],[-48.2636,-18.79332],[-48.26308,-18.79253],[-48.2631,-18.79076],[-48.26354,-18.78998],[-48.26451,-18.78924],[-48.26449,-18.78846],[-48.26405,-18.78778],[-48.26439,-18.78477],[-48.26412,-18.78417],[-48.26423,-18.78159],[-48.26382,-18.78109],[-48.26395,-18.78059],[-48.26478,-18.78091],[-48.26533,-18.78051],[-48.26576,-18.77942],[-48.26638,-18.77848],[-48.26609,-18.77704],[-48.26529,-18.77579],[-48.26482,-18.77546],[-48.26445,-18.77376],[-48.26381,-18.77311],[-48.26155,-18.77312],[-48.26009,-18.77335],[-48.25901,-18.77514],[-48.25797,-18.77524],[-48.25534,-18.77342],[-48.25399,-18.7707],[-48.25108,-18.7691],[-48.24794,-18.76839],[-48.24743,-18.76862],[-48.2471,-18.76904],[-48.24665,-18.77008],[-48.24687,-18.77061],[-48.24677,-18.77256],[-48.24607,-18.77459],[-48.24559,-18.77542],[-48.24499,-18.77752],[-48.24251,-18.78078],[-48.24203,-18.78108],[-48.24106,-18.78107],[-48.24004,-18.77977],[-48.24018,-18.77685],[-48.24045,-18.77544],[-48.24095,-18.77434],[-48.24231,-18.77255],[-48.24291,-18.77002],[-48.24151,-18.76771],[-48.24136,-18.76682],[-48.24063,-18.76611],[-48.23924,-18.76537],[-48.23827,-18.76409],[-48.23781,-18.76389],[-48.23053,-18.76285],[-48.2285,-18.76206],[-48.22542,-18.76011],[-48.2234,-18.75838],[-48.22206,-18.75775],[-48.21946,-18.75757],[-48.21789,-18.75724],[-48.21477,-18.75731],[-48.21348,-18.75776],[-48.21086,-18.75962],[-48.20872,-18.75992],[-48.2063,-18.75952],[-48.20558,-18.75992],[-48.20422,-18.76127],[-48.20278,-18.76165],[-48.20116,-18.76155],[-48.19947,-18.76112],[-48.19825,-18.76033],[-48.19629,-18.75954],[-48.19369,-18.75931],[-48.19009,-18.75957],[-48.18863,-18.76025],[-48.1882,-18.76083],[-48.18691,-18.7645],[-48.18675,-18.76549],[-48.18685,-18.76611],[-48.18844,-18.76818],[-48.18908,-18.76949],[-48.18965,-18.77355],[-48.19034,-18.77557],[-48.19298,-18.77876],[-48.19326,-18.78053],[-48.19706,-18.78362],[-48.19872,-18.78395],[-48.19914,-18.7842],[-48.20028,-18.7852],[-48.20063,-18.78619],[-48.20047,-18.78768],[-48.19951,-18.78999],[-48.19857,-18.7908],[-48.19795,-18.79106],[-48.19556,-18.79133],[-48.1937,-18.79128],[-48.19257,-18.79097],[-48.18798,-18.79096],[-48.18522,-18.78995],[-48.18442,-18.78922],[-48.18429,-18.78879],[-48.18324,-18.78755],[-48.18116,-18.78613],[-48.17935,-18.78375],[-48.17909,-18.7824],[-48.17787,-18.78075],[-48.17772,-18.78011],[-48.17796,-18.7776],[-48.17706,-18.77711],[-48.1749,-18.7777],[-48.17391,-18.77764],[-48.1727,-18.77742],[-48.171,-18.77668],[-48.16953,-18.77644],[-48.16829,-18.77576],[-48.16568,-18.77757],[-48.16487,-18.77891],[-48.1645,-18.77995],[-48.16453,-18.78045],[-48.16565,-18.7815],[-48.16669,-18.78177],[-48.16783,-18.78282],[-48.16848,-18.78293],[-48.1692,-18.78487],[-48.16944,-18.78715],[-48.16938,-18.78843],[-48.16851,-18.79072],[-48.16843,-18.7926],[-48.16773,-18.79504],[-48.16778,-18.7955],[-48.16724,-18.79698],[-48.16693,-18.8002],[-48.16583,-18.8014],[-48.1651,-18.80281],[-48.1634,-18.80471],[-48.16243,-18.8061],[-48.16184,-18.80734],[-48.15998,-18.80982],[-48.15588,-18.81307],[-48.15435,-18.81386],[-48.15186,-18.81437],[-48.15022,-18.81445],[-48.14705,-18.81324],[-48.14465,-18.81133],[-48.14232,-18.80801],[-48.14151,-18.80643],[-48.14152,-18.80499],[-48.14187,-18.80303],[-48.14241,-18.80146],[-48.143,-18.8004],[-48.14627,-18.79704],[-48.14739,-18.79735],[-48.14737,-18.79834],[-48.14757,-18.79878],[-48.148,-18.79898],[-48.14851,-18.79879],[-48.14916,-18.79819],[-48.15063,-18.79611],[-48.15101,-18.79482],[-48.15092,-18.79358],[-48.14983,-18.79244],[-48.14933,-18.79161],[-48.14819,-18.79052],[-48.14523,-18.78846],[-48.13956,-18.78641],[-48.13882,-18.78768],[-48.13745,-18.79313],[-48.1373,-18.79435],[-48.13749,-18.7954],[-48.13729,-18.79612],[-48.13727,-18.79757],[-48.13764,-18.79803],[-48.13782,-18.79867],[-48.13684,-18.80047],[-48.13709,-18.80247],[-48.1373,-18.81004],[-48.14018,-18.81164],[-48.14075,-18.81349],[-48.14053,-18.81464],[-48.14121,-18.81855],[-48.14067,-18.82112],[-48.14028,-18.82526],[-48.14011,-18.83954],[-48.14056,-18.83938],[-48.14186,-18.83942],[-48.14253,-18.83689],[-48.14164,-18.83656],[-48.14385,-18.83083],[-48.14793,-18.82976],[-48.148,-18.83076],[-48.1479,-18.83169],[-48.14707,-18.83347],[-48.14641,-18.83357],[-48.14635,-18.83429],[-48.14563,-18.83537],[-48.1457,-18.83585],[-48.14547,-18.83611],[-48.14564,-18.83668],[-48.14535,-18.83708],[-48.14547,-18.83844],[-48.14471,-18.83843],[-48.14475,-18.84246],[-48.14007,-18.84252],[-48.14023,-18.84764],[-48.14108,-18.85068],[-48.14218,-18.85344],[-48.14246,-18.8552],[-48.14263,-18.8556],[-48.14928,-18.86326],[-48.15669,-18.87055],[-48.16011,-18.87504],[-48.16222,-18.87693],[-48.16287,-18.87733],[-48.1687,-18.87832],[-48.16991,-18.87895],[-48.17668,-18.88412],[-48.18005,-18.88844],[-48.18015,-18.88743],[-48.18183,-18.88382],[-48.18547,-18.88499],[-48.18484,-18.88636],[-48.18576,-18.88836],[-48.19168,-18.88062],[-48.19242,-18.88022],[-48.19382,-18.883],[-48.18891,-18.88797],[-48.18688,-18.8903],[-48.18783,-18.89155],[-48.18711,-18.8922],[-48.18678,-18.89162],[-48.18274,-18.89372],[-48.18771,-18.9026],[-48.18967,-18.90158],[-48.19066,-18.90079],[-48.19228,-18.89855],[-48.19554,-18.88941],[-48.19726,-18.88709],[-48.19869,-18.88573],[-48.20008,-18.88481],[-48.2015,-18.88411],[-48.20499,-18.88298],[-48.20641,-18.882],[-48.20726,-18.88106],[-48.21334,-18.87225],[-48.2139,-18.87051],[-48.21391,-18.86903],[-48.21369,-18.86795],[-48.21267,-18.86618],[-48.20896,-18.86268],[-48.20808,-18.86069],[-48.20806,-18.85958],[-48.20836,-18.85792],[-48.20938,-18.85624],[-48.21028,-18.85551],[-48.21115,-18.85501],[-48.21302,-18.85454],[-48.24038,-18.85376],[-48.24481,-18.85443],[-48.2464,-18.85495],[-48.25833,-18.86032],[-48.26055,-18.8605],[-48.26184,-18.86029],[-48.26304,-18.8598],[-48.27715,-18.8521],[-48.27999,-18.85147],[-48.28157,-18.85172],[-48.28237,-18.84996],[-48.29094,-18.83695],[-48.31402,-18.85052],[-48.33993,-18.8717],[-48.34187,-18.8698],[-48.34498,-18.86797],[-48.34538,-18.8664],[-48.34588,-18.86601],[-48.3468,-18.86596],[-48.34736,-18.86506],[-48.3465,-18.86329],[-48.34886,-18.86033],[-48.3489,-18.85916],[-48.34824,-18.85799],[-48.34975,-18.85604],[-48.35194,-18.85489],[-48.35225,-18.85377],[-48.35562,-18.85586],[-48.35675,-18.85584],[-48.35767,-18.85634],[-48.36033,-18.85671],[-48.36092,-18.85712],[-48.36203,-18.85739],[-48.36496,-18.85891],[-48.3708,-18.8615],[-48.37366,-18.86238],[-48.37738,-18.86434],[-48.37923,-18.86731],[-48.38013,-18.86931],[-48.38524,-18.87427],[-48.38531,-18.8766],[-48.38663,-18.8806],[-48.38725,-18.88118],[-48.38825,-18.88163],[-48.39017,-18.88211],[-48.39057,-18.8824],[-48.3946,-18.88793],[-48.38911,-18.89656],[-48.38902,-18.89704],[-48.42893,-18.89088],[-48.43548,-18.89009],[-48.43848,-18.88895],[-48.43868,-18.88833],[-48.44024,-18.88762],[-48.44202,-18.88612],[-48.4433,-18.88576],[-48.44584,-18.88194],[-48.4475,-18.88094],[-48.44855,-18.87988],[-48.44952,-18.88002],[-48.4503,-18.87968]],[[-48.30649,-18.83791],[-48.30385,-18.83561],[-48.30403,-18.83364],[-48.30523,-18.83281],[-48.30193,-18.8286],[-48.30235,-18.82833],[-48.30698,-18.83139],[-48.30963,-18.83376],[-48.30649,-18.83791]],[[-48.32162,-18.83758],[-48.32339,-18.83783],[-48.32276,-18.84274],[-48.32195,-18.84607],[-48.32088,-18.84581],[-48.32054,-18.84549],[-48.31974,-18.84525],[-48.31639,-18.84226],[-48.31558,-18.84139],[-48.3151,-18.83944],[-48.31707,-18.83747],[-48.31686,-18.83693],[-48.31986,-18.83699],[-48.32162,-18.83758]]]]}}]}