NM_MUNICIPIO,NR_ZONA,NR_LOCAL_VOTACAO,NM_LOCAL_VOTACAO,DS_ENDERECO,NM_BAIRRO,DS_TIPO_LOCAL,NR_LATITUDE,NR_LONGITUDE,QT_ELEITORES,QT_SECOES
BELO HORIZONTE,26,1031,COLÉGIO BATISTA MINEIRO,"RUA PLOMBAGINA, 305",COLÉGIO BATISTA,Convencional,-19.9079674,-43.9345507,7029,16
BELO HORIZONTE,26,1040,COLÉGIO SANTA MARIA,"RUA JACUÍ, 237",FLORESTA,Convencional,-19.9110631,-43.932589,7944,17
BELO HORIZONTE,26,1058,COLÉGIO SÃO LUIZ GONZAGA,"RUA GENERAL CARNEIRO, 397",SAGRADA FAMILIA,Convencional,-19.9075896,-43.9255326,4439,11
BELO HORIZONTE,26,1074,COLÉGIO TIRADENTES DA POLÍCIA MILITAR,"PRAÇA DUQUE DE CAXIAS, S/N",SANTA TERESA,Convencional,-19.9164193,-43.917815,8507,21
BELO HORIZONTE,26,1090,ESCOLA ESTADUAL HELENA PENA,"RUA GENOVEVA DE SOUZA, 691",SAGRADA FAMILIA,Convencional,-19.9060138,-43.9253871,5446,13
BELO HORIZONTE,26,1112,PLUG MINAS,"RUA SANTO AGOSTINHO, 1441",HORTO,Convencional,-19.8980698,-43.9136817,8206,24
BELO HORIZONTE,26,1120,ESCOLA ESTADUAL SAGRADA FAMÍLIA,"RUA CÉLIA DE SOUZA, 600",SAGRADA FAMILIA,Convencional,-19.9054865,-43.9256817,7473,16
BELO HORIZONTE,26,1139,ESCOLA ESTADUAL SANDOVAL DE AZEVEDO,"RUA POUSO ALEGRE, 2382",HORTO,Convencional,-19.9119538,-43.917277,4836,13
BELO HORIZONTE,26,1155,ESCOLA MUNICIPAL DOMICIANO VIEIRA,"RUA SÃO BENTO, 1591",SAGRADA FAMILIA,Convencional,-19.9028174,-43.9157818,4431,11
BELO HORIZONTE,26,1163,COLÉGIO TIRADENTES 2,"PRAÇA DUQUE DE CAXIAS, S/N",SANTA TERESA,Convencional,-19.9157568,-43.9169127,1321,6
BELO HORIZONTE,26,1236,REGIONAL LESTE,"RUA SALINAS, 1447",SANTA TERESA,Convencional,-19.9148156,-43.921496,2805,8
BELO HORIZONTE,26,1287,COLÉGIO SÃO JOSÉ,"RUA BUENO BRANDÃO,151",FLORESTA,Convencional,-19.9154061,-43.9263339,3880,11
BELO HORIZONTE,26,1295,COLÉGIO MAGNUM AGOSTINIANO,"RUA SÃO GONÇALO,1364",NOVA FLORESTA,Convencional,-19.8908707,-43.9315246,6166,13
BELO HORIZONTE,26,1309,COLÉGIO SÃO MIGUEL ARCANJO,"RUA ILDEFONSO ALVIM,501",NOVA FLORESTA,Convencional,-19.8960857,-43.930892,6880,16
BELO HORIZONTE,26,1325,ESCOLA MUNICIPAL GOVERNADOR CARLOS LACERDA,"RUA PRINCESA LEOPOLDINA, 490",IPIRANGA,Convencional,-19.886066,-43.9322591,4640,13
BELO HORIZONTE,26,1333,COLÉGIO MAXIMUS,"RUA ITACARAMBI,108",SANTA INES,Convencional,-19.8860415,-43.9065781,5596,14
BELO HORIZONTE,26,1350,ESCOLA MUNICIPAL EMÍDIO BERUTTO,"RUA CONCEIÇÃO DO PARÁ, 1726",SANTA INES,Convencional,-19.8801866,-43.9109683,3559,10
BELO HORIZONTE,26,1368,COLÉGIO TIRADENTES DA POLÍCIA MILITAR,"PRAÇA DUQUE DE CAXIAS, S/N",SANTA TERESA,Convencional,-19.9164193,-43.917815,144,1
BELO HORIZONTE,26,1406,COLÉGIO LOGOSÓFICO - CIDADE NOVA,"AV. JOSÉ CÂNDIDO DA SILVEIRA, 330",SAGRADA FAMILIA,Convencional,-19.8941988,-43.923986,1403,3
BELO HORIZONTE,27,1058,ESCOLA ESTADUAL MENDES PIMENTEL,"RUA NAIR DUARTE DE BARROS, 5",FERNÃO DIAS,Convencional,-19.871164,-43.9211738,4177,9
BELO HORIZONTE,27,1082,ESCOLA SESI NEWTON ANTONIO DA SILVA PEREIRA,"RUA AIURUOCA, 539",SÃO PAULO,Convencional,-19.8652644,-43.924939,2917,8
BELO HORIZONTE,27,1090,ESCOLA MUNICIPAL FRANCISCO BRESSANE DE AZEVEDO,"RUA AIURUOCA, 501",SÃO PAULO,Convencional,-19.8662326,-43.9245637,2304,9
BELO HORIZONTE,27,1112,ESCOLA ESTADUAL LAUDIEME VAZ DE MELO,"RUA CAMILO PRATES, 238",UNIÃO,Convencional,-19.8824729,-43.918528,4319,11
BELO HORIZONTE,27,1120,ESCOLA MUNICIPAL ANISIO TEIXEIRA,"RUA BOLIVAR,  10",UNIÃO,Convencional,-19.8832451,-43.92583,7755,19
BELO HORIZONTE,27,1147,COLEGIO ESPANHOL SANTA MARIA,"RUA PROFESSOR COSTA CHIABI, 15",CIDADE NOVA,Convencional,-19.886752,-43.9220122,7761,16
BELO HORIZONTE,27,1155,ESCOLA MUNICIPAL PROFESSORA MARIA MODESTA CRAVO,RUA DR JULIO OTAVIANO FERREIRA 1085,CIDADE NOVA,Convencional,-19.8905636,-43.9204639,7563,17
BELO HORIZONTE,27,1309,E.M. HENRIQUETA LISBOA (UNIDADE DO BAIRRO FERNÃO DIAS),"RUA GEORGINA DE PADUA, 207",FERNÃO DIAS,Convencional,-19.874226,-43.9141224,5729,12
BELO HORIZONTE,27,1325,ESCOLA MUNICIPAL HONORINA RABELO,"RUA MARIA DA CONCEICAO BONFIM, 315",GOIÂNIA,Convencional,-19.857422,-43.8956262,5044,11
BELO HORIZONTE,27,1384,ESCOLA MUNICIPAL PREFEITO SOUZA LIMA,"RUA DOS PARAGUAIOS, 97",JARDIM VITÓRIA,Convencional,-19.8546725,-43.8836065,4737,10
BELO HORIZONTE,27,1430,E.M. MARIA DA ASSUNÇÃO DE MARCO,"RUA ANA HORTA, 98",GOIÂNIA,Convencional,-19.8594504,-43.9040428,4950,13
BELO HORIZONTE,27,1449,ESCOLA ESTADUAL LUIZ DE BESSA,"RUA ASA BRANCA, 103",GOIÂNIA,Convencional,-19.8706018,-43.9005542,6629,14
BELO HORIZONTE,27,1457,ESCOLA ESTADUAL CARLOS CAMPOS,"RUA MARIA AZEVEDO COSTA, 98",EYMARD,Convencional,-19.8605569,-43.9165688,2647,7
BELO HORIZONTE,27,1465,E. E. PROF. MARIA AMELIA GUIMARAES,"RUA AMARAL, 32",PIRAJÁ,Convencional,-19.866787,-43.9184069,6504,16
BELO HORIZONTE,27,1473,ESCOLA ESTADUAL SERGIA CALDEIRA ALKIMIN,"RUA SANTA EDWIGES, 336",SÃO MARCOS,Convencional,-19.8685937,-43.9120583,4197,9
BELO HORIZONTE,27,1481,ESCOLA ESTADUAL JOSE IZIDORO DE MIRANDA,"RUA FRANCELINA ALVES DE MIRANDA, 468",MARIA GORETE,Convencional,-19.8638025,-43.9096595,4703,11
BELO HORIZONTE,27,1511,ESCOLA ESTADUAL PROF. MARIA DE LOURDES OLIVEIRA,"RUA BARREIRO GRANDE, S/N",MARIA GORETE,Convencional,-19.86254,-43.9095372,4898,11
BELO HORIZONTE,27,1520,ESCOLA MUNICIPAL PROF. MILTON LAGE,"RUA A, 70",JARDIM VITÓRIA,Convencional,-19.8516986,-43.884933,6841,14
BELO HORIZONTE,27,1538,ESCOLA MUNICIPAL PROFESSORA HELENA ABDALLA,"RUA ARNALDO LOURENÇO, 602",JARDIM VITÓRIA,Convencional,-19.8576932,-43.8835127,4129,9
BELO HORIZONTE,28,1015,E. M. PE. FRANCISCO CARVALHO MOREIRA,"AV. ITAITUBA,  12",SÃO GERALDO,Convencional,-19.8993788,-43.9042744,2919,7
BELO HORIZONTE,28,1023,E. M. PROF. ALCIDA TORRES,"RUA ALVARO FERNANDES   , 144",CASTANHEIRAS(conjunto taquaril),Convencional,-19.9167701,-43.8842406,6513,15
BELO HORIZONTE,28,1031,E. M. FERNANDO DIAS COSTA,"RUA PEDRO ALEXANDRINO MENDONCA, 10",TAQUARIL,Convencional,-19.9197797,-43.878228,4583,11
BELO HORIZONTE,28,1040,E. E. ENGENHEIRO PRADO LOPES,"RUA ITAGUA   ,320",VERA CRUZ,Convencional,-19.9043789,-43.8914483,2588,6
BELO HORIZONTE,28,1619,E. E. ONDINA AMARAL BRANDAO,"RUA CASA BRANCA  ,40",POMPÉIA,Convencional,-19.9095751,-43.9029745,3116,8
BELO HORIZONTE,28,1627,COLÉGIO NOSSA SENHORA DAS DORES,"RUA AMAZONITA, 100",POMPÉIA,Convencional,-19.9105179,-43.9039954,6453,19
BELO HORIZONTE,28,1678,E. E. CAMINHO A LUZ,"RUA CRAVINAS  , 537",ESPLANADA,Convencional,-19.9044334,-43.9027247,3371,8
BELO HORIZONTE,28,1686,E. E. GERALDINA SOARES,"RUA BONINAS  ,  517",ESPLANADA,Convencional,-19.9055501,-43.9051602,3629,9
BELO HORIZONTE,28,1724,E. E. CEL. VICENTE TORRES JUNIOR,"RUA LEOPOLDO GOMES   ,1302",VERA CRUZ,Convencional,-19.9107528,-43.8954863,4569,11
BELO HORIZONTE,28,1732,E. E. JULIA LOPES DE ALMEIDA,"RUA PADRE JULIO MARIA   ,177",SAUDADE,Convencional,-19.9169484,-43.9004534,3195,8
BELO HORIZONTE,28,1740,E. E. NECESIO TAVARES,"RUA FERNAO DIAS  ,7",VERA CRUZ,Convencional,-19.9074262,-43.8922035,4617,11
BELO HORIZONTE,28,1775,CENTRO COMUNIT. DA PAROQUIA SANTA CRUZ,"RUA GENERAL OSORIO, 485",SAUDADE,Convencional,-19.91223,-43.8973346,1464,4
BELO HORIZONTE,28,1791,E. E. CORACAO EUCARISTICO,"RUA ARCOS  , 410",VERA CRUZ,Convencional,-19.9119202,-43.8978231,3875,9
BELO HORIZONTE,28,1813,E. M. ISRAEL PINHEIRO,"RUA DESEMBARGADOR BRAULIO   ,1147",VERA CRUZ,Convencional,-19.9118218,-43.8898062,6507,15
BELO HORIZONTE,28,1821,E. M. GEORGE RICARDO SALUM,RUA DESEMBARGADOR BRAULIO   . 2250,VERA CRUZ,Convencional,-19.9186515,-43.8875609,4326,11
BELO HORIZONTE,28,1872,COLEGIO ABGAR RENAULT,"RUA GUIMARANIA, 108",BOA VISTA,Convencional,-19.8937825,-43.9042292,3535,9
BELO HORIZONTE,28,1880,COLEGIO NORMAL FREDERICO OZANAN,"RUA JERONIMO MONTEIRO  ,48",BOA VISTA,Convencional,-19.8937274,-43.9063171,2732,6
BELO HORIZONTE,28,1899,E. E. ASSIS CHATEAUBRIAND,"RUA MARZAGANIA   ,289",BOA VISTA,Convencional,-19.8929225,-43.9049814,5715,13
BELO HORIZONTE,28,1902,E. E. CARLOS GOES,"RUA ERNESTO AUSTIN  ,420",BOA VISTA,Convencional,-19.8957047,-43.9024022,4756,11
BELO HORIZONTE,28,1910,E. E. ENG. SILVIO FONSECA,"RUA SIMAO PEREIRA   ,60",NOVA VISTA,Convencional,-19.8876759,-43.8988419,4181,10
BELO HORIZONTE,28,1929,E. E. PAULO DAS GRAÇAS DA SILVA,"RUA SILVA REIS, 80",NOVA VISTA,Convencional,-19.8887411,-43.8961378,5505,13
BELO HORIZONTE,28,1937,E. M.  WLADIMIR DE PAULA GOMES,"RUA UARIRA,  350",CAETANO FURQUIM,Convencional,-19.8997834,-43.8904693,6255,15
BELO HORIZONTE,28,1945,E. E.  WALT DISNEY,"RUA RAUL DE BRITO   ,13",CASA BRANCA,Convencional,-19.895244,-43.8885426,4364,10
BELO HORIZONTE,28,1953,E. M. MONS. JOAO RODRIGUES DE OLIVEIRA,"RUA ARAPARI, 95",SÃO GERALDO,Convencional,-19.8982309,-43.8971819,6058,14
BELO HORIZONTE,28,1961,E. M. DOUTOR JULIO SOARES,"RUA SÃO VICENTE, 200",GRANJA DE FREITAS,Convencional,-19.9075913,-43.8832242,2949,7
BELO HORIZONTE,28,1970,ESCOLA ESTADUAL JÚLIA LOPES DE ALMEIDA - DEFICIENTES,"RUA PADRE JULIO MARIA, 177",SAUDADE,Convencional,-19.9169484,-43.9004534,181,1
BELO HORIZONTE,29,1015,COLÉGIO PADRE EUSTÁQUIO,"RUA CESARIO ALVIM, 810",PADRE EUSTÁQUIO,Convencional,-19.9153799,-43.9743557,8031,18
BELO HORIZONTE,29,1023,ESCOLA ESTADUAL CRISTIANO MACHADO,"RUA FRANCISCO BICALHO  , 71 ",PADRE EUSTÁQUIO,Convencional,-19.9228156,-43.977527,3214,10
BELO HORIZONTE,29,1031,ESCOLA ESTADUAL PEDRO DUTRA,"RUA HUMAITÁ, 1094",PADRE EUSTÁQUIO,Convencional,-19.9206742,-43.9826496,2017,5
BELO HORIZONTE,29,1040,PARÓQUIA PADRE EUSTÁQUIO,"RUA PADRE EUSTÁQUIO, 2355",PADRE EUSTÁQUIO,Convencional,-19.9153035,-43.974611,3422,8
BELO HORIZONTE,29,1066,ESCOLA ESTADUAL DES. MÁRIO GONÇALVES DE MATOS,"PRAÇA CAPELA NOVA, 20",MINAS BRASIL,Convencional,-19.9160303,-43.9920708,3279,7
BELO HORIZONTE,29,1074,ESCOLA ESTADUAL ASSIS DAS CHAGAS,"PRACA DA COMUNIDADE   ,165",DOM CABRAL,Convencional,-19.9226147,-43.998679,2990,7
BELO HORIZONTE,29,1082,CRECHE BOM PASTOR,"PRACA DA COMUNIDADE, 94",DOM CABRAL,Convencional,-19.9228792,-43.998341,1612,4
BELO HORIZONTE,29,1112,PONTIFÍCIA UNIVERSIDADE CATÓLICA DE MINAS GERAIS,"AV. DOM JOSÉ GASPAR, 500",CORACAO EUCARISTICO,Convencional,-19.9227443,-43.991477,8318,19
BELO HORIZONTE,29,1201,ESCOLA ESTADUAL PROFESSOR CLÓVIS SALGADO,"AV. DAS CASTANHOLAS  ,80",CONJUNTO CALIFORNIA,Convencional,-19.9234674,-44.009833,7744,16
BELO HORIZONTE,29,1252,ESCOLA MUNICIPAL MARIA DE REZENDE COSTA,"AV. ABILIO MACHADO,1009",GLÓRIA,Convencional,-19.9064509,-43.9998627,3386,7
BELO HORIZONTE,29,1279,ESCOLA ESTADUAL GUIMARÃES ROSA,"RUA AVELAR   ,10",PINDORAMA,Convencional,-19.9116757,-44.0221132,5364,11
BELO HORIZONTE,29,1287,ESCOLA ESTADUAL LUCAS MONTEIRO MACHADO,"RUA GUARARAPES, 1800",PINDORAMA,Convencional,-19.909765,-44.0204731,4800,11
BELO HORIZONTE,29,1295,ESCOLA ESTADUAL LAICE AGUIAR,"RUA MARIA DA SILVEIRA   ,44",GLÓRIA,Convencional,-19.9079756,-44.0055884,5208,11
BELO HORIZONTE,29,1309,ESCOLA ESTADUAL PADRE MATIAS,"RUA CELIA COSTA, 31",GLÓRIA,Convencional,-19.9028432,-44.0067834,6120,13
BELO HORIZONTE,29,1317,ESCOLA ESTADUAL MARIETA BROCHADO,"AV. ABILIO MACHADO, 2085",GLÓRIA,Convencional,-19.897421,-44.007569,1851,6
BELO HORIZONTE,29,1325,ESCOLA ESTADUAL SÃO SALVADOR,"AV. AMINTAS JACQUES DE MORAES  , 85",GLÓRIA,Convencional,-19.8954017,-44.011546,3712,8
BELO HORIZONTE,29,1333,ESCOLA MUNICIPAL AUGUSTA MEDEIROS,"RUA GENERAL CLARK   ,28",SÃO SALVADOR,Convencional,-19.8911984,-44.0149179,2469,5
BELO HORIZONTE,29,1341,ESCOLA MUNICIPAL PADRE EDEIMAR MASSOTE,"RUA ENEIDA, 1485",COQUEIROS,Convencional,-19.8984025,-44.02162,4896,11
BELO HORIZONTE,29,1350,ESCOLA MUNICIPAL DOM JAIME BARROS CÂMARA,"RUA FREDERICO BRACHER JUNIOR   ,123",CARLOS PRATES,Convencional,-19.9153308,-43.967981,2542,8
BELO HORIZONTE,29,1384,ESCOLA ESTADUAL PROFESSORA MARIA AUXILIADORA LANNA,"RUA RUTILO  ,31",PINDORAMA,Convencional,-19.909441,-44.0220539,3423,9
BELO HORIZONTE,29,1392,ESCOLA ESTADUAL OLIVIA PINTO DE CASTRO LEITE,"RUA GUACIRA, 92",PINDORAMA,Convencional,-19.9079075,-44.0193014,2776,6
BELO HORIZONTE,29,1406,CENTRO EDUCACIONAL MINEIRO,"AV. ABILIO MACHADO  , 4020",SÃO SALVADOR,Convencional,-19.8924882,-44.0095923,3116,9
BELO HORIZONTE,29,1422,ESCOLA MUNICIPAL LUIGI  TONIOLO,"RUA MAFRA, 124",GLÓRIA,Convencional,-19.902202,-44.017308,3917,8
BELO HORIZONTE,29,1430,ESCOLA MUNICIPAL DOM BOSCO,"RUA BICUÍBA, 100",DOM BOSCO,Convencional,-19.916888,-43.9999561,7508,17
BELO HORIZONTE,30,1031,ESCOLA MUNICIPAL DE BELO HORIZONTE,"AV. JOSÉ BONIFÁCIO, 189",SÃO CRISTÓVÃO,Convencional,-19.9034156,-43.94733,6077,17
BELO HORIZONTE,30,1074,SENAI- SERVIÇO NACIONAL DE APRENDIZAGEM INDUSTRIAL  MG,"AVENIDA PRESIDENTE ANTÔNIO CARLOS, 561",LAGOINHA,Convencional,-19.9067545,-43.9442563,2588,8
BELO HORIZONTE,30,1104,CENTRO DE ATIVIDADES DO SESC/ MG,"RUA SANTA QUITÉRIA, 566",CARLOS PRATES,Convencional,-19.9141888,-43.9653186,1170,3
BELO HORIZONTE,30,1112,COLÉGIO SAGRADA FAMÍLIA,"AVENIDA PRESIDENTE CARLOS LUZ, 535",CAIÇARA,Convencional,-19.9027929,-43.9663524,6206,19
BELO HORIZONTE,30,1120,COLEGUIUM UNIDADE CARLOS PRATES,"RUA TRÊS PONTAS, 605",CARLOS PRATES,Convencional,-19.9111219,-43.960451,5489,16
BELO HORIZONTE,30,1139,COLÉGIO PITÁGORAS - UNIDADE CARLOS PRATES (ANTIGO PEDRO II),"RUA AREADO, 437",CARLOS PRATES,Convencional,-19.9094906,-43.9636745,1269,4
BELO HORIZONTE,30,1155,ESCOLA ESTADUAL LÚCIO DOS SANTOS,"RUA PADRE EUSTÁQUIO, 16",CARLOS PRATES,Convencional,-19.9149578,-43.9541859,5003,13
BELO HORIZONTE,30,1163,ESCOLA ESTADUAL MELO VIANA,"RUA BOM SUCESSO, 345",CARLOS PRATES,Convencional,-19.912698,-43.964585,1492,5
BELO HORIZONTE,30,1171,ESCOLA MUNICIPAL MONSENHOR ARTUR DE OLIVEIRA,"RUA FORNACIARI, 157",CAIÇARA,Convencional,-19.9061425,-43.9650799,2013,5
BELO HORIZONTE,30,1201,INSTITUTO CULTURAL NEWTON PAIVA FERREIRA,"AVENIDA PRESIDENTE CARLOS LUZ, 220",CAIÇARA,Convencional,-19.9059281,-43.9635312,6240,15
BELO HORIZONTE,30,1210,ESCOLA ESTADUAL CAIO NELSON DE SENA,"RUA ENGENHO DE DENTRO, 887",ALTO CAIÇARAS,Convencional,-19.9015307,-43.9712159,4122,10
BELO HORIZONTE,30,1228,ESCOLA ESTADUAL FRANCISCO BRANT,"AV ANTÔNIO PEIXOTO GUIMARÃES, 165",CAIÇARA,Convencional,-19.9113867,-43.9746271,6311,14
BELO HORIZONTE,30,1236,ESCOLA ESTADUAL PADRE EUSTÁQUIO,"RUA CESÁRIO ALVIM, 927",PADRE EUSTÁQUIO,Convencional,-19.9143973,-43.9746271,5632,14
BELO HORIZONTE,30,1260,ESCOLA ESTADUAL ELISEU LABORNE E VALE,AV. PANDIÁ CALÓGERAS C/ ALÍPIO DE MELO,JARDIM MONTANHÊS,Convencional,-19.9056203,-43.9836473,3736,10
BELO HORIZONTE,30,1279,ESCOLA ESTADUAL PROFESSOR MORAIS,"RUA CORNÉLIO CERQUEIRA, 475",PADRE EUSTÁQUIO,Convencional,-19.9130059,-43.9878607,3590,11
BELO HORIZONTE,30,1287,ESCOLA ESTADUAL SILVIANO BRANDÃO,"RUA ITAPECERICA, 685",LAGOINHA,Convencional,-19.9076514,-43.9453563,4527,18
BELO HORIZONTE,30,1309,ESCOLA ESTADUAL TOMÁS BRANDÃO,"PRACA BOM JESUS, 134",BOM JESUS,Convencional,-19.8965855,-43.954924,5268,15
BELO HORIZONTE,30,1325,ESCOLA MUNICIPAL HONORINA DE BARROS,CONJUNTO IAPI  - PRAÇA  PROF. CORREA NETO S/N,SÃO CRISTÓVÃO,Convencional,-19.9015885,-43.946636,2495,7
BELO HORIZONTE,30,1350,ESCOLA ESTADUAL PROF. RICARDO DE SOUZA CRUZ,"RUA GONÇALO LAÇO, 120",SANTO ANDRÉ,Convencional,-19.9028542,-43.9591554,4744,13
BELO HORIZONTE,30,1368,ESCOLA ESTADUAL SANTOS ANJOS,"RUA CATUMBI, 421",CAIÇARA,Convencional,-19.9035285,-43.964821,4218,12
BELO HORIZONTE,30,1376,ESCOLA MUNICIPAL ARTHUR GUIMARÃES,"AVENIDA AMÉRICO VESPÚCIO,  1610",NOVA ESPERANÇA,Convencional,-19.8981395,-43.9615885,3202,8
BELO HORIZONTE,30,1392,AMCNB - ASSOCIAÇÃO MINEIRA DE CULTURA NIPO-BRASILEIRA,"RUA DOM LOURENÇO DE ALMEIDA, 535",NOVA CACHOEIRINHA,Convencional,-19.8842203,-43.95579,1015,3
BELO HORIZONTE,30,1406,ESCOLA ESTADUAL PROF. ALCINDO VIEIRA,"PRAÇA BERNARDO DA VEIGA, S/N",ERMELINDA,Convencional,-19.8832251,-43.958694,4338,10
BELO HORIZONTE,30,1414,ESCOLA MUNICIPAL PROF. CLÁUDIO BRANDÃO,"RUA CANTAGALO, 1147",APARECIDA,Convencional,-19.8900844,-43.952599,2483,7
BELO HORIZONTE,30,1422,ESCOLA MUNICIPAL NOSSA SENHORA DO AMPARO,"RUA HESPÉRIA, 300",APARECIDA,Convencional,-19.8894651,-43.9510696,2853,8
BELO HORIZONTE,30,1449,ESCOLA ESTADUAL PRINCESA ISABEL,"RUA SANTA JUDITH, 565",APARECIDA,Convencional,-19.8891695,-43.960307,6465,16
BELO HORIZONTE,30,1457,ESCOLA MUNICIPAL CORNÉLIO VAZ DE MELO,"RUA LEOPOLDINO DE OLIVEIRA,  231",APARECIDA,Convencional,-19.8945904,-43.9578519,2319,5
BELO HORIZONTE,30,1473,ESCOLA CONSTRUIR,"RUA VANDER RODRIGUES DE LIMA, 200",ALTO CAIÇARAS,Convencional,-19.9020118,-43.9792602,238,1
BELO HORIZONTE,31,1015,ESCOLA ESTADUAL PROFESSOR ALISSON PEREIRA GUIMARAES (POLIVALENTE),"RUA DOS ECONOMISTAS   , 612",ALÍPIO DE MELO,Convencional,-19.8888272,-44.005171,7749,20
BELO HORIZONTE,31,1023,ESCOLA MUNICIPAL JÚLIA PARAÍSO,RUA TIÊS ESQUINA COM LEONIL PRATA SN,ALÍPIO DE MELO,Convencional,-19.895883,-44.00605,5342,16
BELO HORIZONTE,31,1031,ESCOLA ESTADUAL MADRE CARMELITA,"AV. ANTÔNIO FRANCISCO LISBOA, 500",BANDEIRANTES (PAMPULHA),Convencional,-19.8581152,-44.0027,5361,12
BELO HORIZONTE,31,1058,COLÉGIO BATISTA MINEIRO - UNIDADE CASTELO,"AV. HERÁCLITO MOURÃO DE MIRANDA, 2930 (ANTIGA AV. ATLÂNTIDA)",CASTELO,Convencional,-19.8713792,-43.998527,3913,10
BELO HORIZONTE,31,1082,ESCOLA ESTADUAL JORNALISTA JORGE PAES SARDINHA,"RUA FRANCISCA SANTOS ANASTÁSIA, 990",JARDIM ALVORADA,Convencional,-19.8906375,-43.991228,4255,9
BELO HORIZONTE,31,1090,ESCOLA ESTADUAL GUIA LOPES,"RUA BARÃO DE CAMARGOS  , 88",JARDIM INCONFIDÊNCIA,Convencional,-19.9086302,-43.994645,5005,11
BELO HORIZONTE,31,1104,ESCOLA MUNICIPAL MARIA DE MAGALHÃES PINTO,"RUA SENADOR VIRGÍLIO TAVARA, 155",ITATIAIA/SANTA TEREZINHA,Convencional,-19.8750859,-44.006344,6877,14
BELO HORIZONTE,31,1112,ESCOLA ESTADUAL BENVINDA DE CARVALHO,"RUA FLOR DAS COBRAS, 100",JARDIM ALVORADA,Convencional,-19.9023137,-43.985635,5992,13
BELO HORIZONTE,31,1120,ESCOLA ESTADUAL DEPUTADO MANOEL COSTA,"RUA HORÁCIO TERENA GUIMARÃES, 495",TREVO,Convencional,-19.8262617,-44.009516,4787,10
BELO HORIZONTE,31,1139,ESCOLA ESTADUAL FRANCISCO MENEZES FILHO,"RUA JOÃO ANTÔNIO CARDOSO  , 318",OURO PRETO,Convencional,-19.8735755,-43.982994,5868,12
BELO HORIZONTE,31,1147,ESCOLA MUNICIPAL CARMELITA CARVALHO GARCIA,"RUA ALUÍZIO DAVIS, 53",OURO PRETO,Convencional,-19.885674,-43.987043,4097,9
BELO HORIZONTE,31,1171,COLÉGIO SANTA MARCELINA,ALAMEDA DAS FALCATAS 505,SÃO LUIZ (PAMPULHA),Convencional,-19.8577142,-43.966498,5008,11
BELO HORIZONTE,31,1180,ESCOLA MUNICIPAL DOM ORIONE,"AV EXPEDICIONÁRIO BENVINDO BELÉM DE LIMA, 500",OURO PRETO,Convencional,-19.8677201,-43.978664,7311,16
BELO HORIZONTE,31,1201,ESCOLA MUNICIPAL FRANCISCA ALVES,"AV. SANTA TEREZINHA  , S/N",ITATIAIA/SANTA TEREZINHA,Convencional,-19.8679603,-43.996862,4424,12
BELO HORIZONTE,31,1236,COLÉGIO ADVENTISTA DE BELO HORIZONTE,"RUA AVEIRO, 367",SÃO FRANCISCO,Convencional,-19.8786345,-43.961055,1346,6
BELO HORIZONTE,31,1244,ESCOLA ESTADUAL PROFESSOR AFFONSO NEVES,"RUA GUIMARÃES, 900",SÃO FRANCISCO,Convencional,-19.880319,-43.961042,1694,7
BELO HORIZONTE,31,1260,ESCOLA ESTADUAL EUZÉBIO DIAS BICALHO,"AV. SERRANA, 75",SERRANO,Convencional,-19.8847557,-44.012713,4035,11
BELO HORIZONTE,31,1279,ESCOLA MUNICIPAL PROFESSORA ALICE NACIF,"RUA EXP. PAULO DE SOUZA, 721",URCA/SERRANO,Convencional,-19.8670444,-44.015599,8219,18
BELO HORIZONTE,31,1287,ESCOLA ESTADUAL URSULINA DE ANDRADE MELO,"RUA FLOR DE VIDRO, 251",JARDIM ALVORADA,Convencional,-19.8993304,-43.991073,3706,8
BELO HORIZONTE,31,1295,ESCOLA MUNICIPAL IGNÁCIO DE ANDRADE MELO,"RUA VIOLETA DE MELO, 988",JARDIM INCONFIDÊNCIA,Convencional,-19.9006248,-43.9981,4076,12
BELO HORIZONTE,31,1309,ESCOLA MUNICIPAL SANTA TEREZINHA,"RUA CONCEIÇÃO APARECIDA, 400",ITATIAIA/SANTA TEREZINHA,Convencional,-19.8710685,-44.001177,7155,16
BELO HORIZONTE,31,1325,COLEGUIUM - UNIDADE OURO PRETO,"RUA CARLOS FREDERICO CAMPOS, 630",OURO PRETO,Convencional,-19.8736389,-43.979491,5631,12
BELO HORIZONTE,31,1333,COLEGUIUM - UNIDADE ALÍPIO DE MELO,"RUA DOS ECONOMISTAS, 75 - ALÍPIO DE MELO",ALÍPIO DE MELO,Convencional,-19.8927946,-44.001558,5944,13
BELO HORIZONTE,31,1341,CENTRO DE APOIO COMUNITÁRIO - CAC,"RUA FLOR DAS COBRAS, 10",JARDIM ALVORADA,Convencional,-19.9031342,-43.986244,795,2
BELO HORIZONTE,31,1350,COLEGUIUM - UNIDADE CASTELO,"RUA CASTELO DE GUIMARÃES, 615",CASTELO,Convencional,-19.8809837,-43.999504,3359,9
BELO HORIZONTE,31,1376,ESCOLA MUNICIPAL MARLENE PEREIRA RANCANTE,"RUA DOS COMERCIANTES, 38",ALÍPIO DE MELO,Convencional,-19.8964349,-44.001909,1748,4
BELO HORIZONTE,31,1384,COLEGUIUM - UNIDADE CASTELO MANACÁS,"RUA DOUTOR SYLVIO MENICUCCI, 1021",CASTELO,Convencional,-19.8862019,-44.003282,2358,6
BELO HORIZONTE,31,1392,ESCOLA EDUCAR,"AVENIDA SERRANA, 511",SERRANO,Convencional,-19.8809931,-44.011733,1037,3
BELO HORIZONTE,31,1414,COLÉGIO CHROMOS CASTELO,"RUA CASTELO DA FEIRA, 122",CASTELO,Convencional,-19.8822884,-43.996126,406,2
BELO HORIZONTE,32,1031,COLÉGIO COPAM BH (ANTIGO COLEGIO PAMPULHA),"RUA GARUMÃ, 565",AEROPORTO,Convencional,-19.8565704,-43.9545802,5196,11
BELO HORIZONTE,32,1040,ESCOLA MUNICIPAL AURÉLIO PIRES,"RUA BARRINHA,171",LIBERDADE,Convencional,-19.8653081,-43.9521906,4658,11
BELO HORIZONTE,32,1058,JARAGUÁ COUNTRY CLUBE,"RUA AMÁVEL COSTA, 07",JARAGUÁ,Convencional,-19.8558555,-43.948414,5965,13
BELO HORIZONTE,32,1066,ESCOLA ESTADUAL ANITA BRINA BRANDÃO,"PRAÇA IGINO BONFIOLI, 05",JARAGUÁ,Convencional,-19.8562546,-43.948801,7501,17
BELO HORIZONTE,32,1082,ESCOLA ESTADUAL CORONEL JUCA PINTO,"AVENIDA BUENO SIQUEIRA, 180",UNIVERSITÁRIO,Convencional,-19.8665143,-43.9440587,2634,6
BELO HORIZONTE,32,1090,UNIFENAS - UNIVERSIDADE JOSÉ DO ROSÁRIO VELLANO,"RUA BOAVENTURA, 50",UNIVERSITÁRIO,Convencional,-19.870231,-43.9493225,3236,8
BELO HORIZONTE,32,1104,ESCOLA ESTADUAL ISABEL DA SILVA POLCK,"RUA NELSON LEMOS DE CARVALHO, 198",PALMARES,Convencional,-19.8713125,-43.9303964,6032,13
BELO HORIZONTE,32,1112,ESCOLA ESTADUAL MAJOR DELFINO DE PAULA RICARDO,"AVENIDA JOSÉ CLETO,733",SANTA CRUZ,Convencional,-19.8742325,-43.9384231,6586,14
BELO HORIZONTE,32,1139,ESCOLA MUNICIPAL PROFESSORA ELEONORA PIERUCCETTI,"AVENIDA BERNARDO  VASCONCELOS, 288",CACHOEIRINHA,Convencional,-19.8852851,-43.9482056,6314,16
BELO HORIZONTE,32,1147,ESCOLA ESTADUAL PERO VAZ DE CAMINHA,"RUA PACAJÁ,200",CACHOEIRINHA,Convencional,-19.882507,-43.9456532,2680,6
BELO HORIZONTE,32,1163,EMEI - SANTA CRUZ,"RUA FLORICENA FARIA FRAGA, 241",SANTA CRUZ,Convencional,-19.8800514,-43.9403526,1857,4
BELO HORIZONTE,32,1171,ESCOLA ESTADUAL SANTO AFONSO,"AVENIDA BERNARDO  VASCONCELOS, 1334",CACHOEIRINHA,Convencional,-19.883522,-43.9395366,4867,12
BELO HORIZONTE,32,1180,CENTRO COMUNITÁRIO DA PARÓQUIA DE SANTO AFONSO,"PRAÇA MUQUI, 89",RENASCENÇA,Convencional,-19.8902972,-43.9383926,1680,4
BELO HORIZONTE,32,1201,ESCOLA ESTADUAL TITO FULGÊNCIO,"RUA JACUÍ, 2357",RENASCENÇA,Convencional,-19.8928246,-43.9364882,4832,12
BELO HORIZONTE,32,1210,ESCOLA ESTADUAL MARIANO DE ABREU,"RUA SIMÃO TANN, 143",CACHOEIRINHA,Convencional,-19.8885242,-43.944979,2834,8
BELO HORIZONTE,32,1228,ESCOLA ESTADUAL DEPUTADO ILACIR PEREIRA LIMA,"RUA CONDE DE SANTA MARINHA, 707",CACHOEIRINHA,Convencional,-19.8897886,-43.9461562,4125,10
BELO HORIZONTE,32,1236,ESCOLA ESTADUAL BENJAMIM GUIMARÃES,"RUA ITAPAGIPE,622-A",CONCÓRDIA,Convencional,-19.9028939,-43.9343271,2839,10
BELO HORIZONTE,32,1260,ESCOLA MUNICIPAL HUGO PINHEIRO SOARES,"RUA JUNDIAÍ, 567",CONCÓRDIA,Convencional,-19.8980205,-43.9401379,2836,9
BELO HORIZONTE,32,1279,ESCOLA MUNICIPAL  AMÉRICO RENÊ GIANNETTI,"RUA  JUNDIAÍ, 557",CONCÓRDIA,Convencional,-19.8982673,-43.9404562,1715,7
BELO HORIZONTE,32,1295,ESCOLA ESTADUAL FLÁVIO DOS SANTOS,"RUA JACUÍ,1131",CONCÓRDIA,Convencional,-19.9035533,-43.933023,3324,9
BELO HORIZONTE,32,1309,SEMINÁRIO TEOLÓGICO CARISMA,"RUA MANOEL MACEDO, 308",LAGOINHA,Convencional,-19.9008835,-43.9451317,3278,9
BELO HORIZONTE,32,1317,ESCOLA ESTADUAL SARAH KUBITSCHEK,"RUA JOSÉ CLEMENTE PEREIRA,91",IPIRANGA,Convencional,-19.8820845,-43.9347901,3952,9
BELO HORIZONTE,32,1325,ESCOLA ESTADUAL BRITALDO SOARES FERREIRA DINIZ,"RUA PIRACEMA, 331",SUZANA,Convencional,-19.8634627,-43.9338893,2347,5
BELO HORIZONTE,32,1333,IGREJA BATISTA DA RENASCENÇA,"RUA TAQUARI  , 68",RENASCENÇA,Convencional,-19.8940398,-43.9369576,1260,5
BELO HORIZONTE,32,1341,SOCIEDADE SÃO VICENTE DE PAULO,"RUA SALITRE, 160",SANTA CRUZ,Convencional,-19.8808166,-43.9393106,1541,4
BELO HORIZONTE,32,1376,EMEI - SÃO BERNARDO,"AVENIDA CECÍLIA PINTO, 105",SÃO BERNARDO,Convencional,-19.8461553,-43.944341,2599,7
BELO HORIZONTE,32,1384,ESCOLA MUNICIPAL MARIA SILVEIRA,"RUA LIBÂNIA PENA, 201",SÃO BERNARDO,Convencional,-19.8478707,-43.9444988,4901,11
BELO HORIZONTE,32,1392,ESCOLA ESTADUAL ORÔNCIO MURGEL DUTRA,"RUA SÃO LUIZ, 401",SÃO TOMAZ,Convencional,-19.8423967,-43.9515865,5709,14
BELO HORIZONTE,33,1058,COLÉGIO TIRADENTES POLÍCIA MILITAR - UNIDADE PRADO,"RUA DOS PAMPAS, 767",PRADO,Convencional,-19.9195049,-43.9646101,5810,17
BELO HORIZONTE,33,1066,COLÉGIO NOSSA SENHORA DO MONTE CALVÁRIO,"AV. DO CONTORNO, 9384",BARRO PRETO,Convencional,-19.9248456,-43.9570326,3293,9
BELO HORIZONTE,33,1090,ESCOLA ESTADUAL PROF CAETANO AZEREDO,"RUA DOS GUAJAJARAS, 1827",BARRO PRETO,Convencional,-19.9228485,-43.9511111,3188,10
BELO HORIZONTE,33,1112,ESCOLA ESTADUAL FRANCISCO SALES,"RUA DOS GUAJAJARAS , 1887",BARRO PRETO,Convencional,-19.9228609,-43.9516537,1230,6
BELO HORIZONTE,33,1120,INSTITUTO SAO RAFAEL,"AV. AUGUSTO DE LIMA, 2109",BARRO PRETO,Convencional,-19.9201958,-43.9565112,641,7
BELO HORIZONTE,33,1163,ESCOLA ESTADUAL CESARIO ALVIM,"RUA RIO GRANDE DO SUL, S/N",CENTRO,Convencional,-19.9178734,-43.9449724,3534,15
BELO HORIZONTE,33,1198,EMEI DELFIM MOREIRA,"RUA ESPÍRITO SANTO, 890",CENTRO,Convencional,-19.9224426,-43.9383512,2781,6
BELO HORIZONTE,33,1244,CLARETIANO COLÉGIO,"RUA DOS AIMORÉS, 1583",LOURDES,Convencional,-19.9282696,-43.9391336,5400,14
BELO HORIZONTE,33,1252,ESCOLA ESTADUAL AFONSO PENA,"AV. JOAO PINHEIRO, 450",CENTRO,Convencional,-19.9290642,-43.937606,4691,12
BELO HORIZONTE,33,1309,COLÉGIO SANTO AGOSTINHO,"AV. AMAZONAS, 1803",SANTO AGOSTINHO,Convencional,-19.9257314,-43.9498254,4833,10
BELO HORIZONTE,33,1333,COLÉGIO PIO XII,"AV. DO CONTORNO, 8902",SANTO AGOSTINHO,Convencional,-19.928382,-43.9572328,3667,8
BELO HORIZONTE,33,1376,ESCOLA ESTADUAL GOVERNADOR MILTON CAMPOS - UNIDADE I,RUA FERNANDES TOURINHO 1020,LOURDES,Convencional,-19.9368099,-43.9441631,8714,18
BELO HORIZONTE,33,1422,COLÉGIO SANTO ANTÔNIO,"RUA PERNAMBUCO, 880",SAVASSI,Convencional,-19.9352088,-43.9350164,6395,13
BELO HORIZONTE,33,1457,ESCOLA ESTADUAL BARÃO DO RIO BRANCO,AVENIDA GETÚLIO VARGAS 1059,SAVASSI,Convencional,-19.9369856,-43.9330186,5109,11
BELO HORIZONTE,33,1473,COLÉGIO ARNALDO,"PRAÇA JOÃO PESSOA, 200",FUNCIONÁRIOS,Convencional,-19.9289825,-43.9281198,6855,14
BELO HORIZONTE,33,1481,ESCOLA ESTADUAL PEDRO II,AV. PROFESSOR ALFREDO BALENA 523,CENTRO,Convencional,-19.9260869,-43.9298963,4753,30
BELO HORIZONTE,33,1490,CENTRO CULTURAL DA UFMG,"AV. SANTOS DUMONT, 174",CENTRO,Convencional,-19.916266,-43.9353846,1906,5
BELO HORIZONTE,33,1511,ESCOLA ESTADUAL BARÃO DE MACAÚBAS,"RUA DAVID CAMPISTA, 42",FLORESTA,Convencional,-19.9162007,-43.9287003,2615,19
BELO HORIZONTE,33,1520,COLÉGIO NOSSA SENHORA DAS DORES,"AV. FRANCISCO SALES, 77",FLORESTA,Convencional,-19.9159985,-43.9314393,2113,6
BELO HORIZONTE,33,1562,COLÉGIO NOSSA SENHORA DA PIEDADE,"RUA MONSENHOR DOMINGOS PINHEIRO, 35",CALAFATE,Convencional,-19.922378,-43.9673858,2838,6
BELO HORIZONTE,33,1570,ESCOLA POLITÉCNICA DE MINAS GERAIS - POLIMIG,"RUA PLATINA, 1407",CALAFATE,Convencional,-19.9239572,-43.9700983,2830,10
BELO HORIZONTE,33,1597,ESCOLA ESTADUAL OLEGARIO MACIEL,"AV. OLEGARIO MACIEL, 422",CENTRO,Convencional,-19.9180291,-43.9442004,1845,6
BELO HORIZONTE,33,1619,ESCOLA ESTADUAL PANDIÁ CALÓGERAS,PRAÇA CARLOS CHAGAS 35,SANTO AGOSTINHO,Convencional,-19.9306328,-43.948184,3442,7
BELO HORIZONTE,33,1678,REDE DECISÃO - UNIDADE LOURDES,"RUA ESPÍRITO SANTO, 2.055, CENTRO",LOURDES,Convencional,-19.9326313,-43.9407123,5259,11
BELO HORIZONTE,33,1694,SESC TUPINAMBÁS,"RUA DOS TUPINAMBÁS, 908, CENTRO",CENTRO,Convencional,-19.9166313,-43.9427547,1349,8
BELO HORIZONTE,331,1015,ESCOLA ESTADUAL PROF. GUILHERME AZEVEDO LAGE,"RUA MARICÁ, 285",SÃO GABRIEL,Convencional,-19.8487549,-43.9128065,6793,14
BELO HORIZONTE,331,1031,ESCOLA ESTADUAL PROF. ANTONIO JOSE RIBEIRO FILHO,"RUA AMARAJI, 182",SÃO GABRIEL,Convencional,-19.8552249,-43.9081069,7542,16
BELO HORIZONTE,331,1040,ESCOLA MUNICIPAL AGENOR ALVES DE CARVALHO,"RUA AGENOR ALVES, 53",NAZARÉ,Convencional,-19.854104,-43.8962388,5957,19
BELO HORIZONTE,331,1058,ESCOLA ESTADUAL BOLIVAR TINOCO MINEIRO,"RUA DIVINO ESPÍRITO SANTO, 40",RIBEIRO DE ABREU,Convencional,-19.8347633,-43.9057765,7536,19
BELO HORIZONTE,331,1066,ESCOLA MUNICIPAL SECRETARIO HUMBERTO ALMEIDA,"RUA AREIA BRANCA, 03",RIBEIRO DE ABREU,Convencional,-19.8229986,-43.9027997,5085,11
BELO HORIZONTE,331,1074,ESCOLA MUNICIPAL PROFESSORA ACIDALIA LOTT,"RUA ANTONIO MARIANO DE ABREU, 10",PAULO VI,Convencional,-19.8349708,-43.8905761,8657,20
BELO HORIZONTE,331,1082,ESCOLA MUNICIPAL CONSUELITA CANDIDA,"RUA DOM SILVÉRIO GOMES PIMENTA, 301",JARDIM BELMONTE,Convencional,-19.8449774,-43.8998152,5032,11
BELO HORIZONTE,331,1090,ESCOLA MUNICIPAL GOVERNADOR OZANAN COELHO,"RUA ÂNGELA BENAREGES, 14",CAPITÃO EDUARDO,Convencional,-19.8310822,-43.8693557,3696,8
BELO HORIZONTE,331,1104,ESCOLA ESTADUAL ANTONIO CLEMENTE,"RUA DR. BENEDITO XAVIER   , 1975",AARÃO REIS,Convencional,-19.847618,-43.9206655,3276,9
BELO HORIZONTE,331,1112,ESCOLA ESTADUAL CELMAR BOTELHO DUARTE,"RUA BELO ORIENTE, 845",PROVIDÊNCIA,Convencional,-19.8567919,-43.9245078,2785,8
BELO HORIZONTE,331,1120,ESCOLA MUNICIPAL CONSUL ANTONIO CADAR,"RUA RIO PARNAÍBA, 30",PROVIDÊNCIA,Convencional,-19.8503979,-43.927012,5785,13
BELO HORIZONTE,331,1147,ESCOLA ESTADUAL DONATO WERNECK DE FREITAS,"RUA ALCIDES DE SOUZA, 112",MINASLÂNDIA,Convencional,-19.8549115,-43.9332161,3584,9
BELO HORIZONTE,331,1155,ESCOLA MUNICIPAL JOSEFINA SOUZA LIMA,"RUA MARIA ORTIZ, 195",PRIMEIRO DE MAIO,Convencional,-19.8562253,-43.9308244,4341,12
BELO HORIZONTE,331,1163,ESCOLA  ESTADUAL PROF. ALBERTO MAZONI ANDRADE,"RUA OSCAR LOBO PEREIRA, 390",PRIMEIRO DE MAIO,Convencional,-19.965184,-43.9521775,2824,9
BELO HORIZONTE,331,1171,ESCOLA ESTADUAL PROFESSOR HILTON ROCHA,"AV. CRISTIANO MACHADO, 8200",PRIMEIRO DE MAIO,Convencional,-19.8611526,-43.932759,2372,5
BELO HORIZONTE,331,1180,ESCOLA ESTADUAL PRESIDENTE TANCREDO NEVES,"RUA FURQUIM WERNECK, 313",GUARANI,Convencional,-19.8428924,-43.9206013,3811,8
BELO HORIZONTE,331,1198,ESCOLA MUNICIPAL  HELIO PELLEGRINO,"RUA GUILHERME SOARES, 255",GUARANI,Convencional,-19.8451192,-43.9248432,3586,8
BELO HORIZONTE,331,1201,ESCOLA MUNICIPAL HERBERT JOSE DE SOUZA,"AV. DETETIVE EDUARDO FERNANDES, 320",NOVO AARÃO REIS,Convencional,-19.8409531,-43.9079114,4316,9
BELO HORIZONTE,331,1210,ESCOLA MUNICIPAL PROFESSSORA  MARIA MAZARELLO,"RUA BENEDITO NEVES, 45",NAZARÉ,Convencional,-19.8536632,-43.8925599,4352,9
BELO HORIZONTE,331,1228,ESCOLA MUNICIPAL OSWALDO FRANÇA JUNIOR,"RUA CIRCULAR, 335",SÃO GABRIEL,Convencional,-19.8533388,-43.9133444,2030,5
BELO HORIZONTE,331,1236,ESCOLA MUNICIPAL MURILO RUBIÃO,"RUA HERÁCLITO, 232 (END. ANTIGO R. DR. ADILSON ROCHA SACURY 10)",ACAIACA,Convencional,-19.8475998,-43.8963709,4184,9
BELO HORIZONTE,331,1260,PUC - PONTIFÍCIA UNIVERSIDADE CATÓLICA - UNIDADE SÃO GABRIEL,RUA WALTER IANNI - 255,SÃO GABRIEL,Convencional,-19.8593616,-43.9189424,4646,11
BELO HORIZONTE,331,1279,ESCOLA MUNICIPAL PROFESSOR PAULO FREIRE,RUA PAULO CAMPOS MENDES  N 311,RIBEIRO DE ABREU,Convencional,-19.8286142,-43.894758,1517,4
BELO HORIZONTE,331,1287,ESCOLA MUNICIPAL SOBRAL PINTO,RUA DAS ALMAS 120,CONJUNTO PAULO VI,Convencional,-19.8327718,-43.8830097,448,1
BELO HORIZONTE,332,1015,ESCOLA ESTADUAL NOSSA SENHORA DO BELO RAMO,"RUA SEBASTIÃO DE BARROS, 151",NOVA GRANADA,Convencional,-19.940651,-43.9686075,2084,5
BELO HORIZONTE,332,1023,ESCOLA ESTADUAL MÁRIO CASASSANTA,"RUA CONSELHEIRO JOAQUIM CAETANO, 1499",NOVA GRANADA,Convencional,-19.9464931,-43.9676982,3886,10
BELO HORIZONTE,332,1058,NEWTON PAIVA - UNIDADE SILVA LOBO,"AVENIDA SILVA LOBO, 1.730",NOVA GRANADA,Convencional,-19.9421238,-43.9653916,7491,19
BELO HORIZONTE,332,1066,CEFET-CAMPUS I,"AV. AMAZONAS, 5253",NOVA SUÍÇA,Convencional,-19.9302226,-43.9788173,8095,17
BELO HORIZONTE,332,1074,ESCOLA ESTADUAL MAURÍCIO MURGEL,"AV. AMAZONAS, 5154",NOVA SUÍÇA,Convencional,-19.9293659,-43.9784058,5301,14
BELO HORIZONTE,332,1082,ESCOLA ESTADUAL AMÉLIA JOSEFINA KEESEN,"RUA HERCULANO PENA ,598",SALGADO FILHO,Convencional,-19.9363064,-43.9816073,2391,7
BELO HORIZONTE,332,1090,ESCOLA ESTADUAL OLÍMPIA RESENDE PEREIRA,"RUA LINDOLFO DEODORO, 84",JARDIM AMÉRICA,Convencional,-19.9395483,-43.9792456,4717,10
BELO HORIZONTE,332,1104,"ESCOLA MUNICIPAL DEPUTADO MILTON SALES - ENTRADA RUA TEÓFILO FILHO,222","RUA TEÓFILO FILHO, 222",JARDIM AMÉRICA,Convencional,-19.9552742,-43.9692843,3959,9
BELO HORIZONTE,332,1112,ESCOLA MUNICIPAL OSVALDO CRUZ -EMOC,"RUA SANTOS, 2200",JARDIM AMÉRICA,Convencional,-19.954571,-43.969638,4972,12
BELO HORIZONTE,332,1120,ESCOLA ESTADUAL ALZIRA ALBUQUERQUE MOSQUEIRA,"RUA PROFESSOR CÍCERO PEREIRA, 69",SALGADO FILHO,Convencional,-19.9486201,-43.9798371,2268,5
BELO HORIZONTE,332,1139,ESCOLA ESTADUAL CÂNDIDO PORTINARI,RUA CAMPINA VERDE S/N,SALGADO FILHO,Convencional,-19.9452266,-43.9833723,7882,17
BELO HORIZONTE,332,1147,ESCOLA ESTADUAL JOSÉ MENDES CORREIA,"RUA CARMELITA PRATES DA SILVA, 682",SALGADO FILHO,Convencional,-19.9414539,-43.9851435,3397,10
BELO HORIZONTE,332,1155,ESCOLA ESTADUAL MANUEL CASASSANTA,"RUA GUILHERMINO ESTEVAO NASCIMENTO, 150",PALMEIRAS,Convencional,-19.9645777,-43.9794393,4883,10
BELO HORIZONTE,332,1163,ESCOLA MUNICIPAL FRANCISCA DE PAULA,"RUA JÚLIO DE CASTILHO, 330",CINQUENTENÁRIO,Convencional,-19.957458,-43.9835089,6560,14
BELO HORIZONTE,332,1171,ESCOLA MUNICIPAL PREFEITO AMINTHAS DE BARROS,"RUA SAN SALVADOR, 71",ESTRELA DALVA,Convencional,-19.9634086,-43.9695622,7820,17
BELO HORIZONTE,332,1180,COLÉGIO SANTA MARIA - UNIDADE NOVA SUIÇA (ANTIGO COLÉGIO SANTANA),"RUA LINDOLFO DE AZEVEDO , 345",NOVA SUÍÇA,Convencional,-19.9360862,-43.9784617,6322,13
BELO HORIZONTE,332,1198,UNI/BH,"AV. PROFESSOR MÁRIO WERNECK , 1685",BURITIS,Convencional,-19.9698318,-43.9644063,8963,22
BELO HORIZONTE,332,1201,ESCOLA MUNICIPAL HUGO WERNECK,"RUA OSCAR TROMPOWSKY   ,1372",GRAJAÚ,Convencional,-19.9427777,-43.963119,3671,8
BELO HORIZONTE,332,1228,ESCOLA AMERICANA DE BELO HORIZONTE,"AV. DEPUTADO CRISTOVÃO CHIARÁDIA, 120",PALMEIRAS,Convencional,-19.9358603,-43.9550562,3960,8
BELO HORIZONTE,332,1236,ESCOLA MUNICIPAL EFIGÊNIA VIDIGAL,"RUA CORONEL BERNARDINO, S/N",PALMEIRAS,Convencional,-19.9699948,-43.9825565,3138,7
BELO HORIZONTE,332,1252,COLÉGIO UNIMASTER,"RUA WALTER GUIMARÃES FIGUEIREDO, 152",BURITIS,Convencional,-19.969285,-43.9666917,3242,8
BELO HORIZONTE,332,1260,COLEGIO BATISTA MINEIRO - UNIDADE BURITIS,"RUA PAULO PIEDADE CAMPOS, 420",BURITIS,Convencional,-19.9656817,-43.9640703,5161,11
BELO HORIZONTE,332,1279,ESCOLA ESTADUAL NOSSA SENHORA APARECIDA,"RUA PAULO ARBEX, 25",JARDIM AMÉRICA,Convencional,-19.9508509,-43.9685396,1005,3
BELO HORIZONTE,332,1287,ESCOLA MUNICIPAL DEPUTADO  MILTON SALES - ENTRADA RUA SANTOS S/Nº,RUA SANTOS S/N,JARDIM AMÉRICA,Convencional,-19.9552637,-43.9691625,2572,6
BELO HORIZONTE,332,1295,COLEGIO BURITIS AGOSTINIANO (ANTIGO COLÉGIO MAGNUM),"RUA JI-PARANÁ, 75",BURITIS,Convencional,-19.9781127,-43.9637045,2389,5
BELO HORIZONTE,332,1309,ESCOLA TÉCNICA DE FORMAÇÃO GERENCIAL - SEBRAE,"RUA MARIA MACEDO, 998",NOVA GRANADA,Convencional,-19.9368073,-43.9714997,179,1
BELO HORIZONTE,332,1317,ESCOLA ESTADUAL DOUTOR SIMÃO TAMM BIAS FORTES,"RUA JOSÉ CAMBRAIA DO NASCIMENTO, S/N. - ESQUINA COM RUA MARIA BEATRIZ",HAVAÍ,Convencional,-19.9582289,-43.975777,253,1
BELO HORIZONTE,333,1015,ESCOLA MUNICIPAL DA VILA PINHO,"RUA COLETORA, 956",VILA PINHO (VALE DO JATOBÁ),Convencional,-20.0038246,-44.0234486,7398,16
BELO HORIZONTE,333,1023,ESCOLA ESTADUAL DR. AURINO MORAIS,"R.DOMICIO GABRIEL DE VASCONCELOS  , 230",VALE DO JATOBÁ,Convencional,-20.0097104,-44.0373526,8447,19
BELO HORIZONTE,333,1031,ESCOLA MUNICIPAL CÔNEGO SEQUEIRA,"RUA FLOR CHUVA DE PRATA   , 40",MINEIRÃO,Convencional,-20.023095,-44.0294734,6911,15
BELO HORIZONTE,333,1040,ESCOLA MUNICIPAL JONAS BARCELLOS CORRÊA,"RUA  PROFESSORA DIRCE MARIA, 240 (ANTIGA RUA 281)",PETRÓPOLIS (VALE DO JATOBÁ),Convencional,-20.0153222,-44.0298569,6268,14
BELO HORIZONTE,333,1058,ESCOLA DO SESI HAMLETO MAGNAVACCA,"AV. DELFINO FRANCISCO XAVIER, 100 (ANTIGA AV. PERIMETRAL II)",VALE DO JATOBÁ,Convencional,-20.0108844,-44.0338775,6205,13
BELO HORIZONTE,333,1066,ESCOLA ESTADUAL  ÁLVARO LAUREANO PIMENTEL,"RUA JOSÉ OVÍDIO GUERRA  , 280",CARDOSO - BARREIRO DE CIMA,Convencional,-20.0031272,-44.0076729,6730,17
BELO HORIZONTE,333,1074,ESCOLA ESTADUAL CELSO MACHADO,"RUA DONA LUISA  , 491",MILIONÁRIOS,Convencional,-19.9852574,-44.0050068,9172,20
BELO HORIZONTE,333,1082,ESCOLA ESTADUAL ENGENHEIRO FRANCISCO BICALHO,"AV. OLINTO MEIRELES   , 2632",SANTA CRUZ (BARREIRO DE CIMA),Convencional,-19.9930858,-44.0071451,7765,16
BELO HORIZONTE,333,1090,ESCOLA MUNICIPAL ANA ALVES TEIXEIRA,"RUA BARÃO DE MONTE ALTO , 300",CARDOSO - BARREIRO DE CIMA,Convencional,-19.9991345,-44.0066346,6803,16
BELO HORIZONTE,333,1104,ESCOLA MUNICIPAL PROFESSORA ISAURA SANTOS,"RUA HOFFMAN  , 80",SANTA CRUZ (BARREIRO DE CIMA),Convencional,-19.9895509,-44.0091831,8100,17
BELO HORIZONTE,333,1112,ESCOLA MUNICIPAL PEDRO ALEIXO,"AV.MENELICK DE CARVALHO   , 255",FLÁVIO MARQUES LISBOA,Convencional,-19.9940795,-44.0026348,9707,21
BELO HORIZONTE,333,1120,ESCOLA ESTADUAL DR JOSÉ DO PATROCÍNIO DA SILVA PONTES,"RUA DOS CRUZEIRENSES, 15",MILIONÁRIOS,Convencional,-19.9811893,-43.9994672,9900,21
BELO HORIZONTE,333,1139,ESCOLA ESTADUAL PROFESSORA MARIA BELMIRA TRINDADE,"RUA CLEMENTINA DE JESUS  , 99",BONSUCESSO,Convencional,-19.9894596,-43.9893023,8591,18
BELO HORIZONTE,333,1147,ESCOLA ESTADUAL DOMINGAS MARIA DE ALMEIDA,"RUA JOANICO CIRILO DE ABREU   , 285",INDEPENDÊNCIA,Convencional,-20.019486,-44.034142,5503,12
BELO HORIZONTE,333,1155,ESCOLA ESTADUAL JOSÉ MIGUEL DO NASCIMENTO,"R .MARIA BEATRIZ  , 90",NOVO DAS INDÚSTRIAS,Convencional,-19.9756114,-43.9954158,4593,10
BELO HORIZONTE,333,1163,ESCOLA MUNICIPAL LUIZ GONZAGA JÚNIOR,"RUA MARIA PEREIRA DAMASCENO  , 65",VALE DO JATOBÁ,Convencional,-20.0085855,-44.032442,5248,13
BELO HORIZONTE,333,1171,ESCOLA MUNICIPAL PEDRO NAVA,"RUA SÃO PEDRO DA ALDEIA, 45",PILAR,Convencional,-19.9994911,-43.9666609,5848,13
BELO HORIZONTE,333,1180,ESCOLA MUNICIPAL UNIÃO COMUNITÁRIA,"RUA PROFESSOR LUIZ BICALHO, S/N",BRASIL INDUSTRIAL,Convencional,-20.0004774,-44.0144479,5493,12
BELO HORIZONTE,333,1198,ESCOLA MUNICIPAL ANTÔNIO MOURÃO GUIMARÃES,"RUA INTERSINDICAL, 270",CARDOSO/URUCUIA,Convencional,-20.0017032,-44.002612,3721,9
BELO HORIZONTE,333,1210,ESCOLA MUNICIPAL CIAC LUCAS MONTEIRO MACHADO,RUA OTAVIANO DE CARVALHO 12,VILA PINHO (VALE DO JATOBÁ),Convencional,-19.9961084,-44.0309317,6005,13
BELO HORIZONTE,333,1228,ESCOLA MUNICIPAL PROFESSOR HILTON ROCHA,"RUA VICENTE SURETTE, 215",MANGUEIRAS (VALE DO JATOBÁ),Convencional,-20.0127859,-44.0374073,2151,5
BELO HORIZONTE,334,1015,ESCOLA MUNICIPAL ADAUTO LÚCIO CARDOSO,"RUA ERNESTO GAZZOLLI, S/N",CÉU AZUL,Convencional,-19.8163687,-43.9982019,7794,17
BELO HORIZONTE,334,1023,ESCOLA MUNICIPAL JOAQUIM DOS SANTOS,"RUA ANTÔNIO JOSÉ DOS SANTOS, 300",CÉU AZUL,Convencional,-19.8253254,-43.9960367,5940,14
BELO HORIZONTE,334,1031,ESCOLA MUNICIPAL PROFESSORA ONDINA NOBRE,"RUA RADIALISTA JOSÉ JUNQUILHO, 417",CÉU AZUL,Convencional,-19.8250874,-44.0041666,4596,10
BELO HORIZONTE,334,1040,ESCOLA MUNICIPAL CORA CORALINA,"RUA LISBOA, 54",COPACABANA,Convencional,-20.0234429,-44.04117,7479,16
BELO HORIZONTE,334,1058,ESCOLA MUNICIPAL  JOSÉ MADUREIRA HORTA,"RUA JOAQUIM RAYMUNDO BRAGA, 40",SANTA AMÉLIA,Convencional,-19.8358219,-43.9797461,7102,16
BELO HORIZONTE,334,1066,ESCOLA ESTADUAL SÍRIA MARQUES DA SILVA,"RUA INGLATERRA, 410",JARDIM LEBLON,Convencional,-19.8295823,-43.986893,8468,18
BELO HORIZONTE,334,1074,ESCOLA ESTADUAL MENINO JESUS DE PRAGA,"RUA JOSÉ SABINO MACIEL, 290",LAGOA,Convencional,-19.8105056,-44.0001046,6034,14
BELO HORIZONTE,334,1082,ESCOLA ESTADUAL MARIA CAROLINA CAMPOS,"RUA LARANJEIRAS, 30",LEBLON,Convencional,-19.8044189,-43.992345,5775,13
BELO HORIZONTE,334,1090,ESCOLA MUNICIPAL ELISA BUZELIN,"RUA JAIR AFONSO INÁCIO, 277",PIRATININGA,Convencional,-19.8050557,-43.9827613,4039,9
BELO HORIZONTE,334,1104,ESCOLA ESTADUAL JOSÉ HEILBUTH GONÇALVES,"AV. DOM PEDRO I, 527",SANTA BRANCA,Convencional,-19.8392138,-43.967003,6373,14
BELO HORIZONTE,334,1112,ESCOLA ESTADUAL ARI DA FRANCA,"AV. MIN. OLIVEIRA SALAZAR, 1057",SANTA MÔNICA,Convencional,-19.8192199,-43.9744782,9984,22
BELO HORIZONTE,334,1120,ESCOLA ESTADUAL BATISTA SANTIAGO,"RUA CLÉBER SOARES DE ANDRADE, 330",SANTA MÔNICA,Convencional,-19.8249518,-43.9785171,4264,9
BELO HORIZONTE,334,1139,ESCOLA ESTADUAL JOÃO CÂMARA,"PRAÇA JOÃO VIANNA, 142",SINIMBU (VENDA NOVA),Convencional,-19.8204367,-43.980635,5140,11
BELO HORIZONTE,334,1147,ESCOLA MUNICIPAL GERALDO TEIXEIRA DA COSTA,"RUA MÁRCIO LIMA PAIXÃO, 8",RIO BRANCO,Convencional,-19.8149998,-43.9762652,6318,17
BELO HORIZONTE,334,1163,ESCOLA  DE ENGENHARIA KENNEDY,"RUA JOSÉ DIAS VIEIRA, 46",RIO BRANCO,Convencional,-19.8152526,-43.9778288,4487,10
BELO HORIZONTE,334,1171,ESCOLA ESTADUAL SÃO PEDRO E SÃO PAULO,"RUA ESTELA, 22",PIRATININGA,Convencional,-19.8159317,-43.990466,6264,14
BELO HORIZONTE,334,1180,ESCOLA ESTADUAL AFRÂNIO DE MELO FRANCO,"RUA DOS COMANCHES, 678",SANTA MÔNICA,Convencional,-19.8286151,-43.9826128,4516,10
BELO HORIZONTE,334,1198,ESCOLA MUNICIPAL PROFESSOR AMÍLCAR MARTINS,"RUA PRELÚDIO, 54",SANTA AMÉLIA,Convencional,-19.8316807,-43.9715528,4896,11
BELO HORIZONTE,334,1201,ESCOLA MUNICIPAL PROFESSOR MOACYR ANDRADE,"RUA DOS CAÇADORES, 93",LAGOA,Convencional,,,2602,6
BELO HORIZONTE,334,1210,ESCOLA MUNICIPAL VICENTE GUIMARÃES,"RUA ISAURA PEREIRA ALMEIDA, 110",LETÍCIA (VENDA NOVA) (PARTE),Convencional,-19.8095276,-43.9800099,3062,7
BELO HORIZONTE,334,1228,ESCOLA MUNICIPAL CÔNEGO RAIMUNDO TRINDADE,"RUA BRODOSQUI, 51",PIRATININGA,Convencional,-19.8061177,-43.9890889,5385,11
BELO HORIZONTE,334,1236,ESCOLA COLEGUIUM,"RUA DAS CANÁRIAS, 2.171",SANTA AMÉLIA,Convencional,-19.8454687,-43.979552,6178,13
BELO HORIZONTE,334,1244,ESCOLA MUNICIPAL DE ENSINO ESPECIAL,"RUA CARLOS TORREZANI, 190",LETÍCIA (VENDA NOVA) (PARTE),Convencional,-19.8083512,-43.978759,2602,6
BELO HORIZONTE,334,1252,ESCOLA ESTADUAL PROFESSOR AGNELO CORREA VIANA,"RUA MÉXICO, 900",JARDIM LEBLON,Convencional,-19.8251917,-43.994045,5367,12
BELO HORIZONTE,334,1279,ESCOLA MUNICIPAL PRESIDENTE TANCREDO NEVES,"RUA RADIALISTA JOAQUIM DA FONSECA, 45",CÉU AZUL,Convencional,-19.8183368,-44.0021829,2884,6
BELO HORIZONTE,334,1309,EMEI SANTA BRANCA,"RUA CAMPISTA, 70",SANTA BRANCA,Convencional,-19.8314711,-43.9681616,540,2
BELO HORIZONTE,334,1317,EMEI SANTA MONICA (ITAMARATI),"RUA DOS COMANCHES, 245",SANTA MÔNICA,Convencional,-19.8318799,-43.9802672,349,1
BELO HORIZONTE,334,1325,ESCOLA MUNICIPAL ZILDA ARNS,"RUA ERVA MATE, 46",PIRATININGA,Convencional,-19.8180656,-43.992217,133,1
BELO HORIZONTE,34,1015,ESCOLA MUNDO FELIZ,"RUA MARECHAL HERMES  , 895",GUTIERREZ,Convencional,-19.9386801,-43.9589692,3227,8
BELO HORIZONTE,34,1023,PAROQUIA SANTISSIMA TRINDADE,"PRACA LEONARDO GUTIERREZ  , 125",GUTIERREZ,Convencional,-19.9363625,-43.9599625,2629,6
BELO HORIZONTE,34,1031,ESCOLA MUNICIPAL MAGALHAES DRUMOND,"RUA CONTENDAS  , 63",BARROCA,Convencional,,,2945,8
BELO HORIZONTE,34,1040,SALAO PAROQUIAL SANTISSIMA TRINDADE,"PRACA LEONARDO GUTIERREZ, 125",GUTIERREZ,Convencional,-19.9363625,-43.9599625,312,1
BELO HORIZONTE,34,1120,COLEGIO LOYOLA,"AVENIDA CONTORNO  , 7919",CIDADE JARDIM,Convencional,-19.9349135,-43.9498254,5022,12
BELO HORIZONTE,34,1139,OBRAS SOCIAIS PAVONIANAS - PE AGNALDO,RUA DIAS DE TOLEDO 99,CORACAO DE JESUS,Convencional,-19.9482889,-43.9500488,2615,7
BELO HORIZONTE,34,1147,COLEGIO SAO PAULO,"RUA EDUARDO PORTO   ,488",CIDADE JARDIM,Convencional,-19.9393033,-43.9510871,3986,11
BELO HORIZONTE,34,1210,ESCOLA MUNICIPAL MESTRE PARANHOS,RUA ALCIDA TORRES  20,CONJUNTO SANTA MARIA,Convencional,-19.9517841,-43.9594204,2012,6
BELO HORIZONTE,34,1228,COLEGIO TECNICO DE ELETRONICA DE MINAS GERAIS - COTEMIG,"RUA SANTA CRUZ, 546",GRAJAÚ,Convencional,-19.9363838,-43.9663358,4835,12
BELO HORIZONTE,34,1295,ESCOLA MUNICIPAL MARCONI,"AVENIDA CONTORNO   ,8476",GUTIERREZ,Convencional,-19.93146,-43.95526,4874,17
BELO HORIZONTE,34,1309,COLEGIO SANTO AGOSTINHO - UNIDADE GUTIERREZ,"RUA DANIEL DE CARVALHO   ,1424",GUTIERREZ,Convencional,-19.9403352,-43.9589047,5837,15
BELO HORIZONTE,34,1376,INSTITUTO DA CRIANCA,"RUA LAPLACE    ,155",SANTA LÚCIA,Convencional,-19.9638846,-43.9468864,4745,12
BELO HORIZONTE,34,1414,ESCOLA MUNICIPAL PRESIDENTE JOÃO PESSOA,"RUA CONGONHAS, 639",SANTO ANTONIO,Convencional,-19.9435342,-43.9416147,3546,8
BELO HORIZONTE,34,1422,ESCOLA ESTADUAL LEOPOLDO DE MIRANDA,"RUA BARAO DE MACAUBAS   ,449",SANTO ANTONIO,Convencional,-19.9394807,-43.9473708,2377,6
BELO HORIZONTE,34,1457,ESCOLA MUNICIPAL CAIO LÍBANO SOARES,"RUA CARANGOLA   ,288",SANTO ANTONIO,Convencional,-19.94135,-43.9426242,5896,19
BELO HORIZONTE,34,1490,INSTITUTO PADRE MACHADO,"AVENIDA DO CONTORNO   , 6475",SANTO ANTONIO,Convencional,-19.9407912,-43.9384232,3173,7
BELO HORIZONTE,34,1503,ESCOLA SANTO TOMAS DE AQUINO,"RUA PROFESSOR CANDIDO HOLANDA  ,165",SAO BENTO,Convencional,-19.9542751,-43.9519485,6680,17
BELO HORIZONTE,34,1511,COLEGIO MARISTA DOM SILVERIO,"RUA LAVRAS  , 225",SÃO PEDRO,Convencional,-19.9421623,-43.9349233,7513,19
BELO HORIZONTE,34,1520,ESCOLA MUNICIPAL ULYSSES GUIMARAES,"RUA BOLIVIA, 532",SÃO PEDRO,Convencional,-19.9511095,-43.9398855,3465,8
BELO HORIZONTE,34,1554,ESCOLA ESTADUAL PROFº JOSÉ MESQUITA DE CARVALHO,R. IRAÍ 154,VILA PARIS,Convencional,-19.9481835,-43.9496761,4264,15
BELO HORIZONTE,34,1635,ESCOLA ESTADUAL DONA AUGUSTA GONCALVES NOGUEIRA,"COPERNICO PINTO COELHO  ,13",SANTA LÚCIA,Convencional,-19.9508598,-43.9457091,4358,10
BELO HORIZONTE,34,1660,COLEGIO SANTA DOROTEIA,"RUA CHICAGO, 240",SION,Convencional,-19.9528944,-43.9357463,10470,22
BELO HORIZONTE,34,1678,COLEGIO EDNA RORIZ,"AVENIDA  PROFESSOR CRISTOVAN DOS SANTOS , 383",BELVEDERE,Convencional,-19.9698029,-43.9347564,4209,9
BELO HORIZONTE,34,1686,ESCOLA MUNICIPAL BENJAMIN JACOB,RUA VENEZUELA 643,SION,Convencional,-19.9537833,-43.9367863,1856,5
BELO HORIZONTE,34,1694,TRIBUNAL DE CONTAS DO ESTADO DE MINAS GERAIS,"AV. RAJA GABAGLIA, 1315",LUXEMBURGO,Convencional,-19.9472112,-43.9594451,1546,4
BELO HORIZONTE,34,1708,SALÃO PAROQUIAL SANTO INÁCIO DE LOYOLA,RUA TENENTE RENATO CESAR 53,CIDADE JARDIM,Convencional,-19.9373401,-43.9478774,765,2
BELO HORIZONTE,34,1716,FUNDAÇÃO TORINO,"RUA JORNALISTA DJALMA ANDRADE, 1300",BELVEDERE,Convencional,-19.9734307,-43.9326064,2203,5
BELO HORIZONTE,34,1724,COLÉGIO BERNOULLI - UNIDADE CIDADE JARDIM,AV. PRUDENTE DE MORAIS 1602,CIDADE JARDIM,Convencional,-19.9486603,-43.9485614,6937,22
BELO HORIZONTE,35,1023,COLÉGIO MANGABEIRAS/BALÃO VERMELHO,"RUA PROFESSOR DJALMA GUIMARÃES, 140",MANGABEIRAS,Convencional,-19.9559531,-43.9112196,3384,8
BELO HORIZONTE,35,1066,ESCOLA ESTADUAL PRESIDENTE ANTONIO CARLOS,"RUA PASSA TEMPO, 600",CARMO,Convencional,-19.9448599,-43.9338613,4309,16
BELO HORIZONTE,35,1120,COLÉGIO ARNALDO UNIDADE ANCHIETA,"RUA VITÓRIO MARÇOLA, 360",ANCHIETA,Convencional,-19.9460261,-43.9271724,10157,21
BELO HORIZONTE,35,1147,UNIVERSIDADE FUMEC,"RUA COBRE, 200",CRUZEIRO,Convencional,-19.9432977,-43.9252612,6694,28
BELO HORIZONTE,35,1180,UTRAMIG,"AVENIDA AFONSO PENA, 3400",CRUZEIRO,Convencional,-19.9410387,-43.9253908,4365,17
BELO HORIZONTE,35,1236,ESCOLA SEB SAGRADO-UNIDADE SERRA (ANTIGO SAG. CORAÇÃO MARIA),"RUA PROF. ESTEVÃO PINTO, 400",SERRA,Convencional,-19.9384503,-43.9227395,10001,21
BELO HORIZONTE,35,1244,ESCOLA ESTADUAL DONA ARGENTINA VIANNA CASTELLO BRANCO,"RUA ORIENTE, 758",SERRA,Convencional,-19.944419,-43.9189916,1847,7
BELO HORIZONTE,35,1252,ESCOLA ESTADUAL AUGUSTO DE LIMA,"AVENIDA DO CONTORNO  , 4947",SERRA,Convencional,-19.937171,-43.9251982,3363,11
BELO HORIZONTE,35,1279,ESCOLA ESTADUAL LAURA DAS CHAGAS FERREIRA,"RUA SACRAMENTO   , 54",SERRA,Convencional,-19.9377942,-43.9114423,4033,9
BELO HORIZONTE,35,1287,ESCOLA ESTADUAL PROFESSOR PEDRO ALEIXO,"AVENIDA BANDEIRANTES   , 2300",MANGABEIRAS,Convencional,-19.9468331,-43.9175959,5200,12
BELO HORIZONTE,35,1309,ESCOLA MUNICIPAL SENADOR LEVINDO COELHO,"RUA CARAÇA,  910",SERRA,Convencional,-19.9437984,-43.9148728,6121,13
BELO HORIZONTE,35,1333,ESCOLA ESTADUAL ARTUR JOVIANO,"RUA EUCLÁSIO, 201",SANTA EFIGÊNIA,Convencional,-19.9236445,-43.9143181,4364,11
BELO HORIZONTE,35,1350,ESCOLA MUNICIPAL MARIA DAS NEVES,"RUA PIRANGA    , 39",SÃO LUCAS,Convencional,-19.9282438,-43.919793,3744,10
BELO HORIZONTE,35,1376,ESCOLA MUNICIPAL SANTOS DUMONT,"AV. MEM DE SÁ, 600",SANTA EFIGÊNIA,Convencional,-19.9225724,-43.9121693,11120,26
BELO HORIZONTE,35,1392,ESCOLA ESTADUAL JOÃO ALPHONSUS,"RUA DR MICAELLI, 680",PARAÍSO,Convencional,-19.921677,-43.9003782,3939,9
BELO HORIZONTE,35,1406,ESCOLA MUNICIPAL LEVINDO LOPES,"RUA FLUORINA    , 1460",PARAÍSO,Convencional,-19.923421,-43.9046372,3529,8
BELO HORIZONTE,35,1414,ESCOLA LÚCIA CASASANTA,"RUA RIO VERDE, 379",CARMO,Convencional,-19.9471263,-43.9319627,4225,10
BELO HORIZONTE,35,1430,ESCOLA ESTADUAL HENRIQUE DINIZ,"RUA TENENTE ANASTÁCIO DE  MOURA   , 280",SANTA EFIGÊNIA,Convencional,-19.921996,-43.916047,3530,8
BELO HORIZONTE,35,1449,SALÃO PAROQUIAL SANTA LUZIA,"RUA JOÃO GOMES, 157",PARAÍSO,Convencional,-19.9176989,-43.9058806,2814,8
BELO HORIZONTE,35,1465,ESCOLA MUNICIPAL THEOMAR DE CASTRO ESPÍNDOLA,"RUA MICA, 144",SÃO LUCAS,Convencional,-19.9295452,-43.9187307,2167,7
BELO HORIZONTE,35,1473,ESCOLA MUNICIPAL PADRE GUILHERME PETERS,"RUA CORONEL JORGE DÁRIO, 560",SÃO LUCAS,Convencional,-19.9326152,-43.9153953,2514,6
BELO HORIZONTE,35,1481,ESCOLA DA SERRA,"RUA DO OURO, 1900",SERRA,Convencional,-19.9477917,-43.9186003,3943,8
BELO HORIZONTE,35,1490,CRECHE CASA DA CRIANÇA,"RUA CARLOS ETIENE DE CASTRO, 33",SERRA,Convencional,-19.9382572,-43.9112475,1566,4
BELO HORIZONTE,35,1503,ESCOLA MUNICIPAL VILA FAZENDINHA,"RUA PAULO DE SOUZA, 51",VILA FAZENDINHA,Convencional,-19.931121,-43.9060975,1603,4
BELO HORIZONTE,35,1511,INSTITUTO BH FUTURO (CRIANÇA ESPERANÇA),"RUA DESEMBARGADOR MÁRIO MATOS, 576",SERRA,Convencional,-19.9395107,-43.9120677,2025,5
BELO HORIZONTE,36,1015,ESCOLA ESTADUAL CARMO GIFFONI,"RUA DO COLAR, 85",JATOBÁ,Convencional,-19.994018,-44.053438,4611,12
BELO HORIZONTE,36,1023,ESCOLA ESTADUAL DIVINA PROVIDÊNCIA,"RUA PROFESSORA RUTH PINA, 381",REGINA,Convencional,-19.9817708,-44.0552314,4961,14
BELO HORIZONTE,36,1031,ESCOLA ESTADUAL GENERAL CARLOS LUIS GUEDES,"RUA TIRADENTES, 1153",LINDÉIA,Convencional,-19.9747132,-44.0452969,2364,5
BELO HORIZONTE,36,1040,ESCOLA ESTADUAL JOÃO PAULO I,"RUA TRÊS, 71",LINDÉIA,Convencional,-19.9861159,-44.053448,4306,11
BELO HORIZONTE,36,1058,ESCOLA ESTADUAL MINISTRO ALFREDO DE VILHENA VALADÃO,"RUA  SÔNIA MORAIS RANGEL, 111",TIROL,Convencional,-19.9918442,-44.0379701,5362,12
BELO HORIZONTE,36,1066,ESCOLA ESTADUAL PE JOÃO BOSCO PENIDO BURNIER,"RUA DAS PERPÉTUAS, 79",LINDÉIA,Convencional,,,5741,13
BELO HORIZONTE,36,1074,ESCOLA MUNICIPAL ANTONIO SALES BARBOSA,"RUA SABINO JOSE FERREIRA, 5",TIROL,Convencional,-19.9842417,-44.0455453,4691,10
BELO HORIZONTE,36,1082,ESCOLA MUNICIPAL HELENA ANTIPOFF,"AV. ANTONIO EUSTÁQUIO PIAZZA ,4020",TIROL,Convencional,-19.9905489,-44.0451612,6742,15
BELO HORIZONTE,36,1104,ESCOLA MUNICIPAL AURELIO BUARQUE DE HOLANDA,"PEDRO RAMOS CRUZ, 60",LINDÉIA,Convencional,-19.9770706,-44.0577804,4101,9
BELO HORIZONTE,36,1155,COLÉGIO SANTA RITA,"RUA COSTA BELÉM,122",SANTA HELENA (BARREIRO),Convencional,-19.9787119,-44.0122813,4412,11
BELO HORIZONTE,36,1163,COLÉGIO CHROMOS (ANTIGO COLÉGIO CENECISTA DOMICIANO VIEIRA),"RUA JOSÉ GONÇALVES, 550",BARREIRO,Convencional,-19.9770883,-44.0230036,4357,14
BELO HORIZONTE,36,1171,ESCOLA ESTADUAL CECÍLIA MEIRELES,"RUA JOSÉ DOS SANTOS LAGE, 360",TEIXEIRA DIAS,Convencional,-19.9893345,-44.0172185,6709,14
BELO HORIZONTE,36,1180,ESCOLA ESTADUAL MARGARIDA BROCHADO,"RUA BARÃO DE COROMANDEL, 426",BARREIRO,Convencional,-19.9749786,-44.0171068,2666,7
BELO HORIZONTE,36,1198,ESCOLA ESTADUAL RODRIGUES CAMPOS,"AV. SINFRÔNIO BROCHADO, 355",BARREIRO,Convencional,-19.976291,-44.0160155,6716,15
BELO HORIZONTE,36,1201,ESCOLA MUNICIPAL ANTÔNIO ALEIXO,"AV. OLINTO MEIRELES, 250",BARREIRO,Convencional,-19.9732851,-44.013812,773,4
BELO HORIZONTE,36,1210,ESCOLA MUNICIPAL LUIZ GATTI,"RUA O. GARIMPEIRO, 45",CONJUNTO ADEMAR MALDONADO,Convencional,-19.9820293,-44.0262671,7401,16
BELO HORIZONTE,36,1228,ESCOLA MUNICIPAL PE. FLÁVIO GIAMMETTA,"R.SEBASTIÃO MARIA DA SILVA,175",CONJUNTO ÁTILA DE PAIVA,Convencional,-19.9777382,-44.0273165,3254,8
BELO HORIZONTE,36,1236,ESCOLA MUNICIPAL SEBASTIÃO GUILHERME DE OLIVEIRA,"RUA CALÊNDULA,10",OLARIA,Convencional,-19.9894765,-44.0295899,4129,10
BELO HORIZONTE,36,1260,ESCOLA MUNICIPAL AYRES DA MATA MACHADO FILHO,"AV. SENADOR LEVINDO COELHO,132",VALE DO JATOBÁ,Convencional,-19.9937991,-44.0348263,2886,12
BELO HORIZONTE,36,1368,ESCOLA ESTADUAL DIOGO DE VASCONCELOS,"RUA PROFESSOR LUIZ POMPEU, 30",INDÚSTRIAS,Convencional,-19.9557103,-44.010509,4000,12
BELO HORIZONTE,36,1376,ESCOLA ESTADUAL PADRE JOÃO BOTELHO,"RUA MARIA DE LOURDES MANSO, 81",INDÚSTRIAS,Convencional,-19.9639803,-44.0009604,4848,13
BELO HORIZONTE,37,1031,COLÉGIO SALESIANO,"AV. AMAZONAS, 6825",NOVA GAMELEIRA,Convencional,-19.9350022,-43.9932387,6701,17
BELO HORIZONTE,37,1058,ESCOLA ESTADUAL PROF. LEON RENAULT,"AV. AMAZONAS, 5855",GAMELEIRA,Convencional,-19.9316174,-43.9854733,7060,30
BELO HORIZONTE,37,1295,ESCOLA ESTADUAL DR ANTÔNIO AUGUSTO SOARES CANEDO,"AV. CAPIM BRANCO, 157",VISTA ALEGRE,Convencional,-19.9505203,-44.000979,8056,17
BELO HORIZONTE,37,1309,ESCOLA ESTADUAL HERMENEGILDO CHAVES,"RUA HERCULANO MOURAO SALAZAR, 105 (ANT. RUA JOAO XXIII)",NOVA CINTRA,Convencional,-19.9527575,-43.991631,4801,10
BELO HORIZONTE,37,1317,ESCOLA MUNICIPAL PADRE HENRIQUE BRANDÃO,"RUA CRISPIM JACQUES, 987",VISTA ALEGRE,Convencional,-19.9563454,-44.000365,6999,15
BELO HORIZONTE,37,1325,ESCOLA ESTADUAL PROFESSORA MARIA DO SOCORRO ANDRADE,"R. ALEXANDRE MATIAS ALVES, 290",NOVA CINTRA,Convencional,-19.9514974,-43.9881026,6075,13
BELO HORIZONTE,37,1333,ESCOLA ESTADUAL PROFESSOR MAGALHÃES DRUMMOND,"RUA FERNANDO ALVES, 260",NOVA CINTRA,Convencional,-19.9512709,-43.988419,3735,10
BELO HORIZONTE,37,1368,ESCOLA MUNICIPAL TEN. MANOEL TEIXEIRA MAGALHÃES PENIDO,"RUA AMUR, 48",BETÂNIA,Convencional,-19.9625583,-43.9969601,3648,8
BELO HORIZONTE,37,1376,ESCOLA MUNICIPAL MESTRE ATAYDE,"RUA AUGUSTO JOSÉ DOS SANTOS, 560",BETÂNIA,Convencional,-19.9679589,-43.9887726,7500,23
BELO HORIZONTE,37,1406,ESCOLA ESTADUAL AARÃO REIS,"RUA JAIME SALSE, 330",MADRE GERTRUDES,Convencional,-19.9498725,-44.0057831,5528,12
BELO HORIZONTE,37,1490,ESCOLA ESTADUAL GERALDO TEIXEIRA DA COSTA,"RUA PADRE TIAGO DE ALMEIDA, 382",CAMARGOS,Convencional,-19.93862,-44.0239491,4293,9
BELO HORIZONTE,37,1511,ESCOLA MUNICIPAL MÁRIO WERNECK,"RUA ABATI, 10",SANTA MARIA,Convencional,-19.9360382,-44.0132595,5330,11
BELO HORIZONTE,37,1520,E.E. ORDEM E PROGRESSO (ANTIGA E. E. FELIPE CORREA),"RUA OSCAR NEGRÃO DE LIMA, 29",NOVA GAMELEIRA,Convencional,-19.9383352,-43.9966438,5691,12
BELO HORIZONTE,37,1589,UMEI PITUCHINHA,"RUA MARQUÊS DO LAVRADIO, 619",ALTO DOS PINHEIROS,Convencional,-19.9291175,-44.002765,4103,12
BELO HORIZONTE,37,1597,ESCOLA MUNICIPAL JOÃO CAMILO DE OLIVEIRA TORRES,"RUA ESTER BATISTA VIEIRA, 12",CALIFÓRNIA,Convencional,-19.9295211,-44.0088551,3055,9
BELO HORIZONTE,37,1600,ESCOLA MUNICIPAL JOÃO PINHEIRO,"RUA PADRE MANOEL BERNARDES   , 303",ALTO DOS PINHEIROS,Convencional,-19.9335616,-44.0000219,4473,10
BELO HORIZONTE,37,1619,INSTITUTO EDUCACIONAL BAIÃO SANTOS,"RUA FREI CONCEIÇÃO VELOSO,  473",JOÃO PINHEIRO,Convencional,-19.9282937,-44.0000301,2830,6
BELO HORIZONTE,37,1627,ESCOLA ESTADUAL ELPÍDIO ARISTIDES DE FREITAS,"RUA MARIA ANTÔNIA FRÁGOLA, 50",CAMARGOS,Convencional,-19.9425061,-44.0156555,4904,10
BELO HORIZONTE,37,1635,ESCOLA ESTADUAL DOM CABRAL,"RUA SÃO FELICÍSSIMO, 153",BETÂNIA,Convencional,-19.9625836,-43.9885948,3675,8
BELO HORIZONTE,38,1023,ESCOLA ESTADUAL GERALDINA ANA GOMES,"RUA GUERNICA, 275",EUROPA,Convencional,-19.8053611,-43.966814,6145,14
BELO HORIZONTE,38,1066,ESCOLA MUNICIPAL MILTON CAMPOS,"RUA JOVINO RODRIGUES PEGO, 145",MANTIQUEIRA (VENDA NOVA),Convencional,,,8056,20
BELO HORIZONTE,38,1074,ESCOLA MUNICIPAL MOYSÉS KALIL,"RUA AFONSO PEREIRA DA SILVA, 10",MANTIQUEIRA (VENDA NOVA),Convencional,,,7976,19
BELO HORIZONTE,38,1082,ESCOLA MUNICIPAL PEDRO GUERRA,"RUA JOÃO FERREIRA DA SILVA, 230",MANTIQUEIRA (VENDA NOVA),Convencional,,,5389,16
BELO HORIZONTE,38,1090,ESCOLA ESTADUAL AFONSO PENA MASCARENHAS,"RUA ODETE RODRIGUES DE OLIVEIRA, 180",JARDIM COMERCIARIOS (VENDA NOVA),Convencional,,,4278,11
BELO HORIZONTE,38,1104,ESCOLA MUNICIPAL TABAJARA PEDROSO,"RUA GERALDO ANUNCIAÇÃO, 45",RIO BRANCO,Convencional,,,2873,11
BELO HORIZONTE,38,1112,ESCOLA MUNICIPAL GRACY VIANNA LAGE,"RUA JOÃO SOARES LEAL, 23",JARDIM COMERCIARIOS (VENDA NOVA),Convencional,,,7285,17
BELO HORIZONTE,38,1120,ESCOLA ESTADUAL DJANIRA RODRIGUES DE OLIVEIRA,"RUA COSME TORRES PIMENTA, 160",EUROPA,Convencional,,,8921,22
BELO HORIZONTE,38,1139,ESCOLA ESTADUAL JUSCELINO KUBITSCHEK DE OLIVEIRA,"RUA HERCI EUCLIDES FERREIRA, 229",MARIA HELENA (VENDA NOVA - PARTE),Convencional,-19.8010811,-43.99282,3810,10
BELO HORIZONTE,38,1198,ESCOLA MUNICIPAL ANTÔNIA FERREIRA,"RUA JOÃO GUALBERTO DE ABREU, 10",SAO JOAO BATISTA (VENDA NOVA) (PARTE),Convencional,-19.8165048,-43.962865,8664,19
BELO HORIZONTE,38,1201,ESCOLA MUNICIPAL ANTÔNIO GOMES HORTA,"RUA ANTÔNIO JOSÉ DE OLIVEIRA, 161",MINAS CAIXA (VENDA NOVA),Convencional,-19.8100448,-43.954883,3994,10
BELO HORIZONTE,38,1210,ESCOLA ESTADUAL MANOEL SOARES DO COUTO,"RUA WALFRIDO TEIXEIRA SIMÕES, 200",MINAS CAIXA (VENDA NOVA),Convencional,-19.8050381,-43.957801,8190,19
BELO HORIZONTE,38,1228,ESCOLA MUNICIPAL DORA TOMICH LAENDER,"RUA JULITA NUNES LIMA, 53",MINAS CAIXA (VENDA NOVA),Convencional,-19.8043921,-43.959432,2609,8
BELO HORIZONTE,38,1236,ESCOLA MUNICIPAL JOSÉ MARIA ALKMIM,"RUA BENÍGNO FAGUNDES DA SILVA, S/N",SERRA VERDE (VENDA NOVA),Convencional,-19.7967203,-43.954883,6047,15
BELO HORIZONTE,38,1244,ESCOLA ESTADUAL GETÚLIO VARGAS,"RUA GUIDO LEÃO, 22",SERRA VERDE (VENDA NOVA),Convencional,-19.7939745,-43.95454,4774,11
BELO HORIZONTE,38,1260,ESCOLA ESTADUAL SANTOS DUMONT,"RUA ALCIDES LINS, 502",VENDA NOVA (CENTRO),Convencional,-19.8152935,-43.957286,6859,16
BELO HORIZONTE,38,1279,ESCOLA MUNICIPAL EMEI - VENDA NOVA,"RUA DOUTOR ÁLVARO CAMARGOS, 14",VENDA NOVA (CENTRO),Convencional,-19.817716,-43.954196,1449,5
BELO HORIZONTE,38,1287,ESCOLA ESTADUAL CESEC MARIA VIEIRA BARBOSA,"RUA PADRE PEDRO PINTO, 775",VENDA NOVA (CENTRO),Convencional,-19.8140823,-43.957372,3355,11
BELO HORIZONTE,38,1384,ESCOLA MUNICIPAL ARMANDO ZILLER,"RUA GERALDO ILÍDIO TEIXEIRA, 283",MANTIQUEIRA (VENDA NOVA),Convencional,-19.7837177,-43.984237,4097,10
BELO HORIZONTE,38,1392,ESCOLA MUNICIPAL RENATO AZEREDO,"RUA AGUA, 240",MARIA HELENA (VENDA NOVA - PARTE),Convencional,-19.7947013,-43.993078,2147,7
BELO HORIZONTE,38,1406,ESCOLA MUNICIPAL JOSÉ XAVIER NOGUEIRA,"RUA NAVARRA, 100",EUROPA,Convencional,-19.8007581,-43.963552,1682,6
BELO HORIZONTE,38,1414,ESCOLA MUNICIPAL PADRE MARZANO MATIAS,"RUA ÉRICO VERÍSSIMO, 1.280",RIO BRANCO,Convencional,-19.816747,-43.978572,3037,8
BELO HORIZONTE,39,1090,ESCOLA ESTADUAL PEDRO PAULO PENIDO,"RUA RONAN SOARES, 40, FLORAMAR",FLORAMAR,Convencional,-19.8388981,-43.9309964,6544,16
BELO HORIZONTE,39,1104,ESCOLA MUNICIPAL RUI DA COSTA VAL,"RUA ANTÔNIO PEREIRA DOS SANTOS, 30, JARDIM FELICIDADE",JARDIM FELICIDADE,Convencional,-19.829536,-43.927656,4268,9
BELO HORIZONTE,39,1112,ESCOLA ESTADUAL PROFESSORA FRANCISCA MALHEIROS,"RUA RONALD DE CARVALHO, 276, TUPI",TUPI,Convencional,-19.8400409,-43.9158357,7570,18
BELO HORIZONTE,39,1120,ESCOLA MUNICIPAL FRANCISCO CAMPOS,"RUA HERALDO BELISARIO, 190, TUPI",TUPI,Convencional,-19.8350688,-43.922793,8279,18
BELO HORIZONTE,39,1139,ESCOLA MUNICIPAL SEBASTIANA NOVAIS,"RUA ANITA MALFATTI, 60, TUPI",TUPI,Convencional,-19.841977,-43.919206,5693,12
BELO HORIZONTE,39,1171,ESCOLA MUNICIPAL MINERVINA AUGUSTA,"RUA DAVID CANABARRO, 18, CAMPO ALEGRE",CAMPO ALEGRE,Convencional,-19.8298187,-43.9470597,4414,10
BELO HORIZONTE,39,1201,ESCOLA ESTADUAL PROF. BOLIVAR FREITAS,"RUA JOSE PINTO MOURA, 395, JARDIM GUANABARA",JARDIM GUANABARA,Convencional,-19.825273,-43.936755,9676,21
BELO HORIZONTE,39,1252,ESCOLA ESTADUAL PASCHOAL COMANDUCCI,"RUA JOÃO NASCIMENTO PIRES, 240, JACQUELINE",JACQUELINE,Convencional,-19.8021626,-43.9357824,8001,19
BELO HORIZONTE,39,1260,ESCOLA ESTADUAL PROFESSORA MARIA COUTINHO,"RUA LUIS GONZAGA DE SOUZA, 75, JACQUELINE",JACQUELINE,Convencional,-19.804622,-43.9433484,6355,13
BELO HORIZONTE,39,1279,ESCOLA ESTADUAL PROFESSORA INES GERALDA DE OLIVEIRA,"RUA MARIA MARTINS, 550, CELESTINO",CELESTINO,Convencional,-19.8155987,-43.9413131,7372,15
BELO HORIZONTE,39,1333,ESCOLA MUNICIPAL DES. LORETO RIBEIRO DE ABREU,"RUA MARCOS DONATO DE LIMA,  S/N, RIBEIRO DE ABREU",RIBEIRO DE ABREU,Convencional,-19.8191929,-43.9024783,1221,3
BELO HORIZONTE,39,1350,ESCOLA ESTADUAL MARGARIDA DE MELO PRADO,"RUA JOAQUIM DE ABREU, 50, MONTE AZUL",MONTE AZUL,Convencional,-19.817683,-43.8926109,3090,7
BELO HORIZONTE,39,1481,ESCOLA ESTADUAL CARLOS DRUMMOND DE ANDRADE,"RUA PROFESSORA GABRIELA VARELA, 360, FLORAMAR",FLORAMAR,Convencional,-19.8325254,-43.930815,9597,20
BELO HORIZONTE,39,1490,ESCOLA MUNICIPAL HILDA RABELO MATTA,"RUA JOVENTINA DA ROCHA, 72, HELIÓPOLIS",HELIÓPOLIS,Convencional,-19.8449609,-43.9342526,5065,14
BELO HORIZONTE,39,1503,ESCOLA MUNICIPAL TRISTÃO DA CUNHA,"RUA DR. JOSE FEROLLA, 80, PLANALTO",PLANALTO,Convencional,-19.8378216,-43.9428965,5812,13
BELO HORIZONTE,39,1511,ESCOLA MUNICIPAL LIDIA ANGELICA,"RUA CORONEL INDIO DO BRASIL, 164, ITAPOÃ",ITAPOÃ,Convencional,-19.8383996,-43.958122,5285,14
BELO HORIZONTE,39,1520,ESCOLA ESTADUAL TRES PODERES,"AV. PORTUGAL, 4095, ITAPOÃ",ITAPOÃ,Convencional,-19.8422633,-43.9634754,6748,14
BELO HORIZONTE,39,1554,ESCOLA ESTADUAL MARIA LUIZA DE MIRANDA BASTOS,"RUA SÃO JOSE DO JACURI, 60, PLANALTO",PLANALTO,Convencional,-19.8361726,-43.9516187,6079,13
BELO HORIZONTE,39,1570,ESCOLA MUNICIPAL FRANCISCO DE MAGALHÃES GOMES,"RUA DOS MAMOEIROS, 98, VILA CLÓRIS",VILA CLÓRIS,Convencional,-19.8214473,-43.9500892,4072,9
BELO HORIZONTE,39,1589,ESCOLA MUNICIPAL JARDIM FELICIDADE,"RUA EXPEDICIONÁRIO JÉSUS RAMOS, 250, JARDIM FELICIDADE",JARDIM FELICIDADE,Convencional,-19.8243715,-43.9307499,1995,5
BELO HORIZONTE,39,1597,ESCOLA MUNICIPAL JOSÉ MARIA DOS MARES GUIA,"RUA BENEDITINOS, 180, HELIÓPOLIS",HELIÓPOLIS,Convencional,-19.843314,-43.941896,3130,7
BELO HORIZONTE,39,1619,ESCOLA MUNICIPAL PROFESSOR DANIEL ALVARENGA,"RUA COQUILHO, 10, JACQUELINE",JACQUELINE,Convencional,-19.804917,-43.927303,2392,5
BELO HORIZONTE,39,1627,ESCOLA MUNICIPAL FLORESTAN FERNANDES,"RUA PAU FERRO, 360, SOLIMÕES",SOLIMÕES,Convencional,-19.8213552,-43.9246095,1160,3
BELO HORIZONTE,39,1635,ESCOLA MUNICIPAL SÉRGIO MIRANDA,"RUA MINISTRO OSVALDO ARANHA, 345, TUPI",TUPI,Convencional,-19.8306722,-43.9137666,1733,4
BELO HORIZONTE,39,1643,ESCOLA MUNICIPAL ACADÊMICO VIVALDI MOREIRA,"RUA AGENOR DE PAULA ESTRELA, 380",JACQUELINE,Convencional,-19.8054495,-43.940089,1649,4
BELO HORIZONTE,39,1651,FACULDADE JESUÍTA DE FILOSOFIA E TEOLOGIA - FAJE,"AV. DR. CRISTIANO GUIMARÃES, 2127",PLANALTO,Convencional,-19.8386566,-43.9524036,790,2
BETIM,316,1031,ESCOLA ESTADUAL DR. RENATO AZEREDO,"RUA CONTAGEM, 579",BETIM INDUSTRIAL,Convencional,-19.9614359,-44.1680833,3502,12
BETIM,316,1040,ESCOLA MUNICIPAL ANTONIO HONORIO DA SILVA,ESTRADA SERRA NEGRA,LIBERATOS,Convencional,-19.9139645,-44.2193187,292,1
BETIM,316,1066,ESCOLA MUNICIPAL ISAURA COELHO,"RUA DOM AFONSO HENRIQUE, 280",JARDIM DAS ALTEROSAS 1ª SEÇÃO,Convencional,-19.9503315,-44.1594,5055,16
BETIM,316,1074,ESCOLA MUNICIPAL MARIA CRISTINA,"RUA VILA RICA, 466",LARANJEIRAS,Convencional,-19.9430306,-44.1250424,4131,13
BETIM,316,1104,ESCOLA MUNICIPAL SEBASTIANA DINIZ DE MATOS CARDOSO,"RUA JOSE NONATO DINIZ, 61",IMBIRUÇU,Convencional,-19.9463523,-44.1089344,1234,7
BETIM,316,1120,ESCOLA MUNICIPAL SEBASTIAO FERREIRA DE OLIVEIRA,"RUA ARTUR RABELO, 136",PARQUE DAS INDÚSTRIAS,Convencional,-19.9557393,-44.1763626,2232,7
BETIM,316,1139,ESCOLA MUNICIPAL MARCILIO MELO REZENDE,"CAMINHO DE SANTA QUITERIA, 35 (AVENIDA VARZEA DAS FLORES, 850)",VARGEM DAS FLORES,Convencional,-19.9192041,-44.1732853,597,2
BETIM,316,1147,ESCOLA MUNICIPAL WALDEMAR D'LUZ GONCALVES,"RUA PASSA TEMPO, 886",VILA CRISTINA,Convencional,-19.9335069,-44.1346201,4222,14
BETIM,316,1171,ESCOLA ESTADUAL CANDIDO PORTINARI,"AVENIDA TAPAJOS, 4590",NOVA BADEN,Convencional,-19.9496442,-44.1394798,3516,11
BETIM,316,1180,ESCOLA ESTADUAL CECILIA MEIRELLES,"RUA CARAJAS, 44",LARANJEIRAS,Convencional,-19.9444546,-44.1321885,4109,13
BETIM,316,1201,ESCOLA MUNICIPAL TITO FLAVIUS LIMA DE ANDRADE,"RUA AÇUCENA, 444",DUQUE DE CAXIAS,Convencional,-19.9371189,-44.1566578,4458,14
BETIM,316,1210,ESCOLA MUNICIPAL MARIA DE LOURDES OLIVEIRA,"AVENIDA RIO NEGRO, 1213",LARANJEIRAS,Convencional,-19.948124,-44.131564,1472,5
BETIM,316,1228,ESCOLA ESTADUAL DO BAIRRO SAO CAETANO,"AVENIDA SAO CAETANO, 300",SAO CAETANO,Convencional,-19.9385248,-44.1117964,5013,16
BETIM,316,1236,ESCOLA MUNICIPAL ISRAEL JOSE CARLOS,"AVENIDA NOVA YORK, 341",CAPELINHA,Convencional,-19.9414839,-44.1060198,4348,14
BETIM,316,1252,ESCOLA MUNICIPAL MARIA DA CONCEICAO BRITO,"RUA VISCONDE ITABORAÍ, 101",SÃO CRISTÓVÃO,Convencional,-19.9421619,-44.1167442,1671,6
BETIM,316,1260,ESCOLA ESTADUAL PROFESSOR OSVALDO RESENDE FRANCO,"PRAÇA BOM PASTOR, 300",DOM BOSCO,Convencional,-19.956459,-44.1577571,3957,12
BETIM,316,1287,ESCOLA MUNICIPAL OLIMPIA MARIA DA GLORIA,"RUA CAMELIA, 1080",JARDIM DAS ALTEROSAS 2ª SEÇÃO,Convencional,-19.9487403,-44.1695427,5580,17
BETIM,316,1295,ESCOLA MUNICIPAL ARTHUR TRINDADE,"RUA PARANA, 69",VILA UNIVERSAL,Convencional,-19.9340327,-44.1101781,2615,9
BETIM,316,1309,ESCOLA ESTADUAL JOAO GUIMARAES ROSA,"AVENIDA SYCABA, 1200",ICAIVERA,Convencional,-19.8586704,-44.1522044,5676,18
BETIM,316,1325,ESCOLA MUNICIPAL DO BAIRRO SAO CRISTOVAO,"RUA LIMA DUARTE, 201",SÃO CRISTÓVÃO,Convencional,-19.940174,-44.1191436,1792,6
BETIM,316,1333,ESCOLA MUNICIPAL OSORIO ALEIXO DA SILVA,"RUA A, 505",GRANJA VERDE,Convencional,-19.929805,-44.104178,3482,11
BETIM,316,1341,ESCOLA MUNICIPAL ABILIO GOMES DA COSTA,"RUA JOSE QUIRINO COSTA, 120",IMBIRUÇU,Convencional,-19.9429462,-44.1117837,3992,14
BETIM,316,1350,ESCOLA MUNICIPAL JOSE MIRANDA SOBRINHO,"RUA VERA CRUZ, 310",JARDIM DAS ALTEROSAS 1ª SEÇÃO,Convencional,-19.949634,-44.1552274,4327,14
BETIM,316,1368,ESCOLA MUNICIPAL FAUSTO FIGUEIREDO OLIVEIRA,"RUA PIRACICABA, 45",SENHORA DE FATIMA,Convencional,-19.9402306,-44.1743624,5280,17
BETIM,316,1406,ESCOLA MUNICIPAL EDMEIA DUARTE DE OLIVEIRA BRAGA,"RUA RECIFE, 374",NITEROI,Convencional,-19.9491083,-44.1764386,5970,18
BETIM,316,1414,ESCOLA MUNICIPAL MARIA DA PENHA DOS SANTOS ALMEIDA,"AVENIDA BELO HORIZONTE ,100",CRUZEIRO DO SUL,Convencional,-19.9292352,-44.1672619,4939,15
BETIM,316,1430,ESCOLA ESTADUAL CARLOS DRUMOND DE ANDRADE,"RUA PATROCINIO, 630",VILA CRISTINA,Convencional,-19.9351017,-44.1400866,4264,14
BETIM,316,1457,ESCOLA MUNICIPAL MARIA ELENA DA CUNHA BRAZ,"RUA EIRUSSU, 75",ICAIVERA,Convencional,-19.8643025,-44.1572248,2292,7
BETIM,316,1465,ESCOLA MUNICIPAL FLORESTAN FERNANDES,"RUA CHUVA DE OURO, 90",JARDIM DAS ALTEROSAS 2ª SEÇÃO,Convencional,-19.9420369,-44.1633867,4354,14
BETIM,316,1481,ESCOLA MUNICIPAL MARIA ARACELIA ALVES,"RUA DA DIVISA, 90",CJ. H. JALILA CONCEIÇÃO PEDROSA (V FLORES),Convencional,-19.9268627,-44.1741034,3915,12
BETIM,316,1490,ESCOLA MUNICIPAL GEFERSON VENTURA DE SOUZA,"RUA BAHIA, 174",VILA UNIVERSAL,Convencional,-19.9323268,-44.10912,513,2
BETIM,316,1503,ESCOLA ESTADUAL ESTUDANTE LIVIA MARA DE CASTRO,"RUA SIMONESIA, 255",SAO LUIZ,Convencional,-19.9307921,-44.1259724,2982,10
BETIM,316,1511,ESCOLA MUNICIPAL RITA MARIA DA SILVA - TIA RITINHA,"RUA QUATORZE, 04",PARQUE DAS ACÁCIAS,Convencional,-19.9390807,-44.1264709,2910,9
BETIM,316,1520,ESCOLA MUNICIPAL PREFEITO ALCIDES BRAZ,"RUA GOVERNADOR VALADARES, 402",SANTO AFONSO,Convencional,-19.9086886,-44.2804532,1014,4
BETIM,316,1538,ESCOLA MUNICIPAL MARIA JOSE CAMPOS,"RUA MARACA, 600",NOVO HORIZONTE,Convencional,-19.9487813,-44.2049773,3198,11
BETIM,316,1546,ESCOLA MUNICIPAL ANA CANDIDA DE JESUS,"RUA PEDRO RODRIGUES LARANJEIRAS, 105",ESPIRITO SANTO,Convencional,-19.9500097,-44.1873558,3132,10
BETIM,316,1554,ESCOLA MUNICIPAL BARAO DO RIO BRANCO,"ESMERALDAS, S/N",VIANOPOLIS,Convencional,-19.9428839,-44.2702204,2662,9
BETIM,316,1562,ESCOLA MUNICIPAL LUCIA FARAGE FREITAS GUMIERO,"RUA SAO JOSE DOS CAMPOS, 90",RESIDENCIAL TAQUARIL,Convencional,-19.9298688,-44.2037353,5229,16
BETIM,316,1570,ESCOLA ESTADUAL DEPUTADO SIMAO DA CUNHA,"RUA DIAMANTINA, 230",CJ. H. HOMERO GILSEPE LAZZAROTTI,Convencional,-19.9305435,-44.1895839,5678,18
BETIM,316,1589,ESCOLA MUNICIPAL MARIO MARCOS CORDEIRO TUPYNAMBA,"AVENIDA HIBISCO, 125",ALTO DAS FLORES,Convencional,-19.9325127,-44.1859102,4388,14
BETIM,316,1597,ESCOLA MUNICIPAL ANTONIO TEREZA DOS SANTOS,"RUA MINAS GERAIS, 170",SENHORA DAS GRAÇAS,Convencional,-19.9417058,-44.1934279,3877,12
BETIM,316,1600,ESCOLA MUNICIPAL JORGE AFONSO DEFENSOR,"RUA MONTES CLAROS, 351",MARIMBA,Convencional,-19.9205157,-44.2739001,3662,13
BETIM,316,1619,ESCOLA ESTADUAL JUSCELINO KUBITSCHEK DE OLIVEIRA,"RUA CICERO RABELO VASCONCELOS, 410",CJ. H. OLIMPIA BUENO FRANCO,Convencional,-19.9425525,-44.1861326,4091,13
BETIM,316,1627,ESCOLA ESTADUAL SARAH KUBITSCHEK,"RUA ANTONIO PIO CARDOSO, 375",SENHORA DAS GRAÇAS,Convencional,-19.9430365,-44.2003826,4123,13
BETIM,316,1635,ESCOLA MUNICIPAL ALAIR FERREIRA DE SOUZA,"RUA  PRINCIPAL, 419",PIMENTAS,Convencional,-19.9290398,-44.2945039,355,2
BETIM,316,1643,CRECHE JOSE ALVES PINTO,RUA PAULO MARCSON RESENDE 156,CJ. H. OLIMPIA BUENO FRANCO,Convencional,-19.943136,-44.1816049,1309,5
BETIM,316,1651,ESCOLA MUNICIPAL JOSEFINA MACEDO GONTIJO,"RUA ALCIDES INACIO DA SILVA, 220",INGá ALTO,Convencional,-19.9505566,-44.1962322,4308,14
BETIM,316,1660,ESCOLA MUNICIPAL GILBERTO ALVES DA SILVA,"AVENIDA DAS ORQUIDEAS, 263",JARDIM DAS ALTEROSAS 2ª SEÇÃO,Convencional,-19.934067,-44.1689409,1435,5
BETIM,316,1678,ESCOLA MUNICIPAL JOAO BATISTA MACHADO DE BRITO,"RUA SANTANA DO CAPIVARI, 280",DOM BOSCO,Convencional,-19.9546694,-44.1558888,628,2
BETIM,316,1686,ANEXO DO TEMPLO DA IGREJA DE DEUS PENTECOSTAL DO BRASIL,"RUA DOUTOR MAURICIO SALIBA, 47",PINGO DAGUA,Convencional,-19.9775235,-44.2324806,260,1
BETIM,316,1694,CRECHE EMÍLIO MAFIA GOMES,"RUA PATROCÍNIO, 312",BOM RETIRO,Convencional,-19.931076,-44.1887976,713,3
BETIM,316,1708,CRECHE SILVANA RODRIGUES PEDROSA,"RUA DAS BROMÉLIAS, 400",CJ. H. JALILA CONCEIÇÃO PEDROSA (V FLORES),Convencional,-19.9272806,-44.1743955,210,1
BETIM,316,1716,COLÉGIO SANTIAGO,"RUA RIO GRANDE DO SUL, 863",ESPIRITO SANTO,Convencional,-19.9471256,-44.184446,525,2
BETIM,316,1724,ESCOLA ESTADUAL VINICIUS DE MORAES,"RUA CAMÉLIA, 1070",JARDIM DAS ALTEROSAS 2ª SEÇÃO,Convencional,-19.9482611,-44.1693106,505,2
BETIM,316,1732,ESCOLA ESTADUAL NASCIMENTO NUNES LEAL,"RUA DAS MERCÊS, 77",MARIMBA,Convencional,-19.9187614,-44.2733081,477,2
BETIM,316,1740,ESCOLA MUNICIPAL DESEMBARGADOR SOUZA LIMA,"RODOVIA MG-050, KM 07",ACUDE,Convencional,-19.9456097,-44.2332954,216,1
BETIM,316,1759,CRECHE FUNDAÇÃO OASIS,"RUA JOÃO DA SILVA EVANGELISTA, 153",RESIDENCIAL TAQUARIL,Convencional,-19.9323057,-44.2058481,215,1
BETIM,316,1767,ESCOLA MUNICIPAL PROFESSOR KÁSSIO VINÍCIUS CASTRO GOMES,"RUA ELI JOSÉ DA CUNHA, 49",VILA CRISTINA,Convencional,-19.9411236,-44.1422235,87,1
BETIM,316,1775,PONTIFÍCIA UNIVERSIDADE CATÓLICA (PUC) - BETIM,"AV. ARTUR DA SILVA BERNARDES, 220",INGÁ,Convencional,-19.9545326,-44.1990654,151,1
BETIM,319,1015,ESCOLA MUNICIPAL ADELINA MESQUITA JANUZZI,RUA PORTO SEGURO - 71,CAMPOS ELÍSEOS,Convencional,-19.9801686,-44.14348,3753,11
BETIM,319,1023,ESCOLA MUNICIPAL ALICE PINHEIRO DE ARAÚJO,RUA ALICE GOMES TEIXEIRA - 225,SANTA CRUZ (PTB),Convencional,-19.9586174,-44.1391459,1673,6
BETIM,319,1031,ESCOLA MUNICIPAL ARISTIDES JOSÉ DA SILVA,RUA CAMBUCI - 29,SANTO ANTÔNIO,Convencional,-19.9488589,-44.1110134,4316,16
BETIM,319,1040,ESCOLA ESTADUAL DO BAIRRO AMAZONAS,RUA DOUTOR ORESTES DINIZ - 43,AMAZONAS,Convencional,-19.9439058,-44.1008215,5351,16
BETIM,319,1058,ESCOLA MUNICIPAL BENTO MACHADO RIBEIRO,RUA ARATICUM - 100,SANTO ANTÔNIO,Convencional,-19.9539122,-44.1059595,2007,7
BETIM,319,1066,ESCOLA MUNICIPAL BELIZÁRIO FERREIRA CAMINHAS,AVENIDA CAMPO FLORIDO - 888,JARDIM TERESÓPOLIS,Convencional,-19.9491915,-44.1239126,2458,10
BETIM,319,1074,ESCOLA MUNICIPAL CARMELITA CATARINA DA MATA,ALAMEDA DAS AROEIRAS - 111,CASA AMARELA,Convencional,-20.0136163,-44.2223331,318,1
BETIM,319,1082,ESCOLA MUNICIPAL ADELINA GONÇALVES CAMPOS,AVENIDA ANTÔNIO CARLOS - 60,VILA RECREIO - TEREZOPOLIS,Convencional,-19.9546853,-44.12163,2087,9
BETIM,319,1090,ESCOLA ESTADUAL PROFESSORA VERA MARIA REZENDE,RUA PORANGABA - 700,CRUZEIRO,Convencional,-19.9817792,-44.1480313,4687,14
BETIM,319,1104,ESCOLA ESTADUAL ANTÔNIO AUGUSTO RIBEIRO,AVENIDA RAIMUNDO MARÇAL DE MELO - 450,PAULO CAMILO,Convencional,-19.961318,-44.1320929,3077,10
BETIM,319,1112,ASSOCIAÇÃO DE BAIRROS,RUA UM - 130,RIACHO III,Convencional,-19.9475818,-44.073711,196,1
BETIM,319,1120,ESCOLA MUNICIPAL PRESIDENTE RAUL SOARES,RUA JOSÉ TEIXEIRA DE OLIVEIRA - 585,SANTA CRUZ (PTB),Convencional,-19.9575281,-44.1431642,2869,12
BETIM,319,1139,ESCOLA MUNICIPAL MARIA MOURICI GRANIERI,RUA JOSÉ MARTINIANO DE SOUZA - 250,GUANABARA,Convencional,-19.9669882,-44.1359193,4116,13
BETIM,319,1147,ESCOLA MUNICIPAL FRANCISCO DE SALES BARBOSA,RUA PRINCESA IZABEL - 246,ALVORADA,Convencional,-19.9401192,-44.0969595,3146,10
BETIM,319,1155,ESCOLA ESTADUAL SENADOR TEOTÔNIO VILELA,RUA BELO HORIZONTE - 475,JARDIM TERESÓPOLIS,Convencional,-19.9509491,-44.1204422,3965,13
BETIM,319,1163,ESCOLA MUNICIPAL VALÉRIO FERREIRA PALHARES,RUA ISRAEL - 75,PETROVALE,Convencional,-19.9973341,-44.1143965,4717,15
BETIM,319,1171,ESCOLA MUNICIPAL GERALDO JORGE MEIRA,ALAMEDA DAS MANGUEIRAS - 260,PARQUE IPIRANGA,Convencional,-20.0197339,-44.213137,489,2
BETIM,319,1180,ESCOLA MUNICIPAL FREI  EDGARD GROOT,RUA GERALDO JOSÉ VIEIRA - 21,CITROLÂNDIA,Convencional,-20.027306,-44.2281058,4582,14
BETIM,319,1198,ESCOLA MUNICIPAL GINO JOSÉ DE SOUZA,RUA AMOREIRAS - 176,SÃO JOÃO,Convencional,-19.9751527,-44.163297,5180,15
BETIM,319,1201,COLÉGIO TIRADENTES DA PMMG - UNIDADE BETIM,RUA DE SÍRIUS - 909,CIDADE VERDE,Convencional,-19.9870676,-44.1937307,3283,10
BETIM,319,1210,ESCOLA MUNICIPAL FREI ROGATO,RUA ANA NERI - 399/400,COLÔNIA SANTA IZABEL,Convencional,-20.0409146,-44.2188495,2025,7
BETIM,319,1228,ESCOLA MUNICIPAL JOSÉ SALUSTIANO LARA,AVENIDA DOUTOR DAISAKU IKEDA - 901,BANDEIRINHAS,Convencional,-20.0010676,-44.173659,4309,13
BETIM,319,1236,COLÉGIO BATISTA MINEIRO - UNIDADE BETIM,RUA ARIOVALDO LUCIANO DO PINHO - 250,PETRÓPOLIS,Convencional,-19.9707239,-44.180159,4656,15
BETIM,319,1244,ESCOLA MUNICIPAL PAULO MONTEIRO LARA,ESTRADA DA CHARNECA - ZONA RURAL,AROEIRAS,Convencional,-19.9945157,-44.238076,271,3
BETIM,319,1252,ESCOLA ESTADUAL DOUTOR ORESTES DINIZ,RUA ANTÔNIO LUIZ DRUMOND - 200,CITROLÂNDIA,Convencional,-20.0248134,-44.2254628,3702,12
BETIM,319,1260,EDUCAÇÃO INFANTIL SANTA CECÍLIA,RUA MIGUEL PEREIRA - 110,COLÔNIA SANTA IZABEL,Convencional,-20.0397503,-44.2174438,926,3
BETIM,319,1279,ESCOLA ESTADUAL PROFESSORA LOURDES BERNADETE SILVA,RUA BELO HORIZONTE - 535,JARDIM TERESÓPOLIS,Convencional,-19.9512442,-44.1202207,3646,12
BETIM,319,1287,ESCOLA ESTADUAL GRAMONT ALVES GONTIJO,RUA HUMBERTO CAMPOS - 260,SÃO SALVADOR,Convencional,-20.0216178,-44.2345275,2479,8
BETIM,319,1295,CASA DE SAÚDE SANTA IZABEL,RUA OLAVO BILAC - 113,COLÔNIA SANTA IZABEL,Convencional,-20.038721,-44.221522,225,1
BETIM,319,1309,ESCOLA ESTADUAL PROFESSOR CARLOS LÚCIO DE ASSIS,RUA VALPARAÍSO - 50,PETRÓPOLIS,Convencional,-19.970849,-44.1766796,2574,8
BETIM,319,1317,ESCOLA MUNICIPAL EDIR TEREZINHA DE ALMEIDA FAGUNDES,RUA MUÇAMBEIRO - 180,GUANABARA,Convencional,-19.9702172,-44.1407315,3547,11
BETIM,319,1325,ESCOLA MUNICIPAL VEREADOR RAFAEL BARBIZAN,RUA ANTÔNIO LOURETO FLÔRES - 32,SÃO SALVADOR,Convencional,-20.0212566,-44.2296559,1702,5
BETIM,319,1368,CENTRO INFANTIL MUNICIPAL TIA DULCE,RUA AUGUSTO SEVERO - 212,JARDIM TERESÓPOLIS,Convencional,-19.9500729,-44.1203672,1227,4
BETIM,319,1376,ESCOLA MUNICIPAL JOSÉ VILAÇA GUIMARÃES,RUA UM - 30 (ESQUINA COM RUA AMOREIRA / 32641416),CITROLÂNDIA,Convencional,-20.0301568,-44.2183107,1403,5
BETIM,319,1384,CENTRO EDUCACIONAL TECNICO DE ARTES PROFISSIONAIS-CETAP,RUA DOUTOR SILVIO LOBO 123,ANGOLA,Convencional,-19.9604692,-44.2031988,3518,12
BETIM,319,1392,ESCOLA ESTADUAL AMELIA SANTANA BARBOSA,RUA VIRIATO ALEXANDRINO DE MELO 240,GUARUJÁ,Convencional,-19.963415,-44.207329,2915,9
BETIM,319,1406,ESCOLA ESTADUAL NEWTON AMARAL,AVENIDA AMAZONAS 4235,CACHOEIRA,Convencional,-19.9569383,-44.2238245,2873,10
BETIM,319,1414,ESCOLA ESTADUAL CONSELHEIRO AFONSO PENA,RUA RIO DE JANEIRO 47,BRASILEIA,Convencional,-19.9703379,-44.2028907,2484,9
BETIM,319,1430,ESCOLA MUNICIPAL ANTONIO D'ASSIS MARTINS,"RUA ANTONIO MONTEIRO LARA, S/N",CENTRO,Convencional,-19.9677743,-44.19528,3166,14
BETIM,319,1457,ESCOLA MUNICIPAL MARGARIDA SOARES GUIMARAES,RUA TOCANTINS 335,BRASILEIA,Convencional,-19.9730107,-44.2055516,3463,15
BETIM,319,1465,ESCOLA MUNICIPAL RAUL SARAIVA RIBEIRO,AVENIDA MARECHAL RODON 251,BRASILEIA,Convencional,-19.9719952,-44.2004753,2489,9
BETIM,319,1473,ESCOLA MUNICIPAL SILVIO LOBO,RUA VIRGINIA 64,FILADELFIA,Convencional,-19.9714669,-44.1855024,3963,13
BETIM,319,1481,ESCOLA ESTADUAL TITO LIVIO DE SOUZA,RUA JOAQUIM VENANCIO 195,CHACARA,Convencional,-19.9602212,-44.1862067,3637,12
BETIM,319,1490,ESCOLA ESTADUAL JOAO PAULO I,"RUA PRESIDENTE VARGAS, 373",SANTA INES,Convencional,-19.9629244,-44.2096082,3077,11
BETIM,319,1503,ESCOLA ESTADUAL NOSSA SENHORA DO CARMO,RUA NORTE 525,SALOME,Convencional,-19.9576638,-44.2040325,2463,9
BETIM,319,1511,ESCOLA ESTADUAL GABRIEL PASSOS,"RUA ARGENTINA, 64",PETROVALE,Convencional,-19.9942474,-44.111705,487,2
BETIM,319,1520,CRECHE COMUNITÁRIA LICURGO FELICIANO SIQUEIRA FILHO,"RUA ÉVORA, 65",SÃO JOÃO,Convencional,-19.9746154,-44.1629873,142,1
BETIM,319,1546,ESCOLA MUNICIPAL EDVALDO FALEIRO DE AGUIAR,RUA DIOGENES GOMES - 21,JARDIM NAZARENO,Convencional,-19.9988981,-44.132954,291,1
CONSELHEIRO LAFAIETE,87,1074,CÂMARA MUNICIPAL DE CONSELHEIRO LAFAIETE,RUA ASSIS ANDRADE 540,ROSÁRIO,Convencional,-20.6628552,-43.7884965,1027,3
CONSELHEIRO LAFAIETE,87,1090,OAB - ORDEM DOS ADVOGADOS DO BRASIL - SEDE,PRAÇA BARÃO DE QUELUZ 30,CENTRO,Convencional,-20.6609439,-43.7863349,1080,4
CONSELHEIRO LAFAIETE,87,1120,CENTRO DE EDUCAÇÃO INFANTIL DONA MARIINHA BIAGIONI,"RUA ANGELO MARZANO, 1",CACHOEIRA,Convencional,-20.6572079,-43.798973,678,2
CONSELHEIRO LAFAIETE,87,1139,ESCOLA MUNICIPAL NAPOLEÃO REIS,RUA SÃO JOSÉ 418,SÃO SEBASTIÃO,Convencional,-20.6652272,-43.7988069,2663,11
CONSELHEIRO LAFAIETE,87,1147,ESCOLA ESTADUAL DOMINGOS BEBIANO,AV. PREF. DR. MÁRIO RODRIGUES PEREIRA  248,CENTRO,Convencional,-20.6638903,-43.7886403,3844,11
CONSELHEIRO LAFAIETE,87,1163,ESCOLA ESTADUAL MONSENHOR HORTA,RUA PERNAMBUCO 502,JARDIM AMÉRICA,Convencional,-20.6648037,-43.7798631,5212,15
CONSELHEIRO LAFAIETE,87,1171,ESCOLA ESTADUAL NARCISO DE QUEIRÓZ,RUA BARAO DE SUASSUÍ 231,SANTA EFIGÊNIA,Convencional,-20.65744,-43.7861176,3108,9
CONSELHEIRO LAFAIETE,87,1180,ESCOLA ESTADUAL PACÍFICO VIEIRA,RUA HONORINA BAETA 40,SÃO SEBASTIÃO,Convencional,-20.6609859,-43.7982817,3412,12
CONSELHEIRO LAFAIETE,87,1198,SECRETARIA MUNICIPAL DE EDUCAÇÃO E ESPORTE,PRACA BARAO DE QUELUZ 11,CENTRO,Convencional,-20.6603377,-43.7859174,1388,5
CONSELHEIRO LAFAIETE,87,1201,INSTITUTO NACIONAL DE SEGURIDADE SOCIAL - INSS,AV. PREFEITO TELÉSFORO CÂNDIDO DE REZENDE 72,CENTRO,Convencional,-20.6593026,-43.7938282,1299,8
CONSELHEIRO LAFAIETE,87,1252,SALÃO PAROQUIAL DA MATRIZ DE NOSSA SENHORA DA CONCEIÇÃO,"PRAÇA BARÃO DE QUELUZ, 27",CENTRO,Convencional,-20.6605687,-43.7865474,317,2
CONSELHEIRO LAFAIETE,87,1295,ESCOLA ESTADUAL DOUTOR ANTERO CHAVES,AMARO RIBEIRO,AMARO RIBEIRO,Convencional,-20.6987669,-43.8040461,1363,4
CONSELHEIRO LAFAIETE,87,1309,ESCOLA ESTADUAL ISAURA FERREIRA,RUA CONGONHAS 325 SANTA CRUZ,BARREIRA,Convencional,-20.651419,-43.8120281,2584,8
CONSELHEIRO LAFAIETE,87,1317,ESCOLA MUNICIPAL PROFESSOR LUIZ CARLOS GOMES BEATO,RUA DIAS DE SOUZA 353 LOURDES,LOURDES,Convencional,-20.6579659,-43.7971875,1609,5
CONSELHEIRO LAFAIETE,87,1325,CENTRO COMUNITÁRIO DO BAIRRO CACHOEIRA,"RUA JOSÉ MARTINS SIMÕES, 85",CACHOEIRA,Convencional,-20.6537781,-43.8019434,1174,6
CONSELHEIRO LAFAIETE,87,1333,ESCOLA ESTADUAL GENERAL SYLVIO RAULINO DE OLIVEIRA,"RUA CASEMIRO ADRIANO SILVA, 383",CACHOEIRA,Convencional,-20.6538048,-43.7986834,3414,10
CONSELHEIRO LAFAIETE,87,1341,CENTRO EDUCACIONAL PROFESSOR OLAVO MENDES BRANDÃO,RUA BERNARDO GUIMARAES 76,TRIÂNGULO,Convencional,-20.6698497,-43.792548,1229,5
CONSELHEIRO LAFAIETE,87,1350,ESCOLA ESTADUAL LOPES FRANCO,RUA SANTA TEREZINHA 106,CARIJÓS,Convencional,-20.668887,-43.7976086,1419,6
CONSELHEIRO LAFAIETE,87,1376,ESCOLA ESTADUAL GERALDO BITTENCOURT,"RUA NOSSA SENHORA DA PAZ, 460",SAGRADO CORAÇÃO DE JESUS,Convencional,-20.6551826,-43.771755,4702,16
CONSELHEIRO LAFAIETE,87,1384,ESCOLA ESTADUAL CESEC PROFESSOR JOSÉ MARTINS SOBRINHO,"TRAVESSA OLAVO ALBUQUERQUE BRANDÃO, 50",SANTO ANTÔNIO,Convencional,-20.660052,-43.7793459,1566,8
CONSELHEIRO LAFAIETE,87,1406,ESCOLA ESTADUAL MONSENHOR ANTÔNIO JOSÉ FERREIRA,RUA JOÃO MARTINS PEREIRA 80,PAULO VI,Convencional,-20.6849707,-43.7970299,2054,8
CONSELHEIRO LAFAIETE,87,1414,ESCOLA ESTADUAL PROFESSOR ASTOR VIANNA,RUA JOEMY FARIA 214,PROGRESSO,Convencional,-20.6667157,-43.7767795,4632,14
CONSELHEIRO LAFAIETE,87,1422,ESCOLA MUNICIPAL DEPUTADO ELY FRANCO RIBEIRO,RUA FRANCISCO LOBO 1229,MOINHOS,Convencional,-20.664047,-43.7746794,1066,4
CONSELHEIRO LAFAIETE,87,1457,CENTRO CONVIVÊNCIA ADULTO ESPECIAL MARGARIDA DA CONCEIÇÃO RODRIGUES,"RUA NOSSA SENHORA DE FÁTIMA, 200",MUSEU,Convencional,-20.652287,-43.7823649,804,3
CONSELHEIRO LAFAIETE,87,1473,ESCOLA ESTADUAL AUGUSTO JOSÉ VIEIRA,RUA PADRE TEÓFILO REYN 920,SÃO DIMAS,Convencional,-20.6667549,-43.809207,1747,5
CONSELHEIRO LAFAIETE,87,1481,IFMG CAMPUS CONSELHEIRO LAFAIETE,RUA PADRE TEÓFILO REYN 441,SÃO DIMAS,Convencional,-20.6707981,-43.805894,1738,5
CONSELHEIRO LAFAIETE,87,1490,ESCOLA ESTADUAL MARECHAL HUMBERTO DE ALENCAR CASTELLO BRANCO,RUA BARÃO DE SUASSUÍ 244,SANTA EFIGÊNIA,Convencional,-20.657129,-43.7859367,783,3
CONSELHEIRO LAFAIETE,87,1503,SUPERINTENDÊNCIA REGIONAL DE ENSINO - SRE,"RUA MELVIM JONES, 515",CAMPO ALEGRE,Convencional,-20.6573533,-43.7924242,930,3
CONSELHEIRO LAFAIETE,87,1520,ESCOLA MUNICIPAL PROFESSORA JÚLIA MIRANDA NOGUEIRA,RUA ALEXANDRINA DE QUEIRÓZ 25,SÃO JOÃO,Convencional,-20.6762416,-43.7806943,3417,12
CONSELHEIRO LAFAIETE,87,1546,ESCOLA ESTADUAL LUIZ DE MELO VIANA SOBRINHO,"AV. SANTA MATILDE , S/ N  ",SANTA MATILDE,Convencional,-20.6798024,-43.7888777,3350,13
CONSELHEIRO LAFAIETE,87,1554,ESCOLA ESTADUAL QUEIRÓZ JÚNIOR,RUA SANTA MATILDE 18,GAGÉ,Convencional,-20.5904041,-43.8043346,1429,5
CONSELHEIRO LAFAIETE,87,1570,ESCOLA MUNICIPAL HERCULANO DO VALE,JOAQUIM MURTINHO,JOAQUIM MURTINHO,Convencional,,,55,1
CONSELHEIRO LAFAIETE,87,1589,ESCOLA MUNICIPAL ESPERIDIÃO PEREIRA,MATO DENTRO,MATO DENTRO,Convencional,,,301,1
CONSELHEIRO LAFAIETE,87,1597,ESCOLA MUNICIPAL PREFEITO PEDRO SILVA,RUA LIBÂNEA LEMOS 423,SÃO GONÇALO,Convencional,-20.6556986,-43.8499761,435,2
CONSELHEIRO LAFAIETE,87,1600,ESCOLA MUNICIPAL MARIA SERAFINA PEIXOTO,SÃO VICENTE,SÃO VICENTE,Convencional,,,294,1
CONSELHEIRO LAFAIETE,87,1619,ESCOLA ESTADUAL DOUTOR ANTÔNIO NOGUEIRA REZENDE,RUA JOSÉ CARLOS NEVES 150,BUARQUE DE MACEDO,Convencional,-20.7523501,-43.7791178,707,2
CONSELHEIRO LAFAIETE,87,1627,CENTRO DE REFERÊNCIA DO IDOSO,"RUA QUINCAS ALVES, 353",MUSEU,Convencional,-20.6538442,-43.7823092,1623,6
CONSELHEIRO LAFAIETE,87,1635,ESCOLA MUNICIPAL ARNALDO RODRIGUES PEREIRA,ALMEIDAS  ,ALMEIDAS,Convencional,-20.6466445,-43.7744741,562,2
CONSELHEIRO LAFAIETE,87,1643,ESCOLA ESTADUAL MOACIR DE SOUZA DIAS,"RUA SANTO ANTÔNIO DE PÁDUA, 450",SÃO BENEDITO,Convencional,-20.6420019,-43.8063785,1647,6
CONSELHEIRO LAFAIETE,87,1651,ESCOLA MUNICIPAL  PADRE JOSÉ LOBO DA SILVEIRA,RUA ANTÔNIO MANOEL S/N,RANCHO NOVO,Convencional,-20.6177967,-43.7473834,515,2
CONSELHEIRO LAFAIETE,87,1660,CENTRO DE ESTUDO INFANTIL JOSEPHA MELO CHAVES BRANDÃO,RUA SÃO JOÃO 77,SÃO JOÃO,Convencional,-20.6783564,-43.7778618,882,4
CONSELHEIRO LAFAIETE,87,1678,POSTO DISTRITAL PADRE CORNELIO MOEREL,"ADOLFO SIQUEIRA ,S/N",SÃO JOÃO,Convencional,,,259,1
CONSELHEIRO LAFAIETE,87,1686,ESCOLA MUNICIPAL PROFESSORA NILCE MOREIRA,"RUA MAURO NOGUEIRA  ,222",MORRO DA MINA,Convencional,-20.6472433,-43.7752589,3716,13
CONSELHEIRO LAFAIETE,87,1708,ESCOLA MUNICIPAL JAIR NORONHA,RUA FRANCISCO LOBO 2864,MOINHOS,Convencional,-20.6722672,-43.7685935,1927,5
CONSELHEIRO LAFAIETE,87,1716,CENTRO DE PASTORAL LUCIR URBANO DE PAULA,RUA JOSÉ GERALDO FILHO 830,VILA RESENDE,Convencional,-20.6473028,-43.7698866,1100,3
CONSELHEIRO LAFAIETE,87,1724,ESCOLA MUNICIPAL MARINHO FERNANDES,RUA JOSÉ ANTÔNIO LARA 47,TIETÊ,Convencional,-20.6498287,-43.7658841,1633,5
CONSELHEIRO LAFAIETE,87,1732,ESCOLA MUNICIPAL DOUTOR RUI PENA - CAIC,RUA FRANCISCO FERREIRA DE RESENDE 333,SÃO JOÃO,Convencional,-20.682011,-43.780056,2435,7
CONSELHEIRO LAFAIETE,87,1740,ESCOLA MUNICIPAL PROFESSOR DORIOL BEATO,RUA SENADOR MILTOM CAMPOS 610,ANGÉLICA,Convencional,,,2153,8
CONSELHEIRO LAFAIETE,87,1759,SALÃO PAROQUIAL BOM PASTOR,RUA MARIA JOSÉ 189,SANTA MATILDE,Convencional,-20.6816864,-43.7878929,2507,7
CONSELHEIRO LAFAIETE,87,1767,ESCOLA MUNICIPAL JOSÉ CASTELLÕES DE MENEZES,"RUA RAIMUNDO ANDRADE DORNELAS, 321- JK",JK,Convencional,-20.6454872,-43.7826882,661,2
CONSELHEIRO LAFAIETE,87,1783,ESCOLA MUNICIPAL VEREADOR JOSÉ ALEIXO DE MATOS,"RUA JAIR DA ROCHA VIEIRA, 13",PAULO VI,Convencional,-20.6853491,-43.7957821,1241,4
CONSELHEIRO LAFAIETE,87,1805,ESCOLA MUNICIPAL JADIR PINTO DE AZEVEDO,"RUA MURILO AUGUSTO DE REZENDE, 165",SÃO JOÃO,Convencional,-20.6735952,-43.7802837,692,2
CONSELHEIRO LAFAIETE,87,1813,ESCOLA MUNICIPAL MARECHAL DEODORO DA FONSECA,"RUA QUINTINO BOCAIUVA, 02",SANTA MATILDE,Convencional,-20.6816428,-43.7924789,236,2
CONSELHEIRO LAFAIETE,87,1821,ESCOLA MUNICIPAL PEDRO REZENDE DOS SANTOS,"RUA LUIZ MANDUCA JÚNIOR, 310",SATÉLITE,Convencional,-20.6362849,-43.806674,555,2
CONSELHEIRO LAFAIETE,87,1830,ESCOLA ESTADUAL GENERAL OSWALDO PINTO DA VEIGA,"RUA SÃO JOSÉ, 377",SÃO SEBASTIÃO,Convencional,-20.6653417,-43.7983213,1093,8
CONSELHEIRO LAFAIETE,87,1856,CENTRO DE REFERÊNCIA MUNICIPAL VEREADOR JUQUITA VIEIRA,"RUA CÉLIA DE SOUZA BRAGA, 130 - LIMA DIAS II",LIMA DIAS II,Convencional,-20.6394964,-43.7956422,211,1
CURVELO,100,1015,ESCOLA ESTADUAL BOLIVAR DE FREITAS,"RUA VISCONDE DE OURO PRETO, N 150",CENTRO,Convencional,-18.7542189,-44.429894,3889,13
CURVELO,100,1023,FACULDADE DE ADMINISTRACAO DE CURVELO,"RUA JOAO PESSOA, N 88",CENTRO,Convencional,-18.7547375,-44.428087,2766,9
CURVELO,100,1031,COLÉGIO FRANCISCANO SANTO ANTONIO - ISA,"RUA RAIMUNDA SOUZA MARQUES, N 90",CENTRO,Convencional,-18.7507466,-44.426205,1697,5
CURVELO,100,1040,ESCOLA MUNICIPAL DOUTOR VIRIATO DINIZ MASCARENHAS,"PRACA CESARIO ALVIM, N 271",CENTRO,Convencional,-18.7492864,-44.430032,1695,5
CURVELO,100,1058,ESCOLA ESTADUAL MINISTRO ADAUTO LUCIO CARDOSO,"RUA RIACHUELO, N 553",CURIANGO,Convencional,-18.7462131,-44.431904,2173,7
CURVELO,100,1074,ESCOLA MUNICIPAL MARIA AMALIA,"RUA CAMPOS ALTOS, N 155",MARIA AMALIA,Convencional,-18.760094,-44.441092,2987,9
CURVELO,100,1090,ESCOLA ESTADUAL SAO VICENTE DE PAULO,"RUA CANAA, N 60",JARDIM PARAISO,Convencional,-18.7663633,-44.423362,2124,9
CURVELO,100,1104,ESCOLA ESTADUAL INTERVENTOR ALCIDES LINS,"PRACA PROFESSOR CLAUDOVINO DE CARVALHO, N 358",TIBIRA,Convencional,-18.7585193,-44.425472,3622,13
CURVELO,100,1112,PRE ESCOLAR PEQUENO UNIVERSO - CSU,"RUA EURIPEDES DE PAULA, N 121",TIBIRA,Convencional,-18.769281,-44.428705,1292,4
CURVELO,100,1120,ESCOLA ESTADUAL SAO GERALDO,"RUA FRANCISCO GABRIEL JOVITA, N 12",PASSAGINHA,Convencional,-18.7517288,-44.417041,1932,6
CURVELO,100,1139,ESCOLA ESPECIAL PADRE PAULO RUTTEM - APAE,"RUA FRANCISCO GABRIEL JOVITA,  N 225",PASSAGINHA,Convencional,-18.7506456,-44.416537,2112,7
CURVELO,100,1147,ESCOLA MUNICIPAL ANTONINO DINIZ COUTO,"RUA NOVA AMERICA, N 90",PASSAGINHA,Convencional,-18.7483919,-44.420212,1311,4
CURVELO,100,1155,ESCOLA ESTADUAL MAJOR ANTONIO SALVO,"RUA OLEGARIO MACIEL,  N 413",BELA VISTA,Convencional,-18.7630222,-44.435078,3332,10
CURVELO,100,1163,ESCOLA ESTADUAL EURIPEDES DE PAULA,"AVENIDA INTEGRAÇAO SERGIO EUGENIO DA SILVA, N 2758",BELA VISTA,Convencional,-18.7688164,-44.434706,2360,7
CURVELO,100,1171,ESCOLA ESTADUAL IRMA CLARENTINA,"RUA PENSILVANIA, N 150",VILA DE LOURDES,Convencional,-18.7733303,-44.438963,4042,12
CURVELO,100,1180,ESCOLA ESTADUAL IRMA RAIMUNDA MARQUES,"RUA JUSTINIANO GONCALVES AGUIAR, S/N",ESPERANCA,Convencional,-18.785741,-44.451604,2288,7
CURVELO,100,1198,ESCOLA MUNICIPAL ANGELINA DOTTI,"RUA E, N 247",IPIRANGA,Convencional,-18.7867079,-44.430578,1803,6
CURVELO,100,1201,ESCOLA MUNICIPAL FILOMENA DE OLIVEIRA LEITE,"RUA PARACATU, N 75",SANTA RITA,Convencional,-18.7451599,-44.450575,1578,5
CURVELO,100,1210,ESCOLA MUNICIPAL BOAVENTURA PEREIRA LEITE,"RUA DIRCEU AUGUSTO ALEMAO,  N 80",BOM JESUS,Convencional,-18.7393138,-44.430864,3527,11
CURVELO,100,1228,ESCOLA ESTADUAL ANTONINA MASCARENHAS GONZAGA,"PRACA CORONEL JOSE JULIO MASCARENHAS, N 185",ANGUERETA,Convencional,-19.1452347,-44.651481,729,3
CURVELO,100,1236,ESCOLA ESTADUAL PADRE AUGUSTO HORTA,"RUA JOSE ALVES GUIMARAES, N 250",SAO JOSE DA LAGOA,Convencional,-19.1453699,-44.542311,2371,9
CURVELO,100,1244,ESCOLA MUNICIPAL ANTONIO TEIXEIRA GUIMARAES,"POVOADO DE SAO JOSE DAS PEDRAS, S/N",TAPERA,Convencional,-19.0470597,-44.532642,259,1
CURVELO,100,1252,ESCOLA MUNICIPAL LUCIO CARDOSO,"RUA PROFESSORA ELISA OCTAVIANO DE ALVARENGA, N 164",LUCIO CARDOSO,Convencional,-18.723738,-44.435252,294,1
CURVELO,100,1260,ESCOLA ESTADUAL MODESTINO CARLOS DA FONSECA,"RUA MODESTINO CARLOS DA FONSECA, N 476",SANTA RITA DO CEDRO,Convencional,-18.8120261,-44.155417,327,2
CURVELO,100,1279,ESCOLA MUNICIPAL AMERICO PENA,"PRACA DA IGREJA, S/N",SACO NOVO,Convencional,-18.8828468,-44.271234,354,2
CURVELO,100,1287,ESCOLA MUNICIPAL GETULIO DINIZ VALE,"POVOADO SAO GERALDO DO JATAI, S/N",SAO GERALDO DO JATAI,Convencional,-18.88891,-44.179946,264,1
CURVELO,100,1295,ESCOLA ESTADUAL TOMAZ GONZAGA,"RUA JOSE PEREIRA DE MATOS, N 30",TOMAZ GONZAGA,Convencional,-18.4410312,-44.324222,353,2
CURVELO,100,1309,ESCOLA ESTADUAL BASILIO FRANCISCO XAVIER,"RUA BASILIO FRANCISCO XAVIER, N 11",ESTIVA,Convencional,-18.4474278,-44.252304,620,2
CURVELO,100,1317,ESCOLA ESTADUAL JOSE PEREIRA DE MATOS,"PRACA DA MATRIZ, S/N",VARGEM DE CIMA,Convencional,-18.5217966,-44.213566,135,1
CURVELO,100,1325,ESCOLA MUNICIPAL DONA FININHA,"PRACA DA ESTACAO, S/ N",MASCARENHAS,Convencional,-18.9415086,-44.394491,223,1
CURVELO,100,1333,ESCOLA MUNICIPAL GUIMARAES ROSA,"POVOADO DO BANANAL, S/N",BANANAL,Convencional,-19.0294237,-44.516783,160,1
CURVELO,100,1350,ESCOLA MUNICIPAL VIRGULINO SARAIVA,"PRACA DA IGREJA, S/ N",ROCA DO BREJO,Convencional,-18.3381211,-44.315287,79,1
CURVELO,100,1368,ESCOLA MUNICIPAL PRINCESA IZABEL,"PRACA DA IGREJA, S/ N",ANGICOS,Convencional,-18.8715305,-44.468033,235,1
CURVELO,100,1406,CENTRO INFANTIL DONA JOANINHA - CCI,"RUA JUCA VEO, N 85",BELA VISTA,Convencional,-18.7668684,-44.438635,1304,4
CURVELO,100,1422,ESCOLA MUNICIPAL MARIA DA COSTA BRAVO,CACHOEIRA DO CHORO,CACHOEIRA DO CHORO,Convencional,-19.0084451,-44.680979,285,1
CURVELO,100,1457,ASSOCIACAO COMUNITARIA DE MORADORES DO BAIRRO SANTA CRUZ,"RUA RAUL SOARES, N 77",SANTA CRUZ,Convencional,-18.7433212,-44.422547,948,3
CURVELO,100,1465,ESCOLA MUNICIPAL CARMELITA ARRIEIRO,"AVENIDA CARMELITA ARRIEIRO, N 100",PONTE NOVA,Convencional,-18.7865394,-44.419012,1849,6
CURVELO,100,1473,ESCOLA MUNICIPAL DOUTOR VIRIATO MASCARENHAS GONZAGA - CAIC,"RUA COSTA RICA, N 320",BELA VISTA,Convencional,-18.7713258,-44.440765,2651,8
CURVELO,100,1481,ESCOLA ESTADUAL SERGIO EUGENIO DA SILVA,"POVOADO DE COBU, S/N",CANABRAVA,Convencional,-18.861319,-44.641689,607,9
CURVELO,100,1511,ESCOLA MUNICIPAL PADRE CELSO DE CARVALHO,"AVENIDA GENTIL DE MATOS, N 395",TIBIRA,Convencional,-18.7632977,-44.427307,666,2
CURVELO,100,1520,COLEGIO TIRADENTES DA POLICIA MILITAR DE MINAS GERAIS - CURVELO,"AVENIDA VICTOR ALVES DA SILVA, N 45",BOA ESPERANCA,Convencional,-18.7832581,-44.448055,232,1
DIVINÓPOLIS,102,1066,COLÉGIO APOGEU - ANTIGA FACED,"PRAÇA DO MERCADO MUNICIPAL, 191",CENTRO,Convencional,-20.1392271,-44.8880672,3039,9
DIVINÓPOLIS,102,1082,ESCOLA ESTADUAL PADRE MATIAS LOBATO,"PRAÇA BENEDITO VALADARES , S/N",CENTRO,Convencional,-20.1426329,-44.8911339,3567,11
DIVINÓPOLIS,102,1104,INSTITUTO NOSSA SENHORA DO SAGRADO CORAÇÃO,"AVENIDA SETE DE SETEMBRO, 1180",CENTRO,Convencional,-20.1414021,-44.8911892,3567,10
DIVINÓPOLIS,102,1112,COLÉGIO SÃO JOSÉ E SÃO GERALDO,"RUA SERGIPE, 271",CENTRO,Convencional,-20.147731,-44.893195,833,5
DIVINÓPOLIS,102,1155,CENTRO PASTORAL DA IGREJA NOSSA SENHORA DA GUIA,"RUA SERGIPE, 1250",VILA BELO HORIZONTE,Convencional,-20.1445112,-44.901987,349,1
DIVINÓPOLIS,102,1163,ESCOLA ESTADUAL DONA ANTÔNIA VALADARES,"AV. SETE DE SETEMBRO , 669",CENTRO,Convencional,-20.1457716,-44.8932522,4122,12
DIVINÓPOLIS,102,1171,ESCOLA ESTADUAL HALIM SOUKI,"AV. AMAZONAS , 118",CATALÃO,Convencional,-20.1503854,-44.900013,3600,11
DIVINÓPOLIS,102,1180,ESCOLA ESTADUAL HENRIQUE GALVÃO,"RUA ALMIRANTE TAMANDARÉ,  415",CATALÃO,Convencional,-20.15486,-44.903118,3346,10
DIVINÓPOLIS,102,1198,CENTRO DE EDUCAÇÃO INTEGRAL,"RUA SÃO PAULO, 1441",SIDIL,Convencional,-20.1409949,-44.8986824,3674,10
DIVINÓPOLIS,102,1201,ESCOLA ESTADUAL  MIGUEL COUTO,"RUA IPANEMA , 300",IPIRANGA,Convencional,-20.1396045,-44.907959,3854,10
DIVINÓPOLIS,102,1210,COLÉGIO SÃO JOSÉ E SÃO GERALDO,"RUA SERGIPE, 271",CENTRO,Convencional,-20.147731,-44.893195,2090,6
DIVINÓPOLIS,102,1228,ESCOLA ESTADUAL MARTIN CYPRIEN - POLIVALENTE,"RUA AMAZONAS, 881",SÃO JOSÉ,Convencional,-20.158126,-44.9025969,5091,14
DIVINÓPOLIS,102,1236,ESCOLA ESTADUAL  MONSENHOR DOMINGOS,"AV. ANTÔNIO OLÍMPIO DE MORAIS , 1441",VILA CRUZEIRO,Convencional,-20.1362161,-44.8865069,2424,7
DIVINÓPOLIS,102,1244,ESCOLA ESTADUAL PATRONATO BOM PASTOR,"RUA ITUTINGA , 620",BOM PASTOR,Convencional,-20.1187087,-44.8869405,4069,11
DIVINÓPOLIS,102,1252,ESCOLA ESTADUAL JOVELINO RABELO,"RUA GUARACI CARLOS DE FREITAS, 606",SANTA CLARA,Convencional,-20.132335,-44.885882,1047,3
DIVINÓPOLIS,102,1260,ESCOLA MUNICIPAL CETEPE,"RUA BAHIA, 1755",SÃO SEBASTIÃO,Convencional,-20.129621,-44.889588,4283,13
DIVINÓPOLIS,102,1279,ESCOLA ESTADUAL ANTÔNIO BELARMINO GOMES,"RUA ALBERTO COIMBRA , 131",SANTO ANTÔNIO DOS CAMPOS,Convencional,-20.1048724,-44.9735098,3373,10
DIVINÓPOLIS,102,1295,SALÃO COMUNITÁRIO DOS COSTAS,COMUNIDADE DE COSTAS,ZONA RURAL,Convencional,-19.9937025,-44.936928,129,1
DIVINÓPOLIS,102,1309,ESCOLA ESTADUAL SÃO FRANCISCO DE ASSIS,"RUA ITAPECERICA, 1495",SIDIL,Convencional,-20.1368157,-44.8991668,2697,8
DIVINÓPOLIS,102,1317,CENTRO COMUNITÁRIO DE QUILOMBO,COMUNIDADE RURAL DE QUILOMBO,ZONA RURAL,Convencional,-20.0200191,-44.95247,333,1
DIVINÓPOLIS,102,1325,ESCOLA MUNICIPAL MIGUEL ANTÔNIO ESTEVES,COMUNIDADE DE DJALMA DUTRA,ZONA RURAL,Convencional,-20.0659571,-45.0218456,562,2
DIVINÓPOLIS,102,1333,ESCOLA MUNICIPAL MARIA VALINHOS RAMOS,COMUNIDADE DE AMADEU LACERDA,ZONA RURAL,Convencional,-20.0743748,-45.108838,264,1
DIVINÓPOLIS,102,1341,CENTRO COMUNITÁRIO DE MATA DOS COQUEIROS,COMUNIDADE RURAL DA MATA DOS COQUEIROS,ZONA RURAL,Convencional,-20.02376,-44.997208,178,1
DIVINÓPOLIS,102,1350,UEMG - UNIVERSIDADE DO ESTADO DE MINAS GERAIS,"AV. PARANÁ, 3.001",JARDIM BELVEDERE I E II,Convencional,-20.1707376,-44.913296,1395,5
DIVINÓPOLIS,102,1368,ESCOLA ESTADUAL ARMANDO NOGUEIRA SOARES,"RUA CARBONITA, 1240",SÃO JUDAS TADEU,Convencional,-20.162272,-44.9137402,3789,10
DIVINÓPOLIS,102,1376,ESCOLA MUNICIPAL OTÁVIO OLÍMPIO DE OLIVEIRA,"ALAMEDA RIO ARAGUAIA, 501",TIETÊ,Convencional,-20.1448309,-44.9177001,3318,9
DIVINÓPOLIS,102,1384,ESCOLA ESTADUAL MANOEL CORREA FILHO,"RUA CAPITÓLIO, 280",PLANALTO,Convencional,-20.1466542,-44.9078668,4734,12
DIVINÓPOLIS,102,1392,ESCOLA ESTADUAL ILÍDIO DA COSTA PEREIRA,"RUA ITAMARANDIBA, 1451",ALVORADA,Convencional,-20.1165308,-44.8985097,3506,9
DIVINÓPOLIS,102,1406,ESCOLA ESTADUAL JOVELINO RABELO,"RUA GUARACI CARLOS DE FREITAS, 606",SANTA CLARA,Convencional,-20.132335,-44.885882,1057,5
DIVINÓPOLIS,102,1414,ESCOLA MUNICIPAL EMÍLIO RIBAS,COMUNIDADE DO CHORO,ZONA RURAL,Convencional,-20.0542448,-44.9234198,502,2
DIVINÓPOLIS,102,1422,ASSOCIAÇÃO DE MORADORES DE BRANQUINHOS,COMUNIDADE RURAL DE BRANQUINHOS,ZONA RURAL,Convencional,-20.0576488,-44.961422,290,1
DIVINÓPOLIS,102,1430,CAIC - ESCOLA MUNICIPAL PADRE JOÃO BRUNO,"AVENIDA DAS GARÇAS, 311",SERRA VERDE,Convencional,-20.109808,-44.901662,3069,8
DIVINÓPOLIS,102,1449,ESCOLA MUNICIPAL PROFESSORA  HERMÍNIA  CORGOZINHO,"RUA VIRIATO CORRÊA , 2400",BELA VISTA,Convencional,-20.1724713,-44.9065239,3736,10
DIVINÓPOLIS,102,1457,ESCOLA ESTADUAL VICENTE MATEUS,"RUA ALCOBAÇA , 71",OLIVEIRAS,Convencional,-20.105678,-44.877237,2618,7
DIVINÓPOLIS,102,1473,ESCOLA MUNICIPAL DONA MARIA ROSA,"RUA RUBENS MARIANO PACHECO, 61",REALENGO,Convencional,-20.1840324,-44.9075446,1177,3
DIVINÓPOLIS,102,1481,CRAS - CENTRO DE REFERÊNCIA DE ASSISTÊNCIA SOCIAL,"RUA GOIABEIRA, 455",JARDINÓPOLIS,Convencional,-20.1930847,-44.939972,1085,3
DIVINÓPOLIS,102,1490,ESCOLA MUNICIPAL PADRE GUARITÁ,"RUA TENENTE MÁRCIO, 210",ORION,Convencional,-20.1342968,-44.921275,1858,5
DIVINÓPOLIS,102,1503,COLÉGIO ROBERTO CARNEIRO,"RUA MINAS GERAIS, 593",CENTRO,Convencional,-20.1448072,-44.8912486,3674,10
DIVINÓPOLIS,102,1511,ESCOLA MUNICIPAL VENEZA GUIMARÃES,"ESTRADA DA CACHOEIRINHA, 121",SANTO ANTÔNIO DOS CAMPOS,Convencional,-20.1002856,-44.962811,1331,4
DIVINÓPOLIS,102,1520,UEMG - UNIVERSIDADE DO ESTADO DE MINAS GERAIS,"AVENIDA PARANÁ, 3.001",JARDIM BELVEDERE I E II,Convencional,-20.1707376,-44.913296,3080,8
DIVINÓPOLIS,102,1538,ESCOLA MUNICIPAL ODILON SANTIAGO,"RUA MÁRIO FRANCISCO GONÇALVES, 1.101",CASA NOVA,Convencional,-20.1567992,-44.9281063,2230,6
DIVINÓPOLIS,102,1554,CENTRO PASTORAL DA IGREJA NOSSA SENHORA DA GUIA,"RUA SERGIPE, 1250",VILA BELO HORIZONTE,Convencional,-20.1445112,-44.901987,706,2
DIVINÓPOLIS,103,1031,ESCOLA ESTADUAL JOAQUIM NABUCO,"AV 1 DE JUNHO, 570",CENTRO,Convencional,-20.1441619,-44.8871908,2847,8
DIVINÓPOLIS,103,1040,INSS,"AV GETÚLIO VARGAS, 342",CENTRO,Convencional,-20.1462748,-44.8868852,578,2
DIVINÓPOLIS,103,1074,ESCOLA ESTADUAL ANTÔNIO OLÍMPIO DE MORAIS,"RUA HENRIQUE GALVÃO , 274",ESPÍRITO SANTO,Convencional,-20.135866,-44.8729159,3129,9
DIVINÓPOLIS,103,1082,ESCOLA ESTADUAL PROFESSOR CHICO DIAS,"RUA JOAQUIM JOSÉ FERREIRA, 71",DANILO PASSOS II,Convencional,-20.1190206,-44.8720561,2477,10
DIVINÓPOLIS,103,1090,ESCOLA ESTADUAL SÃO VICENTE,"RUA DO ALUMÍNIO, 505",NITERÓI,Convencional,-20.1440092,-44.8765448,4155,12
DIVINÓPOLIS,103,1104,ESCOLA ESTADUAL SANTO TOMAZ DE AQUINO,"RUA GONÇALVES DIAS , 670",PORTO VELHO,Convencional,-20.1488667,-44.8813294,4143,13
DIVINÓPOLIS,103,1112,ESCOLA ESTADUAL  LAURO EPIFÂNIO,"AV. DOLORES A RABELO, 651",INTERLAGOS,Convencional,-20.159083,-44.8734893,3922,13
DIVINÓPOLIS,103,1120,ESCOLA ESTADUAL  LUIZ DE MELO VIANA SOBRINHO,"RUA CAMPOS SALES, 270",PORTO VELHO,Convencional,-20.1499511,-44.8825101,2221,8
DIVINÓPOLIS,103,1139,ESCOLA ESTADUAL ENG. PEDRO MAGALHÃES,"RUA ENGENHEIRO BENJAMIM DE OLIVEIRA, S/N",ESPLANADA,Convencional,-20.1492025,-44.8900011,3148,10
DIVINÓPOLIS,103,1147,CENTRO DE PASTORAL IMACULADA CONCEIÇÃO,"RUA VITAL BRASIL, 307",ESPLANADA,Convencional,-20.1541408,-44.8917004,815,3
DIVINÓPOLIS,103,1155,ESCOLA ESTADUAL  ANTÔNIO GONÇALVES DE MATOS,"AV BRIGADEIRO CABRAL , 57",NOSSA SENHORA DAS GRAÇAS,Convencional,-20.1616494,-44.8786632,4570,12
DIVINÓPOLIS,103,1163,ESCOLA ESTADUAL ANTÔNIO DA COSTA PEREIRA,"RUA CHILE, 441",NAÇÕES,Convencional,-20.1601548,-44.8597748,4068,11
DIVINÓPOLIS,103,1171,ESCOLA ESTADUAL SÃO FRANCISCO DE PAULA,"AV.BELA VISTA, 922",ICARAÍ II,Convencional,-20.1220735,-44.8532299,3531,10
DIVINÓPOLIS,103,1180,ESCOLA MUNICIPAL BENJAMIM CONSTANT,COMUNIDADE RURAL,BURITIS,Convencional,-20.250716,-44.8723101,825,3
DIVINÓPOLIS,103,1198,ESCOLA MUNICIPAL  ANTÔNIO PIO DA SILVA,COMUNIDADE RURAL,FERRADOR,Convencional,-20.181252,-44.798721,396,2
DIVINÓPOLIS,103,1201,ESCOLA ESTADUAL NOSSA SENHORA DO SAGRADO CORAÇÃO,"AV BEIRA ALTA, 100",SÃO LUÍS,Convencional,-20.1463371,-44.8714826,1894,5
DIVINÓPOLIS,103,1210,ESCOLA ESTADUAL  HELENA ANTIPOFF,"RUA DO COBRE , 697",NITERÓI,Convencional,-20.1443768,-44.8744993,1566,5
DIVINÓPOLIS,103,1228,CENTRO PASTORAL DA PARÓQUIA DO SR.BOM JESUS,"RUA DO CHUMBO, 425",NITERÓI,Convencional,-20.1421028,-44.8760328,1461,4
DIVINÓPOLIS,103,1236,CENTRO SOCIAL URBANO,"RUA DOLORES DE AGUIAR RABELO, 303",INTERLAGOS,Convencional,-20.1573675,-44.8749867,2136,8
DIVINÓPOLIS,103,1244,ESCOLA MUNICIPAL JOÃO EPIPHÂNIO PEREIRA,"RUA GONÇALVES DIAS, 414",PORTO VELHO,Convencional,-20.1503453,-44.8819801,713,3
DIVINÓPOLIS,103,1260,ESCOLA ESTADUAL ROSA VAZ DE ARAÚJO,"RUA LEÃO XIII,140",VILA ROMANA,Convencional,-20.1133567,-44.8669607,1377,4
DIVINÓPOLIS,103,1279,CMEI ISAURO SILVA,"AVENIDA ANTÔNIO NETO, 1820",DANILO PASSOS I,Convencional,-20.1194445,-44.8750472,1775,5
DIVINÓPOLIS,103,1287,ESCOLA MUNICIPAL MARIA FONSECA PEÇANHA,"RUA OLÍMPIO MOREIRA, 1861",PARAÍSO,Convencional,-20.1726599,-44.8673392,2835,8
DIVINÓPOLIS,103,1295,ESCOLA MUNICIPAL PROFESSOR PAULO FREIRE,"RUA ALZIRA FONSECA , 771",DONA ROSA,Convencional,-20.1629765,-44.8573584,3501,10
DIVINÓPOLIS,103,1309,ESCOLA MUNICIPAL ADOLFO MACHADO,"RUA NITERÓI, 550",MANOEL VALINHAS,Convencional,-20.130293,-44.8742071,2350,6
DIVINÓPOLIS,103,1317,ESCOLA MUNICIPAL SIDNEY JOSÉ DE OLIVEIRA,"AVENIDA ANHANGUERA, 1090",JARDIM DOS CANDIDÉS,Convencional,-20.128656,-44.8366169,1541,5
DIVINÓPOLIS,103,1325,ESCOLA MUNICIPAL JOÃO GONTIJO DA FONSECA,"RUA DAS HORTÊNSIAS, 150",PRIMAVERA,Convencional,-20.1328245,-44.8584245,1012,3
DIVINÓPOLIS,103,1333,ESCOLA MUNICIPAL JOÃO SEVERINO DE AZEVEDO,"RUA JOAQUIM MANOEL PEREIRA, 920",DAVANUZE,Convencional,-20.165802,-44.8483189,2596,7
DIVINÓPOLIS,103,1341,ESCOLA MUNICIPAL PROFESSOR BAHIA,"RUA SANTARÉM, 571",NOVA HOLANDA,Convencional,-20.1702296,-44.8807284,1677,5
DIVINÓPOLIS,103,1350,ESCOLA MUNICIPAL DOUTOR SEBASTIÃO GOMES,"RUA BAYSSUR, 561",MARIA HELENA,Convencional,-20.1529296,-44.8643071,1696,5
DIVINÓPOLIS,103,1376,ESCOLA MUNICIPAL ANTONIETA FONSECA,"RUA PRIMO BATAGLINI, 410",QUINTA DAS PALMEIRAS,Convencional,-20.1859501,-44.8815485,1030,3
DIVINÓPOLIS,103,1384,CENTRO PASTORAL DA PARÓQUIA SÃO VICENTE DE PAULO,"RUA CARMO DA MATA, 961",INTERLAGOS,Convencional,-20.1603383,-44.8728071,1101,3
DIVINÓPOLIS,103,1422,CENTRO PASTORAL PADRE EVARISTO JOSÉ VICENTE,"PRAÇA DOM CRISTIANO, 241",CENTRO,Convencional,-20.1389917,-44.8838311,821,3
DIVINÓPOLIS,103,1449,CMEI MIGUEL RODRIGUES FILHO,"RUA DURVAL VASCONCELOS, 141",LAGOA DOS MANDARINS,Convencional,-20.1111223,-44.8588213,140,1
LAGOA SANTA,157,1031,CRECHE NOSSA SENHORA DE BELEM,"RUA COMANDANTE VITOR, 503",SANTOS DUMONT,Convencional,-19.6470856,-43.9048631,1658,5
LAGOA SANTA,157,1139,CLUBE DOS SARGENTOS DA AERONAUTICA,"AV. BRIGADEIRO EDUARDO GOMES, S/N",VILA ASAS,Convencional,-19.6593499,-43.9082241,1978,6
LAGOA SANTA,157,1163,ESCOLA MUNICIPAL ALBERTO SANTOS DUMONT,"ALAMEDA DOS PEQUIZEIROS, 400",RESIDENCIAL VISAO,Convencional,-19.6776384,-43.8888842,975,3
LAGOA SANTA,157,1198,ESCOLA ESTADUAL CECILIA DOLABELA PORTELA AZEREDO,"RUA CONDE ALFREDO DOLABELA, 1743",VARZEA,Convencional,-19.6415812,-43.8846696,3156,10
LAGOA SANTA,157,1201,ESCOLA MUNICIPAL CORONEL PEDRO VIEIRA DE FREITAS,"AV. VIEIRA, 235",CAMPINHO,Convencional,-19.573624,-43.9206549,1975,6
LAGOA SANTA,157,1210,ESCOLA MUNICIPAL DONA MARUCAS,"RUA PETROPOLIS, 41",OVIDIO GUERRA,Convencional,-19.6365792,-43.9159724,2216,7
LAGOA SANTA,157,1228,ESCOLA MUNICIPAL DR. LUND,"RUA VEREADOR ILDEU VIANA DE MATOS, 100",CENTRO,Convencional,-19.6284784,-43.8906543,3470,13
LAGOA SANTA,157,1244,ESCOLA MUNICIPAL DE LAPINHA,"RUA GUILHERMINA PEREIRA DE FREITAS, 395",LAPINHA,Convencional,-19.5693571,-43.9535318,1366,5
LAGOA SANTA,157,1252,ESCOLA ESTADUAL PADRE MENEZES (ANTIGO CTCA),"AVENIDA BELMIRO JOÃO SALOMÃO, S/N",PASTINHO,Convencional,-19.6222289,-43.883828,482,3
LAGOA SANTA,157,1260,ESCOLA ESTADUAL NILO MAURICIO TRINDADE FIGUEIREDO,"AV. DR. ANTONIO DE ABREU JUNIOR, 381",LUNDCEIA,Convencional,-19.633875,-43.9034649,2069,6
LAGOA SANTA,157,1279,ESCOLA MUNICIPAL PROFESSOR MELLO TEIXEIRA,"AV. SENADOR MODESTINO GONCALVES, 90",SANTOS DUMONT,Convencional,-19.6450164,-43.906895,1935,6
LAGOA SANTA,157,1287,ESCOLA ESTADUAL REPARATA DIAS DE OLIVEIRA,"RUA ELVIRA PEREIRA DA SILVA ,70",VILA MARIA,Convencional,-19.601462,-43.9038377,2707,8
LAGOA SANTA,157,1317,ESCOLA ESTADUAL TIRADENTES,"RUA TIRADENTES, 21",VILA ASAS,Convencional,-19.6611616,-43.910311,1591,6
LAGOA SANTA,157,1333,ESCOLA MUNICIPAL ANTONIO DE CASTRO FIGUEIREDO,"R OURO PRETO, 294",VARZEA,Convencional,-19.6402739,-43.8839888,1679,5
LAGOA SANTA,157,1341,ESCOLA MUNICIPAL HERCULANO LIBERATO DE ALMEIDA,"ALAMEDA BEM-TE-VI, 170",VILA DOS IPES,Convencional,-19.671265,-43.886967,2738,8
LAGOA SANTA,157,1350,ESCOLA MUNICIPAL LIVIO MUCIO CONRADO SILVA,"RUA ANA GONÇALVES, 814",PALMITAL,Convencional,-19.58372,-43.903212,2069,6
LAGOA SANTA,157,1368,INSTITUTO PEDAGÓGICO PINTANDO O SETE,"RUA EXPEDICIONÁRIOS, 822",BRANT,Convencional,-19.6263546,-43.897965,1157,4
LAGOA SANTA,157,1384,ESCOLA MUNICIPAL ODETE VALADARES,"RUA EDGAR DE ALCÂNTARA, 88",LAGOINHA DE FORA,Convencional,-19.682123,-43.8498919,568,2
LAGOA SANTA,157,1392,ESCOLA PALOMAR PIAGETIANA,"AV. CORONEL CARLOS ORLEANS GUIMARAES, 501",JOA,Convencional,-19.6435421,-43.880641,3728,10
LAGOA SANTA,157,1457,PREFEITURA  MUNICIPAL DE LAGOA SANTA,"RUA SAO JOAO, 290",CENTRO,Convencional,-19.6266834,-43.8953174,642,4
LAGOA SANTA,157,1520,ESCOLA MUNICIPAL DONA NANA,"RUA TOM JOBIM, 305",MORADAS DA LAPINHA,Convencional,-19.5960755,-43.909039,1800,6
LAGOA SANTA,157,1619,ESCOLA MUNICIPAL DONA ARAMITA,"RUA ALAGOINHAS, S/N",FRANCISCO PEREIRA,Convencional,-19.6525814,-43.8725995,1681,5
LAGOA SANTA,157,1627,ESCOLA MUNICIPAL NILZA VIEIRA DE AZEREDO MELO,"RUA PORCINA FIGUEIREDO, 63",SANGRADOURO,Convencional,-19.5756895,-43.9430269,517,2
LAGOA SANTA,157,1635,ESCOLA MUNICIPAL DONA MARIA AUGUSTA,"PRACA EFIGENIA DE FREITAS, 1420",MORRO DO CRUZEIRO,Convencional,-19.6139861,-43.8798344,553,2
LAGOA SANTA,157,1643,ESCOLA MUNICIPAL PROFESSORA CLAUDOMIRA,"RUA EXPEDICIONÁRIOS, 990",BRANT,Convencional,-19.6250714,-43.8991174,3864,17
LAGOA SANTA,157,1651,ESCOLA MUNICIPAL DONA SANTINHA,"RUA DOLORES DAS NEVES, 229",VARZEA,Convencional,-19.6336146,-43.8852104,562,2
LAGOA SANTA,157,1660,ESCOLA MUNICIPAL PROFESSORA MERCIA MARGARIDA LACERDA MACHADO,"RUA TOM JOBIM, 305",MORADAS DA LAPINHA,Convencional,-19.5962878,-43.9089641,1798,5
LAGOA SANTA,157,1708,CRECHE MENINO JESUS,"RUA ELVIRA PEREIRA DA SILVA, 180",VILA MARIA,Convencional,-19.6003373,-43.9042622,1584,5
LAGOA SANTA,157,1724,CENTRO DE EDUCAÇÃO INFANTIL MARIA DOS ANJOS,"RUA OLEGÁRIO MACIEL, 800",BELA VISTA,Convencional,-19.6443902,-43.9057579,1007,3
LAGOA SANTA,157,1740,LIONS CLUBE DE LAGOA SANTA,"RUA TABELIÃO JOSÉ CAMILO, 35",CENTRO,Convencional,-19.6264923,-43.895458,640,3
LAGOA SANTA,157,1759,COLEGUIUM LAGOA SANTA,"RUA SANTOS BOSCHI, 209",JOANA D'ARC,Convencional,-19.6369831,-43.9022144,647,2
MARIANA,171,1058,INSTITUTO DE CIÊNCIAS SOCIAIS APLICADAS - UFOP,"RUA DO CATETE, 166",CENTRO,Convencional,-20.3771988,-43.419125,3471,9
MARIANA,171,1074,ESCOLA ESTADUAL DOM SILVERIO,AV MANOEL LEANDRO CORREA S/N    ,CENTRO,Convencional,-20.3703114,-43.416271,2930,8
MARIANA,171,1082,ESCOLA ESTADUAL PROF SOARES FERREIRA,"PRACA JUSCELINO KUBSTCHECK, 52",CENTRO,Convencional,-20.3724267,-43.416337,1970,5
MARIANA,171,1147,ESCOLA ESTADUAL DOM BENEVIDES,PRAÇA DOM BENEVIDE 23,CENTRO,Convencional,-20.3826639,-43.416758,2994,9
MARIANA,171,1155,ESCOLA MUNICIPAL MONSENHOR JOSE COTTA,"RUA DIAMANTINA, 281",CABANAS,Convencional,-20.3912899,-43.418117,3041,8
MARIANA,171,1171,ESCOLA ESTADUAL C. MAURO DE FARIA BANDEIRANTES,"RUA DA GLORIA, S/N",BANDEIRANTES,Convencional,-20.3777725,-43.417123,771,2
MARIANA,171,1198,ESCOLA MUNICIPAL DE BARROCA,"RUA SALOMÃO NEME, 361",BARROCA,Convencional,-20.3566492,-43.407815,481,2
MARIANA,171,1201,ESCOLA MUNICIPAL DE BENTO RODRIGUES,"RUA SAO BENTO, 620",BENTO RODRIGUES,Convencional,-20.2975729,-43.449094,466,2
MARIANA,171,1236,ESCOLA MUNICIPAL ANTONIO GABRIEL DE CARVALHO CLÁUDIO MANOEL,"RUA PROFESSOR DRUMOND, 23",CLÁUDIO MANOEL,Convencional,-20.213872,-43.198529,616,3
MARIANA,171,1244,E. M.  PROFESSORA CELINA CÉLIA GOMES,"PRAÇA CARLOS LOBO, S/N",ÁGUAS CLARAS,Convencional,-20.2528506,-43.221685,704,2
MARIANA,171,1252,ESCOLA MUNICIPAL DE CAMPINAS,"RUA SANTA CRUZ, S/N",CAMPINAS,Convencional,-20.2621584,-43.173861,215,1
MARIANA,171,1260,ESCOLA ESTADUAL MONSENHOR MORAES FURQUIM,"PRACA MAGALHAES PINTO  , 08",FURQUIM,Convencional,-20.3581312,-43.208475,1293,4
MARIANA,171,1279,POSTO DE SAÚDE,"RUA SAGRADO CORAÇÃO DE JESUS, S/N",CONSTANTINO,Convencional,-20.433857,-43.143555,183,1
MARIANA,171,1287,E. M. JOAQUIM EMÍLIO BAPTISTA,"RUA CUIABÁ, S/N",GOIABEIRAS,Convencional,-20.3350345,-43.153736,318,1
MARIANA,171,1295,POSTO DE SAÚDE DE PEDRAS,"RUA ANTÔNIO, S/N",PEDRAS,Convencional,-20.2795224,-43.190422,136,1
MARIANA,171,1309,ESCOLA MUNICIPAL JADIR MACEDO MONSENHOR HORTA,"RUA SANTO ANTÔNIO, S/N",MONSENHOR HORTA,Convencional,-20.3449299,-43.296635,1394,4
MARIANA,171,1317,PARACATU DE BAIXO (INSTALAÇÕES PROVISÓRIAS),"AV. MANOEL LEANDRO CORREA, 102",BARRO PRETO,Convencional,-20.3706447,-43.416452,353,1
MARIANA,171,1325,SALÃO COMUNITÁRIO DE PONTE DO GAMA,PONTE DO GAMA,PONTE DO GAMA,Convencional,-20.2701604,-43.296988,66,1
MARIANA,171,1333,ESCOLA ESTADUAL PADRE VIEGAS,"RUA PEDRO MARINHO GOMES, 67A",PADRE VIEGAS,Convencional,-20.3949629,-43.353131,803,3
MARIANA,171,1341,ESCOLA MUNICIPAL DE BARRO BRANCO,"RUA NOSSA SENHORA DA GLÓRIA, S/N",BARRO BRANCO,Convencional,-20.4415974,-43.301279,568,2
MARIANA,171,1350,ESCOLA MUNICIPAL DE MAINART,"PRAÇA SÃO GUILHERME, S/N",MAINART,Convencional,-20.4822183,-43.338185,344,1
MARIANA,171,1368,ESCOLA MUNICIPAL SERRA DO CARMO (POMBAL),POVOADO DO POMBAL / VARGEM,VARGEM,Convencional,-20.5313104,-43.374775,558,2
MARIANA,171,1376,ESCOLA ESTADUAL CEL BENJAMIM GUIMARAES PASSAGEM,ALAMEDA BENJAMIM GUIMARAES S/N,PASSAGEM DE MARIANA,Convencional,-20.3931661,-43.437781,3079,8
MARIANA,171,1384,ESCOLA MUNICIPAL SINHO MACHADO SANTA RITA DURÃO,PRACA MATRIZ,SANTA RITA DURÃO,Convencional,-20.1823405,-43.414978,1361,5
MARIANA,171,1406,POSTO DE SAÚDE DE CUIABA,"RUA PRINCIPAL, S/N",CUIABÁ,Convencional,-20.3178973,-43.174901,163,1
MARIANA,171,1414,GRUPO ESCOLAR DR. GOMES FREIRE,"AV. GETULIO VARGAS  , 54                ",CENTRO,Convencional,-20.3753111,-43.415846,2677,8
MARIANA,171,1422,CENTRO DE EDUCACAO MUNICIPAL PADRE AVELAR - CEMPA,"RODOVIA DO CONTORNO, 327",SÃO SEBASTIÃO COLINA,Convencional,-20.3481425,-43.407805,4938,14
MARIANA,171,1449,ESCOLA MUNICIPAL WILSON PIMENTA FERREIRA,"RUA L,  S/N",SANTO ANTÔNIO,Convencional,-20.3748871,-43.42408,1252,4
MARIANA,171,1457,ESCOLA MUNICIPAL SANTA GODOY,"RUA WENCESLAU BRAS, S/N",CENTRO,Convencional,-20.3719727,-43.417475,2046,6
MARIANA,171,1481,ESCOLA MUNICIPAL CÔNEGO PAULO DILÁSCIO,"RUA OURO, 200",MORRO SANTANA GOGO,Convencional,-20.3489478,-43.438481,373,1
MARIANA,171,1490,ESCOLA MUNICIPAL DOM OSCAR DE OLIVEIRA,"RUA PASSAGEM DE MARIANA, 360",SANTA RITA DE CASSIA,Convencional,-20.3960472,-43.41915,3558,10
MARIANA,171,1538,ESCOLA MUNICIPAL DOM LUCIANO PEDRO MENDES DE ALMEIDA ROSARIO,"RUA PERIMETRAL SUCUPIRA,  S/N",ROSÁRIO,Convencional,-20.3656131,-43.429133,1653,5
MARIANA,171,1554,CASA SÃO VICENTE DE PARACATU DE CIMA,MARIANA,PARACATU,Convencional,-17.2185093,-46.879105,62,1
MARIANA,171,1570,POSTO DE SAÚDE DE CAMARGOS,"RUA DO CRUZEIRO, S/N",CAMARGOS,Convencional,-20.2603817,-43.402772,79,1
MARIANA,171,1589,UNIPAC - FACULDADE PRESIDENTE ANTÔNIO CARLOS,"RUA ANTÔNIO ALVES, 78",SÃO CRISTÓVÃO,Convencional,-20.3592451,-43.418534,491,2
MARIANA,171,1597,SENAI - MARIANA,"RODOVIA DO CONTORNO, S/N.",SÃO SEBASTIÃO COLINA,Convencional,-20.364823,-43.414077,1417,5
MARIANA,171,1619,E.E. JOÃO RAMOS FILHO,"RUA DIAMANTINA, 751",CABANAS,Convencional,-20.3944912,-43.418369,953,3
MARIANA,171,1627,ASSOCIAÇÃO DOS MORADORES DO BAIRRO SÃO JOSÉ,"RUA SALOMÃO DE VASCONCELOS, N 07",SÃO JOSÉ CHÁCARA,Convencional,-20.3855794,-43.413161,241,1
MARIANA,171,1635,CENTRO DE ESPECIALIDADES PREVINE,"RUA WENCESLAU BRAZ, N 461",CENTRO,Convencional,-20.3724323,-43.417772,1276,4
MARIANA,171,1643,ESCOLA MUNICIPAL ANÍBAL DE FREITAS,"RUA FIRMINO ULHÔA, S/N",CACHOEIRA DO BRUMADO,Temporário,-20.3953584,-43.271035,1841,5
MARIANA,171,1686,ICHS/UFOP - INSTITUTO DE CIENCIAS HUMANAS E SOCIAIS,"RUA DO SEMINARIO, S/N",CENTRO,Convencional,-20.3817128,-43.414416,1141,6
PARÁ DE MINAS,202,1015,ESCOLA ESTADUAL GOVERNADOR VALADARES,PRACA DELFIM MOREIRA 70,CENTRO,Convencional,-19.86007,-44.60805,1713,10
PARÁ DE MINAS,202,1040,COLÉGIO SAGRADO CORAÇÃO DE MARIA,"RUA DR HIGINO, 3",CENTRO,Convencional,-19.8620647,-44.6029471,1678,12
PARÁ DE MINAS,202,1058,ESCOLA ESTADUAL TORQUATO DE ALMEIDA,"PRAÇA FRANCISCO TORQUATO, 22",CENTRO,Convencional,-19.862958,-44.6054314,2132,10
PARÁ DE MINAS,202,1082,ESCOLA ESTADUAL FERNANDO OTÁVIO,"PRACA FREI CONCÓRDIO, 750",SÃO FRANCISCO,Convencional,-19.8665262,-44.5958736,6559,18
PARÁ DE MINAS,202,1090,ESCOLA ESTADUAL FREI CONCÓRDIO,"RUA PORCIÚNCULA, 65",SÃO FRANCISCO,Convencional,-19.8660952,-44.5952807,2276,9
PARÁ DE MINAS,202,1104,ESCOLA ESTADUAL PEREIRA DA COSTA,"RUA ANTÔNIO PRAXEDES, 390",NOSSA SENHORA DAS GRAÇAS,Convencional,-19.8699677,-44.6049,2359,7
PARÁ DE MINAS,202,1112,COLÉGIO TÉCNICO SÃO FRANCISCO DE ASSIS,"RUA CAPITÃO TEIXEIRA, S/N",CENTRO,Convencional,-19.8652179,-44.6066929,2570,14
PARÁ DE MINAS,202,1139,ESCOLA ESTADUAL MANOEL BATISTA,"RUA RIO DE JANEIRO, 364",SÃO JOSÉ,Convencional,-19.8645509,-44.6121717,3724,10
PARÁ DE MINAS,202,1147,ESCOLA MUNICIPAL PROF. GERALDO MARTINS FERREIRA E MELO,"PRAÇA GALBA VELOSO, S/N",CENTRO,Convencional,-19.86541,-44.6067943,1225,5
PARÁ DE MINAS,202,1155,ESCOLA MUNICIPAL CÓRREGO DO BARRO,CÓRREGO DO BARRO,POVOADO DE CÓRREGO DO BARRO,Convencional,-19.8740334,-44.5699927,186,1
PARÁ DE MINAS,202,1163,ESCOLA ESTADUAL FRANCISCO DE ASSIS VIANA - TAVARES,"PRAÇA NOSSA SENHORA DA CONCEIÇÃO, SN",TAVARES,Convencional,-19.8383929,-44.5193815,1155,4
PARÁ DE MINAS,202,1171,ESCOLA ESTADUAL CÂNDIDA ALVARENGA MENDONÇA - CARIOCA,"R. SAO FRANCISCO, 34",CARIOCA,Convencional,-19.8217976,-44.7691703,496,2
PARÁ DE MINAS,202,1180,ESCOLA ESTADUAL JOAQUIM LUIZ GONZAGA - ASCENSÃO,"AV. A. S. ARAÚJO, 100",ASCENSÃO,Convencional,-19.7950947,-44.5652852,778,2
PARÁ DE MINAS,202,1198,ESCOLA ESTADUAL ZICO FERREIRA -TORNEIROS,"R. T. J. FONSECA, S/N",TORNEIROS,Convencional,-19.8818997,-44.7458932,1179,4
PARÁ DE MINAS,202,1201,ESCOLA ESTADUAL ADEMAR DE MELO,"R. VEREADOR JOSÉ DE ALMEIDA MENDONÇA, 80",SANTOS DUMONT,Convencional,-19.8400516,-44.6071354,4772,13
PARÁ DE MINAS,202,1210,ESCOLA ESTADUAL JOÃO FERREIRA,"RUA FREI ORLANDO, 602",PROVIDÊNCIA,Convencional,-19.864112,-44.5876602,2900,8
PARÁ DE MINAS,202,1228,ESCOLA ESTADUAL NOSSA SENHORA AUXILIADORA,"RUA ANTONIO CARLOS, 545",SÃO CRISTÓVÃO,Convencional,-19.8491774,-44.6085396,3773,10
PARÁ DE MINAS,202,1236,ESCOLA ESTADUAL ÂNGELA MARIA DE OLIVEIRA,"RUA JOÃO MENDES DE CARVALHO, 373",SÃO PEDRO,Convencional,-19.8343482,-44.6191711,4410,12
PARÁ DE MINAS,202,1244,ESCOLA MUNICIPAL DOM BOSCO,"RUA JOÃO ALEXANDRE, 590",DOM BOSCO,Convencional,-19.8746262,-44.5986182,3261,9
PARÁ DE MINAS,202,1252,ESCOLA MUNICIPAL PREFEITO JOSÉ PORFÍRIO DE OLIVEIRA,"RUA JOSÉ ANTÔNIO PEREIRA, 215",BELVEDERE,Convencional,-19.8769283,-44.6071095,1013,4
PARÁ DE MINAS,202,1260,ESCOLA ESTADUAL CLÓVIS SALGADO,"RUA POUSO ALEGRE, S/N",NOSSA SENHORA DE FÁTIMA,Convencional,-19.853023,-44.615038,2263,6
PARÁ DE MINAS,202,1279,ESCOLA MUNICIPAL D. OROSINA CECÍLIO MENDONÇA,"AV. PADRE JOSÉ VIEGAS, 80",RECANTO DA LAGOA,Convencional,-19.8718318,-44.5794083,3770,10
PARÁ DE MINAS,202,1287,ESCOLA MUNICIPAL BERNARDO MONTEIRO - TRINDADE,TRINDADE,POVOADO DE TRINDADE,Convencional,-19.7572724,-44.52846,158,1
PARÁ DE MINAS,202,1295,ESCOLA MUNICIPAL PADRE PEREIRA - CAETANO PRETO,CAETANO PRETO,POVOADO DE CAETANO PRETO,Convencional,-19.9253138,-44.631577,165,1
PARÁ DE MINAS,202,1309,SALÃO COMUNITÁRIO DA IGREJA DE BOM SUCESSO,POVOADO DE BOM SUCESSO,POVOADO DE BOM SUCESSO,Convencional,-19.8589935,-44.6102426,114,1
PARÁ DE MINAS,202,1317,ESCOLA  MUNICIPAL MARECHAL DEODORO - MEIRELES,POVOADO  DE MEIRELES,POVOADO DE MEIRELES,Convencional,-19.8561099,-44.6708529,293,1
PARÁ DE MINAS,202,1325,ESCOLA MUNICIPAL VICENTE DE PAULA SOUZA - MATINHA,POVOADO DA MATINHA,POVOADO DE MATINHA,Convencional,-19.9015102,-44.5585639,476,2
PARÁ DE MINAS,202,1333,ESCOLA MUNICIPAL PROF. AMÉLIA GUIMARÃES - CAIC,"AVENIDA PADRE JOSÉ VIEGAS, 1203",SANTA EDWIRGES,Convencional,-19.8797142,-44.5738221,1988,6
PARÁ DE MINAS,202,1341,ESCOLA MUNICIPAL VEREADOR BOSCO MENDONÇA - BOM JESUS DO PARÁ,BOM JESUS DO PARÁ,POVOADO DE BOM JESUS DO PARÁ,Convencional,-19.7845886,-44.5644203,469,2
PARÁ DE MINAS,202,1350,ESCOLA MUNICIPAL JOSÉ JACINTO DOS SANTOS - APARIÇÃO,POVOADO DE APARIÇÃO,POVOADO DE APARIÇÃO,Convencional,-19.8740334,-44.5699927,124,1
PARÁ DE MINAS,202,1368,ESCOLA MUNICIPAL DONA COTINHA,"RUA IVO RESENDE MENDONCA, 150",PADRE LIBÉRIO,Convencional,-19.8310653,-44.6017162,3298,9
PARÁ DE MINAS,202,1392,ESCOLA ESTADUAL PROFESSOR WILSON MELO GUIMARÃES,"RUA PADRE LIBÉRIO, 1005",JK,Convencional,-19.838481,-44.613999,1788,6
PARÁ DE MINAS,202,1406,ESCOLA MUNICIPAL IZALTINA MENDONÇA MEIRELES,"RUA ADILSON ANTÔNIO PEREIRA, 355",JARDIM SERRA VERDE,Convencional,-19.8902162,-44.5987768,788,3
PARÁ DE MINAS,202,1414,ESCOLA MUNICIPAL CONCEIÇÃO MARIA MOREIRA - LIMAS DO PARÁ,POVOADO DE LIMAS DO PARÁ,POVOADO DE LIMAS DO PARÁ,Convencional,-19.8057158,-44.63035,292,1
PARÁ DE MINAS,202,1422,ESCOLA MUNICIPAL SÃO JUDAS TADEU,"RUA FRANCISCO CECÍLIO MENDONÇA,455",PAPA JOÃO PAULO II,Convencional,-19.8542924,-44.5727851,748,3
PARÁ DE MINAS,202,1430,ESCOLA MUNICIPAL NENÉM COUTINHO - GUARDAS,POVOADO DE GUARDAS,POVOADO DE GUARDAS,Convencional,-19.8551771,-44.5797006,65,1
PARÁ DE MINAS,202,1457,CRECHE CMEI/PADRE HERNANI,"RUA ALTINO CORREA VIANA, 70",JARDIM BEATRIZ,Convencional,-19.8771793,-44.597346,172,1
PARÁ DE MINAS,202,1473,FACULDADE DE PARÁ DE MINAS - FAPAM,"RUA RICARDO MARINHO, 110",SÃO GERALDO,Convencional,-19.8455791,-44.6103401,303,2
PARÁ DE MINAS,202,1481,COLÉGIO LOSANGO,PRAÇA SIMÃO DA CUNHA,CENTRO,Convencional,-19.8636106,-44.601698,671,4
PARÁ DE MINAS,202,1490,ESCOLA DOUTOR CELSO CHARURI - SESI,AVENIDA ORLANDO MAURICIO DOS SANTOS,SENADOR VALADARES,Convencional,-19.8573635,-44.5878995,226,1
PARÁ DE MINAS,202,1503,ESCOLA MUNICIPAL PROFESSORA MÉRCIA MARIA CHAVES,RUA MATHIAS DE LAURENTYS,SÃO PEDRO,Convencional,-19.8351482,-44.619272,367,2
PARÁ DE MINAS,202,1511,CMEI GOTINHAS DO SABER,"RUA POUSA ALEGRE, 374",NOSSA SENHORA DE FÁTIMA,Convencional,-19.8525273,-44.6151411,138,1
PARÁ DE MINAS,202,1520,COLÉGIO APOGEU,"AVENIDA PRESIDENTE VARGAS, 1971",SENADOR VALADARES,Convencional,-19.8621128,-44.5864289,170,1
PARÁ DE MINAS,202,1538,ESCOLA ESTADUAL PADRE LIBERIO,"R. PAULO VI, 2-184",PADRE LIBÉRIO,Convencional,-19.8283499,-44.5992891,480,2
PARÁ DE MINAS,202,1554,ASSOCIACAO DOS PAIS E AMIGOS EXCEPCIONAIS - APAE,"RUA INOCÊNCIO III, 340",SÃO FRANCISCO,Convencional,-19.8663964,-44.5940746,115,2
SÃO JOÃO DEL REI,328,1023,COLEGIO NOSSA SENHORA DAS DORES,"RUA COMENDADOR BASTOS, 84",CENTRO,Convencional,-21.1361268,-44.2571923,4323,20
SÃO JOÃO DEL REI,328,1058,ESCOLA MUNICIPAL MARIA TERESA,"PRACA DOS EXPEDICIONARIOS, S/N",CENTRO,Convencional,-21.1374636,-44.2583352,1292,8
SÃO JOÃO DEL REI,328,1066,ESCOLA MUNICIPAL MARIA TERESA,PRAÇA DOS EXPEDICIONÁRIOS S/N,CENTRO,Convencional,-21.1374636,-44.2583352,287,2
SÃO JOÃO DEL REI,328,1074,UFSJ  - CAMPUS SANTO ANTONIO,"PRACA FREI ORLANDO, 170",CENTRO,Convencional,-21.1383247,-44.2611101,1327,5
SÃO JOÃO DEL REI,328,1082,SOCIEDADE SINFONICA,"PRACA CARLOS GOMES, 75",CENTRO,Convencional,,,779,2
SÃO JOÃO DEL REI,328,1090,BANDA TEODORO DE FARIA,"RUA SANTO ANTONIO, 289",TEJUCO,Convencional,-21.1372152,-44.2656557,399,1
SÃO JOÃO DEL REI,328,1104,ESCOLA MUNICIPAL DR. KLEBER VASQUES  FILGUEIRAS,"RUA RUTH NEDER ISSA, N 50",TEJUCO,Convencional,-21.1416078,-44.276157,2135,6
SÃO JOÃO DEL REI,328,1112,ESCOLA ESTADUAL IAGO PIMENTEL,"RUA SAO JOAO, 571",TEJUCO,Convencional,-21.1430339,-44.2739926,3496,9
SÃO JOÃO DEL REI,328,1120,CESEC,"RUA ROSSINO BACCARINI, 196",TEJUCO,Convencional,-21.1384084,-44.2656459,960,3
SÃO JOÃO DEL REI,328,1139,OBRAS SOCIAIS FE E ALEGRIA,"RUA MARIO MAZZONI, 110",TEJUCO,Convencional,-21.1436061,-44.2796542,1396,4
SÃO JOÃO DEL REI,328,1171,CENTRO SOCIAL SAO FRANCISCO,"RUA ESCRIVAO FARNESE SILVA, S/N",BONFIM,Convencional,-21.1435736,-44.2583195,637,2
SÃO JOÃO DEL REI,328,1180,ESCOLA ESTADUAL INACIO PASSOS,"PRACA DR GUILHERME MILWARD, S/N",BONFIM,Convencional,-21.140479,-44.25804,2789,8
SÃO JOÃO DEL REI,328,1198,ESCOLA MUNICIPAL DOMINGOS HORTA,"R. MARIA LEOCADIA SILVA ROSA, S/N",RIO ACIMA,Convencional,,,367,1
SÃO JOÃO DEL REI,328,1210,ESCOLA ESTADUAL CONEGO OSWALDO LUSTOSA,"RUA COMANDANTE JOSE FLORES, 13",GUARDA-MOR,Convencional,-21.1420674,-44.2659077,1615,5
SÃO JOÃO DEL REI,328,1244,ESCOLA ESTADUAL AURELIANO PIMENTEL,"AV. LEITE DE CASTRO, 89",FABRICAS,Convencional,-21.1289791,-44.2506408,2486,7
SÃO JOÃO DEL REI,328,1252,UFSJ - CAMPUS DOM BOSCO,"PRACA DOM HELVECIO, 74",DOM BOSCO,Convencional,-21.1245004,-44.2510217,2302,7
SÃO JOÃO DEL REI,328,1260,ESCOLA ESTADUAL DR GARCIA DE LIMA,"AV. LEITE DE CASTRO, 1384",FABRICAS,Convencional,,,2378,7
SÃO JOÃO DEL REI,328,1287,ANTIGO PREDIO DO UNIPTAN-FUNDOS,"AV. LEITE DE CASTRO, 1101",FABRICAS,Convencional,-21.120663,-44.246526,924,3
SÃO JOÃO DEL REI,328,1295,SALÃO PAROQUIAL N SENHORA APARECIDA,"RUA DO OURO, 215",ALTO DAS MERCES,Convencional,-21.1353264,-44.2676469,658,2
SÃO JOÃO DEL REI,328,1309,SALAO PAROQUIAL NOSSA SENHORA AUXILIADORA,"RUA RICARDO GERALDO DOS SANTOS, 136",SENHOR DOS MONTES,Convencional,-21.1323649,-44.2654997,460,2
SÃO JOÃO DEL REI,328,1325,ESCOLA ESTADUAL IDALINA HORTA GALVAO,"R. NOSSA SENHORA DA SAÚDE, S/N",SENHOR DOS MONTES,Convencional,-21.1275,-44.26458,1942,5
SÃO JOÃO DEL REI,328,1333,ESCOLA ESTADUAL IDALINA HORTA GALVAO,"RUA NOSSA SENHORA DA SAÚDE, S/N",SENHOR DOS MONTES,Convencional,,,814,3
SÃO JOÃO DEL REI,328,1341,CENTRO EDUC. FREI SERÁFICO,"R. GERALDO GUIMARÃES CANÁRIO, 02",SAO CAETANO,Convencional,-21.1405926,-44.2679114,1099,5
SÃO JOÃO DEL REI,328,1350,ESCOLA ESTADUAL MINISTRO GABRIEL PASSOS,"RUA PADRE MACHADO, 261",BELA VISTA,Convencional,-21.1268365,-44.2544904,1663,5
SÃO JOÃO DEL REI,328,1368,SALAO PAROQUIAL SAO GERALDO,"PRACA SAO GERALDO, 192",SAO GERALDO,Convencional,-21.1262112,-44.2572874,685,2
SÃO JOÃO DEL REI,328,1376,UFSJ - CAMPUS CTAN,"AV. VISCONDE DO RIO PRETO, S/N",COLÔNIA DO BENGO,Convencional,-21.1046416,-44.2496721,264,1
SÃO JOÃO DEL REI,328,1384,ESCOLA MUNICIPAL DE ARCÂNGELO,"RUA SANTA CRUZ, 50",DISTRITO DE ARCÂNGELO (CAJURU),Convencional,,,599,4
SÃO JOÃO DEL REI,328,1422,SALÃO DA CAPELA DE SÃO BENEDITO,ZONA RURAL,POVOADO DA VENDINHA,Convencional,,,71,1
SÃO JOÃO DEL REI,328,1449,ESCOLA ESTADUAL PADRE LOPES,FRANCISCO DAS CHAGAS RIBEIRO - 520,DISTRITO DE SÃO SEBASTIÃO DA VITÓRIA,Convencional,-21.2472972,-44.4173507,1432,5
SÃO JOÃO DEL REI,328,1473,SALÃO DA IGREJA DE SÃO JANUÁRIO,"RUA LUIZ SAVIO DE MOURA, 100 - ZONA RURAL",POVOADO DE JANUÁRIO,Convencional,,,218,1
SÃO JOÃO DEL REI,328,1481,SALÃO COMUNITÁRIO DO ENGENHO DE SERRA,ZONA RURAL,POVOADO ENGENHO DE SERRA,Convencional,,,106,1
SÃO JOÃO DEL REI,328,1490,CAPELA DO VALO NOVO,ZONA RURAL,POVOADO DO VALO NOVO,Convencional,,,82,1
SÃO JOÃO DEL REI,328,1503,ESCOLA ESTADUAL EVANDRO AVILA,"RUA DO CAMPO, SN",DISTRITO DO RIO DAS MORTES,Convencional,,,1660,5
SÃO JOÃO DEL REI,328,1511,ESCOLA MUNICIPAL DE GOIABEIRAS,ZONA RURAL,POVOADO DE GOIABEIRAS,Convencional,-21.1965871,-44.3507525,307,1
SÃO JOÃO DEL REI,328,1520,SALÃO COMUNITARIO DO CANELA,ZONA RURAL,POVOADO DE CANELA,Convencional,,,169,1
SÃO JOÃO DEL REI,328,1538,SALÃO PAROQUIAL DE CRUZEIRO DA BARRA,ZONA RURAL,POVOADO DE CRUZEIRO DA BARRA,Convencional,,,69,1
SÃO JOÃO DEL REI,328,1546,CENTRO DE SAUDE,"PRACA CARLOS GOMES, S/N",CENTRO,Convencional,,,593,2
SÃO JOÃO DEL REI,328,1570,SALÃO COMUNITARIO DO CAQUENDE,ZONA RURAL,POVOADO DE CAQUENDE,Convencional,,,104,1
SÃO JOÃO DEL REI,328,1589,CAPELA DA C0MUNIDADE DO ZUEIRA,ZONA RURAL,POVOADO DO ZUEIRA,Convencional,-21.3746002,-44.4135452,95,1
SÃO JOÃO DEL REI,328,1597,SALÃO PAROQUIAL DO POVOADO DA TRINDADE,ZONA RURAL,POVOADO COMUNIDADE DE TRINDADE,Convencional,-21.1289815,-44.2302881,105,1
SÃO JOÃO DEL REI,328,1619,ESCOLA DE SÃO GONÇALO DO AMARANTE,ZONA RURAL,DISTRITO DE SÃO GONÇALO DO AMARANTE (CABURU),Convencional,,,289,1
SÃO JOÃO DEL REI,328,1635,SALÃO COMUNITÁRIO DA IGREJA DE CAXAMBU,ZONA RURAL,POVOADO DE CAXAMBU,Convencional,-21.1140973,-44.3748004,101,1
SÃO JOÃO DEL REI,328,1643,SALÃO PAROQUIAL DO FÉ,ZONA RURAL,POVOADO DO FÉ,Convencional,,,146,1
SÃO JOÃO DEL REI,328,1678,SEÇÃO ESPECIAL - UFSJ CAMPUS SANTO ANTONIO,"UFSJ CAMPUS SANTO ANTÔNIO-PRAÇA FREI ORLANDO, 170 - CENTRO",CENTRO,Convencional,-21.139695,-44.260473,312,2
SÃO JOÃO DEL REI,328,1694,ESCOLA ESTADUAL BRIGHENTHI CESARE,"PRAÇA BRIGUENTHI CESARE, S/N",COLÔNIA DO MARÇAL,Convencional,,,2459,7
SÃO JOÃO DEL REI,328,1708,IGREJA NOSSA SENHORA DA CONCEIÇÃO,"AV. TRINTA E UM DE MARÇO, 460",COLÔNIA DO MARÇAL,Convencional,-21.111389,-44.2373845,1180,3
SÃO JOÃO DEL REI,328,1716,SERVICO NACIONAL DE APRENDIZAGEM INDUSTRIAL SENAI,"PRAÇA BOM JESUS DE MATOZINHOS, S/N",MATOSINHOS,Convencional,-21.1268471,-44.2403505,2616,8
SÃO JOÃO DEL REI,328,1724,CASA PAROQUIAL CAPELA MORRO GRANDE,POVOADO DO MORRO GRANDE,ZONA RURAL,Convencional,-21.2587259,-44.2010508,107,1
SÃO JOÃO DEL REI,328,1732,CRAS - MATOSINHOS,"RUA DR. ELOI REIS, 4",MATOSINHOS,Convencional,-21.1275673,-44.2411733,335,1
SÃO JOÃO DEL REI,328,1740,SEÇÃO ESPECIAL - CRAS - MATOSINHOS,"RUA DR. ELOI REIS, 4",MATOSINHOS,Convencional,-21.1275673,-44.2411733,336,2
SÃO JOÃO DEL REI,328,1759,GRUPO ESCOLAR MUNICIPAL PARADA DO GIAROLA,"R. AMERICO DEODORO BRIGHENTI, S/N",COLÔNIA DO GIAROLA,Convencional,-21.0848744,-44.2333085,494,3
SÃO JOÃO DEL REI,328,1767,ESCOLA MUNICIPAL PIO XII,"RUA DAS HORTENCIAS, S / N",PIO XII,Convencional,-21.140321,-44.2305617,2550,7
SÃO JOÃO DEL REI,328,1775,ESCOLA ESTADUAL TOMÉ PORTES DEL REI,"RUA CORONEL JOSÉ DE ASSIS SOBRINHO, 49",MATOSINHOS,Convencional,-21.1287543,-44.2400831,2627,8
SÃO JOÃO DEL REI,328,1783,ESCOLA ESTADUAL DEPUTADO MATEUS SALOMÉ,"AV. SETE DE SETEMBRO, S/N",MATOSINHOS,Convencional,-21.1276749,-44.2355005,1654,5
SÃO JOÃO DEL REI,328,1791,COLEGIO ATUS (ANTIGA ESCOLA DEZ),RUA JOSE DE RESENDE CAMPOS 479,JARDIM PAULO CAMPOS,Convencional,-21.1252649,-44.2424224,1659,5
SÃO JOÃO DEL REI,328,1805,SUPERINTENDÊNCIA REGIONAL DE ENSINO,"RUA HENRIQUE BENFENATTI, 110",JARDIM CENTRAL,Convencional,-21.1321493,-44.2499752,1247,4
SÃO JOÃO DEL REI,328,1813,ESCOLA MUNICIPAL BOM PASTOR (ANTIGA ESCOLA PIPOCAS DE MEL),"RUA MANOEL FORTES, 955",VILA SANTA TEREZINHA,Convencional,-21.1362749,-44.2311461,313,1
SÃO JOÃO DEL REI,328,1821,ESCOLA ESTADUAL TOMÉ PORTES DEL REI,"RUA CEL. JOSÉ ASSIS SOBRINHO, 49",MATOSINHOS,Convencional,-21.1287543,-44.2400831,722,2
SÃO JOÃO DEL REI,328,1830,ESCOLA MUNICIPAL BOM PASTOR (PIPOCAS DE MEL),"RUA MANOEL FORTES, 955",VILA SANTA TEREZINHA,Convencional,-21.1362749,-44.2311461,1375,4
SÃO JOÃO DEL REI,328,1848,ESCOLA MUNICIPAL CELSO RAIMUNDO DA SILVA,"RUA ENGENHEIRO JOSÉ LUÍS AMARANTE, SN",COHAB,Convencional,,,1459,4
SÃO JOÃO DEL REI,328,1856,SEÇÃO ESPECIAL - SUPERINTENDÊNCIA REGIONAL DE ENSINO,"RUA HENRIQUE BENFENATTI, 110",JARDIM CENTRAL,Convencional,-21.1321493,-44.2499752,388,2
SÃO JOÃO DEL REI,328,1864,ESCOLA ESTADUAL GOVERNADOR MILTON CAMPOS,"AV. SETE DE SETEMBRO, S/N",MATOSINHOS,Convencional,-21.1283799,-44.23412,2925,8
SÃO JOÃO DEL REI,328,1872,ESCOLA MUNICIPAL CELSO RAIMUNDO DA SILVA,"RUA ENGENHEIRO JOSE LUIS AMARANTE, S/N",COHAB,Convencional,-21.1150057,-44.2260479,804,4
SÃO JOÃO DEL REI,328,1880,SALÃO/GALPÃO DA IGREJA DA COMUNIDADE DE CANANEIA,POVOADO DA CANANÉIA,ZONA RURAL,Convencional,,,99,1
SÃO JOÃO DEL REI,328,1899,ESCOLA MUNICIPAL DE EMBOABAS,DISTRITO DE EMBOABAS,ZONA RURAL,Convencional,,,294,2
SÃO JOÃO DEL REI,328,1902,ESCOLA MUNICIPAL MENINO JESUS,"RUA OVIDIO VICENTINO, 50",SOLAR DA SERRA,Convencional,,,1180,3
UBERLÂNDIA,278,1023,ESCOLA MUNICIPAL PROFESSORA CECY CARDOSO PORFÍRIO,"RUA RIO JEQUETINHONHA, 415",MANSOUR,Convencional,-18.9293013,-48.3347195,8315,25
UBERLÂNDIA,278,1031,ESCOLA MUNICIPAL PROFESSOR LEÔNCIO DO CARMO CHAVES,"RUA DO ENGENHEIRO, 416",PLANALTO,Convencional,-18.9385577,-48.3103464,7569,24
UBERLÂNDIA,278,1040,ESCOLA ESTADUAL BOM JESUS,"PRAÇA NOSSA SENHORA DO CARMO, 250",TABAJARAS,Convencional,-18.9230817,-48.2871218,2437,9
UBERLÂNDIA,278,1058,ESCOLA MUNICIPAL PROFESSOR LUÍS ROCHA E SILVA,"AV. AFONSO ARINOS, 470",TUBALINA,Convencional,-18.9332642,-48.3007326,6029,18
UBERLÂNDIA,278,1066,ESCOLA ESTADUAL DE UBERLÂNDIA,"PRAÇA ADOLFO FONSECA, 141",FUNDINHO,Convencional,-18.9214422,-48.2831266,3003,12
UBERLÂNDIA,278,1252,ESCOLA ESTADUAL PROFESSORA JUVENÍLIA FERREIRA DOS SANTOS,"RUA GENARINO CAZABONA, 934",LUIZOTE DE FREITAS,Convencional,-18.9137527,-48.3328383,8622,25
UBERLÂNDIA,278,1260,ESCOLA ESTADUAL PROFESSOR LEÔNIDAS DE CASTRO SERRA,"AV. JOSÉ FONSECA E SILVA, 990",LUIZOTE DE FREITAS,Convencional,-18.9200005,-48.3315102,7593,22
UBERLÂNDIA,278,1481,ESCOLA ESTADUAL TEOTÔNIO VILELA,"RUA  DA SECRETÁRIA ,  384",PLANALTO,Convencional,-18.9324723,-48.316842,6476,19
UBERLÂNDIA,278,1511,ESCOLA ESTADUAL AMÉRICO RENÊ GIANETTI,"RUA CORONEL SEVERIANO,351",TABAJARAS,Convencional,-18.9256662,-48.2859842,3195,11
UBERLÂNDIA,278,1520,ESCOLA MUNICIPAL DOUTOR GLADSEN GUERRA DE REZENDE,"RUA GAZA, 330",JARDIM CANAÃ,Convencional,-18.959913,-48.327747,8619,25
UBERLÂNDIA,278,1538,ESCOLA MUNICIPAL FREITAS AZEVEDO,"AV. ALDO BORGES LEÃO, N 2309",MORADA NOVA,Convencional,-18.9881483,-48.374193,5268,16
UBERLÂNDIA,278,1546,ESCOLA MUNICIPAL DOMINGAS CAMIM,RUA DO COMERCIO S/ N,DISTRITO DE MIRAPORANGA,Convencional,-19.2542933,-48.4291188,535,3
UBERLÂNDIA,278,1554,ESCOLA ESTADUAL DO BAIRRO JARDIM DAS PALMEIRAS,"RUA DAS POMBAS, 931",JARDIM DAS PALMEIRAS,Convencional,-18.9511902,-48.3120008,8605,26
UBERLÂNDIA,278,1562,COLÉGIO RESSURREIÇÃO NOSSA SENHORA,"PRAÇA CORONEL CARNEIRO, 11",FUNDINHO,Convencional,-18.924383,-48.284956,2780,8
UBERLÂNDIA,278,1570,ESCOLA MUNICIPAL PROFESSORA MARIA JOSÉ MAMEDE MOREIRA,"RUA DO GARÇOM, 101",JARDIM DAS PALMEIRAS,Convencional,-18.9421592,-48.3098598,3517,10
UBERLÂNDIA,278,1597,COLEGIO NACIONAL - UNIDADE CIDADE JARDIM,"AV. UIRAPURU, 20",CIDADE JARDIM,Convencional,-18.9309756,-48.2939416,2778,8
UBERLÂNDIA,278,1600,ESCOLA COLIBRI,"RUA DONA INHAZINHA, 275",JARDIM PATRÍCIA,Convencional,-18.9135295,-48.3222513,3453,10
UBERLÂNDIA,278,1619,ESCOLA MUNICIPAL DE EDUC INFANT.PROFª IZILDINHA MARIA MACEDO DO AMARAL,"RUA OSVALDO SAMORA, 02",LUIZOTE DE FREITAS,Convencional,-18.915943,-48.328334,2364,8
UBERLÂNDIA,278,1643,ESCOLA ESTADUAL MÁRIO PORTO,"RUA GOLÃ, 407",JARDIM CANAÃ,Convencional,-18.9648525,-48.3278756,5538,16
UBERLÂNDIA,278,1651,ESCOLA MUNICIPAL DE ALFABETIZAÇÃO PROFESSORA IRACY ANDRADE JUNQUEIRA,"RUA MARIA ABADIA MAMEDE, 385",PLANALTO,Convencional,-18.9324506,-48.317665,4277,14
UBERLÂNDIA,278,1660,NAICA - NÚCLEO DE ATEND. INTEG. À CRIANÇA E AO ADOLESCENTE,"RUA DOS SININHOS, 35",PANORAMA,Convencional,-18.9553758,-48.347358,608,3
UBERLÂNDIA,278,1678,ESCOLA MUNICIPAL DE EDUCAÇÃO INFANTIL DO BAIRRO MANSOUR,"RUA RIO CITARÉ, 52",MANSOUR,Convencional,-18.9346006,-48.3436772,2077,6
UBERLÂNDIA,278,1686,COLÉGIO SHALOM,"AVENIDA DO PINHO, 565",PLANALTO,Convencional,-18.9280165,-48.3198452,2300,7
UBERLÂNDIA,278,1694,ESCOLA ESTADUAL JOSÉ GOMES JUNQUEIRA,"RUA ROBERTO MARGONARI, 360",LUIZOTE DE FREITAS,Convencional,-18.9215759,-48.329904,3049,9
UBERLÂNDIA,278,1708,ESCOLA MUNICIPAL CARLOTA DE ANDRADE MARQUEZ,"RUA DOS SININHOS, 205",PANORAMA,Convencional,-18.9554207,-48.3464232,3024,9
UBERLÂNDIA,278,1716,ESCOLA ESTADUAL ALDA MOTA BATISTA,"ALAMEDA DEOCLECIANO MARTINS, 45",JARDIM HOLANDA,Convencional,-18.9588388,-48.3128513,4751,14
UBERLÂNDIA,278,1724,APAE,"RUA JOÃO DE BARRO, 396",CIDADE JARDIM,Convencional,-18.9461123,-48.2968019,4108,12
UBERLÂNDIA,278,1732,ESCOLA MUNICIPAL INSPETORA FRANCE ABADIA MACHADO SANTANA,"RUA LAURINDO FONSECA SILVA, 144",JARDIM PATRÍCIA,Convencional,-18.9142451,-48.322927,2489,8
UBERLÂNDIA,278,1740,ESCOLA MUNICIPAL DE EDUCAÇÃO INFANTIL DO BAIRRO PLANALTO,"RUA DO JARDINEIRO, 360",PLANALTO,Convencional,-18.929935,-48.3119619,1269,4
UBERLÂNDIA,278,1759,ESCOLA MUNICIPAL ROSA MARIA MELO,"RUA CACHORRO DO MATO, 350",PEQUIS,Convencional,-18.973814,-48.385829,3544,11
UBERLÂNDIA,278,1767,COLÉGIO ATHENAS,"RUA DO ENGENHEIRO, 60",PLANALTO,Convencional,-18.937918,-48.3072519,3028,9
UBERLÂNDIA,278,1775,ESCOLA MUNICIPAL PROFESSOR VALDIR ARAUJO,"RUA RIO TIBRE, 221",MANSOUR,Convencional,-18.9281853,-48.330358,2445,8
UBERLÂNDIA,278,1783,ESCOLA MUNICIPAL PROFESSOR LUIZMAR ANTÔNIO DOS SANTOS,"RUA AURÉLIO ANTÔNIO DE LIMA, 101",MONTE HEBRON,Convencional,-18.9733795,-48.3485673,1115,4
UBERLÂNDIA,278,1791,ESCOLA MUNICIPAL PROFESSORA JOSIANY FRANÇA,"RUA NAZARÉ, 519",JARDIM CANAÃ,Convencional,-18.9696836,-48.3251208,956,3
UBERLÂNDIA,278,1805,SEST/SENAT,"RUA OLÍVIA RIBEIRO DE SÁ, S/N",JARDIM EUROPA,Convencional,-18.9490281,-48.3465452,460,2
UBERLÂNDIA,279,1023,ESCOLA MUNICIPAL PROFESSOR EURICO SILVA,"RUA ANTÔNIO ALVES DOS SANTOS, 39",SÃO JORGE,Convencional,-18.9524409,-48.2330496,6223,18
UBERLÂNDIA,279,1058,EMEI PROFESSORA STELA MARIA DE PAIVA CARRIJO,"RUA QUINTINO BOCAIÚVA, 985",LÍDICE,Convencional,-18.9198557,-48.2718218,1538,5
UBERLÂNDIA,279,1066,COLÉGIO GABARITO,"AV. RONDON PACHECO, 2000",LÍDICE,Convencional,-18.9252364,-48.2730292,5296,25
UBERLÂNDIA,279,1082,ESCOLA ESTADUAL HONÓRIO GUIMARÃES,"RUA CARAJÁS, 993",LÍDICE,Convencional,-18.9251638,-48.2745463,2439,9
UBERLÂNDIA,279,1090,ESCOLA MUNICIPAL PROFESSORA OLGA DEL FÁVERO,"RUA JORDÂNIA, 157",LARANJEIRAS,Convencional,-18.9566146,-48.24353,8589,25
UBERLÂNDIA,279,1120,ESCOLA ESTADUAL MARIA DA CONCEIÇÃO BARBOSA DE SOUSA,"PRAÇA VASCO GIFONE, 13",SARAIVA,Convencional,-18.9258644,-48.2677136,1741,7
UBERLÂNDIA,279,1155,ESCOLA ESTADUAL MESSIAS PEDREIRO,"RUA EDUARDO DE OLIVEIRA, 980",CAZECA,Convencional,-18.9165175,-48.2660472,4815,15
UBERLÂNDIA,279,1163,ESCOLA ESTADUAL JOAQUIM SARAIVA,"AVENIDA JOAO XXIII, 68",SARAIVA,Convencional,-18.921225,-48.2640928,4501,13
UBERLÂNDIA,279,1309,ESCOLA ESTADUAL PROFESSOR INÁCIO CASTILHO,"RUA PROFESSOR JUCI DO CARMO GARCIA, 35",SANTA LUZIA,Convencional,-18.9443192,-48.2336564,4156,12
UBERLÂNDIA,279,1333,ESCOLA ESTADUAL DO PARQUE SÃO JORGE,"RUA OSVALDO SILVÉRIO DA SILVA, 346",SÃO JORGE,Convencional,-18.9564403,-48.228347,5944,18
UBERLÂNDIA,279,1465,ESCOLA ESTADUAL FREI EGIDIO PARISI,"AVENIDA  DOUTOR LAERTE VIEIRA GONÇALVES, 2926",SEGISMUNDO PEREIRA,Convencional,-18.9281559,-48.226619,7268,21
UBERLÂNDIA,279,1546,ESCOLA MUNICIPAL SHOPPING PARK,"RUA IVETE CORDEIRO DA SILVA, 450",SHOPPING PARK,Convencional,-18.975452,-48.2669313,3953,12
UBERLÂNDIA,279,1554,ESCOLA MUNICIPAL PROFESSORA GLAUCIA SANTOS MONTEIRO,"RUA JOSÉ MALAQUIAS DOS SANTOS, 790",CARAJÁS,Convencional,-18.9291758,-48.2523387,3498,12
UBERLÂNDIA,279,1562,ESCOLA MUNICIPAL JACY DE ASSIS,RUA ANTONIO BERNARDES COSTA N 111,LARANJEIRAS,Convencional,-18.958416,-48.234626,6548,19
UBERLÂNDIA,279,1570,ESCOLA MUNICIPAL PROFESSOR VALDEMAR FIRMINO DE OLIVEIRA,"RUA AFONSO LOURENÇO, N 249",GRANADA,Convencional,-18.947515,-48.2400137,4098,12
UBERLÂNDIA,279,1589,UNIVERSIDADE FEDERAL DE UBERLÂNDIA - BLOCO 3Q,"AVENIDA JOÃO NAVES DE ÁVILA, 2160",SANTA MÔNICA,Convencional,-18.917523,-48.257671,10349,30
UBERLÂNDIA,279,1597,UNIVERSIDADE FEDERAL DE UBERLÂNDIA - BLOCO 5O,"AVENIDA JOÃO NAVES DE ÁVILA, 2160",SANTA MÔNICA,Convencional,-18.9173464,-48.256843,4794,15
UBERLÂNDIA,279,1627,COLÉGIO OBJETIVO,"RUA DA CIÊNCIA, 82 - ESQUINA COM RUA BOCAÚVA",MORADA DA COLINA,Convencional,-18.9383795,-48.2798439,5897,17
UBERLÂNDIA,279,1643,ESCOLA MUNICIPAL PROFESSOR MILTON DE MAGALHÃES PORTO,"RUA SERVIÇO, 136",SEGISMUNDO PEREIRA,Convencional,-18.9293346,-48.227024,2912,9
UBERLÂNDIA,279,1651,ESCOLA MUNICIPAL ODILON CUSTÓDIO PEREIRA,"RUA CHAPADA DIAMANTINA, 355",SÃO JORGE,Convencional,-18.962484,-48.2229477,3784,11
UBERLÂNDIA,279,1660,ESCOLA ESTADUAL HERCÍLIA MARTINS REZENDE,"RUA PROF IGNÁCIO CASTILHO, 405",PAMPULHA,Convencional,-18.9300584,-48.2430064,3559,11
UBERLÂNDIA,279,1678,ESCOLA MUNICIPAL SEBASTIANA SILVEIRA PINTO,"RUA ANTÔNIO BERNARDES COSTA, N 161",LARANJEIRAS,Convencional,-18.9580075,-48.2349212,2133,7
UBERLÂNDIA,279,1686,INSTITUTO EDUCACIONAL SANTA MÔNICA,"RUA GERALDO ROBERTO GERKEN, N 162",SANTA LUZIA,Convencional,-18.9400588,-48.2332692,1324,4
UBERLÂNDIA,279,1694,DOMINÓ ESCOLA INFANTIL,"ALAMEDA AGUINALDO FERREIRA PACHECO, 36",GRANADA,Convencional,-18.9471113,-48.232445,3908,12
UBERLÂNDIA,279,1708,ESCOLA MUNICIPAL PRESIDENTE ITAMAR FRANCO,RUA JURANDIR MACEDO 185,SHOPPING PARK,Convencional,-18.9882981,-48.2672065,5037,15
UBERLÂNDIA,279,1716,ESCOLA MUNICIPAL ODELCIA LEÃO CARNEIRO,RUA SERRA PACARAÍMA 800,SÃO JORGE,Convencional,-18.9664182,-48.220219,3764,11
UBERLÂNDIA,279,1724,COLÉGIO OLIMPO- UNIDADE VIGILATO PEREIRA,"RUA ABRÃO CALIL, 120",VIGILATO PEREIRA,Convencional,-18.9291615,-48.2761996,1518,6
UBERLÂNDIA,279,1732,ESCOLA ESTADUAL DONA ALEXANDRA PEDREIRO,AV. NAJLA ALÍPIO ABRÃO 365,SANTA LUZIA,Convencional,-18.9411372,-48.2343312,1513,5
UBERLÂNDIA,279,1740,UNIVERSIDADE FEDERAL DE UBERLÂNDIA - BLOCO 5S,AV. JOAO NAVES DE ÁVILA 2160,SANTA MÔNICA,Convencional,-18.9165706,-48.257891,7548,27
UBERLÂNDIA,279,1759,UNITRI BLOCO D,AV NICOMEDES ALVES DOS SANTOS 4545,GÁVEA,Convencional,-18.9566253,-48.2715755,3998,12
UBERLÂNDIA,279,1767,ESCOLA ESTADUAL FELISBERTO ALVES CARREJO,RUA IVETE CORDEIRO SA SILVA 1130,SHOPPING PARK,Convencional,-18.9816615,-48.265211,4487,13
UBERLÂNDIA,279,1775,COLÉGIO COPACABANA,"RUA TRIÂNGULO MINEIRO, NÚMERO 746",PATRIMÔNIO,Convencional,-18.9324189,-48.2878524,2863,9
UBERLÂNDIA,299,1058,SENAI - ROOSEVELT - UNIDADE FÁBIO DE ARAÚJO MOTTA,"RUA ERNESTO VICENTINI, 245",PRESIDENTE ROOSEVELT,Convencional,-18.8983468,-48.2767637,3251,10
UBERLÂNDIA,299,1066,ESCOLA ESTADUAL GUIOMAR DE FREITAS COSTA,"AV . MORUM BERNARDINO, 560",PRESIDENTE ROOSEVELT,Convencional,-18.8958618,-48.2840069,4583,16
UBERLÂNDIA,299,1074,ESCOLA ESTADUAL PADRE MARIO FORESTAN,"RUA GALENO ANDRADE SANTOS, 159",PRESIDENTE ROOSEVELT,Convencional,-18.8974408,-48.2815488,4278,13
UBERLÂNDIA,299,1082,ESCOLA ESTADUAL SETE DE SETEMBRO,"AVENIDA ATLANTICA, 577",PRESIDENTE ROOSEVELT,Convencional,-18.8998356,-48.2899725,3647,13
UBERLÂNDIA,299,1090,ESCOLA ESTADUAL HORTÉNCIO DINIZ,"AV. COMENDADOR ALEXANDRINO GARCIA, 387",MARTHA HELENA,Convencional,-18.8888761,-48.2740212,3377,11
UBERLÂNDIA,299,1104,ESCOLA ESTADUAL PRESIDENTE TANCREDO NEVES,"AV. COMENDADOR ALEXANDRINO GARCIA, 635",MARTHA HELENA,Convencional,-18.8871388,-48.2723553,2329,11
UBERLÂNDIA,299,1112,ESCOLA MUNICIPAL PROF. MARIA LEONOR DE FREITAS BARBOSA,"RUA CABRAL DE MENEZES, 216",PRESIDENTE ROOSEVELT,Convencional,-18.900182,-48.2839581,3660,13
UBERLÂNDIA,299,1139,ESCOLA ESTADUAL ANTÔNIO LUÍS BASTOS,"RUA JATAÍ , 518",APARECIDA,Convencional,-18.9026756,-48.2712593,4618,15
UBERLÂNDIA,299,1147,ESCOLA ESTADUAL PROFESSORA ALICE PAES,"RUA JERONIMO MARTINS DO NASCIMENTO, 309",BOM JESUS,Convencional,-18.9018702,-48.2731848,1490,6
UBERLÂNDIA,299,1155,ESCOLA ESTADUAL ENÉIAS VASCONCELOS,"RUA BAHIA, 1671",BRASIL,Convencional,-18.8896352,-48.2678753,2114,10
UBERLÂNDIA,299,1198,ESCOLA ESTADUAL DO BAIRRO MARAVILHA,"RUA MANOEL MAURÍCIO ARAÚJO ,180",MARAVILHA,Convencional,-18.8844893,-48.2990396,1960,6
UBERLÂNDIA,299,1201,ESCOLA ESTADUAL PROFESSOR NELSON CUPERTINO,"RUA SETE DE JUNHO, 145",PACAEMBU,Convencional,-18.8852023,-48.288455,3808,11
UBERLÂNDIA,299,1210,ESCOLA ESTADUAL DA CIDADE INDUSTRIAL,"RUA OSMAR SILVÉRIO DA SILVA, 105",MARTHA HELENA,Convencional,-18.8739566,-48.2672576,3324,15
UBERLÂNDIA,299,1228,ESCOLA ESTADUAL DO CONJ. CRUZEIRO DO SUL,"RUA ALVACAZ, 135",CRUZEIRO DO SUL,Convencional,-18.8681259,-48.2852644,2934,9
UBERLÂNDIA,299,1244,ESCOLA MUNICIPAL CRUZEIRO DOS PEIXOTOS,"RUA DA EDUCAÇÃO, 146",DISTRITO CRUZEIRO DOS PEIXOTOS,Convencional,-18.7272357,-48.3688128,651,3
UBERLÂNDIA,299,1279,INSTITUTO IRMÃ TEREZA VALSÉ PANTELLINI,"AV MATO GROSSO, 1625",BRASIL,Convencional,-18.8974556,-48.2667084,2417,14
UBERLÂNDIA,299,1287,ESCOLA MUNICIPAL MARTINÉSIA,"AV. CENTRAL, S/N",DISTRITO DE MARTINÉSIA,Convencional,-18.7486976,-48.4193217,598,3
UBERLÂNDIA,299,1295,ESCOLA MUNICIPAL PROF. SERGIO DE OLIVEIRA MARQUEZ,"RUA MARIA ABRÃO CALIL, 25",PACAEMBU,Convencional,-18.8898757,-48.2900795,5140,18
UBERLÂNDIA,299,1325,ESCOLA MUNICIPAL PROF. OTAVIO BATISTA COELHO FILHO,"RUA JOSE REZENDE DOS SANTOS,1010",BRASIL,Convencional,-18.8898316,-48.2604273,3609,12
UBERLÂNDIA,299,1333,ESCOLA MUNICIPAL  PROF. LADARIO TEIXEIRA,"AV. REBELIAO PRAIEIRA, 761",NOSSA SENHORA DAS GRACAS,Convencional,-18.8746091,-48.2734971,5938,20
UBERLÂNDIA,299,1341,FACULDADE DE MEDICINA - BLOCO 8 C,"AV. AMAZONAS, S/N",UMUARAMA,Convencional,-18.8980559,-48.269445,3272,10
UBERLÂNDIA,299,1350,ESCOLA MUNICIPAL ORLANDA NEVES STRACK,"RUA DA PRODUÇÃO, 1675",MINAS GERAIS,Convencional,-18.8660419,-48.2661153,4649,14
UBERLÂNDIA,299,1368,COLÉGIO NACIONAL,"AVENIDA ARAGUARI,100",BOM JESUS,Convencional,-18.9070107,-48.2760592,2545,10
UBERLÂNDIA,299,1376,ESCOLA MUNICIPAL PROFESSORA BENEDITA PIMENTEL DE ULHÔA ROCHA,"RUA GUIOMAR DE FARIA, 40",MARTHA HELENA,Convencional,-18.8723732,-48.2683226,369,2
UBERLÂNDIA,299,1384,ESCOLA MUNICIPAL PROFESSOR THALES DE ASSIS MARTINS,"RUA BAHIA, 2359",MARTHA HELENA,Convencional,-18.886333,-48.2730876,659,2
UBERLÂNDIA,299,1392,OBRAS SOCIAIS G.E.PAULO DE TARSO - LAR FABIANO DE CRISTO,"RUA WILSON PANTALEÃO DE OLIVEIRA, 108",PACAEMBU,Convencional,-18.8873317,-48.2899336,1021,3
UBERLÂNDIA,299,1406,SENAI SANTA ROSA - UNIDADE DR. CELSO CHARURI,"RUA ELIS REGINA, 370",SANTA ROSA,Convencional,-18.8802351,-48.2790881,1021,3
UBERLÂNDIA,299,1430,ESCOLA ESTADUAL ANGELINO PAVAN,"RUA SÉRGIO BITTENCOURT, 95",LIBERDADE,Convencional,-18.8831644,-48.281471,3236,13
UBERLÂNDIA,314,1015,ESCOLA ESTADUAL PROF. JOSÉ IGNÁCIO DE SOUSA,"RUA OSÓRIO JOSÉ DA CUNHA, 631",BRASIL,Convencional,-18.9002138,-48.262651,5509,20
UBERLÂNDIA,314,1031,EMEI - E. M. EDUCAÇÃO INFANTIL - MARIA PACHECO REZENDE,"AV. UBIRATAN HONORIO DE CASTRO, 680",SANTA MÔNICA,Convencional,-18.9134472,-48.2578412,2176,8
UBERLÂNDIA,314,1040,ESCOLA MUNICIPAL HILDA LEÃO CARNEIRO,"RUA GAMELA, 220",MORUMBI,Convencional,-18.9174017,-48.187362,6185,20
UBERLÂNDIA,314,1058,ESCOLA ESTADUAL SÉRGIO DE FREITAS PACHECO,"RUA EDMAR HONÓRIO CORDEIRO, 202",TIBERY,Convencional,-18.905791,-48.257008,5302,17
UBERLÂNDIA,314,1074,ESCOLA ESTADUAL CEL. JOSÉ TEÓFILO CARNEIRO,"AV. FLORIANO PEIXOTO, 1352",CENTRO,Convencional,-18.912716,-48.271623,2650,11
UBERLÂNDIA,314,1082,ESCOLA ESTADUAL SEGISMUNDO PEREIRA,"AV. ORTIZIO BORGES, 1284",SANTA MÔNICA,Convencional,-18.915478,-48.2464869,7055,20
UBERLÂNDIA,314,1104,ESCOLA ESTADUAL ROTARY,"RUA ROTARY CLUB, 777",TIBERY,Convencional,-18.9072901,-48.253754,5021,17
UBERLÂNDIA,314,1112,ESEBA-ESCOLA DE EDUCAÇÃO BÁSICA - UFU,"RUA ADUTORA SÃO PEDRO, S/N",APARECIDA,Convencional,-18.9077167,-48.262891,2465,10
UBERLÂNDIA,314,1139,ESCOLA ESTADUAL JOÃO REZENDE,"RUA TEREZINHA SEGADÃES, 283",CUSTÓDIO PEREIRA,Convencional,-18.8971499,-48.2404282,6867,20
UBERLÂNDIA,314,1147,CENTRO ESTADUAL DE EDUCAÇÃO CONTINUADA - CESEC,"RUA PRATA, 649",APARECIDA,Convencional,-18.9095096,-48.267992,663,3
UBERLÂNDIA,314,1155,ESCOLA ESTADUAL CUSTÓDIO DA COSTA PEREIRA,"RUA JOSÉ AGOSTINHO, 420",CUSTÓDIO PEREIRA,Convencional,-18.8912158,-48.2472451,2859,8
UBERLÂNDIA,314,1163,ESCOLA ESTADUAL LOURDES DE CARVALHO,"RUA GENTIL CARDOSO PAIVA, 10",ALVORADA,Convencional,-18.9247666,-48.2000194,3428,10
UBERLÂNDIA,314,1171,ESCOLA MUNICIPAL SEBASTIÃO RANGEL- TAPUIRAMA,"RUA JOSÉ PEDRO ABALÉM, 779",DISTRITO DE TAPUIRAMA,Convencional,-19.1414621,-47.935238,1788,6
UBERLÂNDIA,314,1180,ESCOLA ESTADUAL PRESIDENTE JUSCELINO KUBITSCHEK,"PRAÇA DURVAL GOMES XAVIER, 275",ACLIMAÇÃO,Convencional,-18.8799602,-48.2312986,5032,13
UBERLÂNDIA,314,1198,ESCOLA MUNICIPAL PROFª CARMELITA VIEIRA DOS SANTOS,"PRAÇA DAS NAÇÕES, 03",TIBERY,Convencional,-18.9051265,-48.2486115,3497,10
UBERLÂNDIA,314,1244,ESCOLA MUNICIPAL PROF. OSVALDO VIEIRA GONÇALVES,"RUA PROF. CIRO DE CASTRO ALMEIDA, 3770",CUSTÓDIO PEREIRA,Convencional,-18.8967199,-48.23915,3691,11
UBERLÂNDIA,314,1260,ESCOLA ESTADUAL JARDIM IPANEMA,"RUA PERGENTINO PIMENTEL COSTA, 346",JARDIM IPANEMA,Convencional,-18.8860939,-48.21969,5184,15
UBERLÂNDIA,314,1279,ESCOLA MUNICIPAL JOEL CUPERTINO,"RUA DA UNIDADE, 80",DOM ALMIR,Convencional,-18.9084273,-48.210989,6345,19
UBERLÂNDIA,314,1287,ESCOLA MUNICIPAL DOMINGOS PIMENTEL ULHÔA,"AV. SALOMÃO ABRAHÃO, 1540",SANTA MÔNICA,Convencional,-18.9153453,-48.240161,5944,19
UBERLÂNDIA,314,1295,ADEVIUDI - ASSOCIAÇÃO DOS DEFICIENTES VISUAIS DE UBERLÂNDIA,"AV. SEGISMUNDO PEREIRA , 1355",SANTA MÔNICA,Convencional,-18.9187988,-48.246559,997,3
UBERLÂNDIA,314,1309,CENTRO EDUCACIONAL ADVENTISTA DE UBERLÂNDIA,"RUA JORGE MARTINS PINTO, 739",SANTA MÔNICA,Convencional,-18.919174,-48.2439597,3507,11
UBERLÂNDIA,314,1317,NAICA - TIBERY,"AV. EUROPA, 175",TIBERY,Convencional,-18.9076451,-48.254365,1024,4
UBERLÂNDIA,314,1325,ESCOLA ESTADUAL EDERLINDO LANNES BERNARDES,"AV. JOSÉ MARIA RIBEIRO, 977",MORUMBI,Convencional,-18.9186502,-48.1852848,3874,12
UBERLÂNDIA,314,1333,ESCOLA MUNICIPAL EUGÊNIO PIMENTEL ARANTES,"RUA DO MOINHO, 60",MORUMBI,Convencional,-18.9112199,-48.181743,6477,19
UBERLÂNDIA,314,1341,ESCOLA PROFª IRENE MONTEIRO JORGE,"RUA CANOAS, 113",RESIDENCIAL INTEGRAÇÃO,Convencional,-18.9172367,-48.1975877,2618,8
UBERLÂNDIA,314,1384,COLÉGIO ANN MACKENZIE EDUCACIONAL LTDA,"AV. CESÁRIO ALVIM, 5535",GRANJA MARILEUSA,Convencional,-18.8806334,-48.2474241,869,3
UBERLÂNDIA,314,1392,EMEF - DOUTOR AFRANIO DE FREITAS AZEVEDO,"AV. MANUEL LÚCIO, 400",grand ville,Convencional,-18.9118629,-48.2153034,326,2
UBERLÂNDIA,335,1015,FATRA ENSINO SUPERIOR,"AV. PAES LEMES, 485",OSVALDO REZENDE,Convencional,-18.9194889,-48.2909064,6923,22
UBERLÂNDIA,335,1031,ESCOLA ESTADUAL ANGELA TEIXEIRA SILVA,"RUA LAMBARI, 385",OSVALDO REZENDE,Convencional,-18.9187974,-48.2946226,2605,16
UBERLÂNDIA,335,1040,ESCOLA ESTADUAL CLARIMUNDO CARNEIRO,"AV. FERNANDO VILELA, 1383",MARTINS,Convencional,-18.9132669,-48.2879102,3700,15
UBERLÂNDIA,335,1058,ESCOLA ESTADUAL IGNACIO PAES LEME,"RUA CARMO GIFONE, 1067",MARTINS,Convencional,-18.908013,-48.284817,2676,12
UBERLÂNDIA,335,1074,ESCOLA ESTADUAL MARECHAL CASTELO BRANCO,"AV. ENOY GUIMARAES SOUZA, 780",JARAGUA,Convencional,-18.927812,-48.3044216,5234,15
UBERLÂNDIA,335,1082,ESCOLA ESTADUAL OSVALDO REZENDE,"AV. SACRAMENTO, 154",OSVALDO REZENDE,Convencional,-18.9120645,-48.2947004,3542,13
UBERLÂNDIA,335,1090,ESCOLA ESTADUAL TUBAL VILELA DA SILVA,"AV. ARAGUARI, 1128",MARTINS,Convencional,-18.9099188,-48.2870542,2846,12
UBERLÂNDIA,335,1104,ESAMC,"AV. VASCONCELOS COSTA, 270",MARTINS,Convencional,-18.912425,-48.2794091,5901,36
UBERLÂNDIA,335,1120,ESCOLA ESTADUAL ANTÔNIO THOMAZ FERREIRA DE REZENDE,"PRAÇA DA FRATERNIDADE, S/N",JARDIM BRASILIA,Convencional,-18.8994424,-48.2980489,5459,15
UBERLÂNDIA,335,1139,ESCOLA ESTADUAL JERÔNIMO ARANTES,"RUA DOS TARÓIS,  60",TAIAMAN,Convencional,-18.9056091,-48.3198925,5117,14
UBERLÂNDIA,335,1147,ESCOLA ESTADUAL NEUZA REZENDE,"AV. DR. SÉRGIO DE OLIVEIRA MARQUEZ,  771",TOCANTINS,Convencional,-18.8984535,-48.336063,3748,10
UBERLÂNDIA,335,1163,ESCOLA  MUNICIPAL ALFABETIZAÇÃO GUARDA ANTÔNIO R. NASCIMENTO,"RUA DAS VIOLAS, 45",DONA ZULMIRA,Convencional,-18.9045688,-48.3182003,2512,7
UBERLÂNDIA,335,1171,ESCOLA MUNICIPAL PROF. MARIO GODOY CASTANHO,"RUA JOAQUIM ROBERTO DE SOUZA,  508",TOCANTINS,Convencional,-18.9016516,-48.3386422,7225,21
UBERLÂNDIA,335,1180,ESCOLA MUNICIPAL PROF. STELLA SARAIVA PEANO,"AV. CLÁSSICA, 333",GUARANI,Convencional,-18.8924257,-48.3313704,4869,14
UBERLÂNDIA,335,1198,ESCOLA MUNICIPAL AFRANIO RODRIGUES DA CUNHA,"RUA MUNDIAL, 640",JARDIM BRASILIA,Convencional,-18.8952722,-48.3018418,7354,22
UBERLÂNDIA,335,1210,ESCOLA MUNICIPAL BOA VISTA,"RUA JOAQUIM FERREIRA RODRIGUES, 460",TOCANTINS,Convencional,-18.8989689,-48.3378155,3118,10
