CD_SETOR,bairro,situacao,distrito,fonte_nome
310620005620001,Funcionários,Urbana,Belo Horizonte,IBGE
310620005620002,Funcionários,Urbana,Belo Horizonte,IBGE
310620005620004,Serra,Urbana,Belo Horizonte,IBGE
310620005620005,Serra,Urbana,Belo Horizonte,IBGE
310620005620006,Serra,Urbana,Belo Horizonte,IBGE
310620005620007,Serra,Urbana,Belo Horizonte,IBGE
310620005620008,Serra,Urbana,Belo Horizonte,IBGE
310620005620010,Cruzeiro,Urbana,Belo Horizonte,IBGE
310620005620011,Cruzeiro,Urbana,Belo Horizonte,IBGE
310620005620012,Savassi,Urbana,Belo Horizonte,IBGE
310620005620013,Savassi,Urbana,Belo Horizonte,IBGE
310620005620014,Savassi,Urbana,Belo Horizonte,IBGE
310620005620015,Savassi,Urbana,Belo Horizonte,IBGE
310620005620016,Funcionários,Urbana,Belo Horizonte,IBGE
310620005620017,Funcionários,Urbana,Belo Horizonte,IBGE
310620005620021,São Lucas,Urbana,Belo Horizonte,IBGE
310620005620022,São Lucas,Urbana,Belo Horizonte,IBGE
310620005620023,Serra,Urbana,Belo Horizonte,IBGE
310620005620024,Serra,Urbana,Belo Horizonte,IBGE
310620005620025,Serra,Urbana,Belo Horizonte,IBGE
310620005620026,Serra,Urbana,Belo Horizonte,IBGE
310620005620028,Serra,Urbana,Belo Horizonte,IBGE
310620005620029,Serra,Urbana,Belo Horizonte,IBGE
310620005620031,Serra,Urbana,Belo Horizonte,IBGE
310620005620032,Serra,Urbana,Belo Horizonte,IBGE
310620005620034,Cruzeiro,Urbana,Belo Horizonte,IBGE
310620005620036,Cruzeiro,Urbana,Belo Horizonte,IBGE
310620005620039,Cruzeiro,Urbana,Belo Horizonte,IBGE
310620005620040,Carmo,Urbana,Belo Horizonte,IBGE
310620005620041,Carmo,Urbana,Belo Horizonte,IBGE
310620005620045,Savassi,Urbana,Belo Horizonte,IBGE
310620005620047,Savassi,Urbana,Belo Horizonte,IBGE
310620005620048,Savassi,Urbana,Belo Horizonte,IBGE
310620005620052,Santa Efigênia,Urbana,Belo Horizonte,IBGE
310620005620053,Santa Efigênia,Urbana,Belo Horizonte,IBGE
310620005620057,Santa Efigênia,Urbana,Belo Horizonte,IBGE
310620005620058,Santa Efigênia,Urbana,Belo Horizonte,IBGE
310620005620060,Serra,Urbana,Belo Horizonte,IBGE
310620005620062,Serra,Urbana,Belo Horizonte,IBGE
310620005620064,Serra,Urbana,Belo Horizonte,IBGE
310620005620066,Serra,Urbana,Belo Horizonte,IBGE
310620005620067,Serra,Urbana,Belo Horizonte,IBGE
310620005620068,Serra,Urbana,Belo Horizonte,IBGE
310620005620070,Comiteco,Urbana,Belo Horizonte,IBGE
310620005620071,Cruzeiro,Urbana,Belo Horizonte,IBGE
310620005620073,Cruzeiro,Urbana,Belo Horizonte,IBGE
310620005620074,Cruzeiro,Urbana,Belo Horizonte,IBGE
310620005620075,Anchieta,Urbana,Belo Horizonte,IBGE
310620005620076,Anchieta,Urbana,Belo Horizonte,IBGE
310620005620077,Cruzeiro,Urbana,Belo Horizonte,IBGE
310620005620078,Carmo,Urbana,Belo Horizonte,IBGE
310620005620079,Carmo,Urbana,Belo Horizonte,IBGE
310620005620082,Savassi,Urbana,Belo Horizonte,IBGE
310620005620085,Savassi,Urbana,Belo Horizonte,IBGE
310620005620086,Savassi,Urbana,Belo Horizonte,IBGE
310620005620087,Boa Viagem,Urbana,Belo Horizonte,IBGE
310620005620088,Boa Viagem,Urbana,Belo Horizonte,IBGE
310620005620089,Boa Viagem,Urbana,Belo Horizonte,IBGE
310620005620091,Boa Viagem,Urbana,Belo Horizonte,IBGE
310620005620094,Floresta,Urbana,Belo Horizonte,IBGE
310620005620095,Floresta,Urbana,Belo Horizonte,IBGE
310620005620097,Nossa Senhora da Aparecida,Urbana,Belo Horizonte,IBGE
310620005620098,Nossa Senhora da Aparecida,Urbana,Belo Horizonte,IBGE
310620005620099,Nossa Senhora da Aparecida,Urbana,Belo Horizonte,IBGE
310620005620100,Nossa Senhora da Aparecida,Urbana,Belo Horizonte,IBGE
310620005620101,Nossa Senhora da Aparecida,Urbana,Belo Horizonte,IBGE
310620005620102,Nossa Senhora da Aparecida,Urbana,Belo Horizonte,IBGE
310620005620103,Nossa Senhora da Conceição,Urbana,Belo Horizonte,IBGE
310620005620104,Nossa Senhora da Conceição,Urbana,Belo Horizonte,IBGE
310620005620105,Nossa Senhora de Fátima,Urbana,Belo Horizonte,IBGE
310620005620106,Santo Agostinho,Urbana,Belo Horizonte,IBGE
310620005620107,Santana do Cafezal,Urbana,Belo Horizonte,IBGE
310620005620108,Santana do Cafezal,Urbana,Belo Horizonte,IBGE
310620005620109,Santana do Cafezal,Urbana,Belo Horizonte,IBGE
310620005620110,Nossa Senhora de Fátima,Urbana,Belo Horizonte,IBGE
310620005620113,Nossa Senhora de Fátima,Urbana,Belo Horizonte,IBGE
310620005620114,Nossa Senhora de Fátima,Urbana,Belo Horizonte,IBGE
310620005620115,Santana do Cafezal,Urbana,Belo Horizonte,IBGE
310620005620116,Santana do Cafezal,Urbana,Belo Horizonte,IBGE
310620005620117,Santana do Cafezal,Urbana,Belo Horizonte,IBGE
310620005620118,Nossa Senhora de Fátima,Urbana,Belo Horizonte,IBGE
310620005620119,Nossa Senhora de Fátima,Urbana,Belo Horizonte,IBGE
310620005620120,Nossa Senhora de Fátima,Urbana,Belo Horizonte,IBGE
310620005620122,Marçola,Urbana,Belo Horizonte,IBGE
310620005620123,Nossa Senhora de Fátima,Urbana,Belo Horizonte,IBGE
310620005620124,Marçola,Urbana,Belo Horizonte,IBGE
310620005620125,Marçola,Urbana,Belo Horizonte,IBGE
310620005620126,Marçola,Urbana,Belo Horizonte,IBGE
310620005620127,Marçola,Urbana,Belo Horizonte,IBGE
310620005620129,Marçola,Urbana,Belo Horizonte,IBGE
310620005620130,Marçola,Urbana,Belo Horizonte,IBGE
310620005620131,Marçola,Urbana,Belo Horizonte,IBGE
310620005620132,Nossa Senhora de Fátima,Urbana,Belo Horizonte,IBGE
310620005620133,Marçola,Urbana,Belo Horizonte,IBGE
310620005620134,Nossa Senhora de Fátima,Urbana,Belo Horizonte,IBGE
310620005620135,Nossa Senhora de Fátima,Urbana,Belo Horizonte,IBGE
310620005620136,Nossa Senhora da Conceição,Urbana,Belo Horizonte,IBGE
310620005620137,Nossa Senhora da Conceição,Urbana,Belo Horizonte,IBGE
310620005620138,Nossa Senhora da Conceição,Urbana,Belo Horizonte,IBGE
310620005620139,Nossa Senhora da Conceição,Urbana,Belo Horizonte,IBGE
310620005620140,Nossa Senhora da Conceição,Urbana,Belo Horizonte,IBGE
310620005620141,Nossa Senhora da Conceição,Urbana,Belo Horizonte,IBGE
310620005620143,Acaba Mundo,Urbana,Belo Horizonte,IBGE
310620005620144,Comiteco,Urbana,Belo Horizonte,IBGE
310620005620145,Comiteco,Urbana,Belo Horizonte,IBGE
310620005620146,Anchieta,Urbana,Belo Horizonte,IBGE
310620005620147,Anchieta,Urbana,Belo Horizonte,IBGE
310620005620149,Anchieta,Urbana,Belo Horizonte,IBGE
310620005620151,Anchieta,Urbana,Belo Horizonte,IBGE
310620005620153,Anchieta,Urbana,Belo Horizonte,IBGE
310620005620154,Anchieta,Urbana,Belo Horizonte,IBGE
310620005620155,Anchieta,Urbana,Belo Horizonte,IBGE
310620005620156,Anchieta,Urbana,Belo Horizonte,IBGE
310620005620157,Anchieta,Urbana,Belo Horizonte,IBGE
310620005620158,Carmo,Urbana,Belo Horizonte,IBGE
310620005620159,Carmo,Urbana,Belo Horizonte,IBGE
310620005620160,São Pedro,Urbana,Belo Horizonte,IBGE
310620005620163,Santo Antônio,Urbana,Belo Horizonte,IBGE
310620005620164,Santo Antônio,Urbana,Belo Horizonte,IBGE
310620005620165,Savassi,Urbana,Belo Horizonte,IBGE
310620005620168,Lourdes,Urbana,Belo Horizonte,IBGE
310620005620169,Lourdes,Urbana,Belo Horizonte,IBGE
310620005620170,Lourdes,Urbana,Belo Horizonte,IBGE
310620005620171,Lourdes,Urbana,Belo Horizonte,IBGE
310620005620172,Lourdes,Urbana,Belo Horizonte,IBGE
310620005620174,Centro,Urbana,Belo Horizonte,IBGE
310620005620175,Centro,Urbana,Belo Horizonte,IBGE
310620005620176,Centro,Urbana,Belo Horizonte,IBGE
310620005620178,Centro,Urbana,Belo Horizonte,IBGE
310620005620181,Centro,Urbana,Belo Horizonte,IBGE
310620005620182,Centro,Urbana,Belo Horizonte,IBGE
310620005620183,Centro,Urbana,Belo Horizonte,IBGE
310620005620185,Centro,Urbana,Belo Horizonte,IBGE
310620005620187,Floresta,Urbana,Belo Horizonte,IBGE
310620005620188,Floresta,Urbana,Belo Horizonte,IBGE
310620005620189,Floresta,Urbana,Belo Horizonte,IBGE
310620005620190,Floresta,Urbana,Belo Horizonte,IBGE
310620005620191,Sion,Urbana,Belo Horizonte,IBGE
310620005620192,Anchieta,Urbana,Belo Horizonte,IBGE
310620005620193,Anchieta,Urbana,Belo Horizonte,IBGE
310620005620195,Sion,Urbana,Belo Horizonte,IBGE
310620005620196,Sion,Urbana,Belo Horizonte,IBGE
310620005620197,Sion,Urbana,Belo Horizonte,IBGE
310620005620201,Santo Antônio,Urbana,Belo Horizonte,IBGE
310620005620202,Santo Antônio,Urbana,Belo Horizonte,IBGE
310620005620203,Lourdes,Urbana,Belo Horizonte,IBGE
310620005620204,Savassi,Urbana,Belo Horizonte,IBGE
310620005620206,Lourdes,Urbana,Belo Horizonte,IBGE
310620005620207,Lourdes,Urbana,Belo Horizonte,IBGE
310620005620208,Centro,Urbana,Belo Horizonte,IBGE
310620005620209,Lourdes,Urbana,Belo Horizonte,IBGE
310620005620210,Lourdes,Urbana,Belo Horizonte,IBGE
310620005620213,Centro,Urbana,Belo Horizonte,IBGE
310620005620214,Centro,Urbana,Belo Horizonte,IBGE
310620005620215,Centro,Urbana,Belo Horizonte,IBGE
310620005620216,Centro,Urbana,Belo Horizonte,IBGE
310620005620217,Centro,Urbana,Belo Horizonte,IBGE
310620005620218,Centro,Urbana,Belo Horizonte,IBGE
310620005620221,Sion,Urbana,Belo Horizonte,IBGE
310620005620222,Sion,Urbana,Belo Horizonte,IBGE
310620005620225,Sion,Urbana,Belo Horizonte,IBGE
310620005620228,Sion,Urbana,Belo Horizonte,IBGE
310620005620229,Sion,Urbana,Belo Horizonte,IBGE
310620005620230,São Pedro,Urbana,Belo Horizonte,IBGE
310620005620232,São Pedro,Urbana,Belo Horizonte,IBGE
310620005620233,Santo Antônio,Urbana,Belo Horizonte,IBGE
310620005620234,Santo Antônio,Urbana,Belo Horizonte,IBGE
310620005620235,Santo Antônio,Urbana,Belo Horizonte,IBGE
310620005620236,Santo Antônio,Urbana,Belo Horizonte,IBGE
310620005620237,Santo Antônio,Urbana,Belo Horizonte,IBGE
310620005620238,Lourdes,Urbana,Belo Horizonte,IBGE
310620005620241,Lourdes,Urbana,Belo Horizonte,IBGE
310620005620242,Lourdes,Urbana,Belo Horizonte,IBGE
310620005620243,Lourdes,Urbana,Belo Horizonte,IBGE
310620005620245,Lourdes,Urbana,Belo Horizonte,IBGE
310620005620246,Santo Agostinho,Urbana,Belo Horizonte,IBGE
310620005620248,Centro,Urbana,Belo Horizonte,IBGE
310620005620249,Centro,Urbana,Belo Horizonte,IBGE
310620005620251,Centro,Urbana,Belo Horizonte,IBGE
310620005620252,Centro,Urbana,Belo Horizonte,IBGE
310620005620253,Belvedere,Urbana,Belo Horizonte,IBGE
310620005620254,Sion,Urbana,Belo Horizonte,IBGE
310620005620256,Sion,Urbana,Belo Horizonte,IBGE
310620005620257,Sion,Urbana,Belo Horizonte,IBGE
310620005620258,Sion,Urbana,Belo Horizonte,IBGE
310620005620261,Sion,Urbana,Belo Horizonte,IBGE
310620005620262,Sion,Urbana,Belo Horizonte,IBGE
310620005620264,Santo Antônio,Urbana,Belo Horizonte,IBGE
310620005620265,Santo Antônio,Urbana,Belo Horizonte,IBGE
310620005620266,Santo Antônio,Urbana,Belo Horizonte,IBGE
310620005620267,Santo Antônio,Urbana,Belo Horizonte,IBGE
310620005620268,Santo Antônio,Urbana,Belo Horizonte,IBGE
310620005620271,Lourdes,Urbana,Belo Horizonte,IBGE
310620005620272,Lourdes,Urbana,Belo Horizonte,IBGE
310620005620273,Lourdes,Urbana,Belo Horizonte,IBGE
310620005620274,Lourdes,Urbana,Belo Horizonte,IBGE
310620005620275,Lourdes,Urbana,Belo Horizonte,IBGE
310620005620276,Santo Agostinho,Urbana,Belo Horizonte,IBGE
310620005620277,Santo Agostinho,Urbana,Belo Horizonte,IBGE
310620005620280,Santo Agostinho,Urbana,Belo Horizonte,IBGE
310620005620281,Santo Agostinho,Urbana,Belo Horizonte,IBGE
310620005620282,Barro Preto,Urbana,Belo Horizonte,IBGE
310620005620283,Barro Preto,Urbana,Belo Horizonte,IBGE
310620005620284,Barro Preto,Urbana,Belo Horizonte,IBGE
310620005620285,Barro Preto,Urbana,Belo Horizonte,IBGE
310620005620286,Barro Preto,Urbana,Belo Horizonte,IBGE
310620005620288,Santa Rita de Cássia,Urbana,Belo Horizonte,IBGE
310620005620289,Santa Rita de Cássia,Urbana,Belo Horizonte,IBGE
310620005620290,Vila Santa Lúcia,Urbana,Belo Horizonte,IBGE
310620005620291,Vila Santa Lúcia,Urbana,Belo Horizonte,IBGE
310620005620292,Vila Santa Lúcia,Urbana,Belo Horizonte,IBGE
310620005620293,Vila Santa Lúcia,Urbana,Belo Horizonte,IBGE
310620005620294,Vila Santa Lúcia,Urbana,Belo Horizonte,IBGE
310620005620295,Vila Santa Lúcia,Urbana,Belo Horizonte,IBGE
310620005620296,Santa Rita de Cássia,Urbana,Belo Horizonte,IBGE
310620005620298,Santa Rita de Cássia,Urbana,Belo Horizonte,IBGE
310620005620299,Santa Rita de Cássia,Urbana,Belo Horizonte,IBGE
310620005620301,Vila Santa Lúcia,Urbana,Belo Horizonte,IBGE
310620005620302,Vila Santa Lúcia,Urbana,Belo Horizonte,IBGE
310620005620303,Vila Santa Lúcia,Urbana,Belo Horizonte,IBGE
310620005620305,Vila Santa Lúcia,Urbana,Belo Horizonte,IBGE
310620005620306,Estrela,Urbana,Belo Horizonte,IBGE
310620005620307,Santo Antônio,Urbana,Belo Horizonte,IBGE
310620005620308,Santo Antônio,Urbana,Belo Horizonte,IBGE
310620005620309,Santo Antônio,Urbana,Belo Horizonte,IBGE
310620005620310,Santo Antônio,Urbana,Belo Horizonte,IBGE
310620005620311,Santo Antônio,Urbana,Belo Horizonte,IBGE
310620005620312,Santo Antônio,Urbana,Belo Horizonte,IBGE
310620005620313,Santo Antônio,Urbana,Belo Horizonte,IBGE
310620005620314,Santo Antônio,Urbana,Belo Horizonte,IBGE
310620005620315,Santo Antônio,Urbana,Belo Horizonte,IBGE
310620005620316,Santo Antônio,Urbana,Belo Horizonte,IBGE
310620005620317,Santo Antônio,Urbana,Belo Horizonte,IBGE
310620005620318,Cidade Jardim,Urbana,Belo Horizonte,IBGE
310620005620319,Cidade Jardim,Urbana,Belo Horizonte,IBGE
310620005620320,Santo Agostinho,Urbana,Belo Horizonte,IBGE
310620005620321,Santo Agostinho,Urbana,Belo Horizonte,IBGE
310620005620322,Santo Agostinho,Urbana,Belo Horizonte,IBGE
310620005620323,Santo Agostinho,Urbana,Belo Horizonte,IBGE
310620005620325,Barro Preto,Urbana,Belo Horizonte,IBGE
310620005620326,Barro Preto,Urbana,Belo Horizonte,IBGE
310620005620327,Barro Preto,Urbana,Belo Horizonte,IBGE
310620005620328,Barro Preto,Urbana,Belo Horizonte,IBGE
310620005620330,Centro,Urbana,Belo Horizonte,IBGE
310620005620331,Centro,Urbana,Belo Horizonte,IBGE
310620005620332,Santa Lúcia,Urbana,Belo Horizonte,IBGE
310620005620334,Santa Lúcia,Urbana,Belo Horizonte,IBGE
310620005620336,São Bento,Urbana,Belo Horizonte,IBGE
310620005620337,Santa Lúcia,Urbana,Belo Horizonte,IBGE
310620005620339,São Bento,Urbana,Belo Horizonte,IBGE
310620005620340,Vila Paris,Urbana,Belo Horizonte,IBGE
310620005620341,Vila Paris,Urbana,Belo Horizonte,IBGE
310620005620342,Vila Paris,Urbana,Belo Horizonte,IBGE
310620005620343,Coração de Jesus,Urbana,Belo Horizonte,IBGE
310620005620344,Coração de Jesus,Urbana,Belo Horizonte,IBGE
310620005620345,Coração de Jesus,Urbana,Belo Horizonte,IBGE
310620005620346,Coração de Jesus,Urbana,Belo Horizonte,IBGE
310620005620347,Coração de Jesus,Urbana,Belo Horizonte,IBGE
310620005620348,Coração de Jesus,Urbana,Belo Horizonte,IBGE
310620005620349,Cidade Jardim,Urbana,Belo Horizonte,IBGE
310620005620350,Santo Agostinho,Urbana,Belo Horizonte,IBGE
310620005620351,Santo Agostinho,Urbana,Belo Horizonte,IBGE
310620005620352,Santo Agostinho,Urbana,Belo Horizonte,IBGE
310620005620358,Belvedere,Urbana,Belo Horizonte,IBGE
310620005620359,Belvedere,Urbana,Belo Horizonte,IBGE
310620005620360,Belvedere,Urbana,Belo Horizonte,IBGE
310620005620361,Belvedere,Urbana,Belo Horizonte,IBGE
310620005620363,São Bento,Urbana,Belo Horizonte,IBGE
310620005620364,São Bento,Urbana,Belo Horizonte,IBGE
310620005620368,Luxemburgo,Urbana,Belo Horizonte,IBGE
310620005620369,Luxemburgo,Urbana,Belo Horizonte,IBGE
310620005620370,Luxemburgo,Urbana,Belo Horizonte,IBGE
310620005620371,Luxemburgo,Urbana,Belo Horizonte,IBGE
310620005620372,Luxemburgo,Urbana,Belo Horizonte,IBGE
310620005620373,Luxemburgo,Urbana,Belo Horizonte,IBGE
310620005620374,Coração de Jesus,Urbana,Belo Horizonte,IBGE
310620005620375,Coração de Jesus,Urbana,Belo Horizonte,IBGE
310620005620378,Funcionários,Urbana,Belo Horizonte,IBGE
310620005620379,Savassi,Urbana,Belo Horizonte,IBGE
310620005620380,Savassi,Urbana,Belo Horizonte,IBGE
310620005620381,Funcionários,Urbana,Belo Horizonte,IBGE
310620005620383,Serra,Urbana,Belo Horizonte,IBGE
310620005620384,Serra,Urbana,Belo Horizonte,IBGE
310620005620385,Carmo,Urbana,Belo Horizonte,IBGE
310620005620387,Serra,Urbana,Belo Horizonte,IBGE
310620005620388,Cruzeiro,Urbana,Belo Horizonte,IBGE
310620005620389,Serra,Urbana,Belo Horizonte,IBGE
310620005620391,Boa Viagem,Urbana,Belo Horizonte,IBGE
310620005620392,Floresta,Urbana,Belo Horizonte,IBGE
310620005620393,Anchieta,Urbana,Belo Horizonte,IBGE
310620005620394,Anchieta,Urbana,Belo Horizonte,IBGE
310620005620395,São Pedro,Urbana,Belo Horizonte,IBGE
310620005620396,Lourdes,Urbana,Belo Horizonte,IBGE
310620005620397,Centro,Urbana,Belo Horizonte,IBGE
310620005620398,Sion,Urbana,Belo Horizonte,IBGE
310620005620400,Lourdes,Urbana,Belo Horizonte,IBGE
310620005620401,Lourdes,Urbana,Belo Horizonte,IBGE
310620005620402,Sion,Urbana,Belo Horizonte,IBGE
310620005620403,Lourdes,Urbana,Belo Horizonte,IBGE
310620005620404,Lourdes,Urbana,Belo Horizonte,IBGE
310620005620405,Lourdes,Urbana,Belo Horizonte,IBGE
310620005620406,Lourdes,Urbana,Belo Horizonte,IBGE
310620005620407,Sion,Urbana,Belo Horizonte,IBGE
310620005620408,Santo Antônio,Urbana,Belo Horizonte,IBGE
310620005620409,Santo Antônio,Urbana,Belo Horizonte,IBGE
310620005620410,Lourdes,Urbana,Belo Horizonte,IBGE
310620005620411,Santo Agostinho,Urbana,Belo Horizonte,IBGE
310620005620412,Santo Agostinho,Urbana,Belo Horizonte,IBGE
310620005620413,Santo Antônio,Urbana,Belo Horizonte,IBGE
310620005620414,Santo Antônio,Urbana,Belo Horizonte,IBGE
310620005620415,Santo Agostinho,Urbana,Belo Horizonte,IBGE
310620005620417,Santa Lúcia,Urbana,Belo Horizonte,IBGE
310620005620418,Vila Paris,Urbana,Belo Horizonte,IBGE
310620005620419,Santo Agostinho,Urbana,Belo Horizonte,IBGE
310620005620420,Santo Agostinho,Urbana,Belo Horizonte,IBGE
310620005620421,Belvedere,Urbana,Belo Horizonte,IBGE
310620005620422,Belvedere,Urbana,Belo Horizonte,IBGE
310620005620423,Belvedere,Urbana,Belo Horizonte,IBGE
310620005620424,Belvedere,Urbana,Belo Horizonte,IBGE
310620005620425,Funcionários,Urbana,Belo Horizonte,IBGE
310620005620426,Sion,Urbana,Belo Horizonte,IBGE
310620005620427,Sion,Urbana,Belo Horizonte,IBGE
310620005620428,Anchieta,Urbana,Belo Horizonte,IBGE
310620005620429,Sion,Urbana,Belo Horizonte,IBGE
310620005620430,Anchieta,Urbana,Belo Horizonte,IBGE
310620005620432,Vila Paris,Urbana,Belo Horizonte,IBGE
310620005620433,Coração de Jesus,Urbana,Belo Horizonte,IBGE
310620005620434,Coração de Jesus,Urbana,Belo Horizonte,IBGE
310620005620435,Santa Lúcia,Urbana,Belo Horizonte,IBGE
310620005620436,Funcionários,Urbana,Belo Horizonte,IBGE
310620005620437,Boa Viagem,Urbana,Belo Horizonte,IBGE
310620005620439,Lourdes,Urbana,Belo Horizonte,IBGE
310620005620440,Savassi,Urbana,Belo Horizonte,IBGE
310620005620441,Lourdes,Urbana,Belo Horizonte,IBGE
310620005620442,Santo Agostinho,Urbana,Belo Horizonte,IBGE
310620005620443,Savassi,Urbana,Belo Horizonte,IBGE
310620005620445,Cruzeiro,Urbana,Belo Horizonte,IBGE
310620005620446,Vila Paris,Urbana,Belo Horizonte,IBGE
310620005620447,Luxemburgo,Urbana,Belo Horizonte,IBGE
310620005620448,Coração de Jesus,Urbana,Belo Horizonte,IBGE
310620005620449,Anchieta,Urbana,Belo Horizonte,IBGE
310620005620450,Sion,Urbana,Belo Horizonte,IBGE
310620005620451,Comiteco,Urbana,Belo Horizonte,IBGE
310620005620452,São Pedro,Urbana,Belo Horizonte,IBGE
310620005620453,Santa Lúcia,Urbana,Belo Horizonte,IBGE
310620005620454,Santa Lúcia,Urbana,Belo Horizonte,IBGE
310620005620455,Belvedere,Urbana,Belo Horizonte,IBGE
310620005620457,Sion,Urbana,Belo Horizonte,IBGE
310620005620458,Nossa Senhora de Fátima,Urbana,Belo Horizonte,IBGE
310620005620459,Centro,Urbana,Belo Horizonte,IBGE
310620005620462,Nossa Senhora de Fátima,Urbana,Belo Horizonte,IBGE
310620005620463,Santo Antônio,Urbana,Belo Horizonte,IBGE
310620005620464,Santana do Cafezal,Urbana,Belo Horizonte,IBGE
310620005620465,Marçola,Urbana,Belo Horizonte,IBGE
310620005620466,São Lucas,Urbana,Belo Horizonte,IBGE
310620005620467,Marçola,Urbana,Belo Horizonte,IBGE
310620005620468,Estrela,Urbana,Belo Horizonte,IBGE
310620005620469,Mangabeiras,Urbana,Belo Horizonte,IBGE
310620005620472,Nossa Senhora de Fátima,Urbana,Belo Horizonte,IBGE
310620005620474,Belvedere,Urbana,Belo Horizonte,IBGE
310620005620475,Lourdes,Urbana,Belo Horizonte,IBGE
310620005620478,Conjunto Santa Maria,Urbana,Belo Horizonte,IBGE
310620005620479,Conjunto Santa Maria,Urbana,Belo Horizonte,IBGE
310620005620480,Coração de Jesus,Urbana,Belo Horizonte,IBGE
310620005620481,Boa Viagem,Urbana,Belo Horizonte,IBGE
310620005620483,Savassi,Urbana,Belo Horizonte,IBGE
310620005620484,Mangabeiras,Urbana,Belo Horizonte,IBGE
310620005620485,Savassi,Urbana,Belo Horizonte,IBGE
310620005620486,Barro Preto,Urbana,Belo Horizonte,IBGE
310620005620487,Santa Isabel,Urbana,Belo Horizonte,IBGE
310620005620488,Vila FUMEC,Urbana,Belo Horizonte,IBGE
310620005620489,Pindura Saia,Urbana,Belo Horizonte,IBGE
310620005620490,Mala e Cuia,Urbana,Belo Horizonte,IBGE
310620005620492,São Pedro,Urbana,Belo Horizonte,IBGE
310620005620494,Santo Antônio,Urbana,Belo Horizonte,IBGE
310620005620495,Funcionários,Urbana,Belo Horizonte,IBGE
310620005620496,Coração de Jesus,Urbana,Belo Horizonte,IBGE
310620005620497,Santo Agostinho,Urbana,Belo Horizonte,IBGE
310620005620498,Luxemburgo,Urbana,Belo Horizonte,IBGE
310620005620499,Novo São Lucas,Urbana,Belo Horizonte,IBGE
310620005620501,Fazendinha,Urbana,Belo Horizonte,IBGE
310620005620503,Vila Novo São Lucas,Urbana,Belo Horizonte,IBGE
310620005620504,Fazendinha,Urbana,Belo Horizonte,IBGE
310620005620505,Fazendinha,Urbana,Belo Horizonte,IBGE
310620005620506,Novo São Lucas,Urbana,Belo Horizonte,IBGE
310620005620507,Novo São Lucas,Urbana,Belo Horizonte,IBGE
310620005620509,Nossa Senhora do Rosário,Urbana,Belo Horizonte,IBGE
310620005620510,Vila Novo São Lucas,Urbana,Belo Horizonte,IBGE
310620005620511,Novo São Lucas,Urbana,Belo Horizonte,IBGE
310620005620512,Vila Novo São Lucas,Urbana,Belo Horizonte,IBGE
310620005620513,Vila Novo São Lucas,Urbana,Belo Horizonte,IBGE
310620005620514,Vila Novo São Lucas,Urbana,Belo Horizonte,IBGE
310620005620515,Vila Novo São Lucas,Urbana,Belo Horizonte,IBGE
310620005620516,Novo São Lucas,Urbana,Belo Horizonte,IBGE
310620005620517,Novo São Lucas,Urbana,Belo Horizonte,IBGE
310620005620518,Novo São Lucas,Urbana,Belo Horizonte,IBGE
310620005620519,Anchieta,Urbana,Belo Horizonte,IBGE
310620005620520,Anchieta,Urbana,Belo Horizonte,IBGE
310620005620521,Anchieta,Urbana,Belo Horizonte,IBGE
310620005620522,Anchieta,Urbana,Belo Horizonte,IBGE
310620005620523,Anchieta,Urbana,Belo Horizonte,IBGE
310620005620524,Belvedere,Urbana,Belo Horizonte,IBGE
310620005620525,Belvedere,Urbana,Belo Horizonte,IBGE
310620005620526,Belvedere,Urbana,Belo Horizonte,IBGE
310620005620527,Belvedere,Urbana,Belo Horizonte,IBGE
310620005620528,Belvedere,Urbana,Belo Horizonte,IBGE
310620005620529,Boa Viagem,Urbana,Belo Horizonte,IBGE
310620005620530,Boa Viagem,Urbana,Belo Horizonte,IBGE
310620005620531,Boa Viagem,Urbana,Belo Horizonte,IBGE
310620005620532,Centro,Urbana,Belo Horizonte,IBGE
310620005620533,Centro,Urbana,Belo Horizonte,IBGE
310620005620534,Coração de Jesus,Urbana,Belo Horizonte,IBGE
310620005620535,Cruzeiro,Urbana,Belo Horizonte,IBGE
310620005620536,Cruzeiro,Urbana,Belo Horizonte,IBGE
310620005620537,Floresta,Urbana,Belo Horizonte,IBGE
310620005620538,Funcionários,Urbana,Belo Horizonte,IBGE
310620005620540,Funcionários,Urbana,Belo Horizonte,IBGE
310620005620541,Lourdes,Urbana,Belo Horizonte,IBGE
310620005620542,Lourdes,Urbana,Belo Horizonte,IBGE
310620005620543,Lourdes,Urbana,Belo Horizonte,IBGE
310620005620544,Lourdes,Urbana,Belo Horizonte,IBGE
310620005620545,Lourdes,Urbana,Belo Horizonte,IBGE
310620005620546,Lourdes,Urbana,Belo Horizonte,IBGE
310620005620547,Lourdes,Urbana,Belo Horizonte,IBGE
310620005620548,Luxemburgo,Urbana,Belo Horizonte,IBGE
310620005620550,Novo São Lucas,Urbana,Belo Horizonte,IBGE
310620005620551,Santa Lúcia,Urbana,Belo Horizonte,IBGE
310620005620552,Santo Antônio,Urbana,Belo Horizonte,IBGE
310620005620553,Santo Antônio,Urbana,Belo Horizonte,IBGE
310620005620554,Santo Antônio,Urbana,Belo Horizonte,IBGE
310620005620555,Santo Antônio,Urbana,Belo Horizonte,IBGE
310620005620556,Santo Antônio,Urbana,Belo Horizonte,IBGE
310620005620557,Santo Antônio,Urbana,Belo Horizonte,IBGE
310620005620558,Santo Antônio,Urbana,Belo Horizonte,IBGE
310620005620559,Santo Antônio,Urbana,Belo Horizonte,IBGE
310620005620560,Santo Antônio,Urbana,Belo Horizonte,IBGE
310620005620561,Santo Antônio,Urbana,Belo Horizonte,IBGE
310620005620562,Santo Antônio,Urbana,Belo Horizonte,IBGE
310620005620563,Santo Antônio,Urbana,Belo Horizonte,IBGE
310620005620564,Santo Antônio,Urbana,Belo Horizonte,IBGE
310620005620565,São Lucas,Urbana,Belo Horizonte,IBGE
310620005620566,São Pedro,Urbana,Belo Horizonte,IBGE
310620005620567,Savassi,Urbana,Belo Horizonte,IBGE
310620005620568,Savassi,Urbana,Belo Horizonte,IBGE
310620005620569,Savassi,Urbana,Belo Horizonte,IBGE
310620005620570,Savassi,Urbana,Belo Horizonte,IBGE
310620005620571,Savassi,Urbana,Belo Horizonte,IBGE
310620005620572,Serra,Urbana,Belo Horizonte,IBGE
310620005620573,Serra,Urbana,Belo Horizonte,IBGE
310620005620574,Serra,Urbana,Belo Horizonte,IBGE
310620005620575,Serra,Urbana,Belo Horizonte,IBGE
310620005620576,Serra,Urbana,Belo Horizonte,IBGE
310620005620577,Serra,Urbana,Belo Horizonte,IBGE
310620005620578,Serra,Urbana,Belo Horizonte,IBGE
310620005620579,Sion,Urbana,Belo Horizonte,IBGE
310620005620580,Sion,Urbana,Belo Horizonte,IBGE
310620005620581,Sion,Urbana,Belo Horizonte,IBGE
310620005620582,Sion,Urbana,Belo Horizonte,IBGE
310620005620583,Sion,Urbana,Belo Horizonte,IBGE
310620005620584,Santa Efigênia,Urbana,Belo Horizonte,IBGE
310620005620585,Santo Agostinho,Urbana,Belo Horizonte,IBGE
310620005620586,Santo Agostinho,Urbana,Belo Horizonte,IBGE
310620005620587,Santo Agostinho,Urbana,Belo Horizonte,IBGE
310620005620588,Santo Agostinho,Urbana,Belo Horizonte,IBGE
310620005620589,Novo São Lucas,Urbana,Belo Horizonte,IBGE
310620005620590,Luxemburgo,Urbana,Belo Horizonte,IBGE
310620005620591,Nossa Senhora da Conceição,Urbana,Belo Horizonte,IBGE
310620005620592,Fazendinha,Urbana,Belo Horizonte,IBGE
310620005620593,Vila Novo São Lucas,Urbana,Belo Horizonte,IBGE
310620005620594,Acaba Mundo,Urbana,Belo Horizonte,IBGE
310620005620595,Vila Santa Lúcia,Urbana,Belo Horizonte,IBGE
310620005620596,Santa Lúcia,Urbana,Belo Horizonte,IBGE
310620005620597,Santa Lúcia,Urbana,Belo Horizonte,IBGE
310620005620598,Estrela,Urbana,Belo Horizonte,IBGE
310620005620599,Santa Rita de Cássia,Urbana,Belo Horizonte,IBGE
310620005620600,Conjunto Santa Maria,Urbana,Belo Horizonte,IBGE
310620005620601,Santo Agostinho,Urbana,Belo Horizonte,IBGE
310620005620602,Funcionários,Urbana,Belo Horizonte,IBGE
310620005620603,Funcionários,Urbana,Belo Horizonte,IBGE
310620005620604,Serra,Urbana,Belo Horizonte,IBGE
310620005620605,Serra,Urbana,Belo Horizonte,IBGE
310620005620606,Funcionários,Urbana,Belo Horizonte,IBGE
310620005620607,Funcionários,Urbana,Belo Horizonte,IBGE
310620005620608,São Lucas,Urbana,Belo Horizonte,IBGE
310620005620609,São Lucas,Urbana,Belo Horizonte,IBGE
310620005620610,Floresta,Urbana,Belo Horizonte,IBGE
310620005620611,Floresta,Urbana,Belo Horizonte,IBGE
310620005620612,Serra,Urbana,Belo Horizonte,IBGE
310620005620613,Serra,Urbana,Belo Horizonte,IBGE
310620005620614,Serra,Urbana,Belo Horizonte,IBGE
310620005620615,Serra,Urbana,Belo Horizonte,IBGE
310620005620616,Serra,Urbana,Belo Horizonte,IBGE
310620005620617,Serra,Urbana,Belo Horizonte,IBGE
310620005620618,Cruzeiro,Urbana,Belo Horizonte,IBGE
310620005620619,Cruzeiro,Urbana,Belo Horizonte,IBGE
310620005620620,Cruzeiro,Urbana,Belo Horizonte,IBGE
310620005620621,Cruzeiro,Urbana,Belo Horizonte,IBGE
310620005620622,Cruzeiro,Urbana,Belo Horizonte,IBGE
310620005620623,Cruzeiro,Urbana,Belo Horizonte,IBGE
310620005620624,Savassi,Urbana,Belo Horizonte,IBGE
310620005620625,Savassi,Urbana,Belo Horizonte,IBGE
310620005620626,Savassi,Urbana,Belo Horizonte,IBGE
310620005620627,Savassi,Urbana,Belo Horizonte,IBGE
310620005620628,Savassi,Urbana,Belo Horizonte,IBGE
310620005620629,Savassi,Urbana,Belo Horizonte,IBGE
310620005620630,Santa Efigênia,Urbana,Belo Horizonte,IBGE
310620005620631,Santa Efigênia,Urbana,Belo Horizonte,IBGE
310620005620632,Santa Efigênia,Urbana,Belo Horizonte,IBGE
310620005620633,Santa Efigênia,Urbana,Belo Horizonte,IBGE
310620005620634,Serra,Urbana,Belo Horizonte,IBGE
310620005620635,Serra,Urbana,Belo Horizonte,IBGE
310620005620636,Serra,Urbana,Belo Horizonte,IBGE
310620005620637,Serra,Urbana,Belo Horizonte,IBGE
310620005620638,Serra,Urbana,Belo Horizonte,IBGE
310620005620639,Serra,Urbana,Belo Horizonte,IBGE
310620005620640,Serra,Urbana,Belo Horizonte,IBGE
310620005620641,Serra,Urbana,Belo Horizonte,IBGE
310620005620642,São Pedro,Urbana,Belo Horizonte,IBGE
310620005620643,São Pedro,Urbana,Belo Horizonte,IBGE
310620005620644,Savassi,Urbana,Belo Horizonte,IBGE
310620005620645,Savassi,Urbana,Belo Horizonte,IBGE
310620005620646,Savassi,Urbana,Belo Horizonte,IBGE
310620005620647,Savassi,Urbana,Belo Horizonte,IBGE
310620005620648,Boa Viagem,Urbana,Belo Horizonte,IBGE
310620005620649,Boa Viagem,Urbana,Belo Horizonte,IBGE
310620005620650,Nossa Senhora da Aparecida,Urbana,Belo Horizonte,IBGE
310620005620651,Nossa Senhora da Aparecida,Urbana,Belo Horizonte,IBGE
310620005620652,Nossa Senhora de Fátima,Urbana,Belo Horizonte,IBGE
310620005620653,Nossa Senhora de Fátima,Urbana,Belo Horizonte,IBGE
310620005620654,Nossa Senhora de Fátima,Urbana,Belo Horizonte,IBGE
310620005620655,Nossa Senhora de Fátima,Urbana,Belo Horizonte,IBGE
310620005620656,Nossa Senhora de Fátima,Urbana,Belo Horizonte,IBGE
310620005620657,Nossa Senhora de Fátima,Urbana,Belo Horizonte,IBGE
310620005620658,Nossa Senhora de Fátima,Urbana,Belo Horizonte,IBGE
310620005620659,Marçola,Urbana,Belo Horizonte,IBGE
310620005620660,Marçola,Urbana,Belo Horizonte,IBGE
310620005620661,Nossa Senhora da Conceição,Urbana,Belo Horizonte,IBGE
310620005620662,Nossa Senhora da Conceição,Urbana,Belo Horizonte,IBGE
310620005620663,Anchieta,Urbana,Belo Horizonte,IBGE
310620005620664,Anchieta,Urbana,Belo Horizonte,IBGE
310620005620665,Anchieta,Urbana,Belo Horizonte,IBGE
310620005620666,Anchieta,Urbana,Belo Horizonte,IBGE
310620005620667,Anchieta,Urbana,Belo Horizonte,IBGE
310620005620668,Anchieta,Urbana,Belo Horizonte,IBGE
310620005620669,São Pedro,Urbana,Belo Horizonte,IBGE
310620005620670,São Pedro,Urbana,Belo Horizonte,IBGE
310620005620671,Santo Antônio,Urbana,Belo Horizonte,IBGE
310620005620672,Santo Antônio,Urbana,Belo Horizonte,IBGE
310620005620674,Savassi,Urbana,Belo Horizonte,IBGE
310620005620675,Centro,Urbana,Belo Horizonte,IBGE
310620005620676,Centro,Urbana,Belo Horizonte,IBGE
310620005620677,Centro,Urbana,Belo Horizonte,IBGE
310620005620678,Centro,Urbana,Belo Horizonte,IBGE
310620005620680,Centro,Urbana,Belo Horizonte,IBGE
310620005620681,Anchieta,Urbana,Belo Horizonte,IBGE
310620005620682,Anchieta,Urbana,Belo Horizonte,IBGE
310620005620683,São Pedro,Urbana,Belo Horizonte,IBGE
310620005620684,São Pedro,Urbana,Belo Horizonte,IBGE
310620005620685,São Pedro,Urbana,Belo Horizonte,IBGE
310620005620686,São Pedro,Urbana,Belo Horizonte,IBGE
310620005620687,Santo Antônio,Urbana,Belo Horizonte,IBGE
310620005620688,Santo Antônio,Urbana,Belo Horizonte,IBGE
310620005620689,Lourdes,Urbana,Belo Horizonte,IBGE
310620005620691,Centro,Urbana,Belo Horizonte,IBGE
310620005620692,Centro,Urbana,Belo Horizonte,IBGE
310620005620693,Sion,Urbana,Belo Horizonte,IBGE
310620005620694,Sion,Urbana,Belo Horizonte,IBGE
310620005620695,Sion,Urbana,Belo Horizonte,IBGE
310620005620696,Sion,Urbana,Belo Horizonte,IBGE
310620005620697,Sion,Urbana,Belo Horizonte,IBGE
310620005620698,Sion,Urbana,Belo Horizonte,IBGE
310620005620699,Sion,Urbana,Belo Horizonte,IBGE
310620005620700,Sion,Urbana,Belo Horizonte,IBGE
310620005620701,São Pedro,Urbana,Belo Horizonte,IBGE
310620005620702,São Pedro,Urbana,Belo Horizonte,IBGE
310620005620703,Lourdes,Urbana,Belo Horizonte,IBGE
310620005620704,Lourdes,Urbana,Belo Horizonte,IBGE
310620005620705,Lourdes,Urbana,Belo Horizonte,IBGE
310620005620706,Lourdes,Urbana,Belo Horizonte,IBGE
310620005620707,Centro,Urbana,Belo Horizonte,IBGE
310620005620708,Centro,Urbana,Belo Horizonte,IBGE
310620005620709,Centro,Urbana,Belo Horizonte,IBGE
310620005620710,Centro,Urbana,Belo Horizonte,IBGE
310620005620711,Sion,Urbana,Belo Horizonte,IBGE
310620005620712,Sion,Urbana,Belo Horizonte,IBGE
310620005620713,Sion,Urbana,Belo Horizonte,IBGE
310620005620714,Sion,Urbana,Belo Horizonte,IBGE
310620005620715,Santo Antônio,Urbana,Belo Horizonte,IBGE
310620005620716,Santo Antônio,Urbana,Belo Horizonte,IBGE
310620005620717,Santo Agostinho,Urbana,Belo Horizonte,IBGE
310620005620718,Santo Agostinho,Urbana,Belo Horizonte,IBGE
310620005620719,Santo Agostinho,Urbana,Belo Horizonte,IBGE
310620005620720,Santo Agostinho,Urbana,Belo Horizonte,IBGE
310620005620721,Sion,Urbana,Belo Horizonte,IBGE
310620005620722,Sion,Urbana,Belo Horizonte,IBGE
310620005620723,Santa Rita de Cássia,Urbana,Belo Horizonte,IBGE
310620005620724,Santa Rita de Cássia,Urbana,Belo Horizonte,IBGE
310620005620725,Santa Rita de Cássia,Urbana,Belo Horizonte,IBGE
310620005620726,Santa Rita de Cássia,Urbana,Belo Horizonte,IBGE
310620005620727,Vila Santa Lúcia,Urbana,Belo Horizonte,IBGE
310620005620728,Vila Santa Lúcia,Urbana,Belo Horizonte,IBGE
310620005620729,Barro Preto,Urbana,Belo Horizonte,IBGE
310620005620730,Barro Preto,Urbana,Belo Horizonte,IBGE
310620005620731,Barro Preto,Urbana,Belo Horizonte,IBGE
310620005620732,Barro Preto,Urbana,Belo Horizonte,IBGE
310620005620733,Santa Lúcia,Urbana,Belo Horizonte,IBGE
310620005620734,Santa Lúcia,Urbana,Belo Horizonte,IBGE
310620005620735,São Bento,Urbana,Belo Horizonte,IBGE
310620005620736,São Bento,Urbana,Belo Horizonte,IBGE
310620005620738,Barro Preto,Urbana,Belo Horizonte,IBGE
310620005620739,Belvedere,Urbana,Belo Horizonte,IBGE
310620005620740,Belvedere,Urbana,Belo Horizonte,IBGE
310620005620742,São Bento,Urbana,Belo Horizonte,IBGE
310620005620743,Luxemburgo,Urbana,Belo Horizonte,IBGE
310620005620744,Luxemburgo,Urbana,Belo Horizonte,IBGE
310620005620745,Luxemburgo,Urbana,Belo Horizonte,IBGE
310620005620746,Luxemburgo,Urbana,Belo Horizonte,IBGE
310620005620747,Monte São José,Urbana,Belo Horizonte,IBGE
310620005620748,Monte São José,Urbana,Belo Horizonte,IBGE
310620005620749,Carmo,Urbana,Belo Horizonte,IBGE
310620005620750,Carmo,Urbana,Belo Horizonte,IBGE
310620005620751,Santa Lúcia,Urbana,Belo Horizonte,IBGE
310620005620752,Santa Lúcia,Urbana,Belo Horizonte,IBGE
310620005620755,Santa Efigênia,Urbana,Belo Horizonte,IBGE
310620005620756,Santa Efigênia,Urbana,Belo Horizonte,IBGE
310620005620757,Fazendinha,Urbana,Belo Horizonte,IBGE
310620005620758,Fazendinha,Urbana,Belo Horizonte,IBGE
310620005620759,Nossa Senhora do Rosário,Urbana,Belo Horizonte,IBGE
310620005620760,Nossa Senhora do Rosário,Urbana,Belo Horizonte,IBGE
310620005620761,Luxemburgo,Urbana,Belo Horizonte,IBGE
310620005620762,Luxemburgo,Urbana,Belo Horizonte,IBGE
310620005620763,Funcionários,Urbana,Belo Horizonte,IBGE
310620005620764,Santana do Cafezal,Urbana,Belo Horizonte,IBGE
310620005620765,Funcionários,Urbana,Belo Horizonte,IBGE
310620005620766,Santa Lúcia,Urbana,Belo Horizonte,IBGE
310620005620767,Funcionários,Urbana,Belo Horizonte,IBGE
310620005620768,Santa Efigênia,Urbana,Belo Horizonte,IBGE
310620005620769,Sion,Urbana,Belo Horizonte,IBGE
310620005620770,Barro Preto,Urbana,Belo Horizonte,IBGE
310620005620771,Santa Lúcia,Urbana,Belo Horizonte,IBGE
310620005620772,Santa Lúcia,Urbana,Belo Horizonte,IBGE
310620005620776,Centro,Urbana,Belo Horizonte,IBGE
310620005620777,Centro,Urbana,Belo Horizonte,IBGE
310620005620778,Centro,Urbana,Belo Horizonte,IBGE
310620005620779,Centro,Urbana,Belo Horizonte,IBGE
310620005620780,Santo Antônio,Urbana,Belo Horizonte,IBGE
310620005620781,Santo Antônio,Urbana,Belo Horizonte,IBGE
310620005620782,Lourdes,Urbana,Belo Horizonte,IBGE
310620005620783,Lourdes,Urbana,Belo Horizonte,IBGE
310620005620784,Funcionários,Urbana,Belo Horizonte,IBGE
310620005620785,Funcionários,Urbana,Belo Horizonte,IBGE
310620005620786,Funcionários,Urbana,Belo Horizonte,IBGE
310620005620787,Funcionários,Urbana,Belo Horizonte,IBGE
310620005620788,Vila Paris,Urbana,Belo Horizonte,IBGE
310620005620789,Vila Paris,Urbana,Belo Horizonte,IBGE
310620005620790,Funcionários,Urbana,Belo Horizonte,IBGE
310620005620791,Funcionários,Urbana,Belo Horizonte,IBGE
310620005620792,Savassi,Urbana,Belo Horizonte,IBGE
310620005620793,Savassi,Urbana,Belo Horizonte,IBGE
310620005620794,Centro,Urbana,Belo Horizonte,IBGE
310620005620795,Centro,Urbana,Belo Horizonte,IBGE
310620005620796,Mangabeiras,Urbana,Belo Horizonte,IBGE
310620005620799,Mangabeiras,Urbana,Belo Horizonte,IBGE
310620005620800,Mangabeiras,Urbana,Belo Horizonte,IBGE
310620005620801,Savassi,Urbana,Belo Horizonte,IBGE
310620005620802,Savassi,Urbana,Belo Horizonte,IBGE
310620005620803,Centro,Urbana,Belo Horizonte,IBGE
310620005620804,Centro,Urbana,Belo Horizonte,IBGE
310620005620805,Lourdes,Urbana,Belo Horizonte,IBGE
310620005620806,Lourdes,Urbana,Belo Horizonte,IBGE
310620005620807,Centro,Urbana,Belo Horizonte,IBGE
310620005620808,Centro,Urbana,Belo Horizonte,IBGE
310620005620809,Paraíso,Urbana,Belo Horizonte,IBGE
310620005620810,Santa Efigênia,Urbana,Belo Horizonte,IBGE
310620005620811,Centro,Urbana,Belo Horizonte,IBGE
310620005620812,Barro Preto,Urbana,Belo Horizonte,IBGE
310620005620813,Centro,Urbana,Belo Horizonte,IBGE
310620005620814,Vila Bandeirantes,Urbana,Belo Horizonte,IBGE
310620005620815,São Bento,Urbana,Belo Horizonte,IBGE
310620005620816,Mangabeiras,Urbana,Belo Horizonte,IBGE
310620005620817,Lourdes,Urbana,Belo Horizonte,IBGE
310620005620818,Mangabeiras,Urbana,Belo Horizonte,IBGE
310620005620819,Savassi,Urbana,Belo Horizonte,IBGE
310620005620820,Centro,Urbana,Belo Horizonte,IBGE
310620005630003,Vila Nossa Senhora do Rosário,Urbana,Belo Horizonte,IBGE
310620005630004,Esplanada,Urbana,Belo Horizonte,IBGE
310620005630005,Esplanada,Urbana,Belo Horizonte,IBGE
310620005630007,Esplanada,Urbana,Belo Horizonte,IBGE
310620005630009,Esplanada,Urbana,Belo Horizonte,IBGE
310620005630010,Pompéia,Urbana,Belo Horizonte,IBGE
310620005630011,Pompéia,Urbana,Belo Horizonte,IBGE
310620005630012,Pompéia,Urbana,Belo Horizonte,IBGE
310620005630013,Pompéia,Urbana,Belo Horizonte,IBGE
310620005630014,Esplanada,Urbana,Belo Horizonte,IBGE
310620005630015,Esplanada,Urbana,Belo Horizonte,IBGE
310620005630016,Esplanada,Urbana,Belo Horizonte,IBGE
310620005630018,Vera Cruz,Urbana,Belo Horizonte,IBGE
310620005630020,Horto,Urbana,Belo Horizonte,IBGE
310620005630021,Horto,Urbana,Belo Horizonte,IBGE
310620005630023,São Geraldo,Urbana,Belo Horizonte,IBGE
310620005630024,São Geraldo,Urbana,Belo Horizonte,IBGE
310620005630025,São Geraldo,Urbana,Belo Horizonte,IBGE
310620005630026,São Geraldo,Urbana,Belo Horizonte,IBGE
310620005630027,Alto Vera Cruz,Urbana,Belo Horizonte,IBGE
310620005630028,Vera Cruz,Urbana,Belo Horizonte,IBGE
310620005630029,Vera Cruz,Urbana,Belo Horizonte,IBGE
310620005630030,Saudade,Urbana,Belo Horizonte,IBGE
310620005630031,Saudade,Urbana,Belo Horizonte,IBGE
310620005630032,Pompéia,Urbana,Belo Horizonte,IBGE
310620005630033,Pompéia,Urbana,Belo Horizonte,IBGE
310620005630034,Paraíso,Urbana,Belo Horizonte,IBGE
310620005630035,Santa Tereza,Urbana,Belo Horizonte,IBGE
310620005630036,Santa Tereza,Urbana,Belo Horizonte,IBGE
310620005630038,Santa Tereza,Urbana,Belo Horizonte,IBGE
310620005630039,Santa Tereza,Urbana,Belo Horizonte,IBGE
310620005630040,Horto,Urbana,Belo Horizonte,IBGE
310620005630041,Sagrada Família,Urbana,Belo Horizonte,IBGE
310620005630042,Sagrada Família,Urbana,Belo Horizonte,IBGE
310620005630043,Horto Florestal,Urbana,Belo Horizonte,IBGE
310620005630044,Horto Florestal,Urbana,Belo Horizonte,IBGE
310620005630045,Horto Florestal,Urbana,Belo Horizonte,IBGE
310620005630046,Horto Florestal,Urbana,Belo Horizonte,IBGE
310620005630047,Santa Inês,Urbana,Belo Horizonte,IBGE
310620005630048,Boa Vista,Urbana,Belo Horizonte,IBGE
310620005630049,Boa Vista,Urbana,Belo Horizonte,IBGE
310620005630050,São Geraldo,Urbana,Belo Horizonte,IBGE
310620005630051,São Geraldo,Urbana,Belo Horizonte,IBGE
310620005630052,São Geraldo,Urbana,Belo Horizonte,IBGE
310620005630053,Casa Branca,Urbana,Belo Horizonte,IBGE
310620005630054,Alto Vera Cruz,Urbana,Belo Horizonte,IBGE
310620005630056,Alto Vera Cruz,Urbana,Belo Horizonte,IBGE
310620005630058,Vera Cruz,Urbana,Belo Horizonte,IBGE
310620005630059,Vera Cruz,Urbana,Belo Horizonte,IBGE
310620005630060,Saudade,Urbana,Belo Horizonte,IBGE
310620005630061,Saudade,Urbana,Belo Horizonte,IBGE
310620005630062,Paraíso,Urbana,Belo Horizonte,IBGE
310620005630064,Santa Efigênia,Urbana,Belo Horizonte,IBGE
310620005630065,Santa Tereza,Urbana,Belo Horizonte,IBGE
310620005630066,Horto,Urbana,Belo Horizonte,IBGE
310620005630068,Santa Tereza,Urbana,Belo Horizonte,IBGE
310620005630069,Horto,Urbana,Belo Horizonte,IBGE
310620005630070,Sagrada Família,Urbana,Belo Horizonte,IBGE
310620005630073,Sagrada Família,Urbana,Belo Horizonte,IBGE
310620005630074,Sagrada Família,Urbana,Belo Horizonte,IBGE
310620005630075,Sagrada Família,Urbana,Belo Horizonte,IBGE
310620005630076,Sagrada Família,Urbana,Belo Horizonte,IBGE
310620005630079,Santa Inês,Urbana,Belo Horizonte,IBGE
310620005630081,Boa Vista,Urbana,Belo Horizonte,IBGE
310620005630082,Boa Vista,Urbana,Belo Horizonte,IBGE
310620005630083,Boa Vista,Urbana,Belo Horizonte,IBGE
310620005630084,Boa Vista,Urbana,Belo Horizonte,IBGE
310620005630085,São Geraldo,Urbana,Belo Horizonte,IBGE
310620005630086,São Geraldo,Urbana,Belo Horizonte,IBGE
310620005630087,São Geraldo,Urbana,Belo Horizonte,IBGE
310620005630088,Alto Vera Cruz,Urbana,Belo Horizonte,IBGE
310620005630089,Alto Vera Cruz,Urbana,Belo Horizonte,IBGE
310620005630090,Alto Vera Cruz,Urbana,Belo Horizonte,IBGE
310620005630091,Alto Vera Cruz,Urbana,Belo Horizonte,IBGE
310620005630092,Alto Vera Cruz,Urbana,Belo Horizonte,IBGE
310620005630093,Alto Vera Cruz,Urbana,Belo Horizonte,IBGE
310620005630094,Saudade,Urbana,Belo Horizonte,IBGE
310620005630095,Saudade,Urbana,Belo Horizonte,IBGE
310620005630096,Paraíso,Urbana,Belo Horizonte,IBGE
310620005630097,Paraíso,Urbana,Belo Horizonte,IBGE
310620005630098,Paraíso,Urbana,Belo Horizonte,IBGE
310620005630099,Cônego Pinheiro,Urbana,Belo Horizonte,IBGE
310620005630100,Paraíso,Urbana,Belo Horizonte,IBGE
310620005630101,Santa Efigênia,Urbana,Belo Horizonte,IBGE
310620005630102,Santa Tereza,Urbana,Belo Horizonte,IBGE
310620005630103,Santa Tereza,Urbana,Belo Horizonte,IBGE
310620005630104,Santa Tereza,Urbana,Belo Horizonte,IBGE
310620005630105,Santa Tereza,Urbana,Belo Horizonte,IBGE
310620005630106,Santa Tereza,Urbana,Belo Horizonte,IBGE
310620005630107,Santa Tereza,Urbana,Belo Horizonte,IBGE
310620005630108,Sagrada Família,Urbana,Belo Horizonte,IBGE
310620005630110,Sagrada Família,Urbana,Belo Horizonte,IBGE
310620005630112,Sagrada Família,Urbana,Belo Horizonte,IBGE
310620005630113,Sagrada Família,Urbana,Belo Horizonte,IBGE
310620005630114,Sagrada Família,Urbana,Belo Horizonte,IBGE
310620005630115,Sagrada Família,Urbana,Belo Horizonte,IBGE
310620005630116,Sagrada Família,Urbana,Belo Horizonte,IBGE
310620005630117,Santa Inês,Urbana,Belo Horizonte,IBGE
310620005630118,Boa Vista,Urbana,Belo Horizonte,IBGE
310620005630119,Boa Vista,Urbana,Belo Horizonte,IBGE
310620005630120,Boa Vista,Urbana,Belo Horizonte,IBGE
310620005630121,Boa Vista,Urbana,Belo Horizonte,IBGE
310620005630122,São Geraldo,Urbana,Belo Horizonte,IBGE
310620005630123,São Geraldo,Urbana,Belo Horizonte,IBGE
310620005630125,Casa Branca,Urbana,Belo Horizonte,IBGE
310620005630126,Casa Branca,Urbana,Belo Horizonte,IBGE
310620005630127,Alto Vera Cruz,Urbana,Belo Horizonte,IBGE
310620005630128,Alto Vera Cruz,Urbana,Belo Horizonte,IBGE
310620005630129,Alto Vera Cruz,Urbana,Belo Horizonte,IBGE
310620005630130,Alto Vera Cruz,Urbana,Belo Horizonte,IBGE
310620005630131,Alto Vera Cruz,Urbana,Belo Horizonte,IBGE
310620005630132,Paraíso,Urbana,Belo Horizonte,IBGE
310620005630133,Paraíso,Urbana,Belo Horizonte,IBGE
310620005630134,Paraíso,Urbana,Belo Horizonte,IBGE
310620005630136,Paraíso,Urbana,Belo Horizonte,IBGE
310620005630137,Santa Efigênia,Urbana,Belo Horizonte,IBGE
310620005630138,Santa Efigênia,Urbana,Belo Horizonte,IBGE
310620005630139,Santa Efigênia,Urbana,Belo Horizonte,IBGE
310620005630142,Santa Tereza,Urbana,Belo Horizonte,IBGE
310620005630143,Sagrada Família,Urbana,Belo Horizonte,IBGE
310620005630145,Sagrada Família,Urbana,Belo Horizonte,IBGE
310620005630146,Sagrada Família,Urbana,Belo Horizonte,IBGE
310620005630147,Sagrada Família,Urbana,Belo Horizonte,IBGE
310620005630148,Sagrada Família,Urbana,Belo Horizonte,IBGE
310620005630149,Sagrada Família,Urbana,Belo Horizonte,IBGE
310620005630150,Santa Inês,Urbana,Belo Horizonte,IBGE
310620005630151,Santa Inês,Urbana,Belo Horizonte,IBGE
310620005630152,Nova Vista,Urbana,Belo Horizonte,IBGE
310620005630153,Nova Vista,Urbana,Belo Horizonte,IBGE
310620005630154,Nova Vista,Urbana,Belo Horizonte,IBGE
310620005630155,Nova Vista,Urbana,Belo Horizonte,IBGE
310620005630156,Boa Vista,Urbana,Belo Horizonte,IBGE
310620005630157,Boa Vista,Urbana,Belo Horizonte,IBGE
310620005630158,Boa Vista,Urbana,Belo Horizonte,IBGE
310620005630159,Boa Vista,Urbana,Belo Horizonte,IBGE
310620005630160,Boa Vista,Urbana,Belo Horizonte,IBGE
310620005630162,Vila Boa Vista,Urbana,Belo Horizonte,IBGE
310620005630163,Vila Boa Vista,Urbana,Belo Horizonte,IBGE
310620005630164,Mariano de Abreu,Urbana,Belo Horizonte,IBGE
310620005630165,Mariano de Abreu,Urbana,Belo Horizonte,IBGE
310620005630166,Casa Branca,Urbana,Belo Horizonte,IBGE
310620005630167,Alto Vera Cruz,Urbana,Belo Horizonte,IBGE
310620005630168,Alto Vera Cruz,Urbana,Belo Horizonte,IBGE
310620005630169,Alto Vera Cruz,Urbana,Belo Horizonte,IBGE
310620005630170,Alto Vera Cruz,Urbana,Belo Horizonte,IBGE
310620005630171,Alto Vera Cruz,Urbana,Belo Horizonte,IBGE
310620005630172,Taquaril,Urbana,Belo Horizonte,IBGE
310620005630173,Alto Vera Cruz,Urbana,Belo Horizonte,IBGE
310620005630175,Paraíso,Urbana,Belo Horizonte,IBGE
310620005630176,Paraíso,Urbana,Belo Horizonte,IBGE
310620005630177,Paraíso,Urbana,Belo Horizonte,IBGE
310620005630178,Paraíso,Urbana,Belo Horizonte,IBGE
310620005630180,Santa Efigênia,Urbana,Belo Horizonte,IBGE
310620005630181,Santa Efigênia,Urbana,Belo Horizonte,IBGE
310620005630182,Santa Efigênia,Urbana,Belo Horizonte,IBGE
310620005630183,Santa Efigênia,Urbana,Belo Horizonte,IBGE
310620005630184,Santa Efigênia,Urbana,Belo Horizonte,IBGE
310620005630185,Vila Dias,Urbana,Belo Horizonte,IBGE
310620005630186,Santa Tereza,Urbana,Belo Horizonte,IBGE
310620005630187,São Vicente,Urbana,Belo Horizonte,IBGE
310620005630189,Santa Tereza,Urbana,Belo Horizonte,IBGE
310620005630190,Floresta,Urbana,Belo Horizonte,IBGE
310620005630191,Santa Tereza,Urbana,Belo Horizonte,IBGE
310620005630192,Floresta,Urbana,Belo Horizonte,IBGE
310620005630196,Sagrada Família,Urbana,Belo Horizonte,IBGE
310620005630197,Sagrada Família,Urbana,Belo Horizonte,IBGE
310620005630198,Sagrada Família,Urbana,Belo Horizonte,IBGE
310620005630199,Sagrada Família,Urbana,Belo Horizonte,IBGE
310620005630200,Sagrada Família,Urbana,Belo Horizonte,IBGE
310620005630202,Santa Inês,Urbana,Belo Horizonte,IBGE
310620005630203,Nova Vista,Urbana,Belo Horizonte,IBGE
310620005630205,Nova Vista,Urbana,Belo Horizonte,IBGE
310620005630206,Boa Vista,Urbana,Belo Horizonte,IBGE
310620005630207,Pirineus,Urbana,Belo Horizonte,IBGE
310620005630211,Paraíso,Urbana,Belo Horizonte,IBGE
310620005630213,Santa Efigênia,Urbana,Belo Horizonte,IBGE
310620005630214,Floresta,Urbana,Belo Horizonte,IBGE
310620005630216,Floresta,Urbana,Belo Horizonte,IBGE
310620005630217,Floresta,Urbana,Belo Horizonte,IBGE
310620005630219,Floresta,Urbana,Belo Horizonte,IBGE
310620005630220,Floresta,Urbana,Belo Horizonte,IBGE
310620005630221,Floresta,Urbana,Belo Horizonte,IBGE
310620005630222,Sagrada Família,Urbana,Belo Horizonte,IBGE
310620005630223,Sagrada Família,Urbana,Belo Horizonte,IBGE
310620005630224,Sagrada Família,Urbana,Belo Horizonte,IBGE
310620005630225,Sagrada Família,Urbana,Belo Horizonte,IBGE
310620005630226,Sagrada Família,Urbana,Belo Horizonte,IBGE
310620005630227,Santa Inês,Urbana,Belo Horizonte,IBGE
310620005630228,Nova Vista,Urbana,Belo Horizonte,IBGE
310620005630229,Boa Vista,Urbana,Belo Horizonte,IBGE
310620005630230,Boa Vista,Urbana,Belo Horizonte,IBGE
310620005630231,Casa Branca,Urbana,Belo Horizonte,IBGE
310620005630233,Novo São Lucas,Urbana,Belo Horizonte,IBGE
310620005630234,Santa Efigênia,Urbana,Belo Horizonte,IBGE
310620005630238,Santa Efigênia,Urbana,Belo Horizonte,IBGE
310620005630239,Granja de Freitas,Urbana,Belo Horizonte,IBGE
310620005630241,Floresta,Urbana,Belo Horizonte,IBGE
310620005630242,Colégio Batista,Urbana,Belo Horizonte,IBGE
310620005630243,Colégio Batista,Urbana,Belo Horizonte,IBGE
310620005630244,Colégio Batista,Urbana,Belo Horizonte,IBGE
310620005630245,Colégio Batista,Urbana,Belo Horizonte,IBGE
310620005630246,Colégio Batista,Urbana,Belo Horizonte,IBGE
310620005630247,Colégio Batista,Urbana,Belo Horizonte,IBGE
310620005630249,Colégio Batista,Urbana,Belo Horizonte,IBGE
310620005630250,Colégio Batista,Urbana,Belo Horizonte,IBGE
310620005630251,Colégio Batista,Urbana,Belo Horizonte,IBGE
310620005630253,Granja de Freitas,Urbana,Belo Horizonte,IBGE
310620005630256,Cidade Jardim Taquaril,Urbana,Belo Horizonte,IBGE
310620005630260,Conjunto Taquaril,Urbana,Belo Horizonte,IBGE
310620005630261,Conjunto Taquaril,Urbana,Belo Horizonte,IBGE
310620005630262,Conjunto Taquaril,Urbana,Belo Horizonte,IBGE
310620005630263,Conjunto Taquaril,Urbana,Belo Horizonte,IBGE
310620005630264,Conjunto Taquaril,Urbana,Belo Horizonte,IBGE
310620005630265,Conjunto Taquaril,Urbana,Belo Horizonte,IBGE
310620005630266,Conjunto Taquaril,Urbana,Belo Horizonte,IBGE
310620005630269,Conjunto Taquaril,Urbana,Belo Horizonte,IBGE
310620005630270,Conjunto Taquaril,Urbana,Belo Horizonte,IBGE
310620005630271,Conjunto Taquaril,Urbana,Belo Horizonte,IBGE
310620005630273,Santa Efigênia,Urbana,Belo Horizonte,IBGE
310620005630275,Santa Efigênia,Urbana,Belo Horizonte,IBGE
310620005630276,Colégio Batista,Urbana,Belo Horizonte,IBGE
310620005630277,Colégio Batista,Urbana,Belo Horizonte,IBGE
310620005630278,Floresta,Urbana,Belo Horizonte,IBGE
310620005630279,Sagrada Família,Urbana,Belo Horizonte,IBGE
310620005630280,Colégio Batista,Urbana,Belo Horizonte,IBGE
310620005630281,Floresta,Urbana,Belo Horizonte,IBGE
310620005630282,Floresta,Urbana,Belo Horizonte,IBGE
310620005630283,Sagrada Família,Urbana,Belo Horizonte,IBGE
310620005630284,Sagrada Família,Urbana,Belo Horizonte,IBGE
310620005630285,Sagrada Família,Urbana,Belo Horizonte,IBGE
310620005630286,Sagrada Família,Urbana,Belo Horizonte,IBGE
310620005630287,Sagrada Família,Urbana,Belo Horizonte,IBGE
310620005630288,Sagrada Família,Urbana,Belo Horizonte,IBGE
310620005630289,Sagrada Família,Urbana,Belo Horizonte,IBGE
310620005630290,Sagrada Família,Urbana,Belo Horizonte,IBGE
310620005630291,Sagrada Família,Urbana,Belo Horizonte,IBGE
310620005630292,Sagrada Família,Urbana,Belo Horizonte,IBGE
310620005630293,Sagrada Família,Urbana,Belo Horizonte,IBGE
310620005630294,Sagrada Família,Urbana,Belo Horizonte,IBGE
310620005630295,Floresta,Urbana,Belo Horizonte,IBGE
310620005630296,Santa Tereza,Urbana,Belo Horizonte,IBGE
310620005630297,Horto,Urbana,Belo Horizonte,IBGE
310620005630298,Horto,Urbana,Belo Horizonte,IBGE
310620005630300,Sagrada Família,Urbana,Belo Horizonte,IBGE
310620005630301,Horto,Urbana,Belo Horizonte,IBGE
310620005630302,Sagrada Família,Urbana,Belo Horizonte,IBGE
310620005630303,Sagrada Família,Urbana,Belo Horizonte,IBGE
310620005630304,Sagrada Família,Urbana,Belo Horizonte,IBGE
310620005630305,Horto Florestal,Urbana,Belo Horizonte,IBGE
310620005630306,Sagrada Família,Urbana,Belo Horizonte,IBGE
310620005630307,Sagrada Família,Urbana,Belo Horizonte,IBGE
310620005630308,Horto,Urbana,Belo Horizonte,IBGE
310620005630309,Horto Florestal,Urbana,Belo Horizonte,IBGE
310620005630310,Santa Tereza,Urbana,Belo Horizonte,IBGE
310620005630311,Horto,Urbana,Belo Horizonte,IBGE
310620005630312,Santa Tereza,Urbana,Belo Horizonte,IBGE
310620005630314,João Alfredo,Urbana,Belo Horizonte,IBGE
310620005630316,Horto,Urbana,Belo Horizonte,IBGE
310620005630317,São Geraldo,Urbana,Belo Horizonte,IBGE
310620005630318,Boa Vista,Urbana,Belo Horizonte,IBGE
310620005630321,São Geraldo,Urbana,Belo Horizonte,IBGE
310620005630322,Grota,Urbana,Belo Horizonte,IBGE
310620005630323,São Geraldo,Urbana,Belo Horizonte,IBGE
310620005630324,São Geraldo,Urbana,Belo Horizonte,IBGE
310620005630325,São Geraldo,Urbana,Belo Horizonte,IBGE
310620005630326,Pompéia,Urbana,Belo Horizonte,IBGE
310620005630328,São Rafael,Urbana,Belo Horizonte,IBGE
310620005630329,São Rafael,Urbana,Belo Horizonte,IBGE
310620005630332,Saudade,Urbana,Belo Horizonte,IBGE
310620005630334,Horto Florestal,Urbana,Belo Horizonte,IBGE
310620005630335,Horto Florestal,Urbana,Belo Horizonte,IBGE
310620005630336,São Geraldo,Urbana,Belo Horizonte,IBGE
310620005630337,Caetano Furquim,Urbana,Belo Horizonte,IBGE
310620005630338,Casa Branca,Urbana,Belo Horizonte,IBGE
310620005630339,Jonas Veiga,Urbana,Belo Horizonte,IBGE
310620005630340,Alto Vera Cruz,Urbana,Belo Horizonte,IBGE
310620005630341,Saudade,Urbana,Belo Horizonte,IBGE
310620005630344,São Geraldo,Urbana,Belo Horizonte,IBGE
310620005630345,Casa Branca,Urbana,Belo Horizonte,IBGE
310620005630346,Alto Vera Cruz,Urbana,Belo Horizonte,IBGE
310620005630347,Alto Vera Cruz,Urbana,Belo Horizonte,IBGE
310620005630348,Alto Vera Cruz,Urbana,Belo Horizonte,IBGE
310620005630349,Alto Vera Cruz,Urbana,Belo Horizonte,IBGE
310620005630350,Vera Cruz,Urbana,Belo Horizonte,IBGE
310620005630351,Jonas Veiga,Urbana,Belo Horizonte,IBGE
310620005630352,Vila Paraíso,Urbana,Belo Horizonte,IBGE
310620005630353,Cônego Pinheiro A,Urbana,Belo Horizonte,IBGE
310620005630354,Santa Efigênia,Urbana,Belo Horizonte,IBGE
310620005630356,Paraíso,Urbana,Belo Horizonte,IBGE
310620005630357,Nova Vista,Urbana,Belo Horizonte,IBGE
310620005630358,Vila São Geraldo,Urbana,Belo Horizonte,IBGE
310620005630360,Mariano de Abreu,Urbana,Belo Horizonte,IBGE
310620005630361,Casa Branca,Urbana,Belo Horizonte,IBGE
310620005630362,São Geraldo,Urbana,Belo Horizonte,IBGE
310620005630363,Casa Branca,Urbana,Belo Horizonte,IBGE
310620005630364,Alto Vera Cruz,Urbana,Belo Horizonte,IBGE
310620005630365,Alto Vera Cruz,Urbana,Belo Horizonte,IBGE
310620005630366,Jonas Veiga,Urbana,Belo Horizonte,IBGE
310620005630367,Santa Efigênia,Urbana,Belo Horizonte,IBGE
310620005630368,Santa Inês,Urbana,Belo Horizonte,IBGE
310620005630369,Nova Vista,Urbana,Belo Horizonte,IBGE
310620005630371,Alto Vera Cruz,Urbana,Belo Horizonte,IBGE
310620005630372,Jonas Veiga,Urbana,Belo Horizonte,IBGE
310620005630373,Alto Vera Cruz,Urbana,Belo Horizonte,IBGE
310620005630374,Jonas Veiga,Urbana,Belo Horizonte,IBGE
310620005630375,Santa Efigênia,Urbana,Belo Horizonte,IBGE
310620005630376,Santa Tereza,Urbana,Belo Horizonte,IBGE
310620005630377,Santa Tereza,Urbana,Belo Horizonte,IBGE
310620005630378,Santa Tereza,Urbana,Belo Horizonte,IBGE
310620005630379,Santa Inês,Urbana,Belo Horizonte,IBGE
310620005630380,Santa Inês,Urbana,Belo Horizonte,IBGE
310620005630381,Nova Vista,Urbana,Belo Horizonte,IBGE
310620005630382,Cidade Jardim Taquaril,Urbana,Belo Horizonte,IBGE
310620005630386,Santa Inês,Urbana,Belo Horizonte,IBGE
310620005630387,Boa Vista,Urbana,Belo Horizonte,IBGE
310620005630388,Boa Vista,Urbana,Belo Horizonte,IBGE
310620005630389,Casa Branca,Urbana,Belo Horizonte,IBGE
310620005630391,Taquaril,Urbana,Belo Horizonte,IBGE
310620005630392,Conjunto Taquaril,Urbana,Belo Horizonte,IBGE
310620005630395,Pirineus,Urbana,Belo Horizonte,IBGE
310620005630396,Granja de Freitas,Urbana,Belo Horizonte,IBGE
310620005630398,Conjunto Taquaril,Urbana,Belo Horizonte,IBGE
310620005630399,Conjunto Taquaril,Urbana,Belo Horizonte,IBGE
310620005630400,Conjunto Taquaril,Urbana,Belo Horizonte,IBGE
310620005630411,Colégio Batista,Urbana,Belo Horizonte,IBGE
310620005630412,Belém,Urbana,Belo Horizonte,IBGE
310620005630413,Vila Vera Cruz II,Urbana,Belo Horizonte,IBGE
310620005630414,Vila Vera Cruz I,Urbana,Belo Horizonte,IBGE
310620005630415,Santa Tereza,Urbana,Belo Horizonte,IBGE
310620005630416,Sagrada Família,Urbana,Belo Horizonte,IBGE
310620005630417,Sagrada Família,Urbana,Belo Horizonte,IBGE
310620005630418,Alto Vera Cruz,Urbana,Belo Horizonte,IBGE
310620005630420,Esplanada,Urbana,Belo Horizonte,IBGE
310620005630421,Paraíso,Urbana,Belo Horizonte,IBGE
310620005630422,Alto Vera Cruz,Urbana,Belo Horizonte,IBGE
310620005630423,Esplanada,Urbana,Belo Horizonte,IBGE
310620005630424,Alto Vera Cruz,Urbana,Belo Horizonte,IBGE
310620005630425,Sagrada Família,Urbana,Belo Horizonte,IBGE
310620005630426,Boa Vista,Urbana,Belo Horizonte,IBGE
310620005630427,Boa Vista,Urbana,Belo Horizonte,IBGE
310620005630428,Santa Efigênia,Urbana,Belo Horizonte,IBGE
310620005630429,Boa Vista,Urbana,Belo Horizonte,IBGE
310620005630430,Boa Vista,Urbana,Belo Horizonte,IBGE
310620005630431,Santa Tereza,Urbana,Belo Horizonte,IBGE
310620005630432,São Geraldo,Urbana,Belo Horizonte,IBGE
310620005630433,Sagrada Família,Urbana,Belo Horizonte,IBGE
310620005630434,São Geraldo,Urbana,Belo Horizonte,IBGE
310620005630435,Boa Vista,Urbana,Belo Horizonte,IBGE
310620005630436,Santa Inês,Urbana,Belo Horizonte,IBGE
310620005630437,Sagrada Família,Urbana,Belo Horizonte,IBGE
310620005630438,Boa Vista,Urbana,Belo Horizonte,IBGE
310620005630439,Santa Tereza,Urbana,Belo Horizonte,IBGE
310620005630440,Floresta,Urbana,Belo Horizonte,IBGE
310620005630441,Boa Vista,Urbana,Belo Horizonte,IBGE
310620005630442,Boa Vista,Urbana,Belo Horizonte,IBGE
310620005630443,Sagrada Família,Urbana,Belo Horizonte,IBGE
310620005630444,Conjunto Taquaril,Urbana,Belo Horizonte,IBGE
310620005630445,Sagrada Família,Urbana,Belo Horizonte,IBGE
310620005630446,Sagrada Família,Urbana,Belo Horizonte,IBGE
310620005630447,Nova Vista,Urbana,Belo Horizonte,IBGE
310620005630448,Boa Vista,Urbana,Belo Horizonte,IBGE
310620005630449,Conjunto Taquaril,Urbana,Belo Horizonte,IBGE
310620005630450,Santa Inês,Urbana,Belo Horizonte,IBGE
310620005630451,Santa Efigênia,Urbana,Belo Horizonte,IBGE
310620005630452,Nova Vista,Urbana,Belo Horizonte,IBGE
310620005630453,Santa Tereza,Urbana,Belo Horizonte,IBGE
310620005630454,Floresta,Urbana,Belo Horizonte,IBGE
310620005630455,Nova Vista,Urbana,Belo Horizonte,IBGE
310620005630456,Boa Vista,Urbana,Belo Horizonte,IBGE
310620005630457,Sagrada Família,Urbana,Belo Horizonte,IBGE
310620005630458,São Geraldo,Urbana,Belo Horizonte,IBGE
310620005630459,Esplanada,Urbana,Belo Horizonte,IBGE
310620005630460,Esplanada,Urbana,Belo Horizonte,IBGE
310620005630461,Casa Branca,Urbana,Belo Horizonte,IBGE
310620005630462,Santa Efigênia,Urbana,Belo Horizonte,IBGE
310620005630463,Sagrada Família,Urbana,Belo Horizonte,IBGE
310620005630464,Boa Vista,Urbana,Belo Horizonte,IBGE
310620005630465,Santa Efigênia,Urbana,Belo Horizonte,IBGE
310620005630466,Santa Efigênia,Urbana,Belo Horizonte,IBGE
310620005630467,Granja de Freitas,Urbana,Belo Horizonte,IBGE
310620005630468,Sagrada Família,Urbana,Belo Horizonte,IBGE
310620005630469,Colégio Batista,Urbana,Belo Horizonte,IBGE
310620005630470,Colégio Batista,Urbana,Belo Horizonte,IBGE
310620005630471,Santa Tereza,Urbana,Belo Horizonte,IBGE
310620005630472,Sagrada Família,Urbana,Belo Horizonte,IBGE
310620005630473,Vila Dias,Urbana,Belo Horizonte,IBGE
310620005630474,Santa Tereza,Urbana,Belo Horizonte,IBGE
310620005630475,Granja de Freitas,Urbana,Belo Horizonte,IBGE
310620005630476,Granja de Freitas,Urbana,Belo Horizonte,IBGE
310620005630477,Granja de Freitas,Urbana,Belo Horizonte,IBGE
310620005630478,Granja de Freitas,Urbana,Belo Horizonte,IBGE
310620005630483,Vila Vera Cruz I,Urbana,Belo Horizonte,IBGE
310620005630485,Paraíso,Urbana,Belo Horizonte,IBGE
310620005630486,Paraíso,Urbana,Belo Horizonte,IBGE
310620005630487,Granja de Freitas,Urbana,Belo Horizonte,IBGE
310620005630488,Granja de Freitas,Urbana,Belo Horizonte,IBGE
310620005630489,Granja de Freitas,Urbana,Belo Horizonte,IBGE
310620005630490,Conjunto Taquaril,Urbana,Belo Horizonte,IBGE
310620005630491,Conjunto Taquaril,Urbana,Belo Horizonte,IBGE
310620005630492,Santa Efigênia,Urbana,Belo Horizonte,IBGE
310620005630493,Santa Tereza,Urbana,Belo Horizonte,IBGE
310620005630494,Cidade Jardim Taquaril,Urbana,Belo Horizonte,IBGE
310620005630496,Pompéia,Urbana,Belo Horizonte,IBGE
310620005630497,Conjunto Taquaril,Urbana,Belo Horizonte,IBGE
310620005630498,Paraíso,Urbana,Belo Horizonte,IBGE
310620005630499,Boa Vista,Urbana,Belo Horizonte,IBGE
310620005630500,Cidade Jardim Taquaril,Urbana,Belo Horizonte,IBGE
310620005630501,Horto Florestal,Urbana,Belo Horizonte,IBGE
310620005630502,Horto Florestal,Urbana,Belo Horizonte,IBGE
310620005630503,Sagrada Família,Urbana,Belo Horizonte,IBGE
310620005630504,Sagrada Família,Urbana,Belo Horizonte,IBGE
310620005630505,Santa Tereza,Urbana,Belo Horizonte,IBGE
310620005630506,Santa Tereza,Urbana,Belo Horizonte,IBGE
310620005630507,Paraíso,Urbana,Belo Horizonte,IBGE
310620005630508,Paraíso,Urbana,Belo Horizonte,IBGE
310620005630509,Taquaril,Urbana,Belo Horizonte,IBGE
310620005630510,Taquaril,Urbana,Belo Horizonte,IBGE
310620005630511,Taquaril,Urbana,Belo Horizonte,IBGE
310620005630512,Taquaril,Urbana,Belo Horizonte,IBGE
310620005630513,Alto Vera Cruz,Urbana,Belo Horizonte,IBGE
310620005630514,Alto Vera Cruz,Urbana,Belo Horizonte,IBGE
310620005630515,Sagrada Família,Urbana,Belo Horizonte,IBGE
310620005630516,Sagrada Família,Urbana,Belo Horizonte,IBGE
310620005630517,Conjunto Taquaril,Urbana,Belo Horizonte,IBGE
310620005630518,Conjunto Taquaril,Urbana,Belo Horizonte,IBGE
310620005630519,Conjunto Taquaril,Urbana,Belo Horizonte,IBGE
310620005630520,Conjunto Taquaril,Urbana,Belo Horizonte,IBGE
310620005630521,Alto Vera Cruz,Urbana,Belo Horizonte,IBGE
310620005630522,Alto Vera Cruz,Urbana,Belo Horizonte,IBGE
310620005630523,Mariano de Abreu,Urbana,Belo Horizonte,IBGE
310620005630524,Mariano de Abreu,Urbana,Belo Horizonte,IBGE
310620005630525,Paraíso,Urbana,Belo Horizonte,IBGE
310620005630526,Santa Efigênia,Urbana,Belo Horizonte,IBGE
310620005630527,Sagrada Família,Urbana,Belo Horizonte,IBGE
310620005630528,Sagrada Família,Urbana,Belo Horizonte,IBGE
310620005630529,São Geraldo,Urbana,Belo Horizonte,IBGE
310620005630530,São Geraldo,Urbana,Belo Horizonte,IBGE
310620005630531,Paraíso,Urbana,Belo Horizonte,IBGE
310620005630532,Paraíso,Urbana,Belo Horizonte,IBGE
310620005630533,Paraíso,Urbana,Belo Horizonte,IBGE
310620005630534,Paraíso,Urbana,Belo Horizonte,IBGE
310620005630535,Sagrada Família,Urbana,Belo Horizonte,IBGE
310620005630536,Sagrada Família,Urbana,Belo Horizonte,IBGE
310620005630537,Horto Florestal,Urbana,Belo Horizonte,IBGE
310620005630538,Horto Florestal,Urbana,Belo Horizonte,IBGE
310620005630539,Sagrada Família,Urbana,Belo Horizonte,IBGE
310620005630540,Sagrada Família,Urbana,Belo Horizonte,IBGE
310620005630541,Sagrada Família,Urbana,Belo Horizonte,IBGE
310620005630542,Sagrada Família,Urbana,Belo Horizonte,IBGE
310620005630543,Santa Inês,Urbana,Belo Horizonte,IBGE
310620005630544,Santa Inês,Urbana,Belo Horizonte,IBGE
310620005630545,Esplanada,Urbana,Belo Horizonte,IBGE
310620005630546,Esplanada,Urbana,Belo Horizonte,IBGE
310620005630547,Esplanada,Urbana,Belo Horizonte,IBGE
310620005630548,Esplanada,Urbana,Belo Horizonte,IBGE
310620005630549,Esplanada,Urbana,Belo Horizonte,IBGE
310620005630550,Esplanada,Urbana,Belo Horizonte,IBGE
310620005630551,Vera Cruz,Urbana,Belo Horizonte,IBGE
310620005630552,Vera Cruz,Urbana,Belo Horizonte,IBGE
310620005630553,Pompéia,Urbana,Belo Horizonte,IBGE
310620005630554,Pompéia,Urbana,Belo Horizonte,IBGE
310620005630555,Santa Tereza,Urbana,Belo Horizonte,IBGE
310620005630556,Santa Tereza,Urbana,Belo Horizonte,IBGE
310620005630557,Sagrada Família,Urbana,Belo Horizonte,IBGE
310620005630558,Sagrada Família,Urbana,Belo Horizonte,IBGE
310620005630559,Sagrada Família,Urbana,Belo Horizonte,IBGE
310620005630560,Sagrada Família,Urbana,Belo Horizonte,IBGE
310620005630561,Pompéia,Urbana,Belo Horizonte,IBGE
310620005630562,Pompéia,Urbana,Belo Horizonte,IBGE
310620005630563,Horto,Urbana,Belo Horizonte,IBGE
310620005630564,Horto,Urbana,Belo Horizonte,IBGE
310620005630565,Colégio Batista,Urbana,Belo Horizonte,IBGE
310620005630566,Colégio Batista,Urbana,Belo Horizonte,IBGE
310620005630567,Conjunto Taquaril,Urbana,Belo Horizonte,IBGE
310620005630568,Conjunto Taquaril,Urbana,Belo Horizonte,IBGE
310620005630569,Conjunto Taquaril,Urbana,Belo Horizonte,IBGE
310620005630570,Conjunto Taquaril,Urbana,Belo Horizonte,IBGE
310620005630571,Jonas Veiga,Urbana,Belo Horizonte,IBGE
310620005630572,Jonas Veiga,Urbana,Belo Horizonte,IBGE
310620005630573,Vila Vera Cruz I,Urbana,Belo Horizonte,IBGE
310620005630574,Santa Tereza,Urbana,Belo Horizonte,IBGE
310620005630575,Santa Tereza,Urbana,Belo Horizonte,IBGE
310620005630576,Vila Ponta Porã,Urbana,Belo Horizonte,IBGE
310620005630577,Vila Ponta Porã,Urbana,Belo Horizonte,IBGE
310620005630578,Horto Florestal,Urbana,Belo Horizonte,IBGE
310620005630579,Horto Florestal,Urbana,Belo Horizonte,IBGE
310620005630580,Sagrada Família,Urbana,Belo Horizonte,IBGE
310620005630581,Sagrada Família,Urbana,Belo Horizonte,IBGE
310620005630582,Baleia,Urbana,Belo Horizonte,IBGE
310620005630583,Esplanada,Urbana,Belo Horizonte,IBGE
310620005630584,Granja de Freitas,Urbana,Belo Horizonte,IBGE
310620005630585,Santa Inês,Urbana,Belo Horizonte,IBGE
310620005630586,Santa Inês,Urbana,Belo Horizonte,IBGE
310620005630587,Nova Vista,Urbana,Belo Horizonte,IBGE
310620005630588,Nova Vista,Urbana,Belo Horizonte,IBGE
310620005630589,Floresta,Urbana,Belo Horizonte,IBGE
310620005630590,Floresta,Urbana,Belo Horizonte,IBGE
310620005630591,Floresta,Urbana,Belo Horizonte,IBGE
310620005630592,Floresta,Urbana,Belo Horizonte,IBGE
310620005630593,Santa Efigênia,Urbana,Belo Horizonte,IBGE
310620005630594,Santa Efigênia,Urbana,Belo Horizonte,IBGE
310620005640001,Ipiranga,Urbana,Belo Horizonte,IBGE
310620005640002,Ipiranga,Urbana,Belo Horizonte,IBGE
310620005640003,Ipiranga,Urbana,Belo Horizonte,IBGE
310620005640004,Ipiranga,Urbana,Belo Horizonte,IBGE
310620005640005,Ipiranga,Urbana,Belo Horizonte,IBGE
310620005640006,Ipiranga,Urbana,Belo Horizonte,IBGE
310620005640007,Silveira,Urbana,Belo Horizonte,IBGE
310620005640008,Nova Floresta,Urbana,Belo Horizonte,IBGE
310620005640009,Renascença,Urbana,Belo Horizonte,IBGE
310620005640010,Renascença,Urbana,Belo Horizonte,IBGE
310620005640011,Renascença,Urbana,Belo Horizonte,IBGE
310620005640012,Renascença,Urbana,Belo Horizonte,IBGE
310620005640013,Santa Cruz,Urbana,Belo Horizonte,IBGE
310620005640014,Ipiranga,Urbana,Belo Horizonte,IBGE
310620005640015,Ipiranga,Urbana,Belo Horizonte,IBGE
310620005640016,Cidade Nova,Urbana,Belo Horizonte,IBGE
310620005640017,Cidade Nova,Urbana,Belo Horizonte,IBGE
310620005640018,Cidade Nova,Urbana,Belo Horizonte,IBGE
310620005640019,Cidade Nova,Urbana,Belo Horizonte,IBGE
310620005640020,Silveira,Urbana,Belo Horizonte,IBGE
310620005640021,Silveira,Urbana,Belo Horizonte,IBGE
310620005640022,Nova Floresta,Urbana,Belo Horizonte,IBGE
310620005640023,Renascença,Urbana,Belo Horizonte,IBGE
310620005640024,Renascença,Urbana,Belo Horizonte,IBGE
310620005640025,Renascença,Urbana,Belo Horizonte,IBGE
310620005640026,Cachoeirinha,Urbana,Belo Horizonte,IBGE
310620005640027,Santa Cruz,Urbana,Belo Horizonte,IBGE
310620005640028,Santa Cruz,Urbana,Belo Horizonte,IBGE
310620005640029,Santa Cruz,Urbana,Belo Horizonte,IBGE
310620005640031,Ipiranga,Urbana,Belo Horizonte,IBGE
310620005640032,Cidade Nova,Urbana,Belo Horizonte,IBGE
310620005640033,Cidade Nova,Urbana,Belo Horizonte,IBGE
310620005640034,Nova Floresta,Urbana,Belo Horizonte,IBGE
310620005640035,Renascença,Urbana,Belo Horizonte,IBGE
310620005640036,Renascença,Urbana,Belo Horizonte,IBGE
310620005640037,Renascença,Urbana,Belo Horizonte,IBGE
310620005640038,Santa Cruz,Urbana,Belo Horizonte,IBGE
310620005640039,Santa Cruz,Urbana,Belo Horizonte,IBGE
310620005640040,Santa Cruz,Urbana,Belo Horizonte,IBGE
310620005640041,Santa Cruz,Urbana,Belo Horizonte,IBGE
310620005640042,Ipiranga,Urbana,Belo Horizonte,IBGE
310620005640043,Ipiranga,Urbana,Belo Horizonte,IBGE
310620005640044,Cidade Nova,Urbana,Belo Horizonte,IBGE
310620005640045,Cidade Nova,Urbana,Belo Horizonte,IBGE
310620005640046,Cidade Nova,Urbana,Belo Horizonte,IBGE
310620005640047,Cidade Nova,Urbana,Belo Horizonte,IBGE
310620005640048,Silveira,Urbana,Belo Horizonte,IBGE
310620005640049,Silveira,Urbana,Belo Horizonte,IBGE
310620005640050,Nova Floresta,Urbana,Belo Horizonte,IBGE
310620005640051,Renascença,Urbana,Belo Horizonte,IBGE
310620005640052,Renascença,Urbana,Belo Horizonte,IBGE
310620005640053,Cachoeirinha,Urbana,Belo Horizonte,IBGE
310620005640054,Cachoeirinha,Urbana,Belo Horizonte,IBGE
310620005640055,Cachoeirinha,Urbana,Belo Horizonte,IBGE
310620005640056,Santa Cruz,Urbana,Belo Horizonte,IBGE
310620005640057,Santa Cruz,Urbana,Belo Horizonte,IBGE
310620005640058,Vila da Paz,Urbana,Belo Horizonte,IBGE
310620005640059,Santa Cruz,Urbana,Belo Horizonte,IBGE
310620005640060,Santa Cruz,Urbana,Belo Horizonte,IBGE
310620005640061,Santa Cruz,Urbana,Belo Horizonte,IBGE
310620005640062,Santa Cruz,Urbana,Belo Horizonte,IBGE
310620005640063,Santa Cruz,Urbana,Belo Horizonte,IBGE
310620005640064,Santa Cruz,Urbana,Belo Horizonte,IBGE
310620005640065,Santa Cruz,Urbana,Belo Horizonte,IBGE
310620005640066,Ipiranga,Urbana,Belo Horizonte,IBGE
310620005640067,Ipiranga,Urbana,Belo Horizonte,IBGE
310620005640068,Ipiranga,Urbana,Belo Horizonte,IBGE
310620005640069,Cidade Nova,Urbana,Belo Horizonte,IBGE
310620005640070,Cidade Nova,Urbana,Belo Horizonte,IBGE
310620005640071,Cidade Nova,Urbana,Belo Horizonte,IBGE
310620005640072,Cidade Nova,Urbana,Belo Horizonte,IBGE
310620005640073,Cidade Nova,Urbana,Belo Horizonte,IBGE
310620005640074,Silveira,Urbana,Belo Horizonte,IBGE
310620005640075,União,Urbana,Belo Horizonte,IBGE
310620005640076,Nova Floresta,Urbana,Belo Horizonte,IBGE
310620005640077,Nova Floresta,Urbana,Belo Horizonte,IBGE
310620005640078,Concórdia,Urbana,Belo Horizonte,IBGE
310620005640079,Concórdia,Urbana,Belo Horizonte,IBGE
310620005640080,Renascença,Urbana,Belo Horizonte,IBGE
310620005640081,Concórdia,Urbana,Belo Horizonte,IBGE
310620005640082,Cachoeirinha,Urbana,Belo Horizonte,IBGE
310620005640083,Vila Nova Cachoeirinha IV,Urbana,Belo Horizonte,IBGE
310620005640084,Santa Cruz,Urbana,Belo Horizonte,IBGE
310620005640085,Santa Cruz,Urbana,Belo Horizonte,IBGE
310620005640086,Palmares,Urbana,Belo Horizonte,IBGE
310620005640087,Palmares,Urbana,Belo Horizonte,IBGE
310620005640088,União,Urbana,Belo Horizonte,IBGE
310620005640089,União,Urbana,Belo Horizonte,IBGE
310620005640090,União,Urbana,Belo Horizonte,IBGE
310620005640091,União,Urbana,Belo Horizonte,IBGE
310620005640092,União,Urbana,Belo Horizonte,IBGE
310620005640093,Cidade Nova,Urbana,Belo Horizonte,IBGE
310620005640094,Cidade Nova,Urbana,Belo Horizonte,IBGE
310620005640095,Cidade Nova,Urbana,Belo Horizonte,IBGE
310620005640096,Graça,Urbana,Belo Horizonte,IBGE
310620005640098,Graça,Urbana,Belo Horizonte,IBGE
310620005640099,Concórdia,Urbana,Belo Horizonte,IBGE
310620005640100,Concórdia,Urbana,Belo Horizonte,IBGE
310620005640101,Concórdia,Urbana,Belo Horizonte,IBGE
310620005640102,Concórdia,Urbana,Belo Horizonte,IBGE
310620005640103,Concórdia,Urbana,Belo Horizonte,IBGE
310620005640104,Vila Tiradentes,Urbana,Belo Horizonte,IBGE
310620005640105,Vila Tiradentes,Urbana,Belo Horizonte,IBGE
310620005640106,Concórdia,Urbana,Belo Horizonte,IBGE
310620005640107,Canadá,Urbana,Belo Horizonte,IBGE
310620005640108,Cachoeirinha,Urbana,Belo Horizonte,IBGE
310620005640110,Cachoeirinha,Urbana,Belo Horizonte,IBGE
310620005640111,Cachoeirinha,Urbana,Belo Horizonte,IBGE
310620005640112,Cachoeirinha,Urbana,Belo Horizonte,IBGE
310620005640113,Cachoeirinha,Urbana,Belo Horizonte,IBGE
310620005640114,Cachoeirinha,Urbana,Belo Horizonte,IBGE
310620005640115,Santa Cruz,Urbana,Belo Horizonte,IBGE
310620005640116,Santa Cruz,Urbana,Belo Horizonte,IBGE
310620005640117,Santa Cruz,Urbana,Belo Horizonte,IBGE
310620005640118,Palmares,Urbana,Belo Horizonte,IBGE
310620005640120,União,Urbana,Belo Horizonte,IBGE
310620005640121,União,Urbana,Belo Horizonte,IBGE
310620005640122,União,Urbana,Belo Horizonte,IBGE
310620005640123,União,Urbana,Belo Horizonte,IBGE
310620005640124,União,Urbana,Belo Horizonte,IBGE
310620005640125,União,Urbana,Belo Horizonte,IBGE
310620005640126,São Cristóvão,Urbana,Belo Horizonte,IBGE
310620005640127,Santa Cruz,Urbana,Belo Horizonte,IBGE
310620005640128,Santa Cruz,Urbana,Belo Horizonte,IBGE
310620005640129,Maria Virgínia,Urbana,Belo Horizonte,IBGE
310620005640130,São Sebastião,Urbana,Belo Horizonte,IBGE
310620005640131,Maria Virgínia,Urbana,Belo Horizonte,IBGE
310620005640133,União,Urbana,Belo Horizonte,IBGE
310620005640134,Graça,Urbana,Belo Horizonte,IBGE
310620005640135,Concórdia,Urbana,Belo Horizonte,IBGE
310620005640136,Concórdia,Urbana,Belo Horizonte,IBGE
310620005640137,Concórdia,Urbana,Belo Horizonte,IBGE
310620005640138,Colégio Batista,Urbana,Belo Horizonte,IBGE
310620005640139,São Cristóvão,Urbana,Belo Horizonte,IBGE
310620005640140,São Cristóvão,Urbana,Belo Horizonte,IBGE
310620005640141,Maria Virgínia,Urbana,Belo Horizonte,IBGE
310620005640143,Andiroba,Urbana,Belo Horizonte,IBGE
310620005640146,São Paulo,Urbana,Belo Horizonte,IBGE
310620005640147,São Paulo,Urbana,Belo Horizonte,IBGE
310620005640148,Fernão Dias,Urbana,Belo Horizonte,IBGE
310620005640150,Fernão Dias,Urbana,Belo Horizonte,IBGE
310620005640151,Dom Joaquim,Urbana,Belo Horizonte,IBGE
310620005640152,Dom Joaquim,Urbana,Belo Horizonte,IBGE
310620005640153,Dom Joaquim,Urbana,Belo Horizonte,IBGE
310620005640155,Dom Joaquim,Urbana,Belo Horizonte,IBGE
310620005640156,Colégio Batista,Urbana,Belo Horizonte,IBGE
310620005640158,Lagoinha,Urbana,Belo Horizonte,IBGE
310620005640159,Lagoinha,Urbana,Belo Horizonte,IBGE
310620005640160,São Paulo,Urbana,Belo Horizonte,IBGE
310620005640161,Penha,Urbana,Belo Horizonte,IBGE
310620005640162,Penha,Urbana,Belo Horizonte,IBGE
310620005640163,Penha,Urbana,Belo Horizonte,IBGE
310620005640164,Cidade Nova,Urbana,Belo Horizonte,IBGE
310620005640165,Silveira,Urbana,Belo Horizonte,IBGE
310620005640166,Lagoinha,Urbana,Belo Horizonte,IBGE
310620005640167,Colégio Batista,Urbana,Belo Horizonte,IBGE
310620005640168,Concórdia,Urbana,Belo Horizonte,IBGE
310620005640169,Graça,Urbana,Belo Horizonte,IBGE
310620005640170,Graça,Urbana,Belo Horizonte,IBGE
310620005640171,Graça,Urbana,Belo Horizonte,IBGE
310620005640172,Graça,Urbana,Belo Horizonte,IBGE
310620005640173,Graça,Urbana,Belo Horizonte,IBGE
310620005640174,Nova Floresta,Urbana,Belo Horizonte,IBGE
310620005640175,Nova Floresta,Urbana,Belo Horizonte,IBGE
310620005640176,Graça,Urbana,Belo Horizonte,IBGE
310620005640177,Silveira,Urbana,Belo Horizonte,IBGE
310620005640178,Vila Inestan,Urbana,Belo Horizonte,IBGE
310620005640179,Santa Cruz,Urbana,Belo Horizonte,IBGE
310620005640180,Cachoeirinha,Urbana,Belo Horizonte,IBGE
310620005640181,Renascença,Urbana,Belo Horizonte,IBGE
310620005640182,Vila Ipiranga,Urbana,Belo Horizonte,IBGE
310620005640183,Ipiranga,Urbana,Belo Horizonte,IBGE
310620005640184,Ipiranga,Urbana,Belo Horizonte,IBGE
310620005640185,Ipiranga,Urbana,Belo Horizonte,IBGE
310620005640186,Silveira,Urbana,Belo Horizonte,IBGE
310620005640187,Silveira,Urbana,Belo Horizonte,IBGE
310620005640188,Silveira,Urbana,Belo Horizonte,IBGE
310620005640189,Nova Floresta,Urbana,Belo Horizonte,IBGE
310620005640191,Nova Floresta,Urbana,Belo Horizonte,IBGE
310620005640192,Concórdia,Urbana,Belo Horizonte,IBGE
310620005640193,Renascença,Urbana,Belo Horizonte,IBGE
310620005640194,Cachoeirinha,Urbana,Belo Horizonte,IBGE
310620005640195,Cidade Nova,Urbana,Belo Horizonte,IBGE
310620005640196,Renascença,Urbana,Belo Horizonte,IBGE
310620005640197,Santa Cruz,Urbana,Belo Horizonte,IBGE
310620005640198,Palmares,Urbana,Belo Horizonte,IBGE
310620005640199,Palmares,Urbana,Belo Horizonte,IBGE
310620005640200,União,Urbana,Belo Horizonte,IBGE
310620005640201,União,Urbana,Belo Horizonte,IBGE
310620005640202,Cidade Nova,Urbana,Belo Horizonte,IBGE
310620005640204,Concórdia,Urbana,Belo Horizonte,IBGE
310620005640205,Concórdia,Urbana,Belo Horizonte,IBGE
310620005640206,Vila do Pombal,Urbana,Belo Horizonte,IBGE
310620005640207,Concórdia,Urbana,Belo Horizonte,IBGE
310620005640208,Renascença,Urbana,Belo Horizonte,IBGE
310620005640209,Concórdia,Urbana,Belo Horizonte,IBGE
310620005640210,Cachoeirinha,Urbana,Belo Horizonte,IBGE
310620005640211,Cachoeirinha,Urbana,Belo Horizonte,IBGE
310620005640212,Concórdia,Urbana,Belo Horizonte,IBGE
310620005640214,União,Urbana,Belo Horizonte,IBGE
310620005640215,União,Urbana,Belo Horizonte,IBGE
310620005640217,Santa Cruz,Urbana,Belo Horizonte,IBGE
310620005640218,Palmares,Urbana,Belo Horizonte,IBGE
310620005640219,Maria Virgínia,Urbana,Belo Horizonte,IBGE
310620005640220,Palmares,Urbana,Belo Horizonte,IBGE
310620005640221,Palmares,Urbana,Belo Horizonte,IBGE
310620005640222,Maria Virgínia,Urbana,Belo Horizonte,IBGE
310620005640223,Vila São Paulo,Urbana,Belo Horizonte,IBGE
310620005640224,Fernão Dias,Urbana,Belo Horizonte,IBGE
310620005640226,Dom Joaquim,Urbana,Belo Horizonte,IBGE
310620005640227,Dom Joaquim,Urbana,Belo Horizonte,IBGE
310620005640229,Vila São Paulo,Urbana,Belo Horizonte,IBGE
310620005640230,Dom Joaquim,Urbana,Belo Horizonte,IBGE
310620005640231,Concórdia,Urbana,Belo Horizonte,IBGE
310620005640232,Colégio Batista,Urbana,Belo Horizonte,IBGE
310620005640233,Santa Cruz,Urbana,Belo Horizonte,IBGE
310620005640234,Palmares,Urbana,Belo Horizonte,IBGE
310620005640235,São Paulo,Urbana,Belo Horizonte,IBGE
310620005640236,Ipiranga,Urbana,Belo Horizonte,IBGE
310620005640237,União,Urbana,Belo Horizonte,IBGE
310620005640238,Cidade Nova,Urbana,Belo Horizonte,IBGE
310620005640239,Fernão Dias,Urbana,Belo Horizonte,IBGE
310620005640240,Fernão Dias,Urbana,Belo Horizonte,IBGE
310620005640241,Fernão Dias,Urbana,Belo Horizonte,IBGE
310620005640242,Ipiranga,Urbana,Belo Horizonte,IBGE
310620005640243,São Paulo,Urbana,Belo Horizonte,IBGE
310620005640244,Silveira,Urbana,Belo Horizonte,IBGE
310620005640245,União,Urbana,Belo Horizonte,IBGE
310620005640246,Cachoeirinha,Urbana,Belo Horizonte,IBGE
310620005640247,Renascença,Urbana,Belo Horizonte,IBGE
310620005640248,Ipiranga,Urbana,Belo Horizonte,IBGE
310620005640249,Cachoeirinha,Urbana,Belo Horizonte,IBGE
310620005640250,Palmares,Urbana,Belo Horizonte,IBGE
310620005640251,Palmares,Urbana,Belo Horizonte,IBGE
310620005640252,Silveira,Urbana,Belo Horizonte,IBGE
310620005640253,Fernão Dias,Urbana,Belo Horizonte,IBGE
310620005640254,Fernão Dias,Urbana,Belo Horizonte,IBGE
310620005640255,Fernão Dias,Urbana,Belo Horizonte,IBGE
310620005640256,Cidade Nova,Urbana,Belo Horizonte,IBGE
310620005640257,Palmares,Urbana,Belo Horizonte,IBGE
310620005640258,Palmares,Urbana,Belo Horizonte,IBGE
310620005640259,União,Urbana,Belo Horizonte,IBGE
310620005640260,União,Urbana,Belo Horizonte,IBGE
310620005640261,União,Urbana,Belo Horizonte,IBGE
310620005640262,Renascença,Urbana,Belo Horizonte,IBGE
310620005640263,Santa Cruz,Urbana,Belo Horizonte,IBGE
310620005640264,Santa Cruz,Urbana,Belo Horizonte,IBGE
310620005640265,Santa Cruz,Urbana,Belo Horizonte,IBGE
310620005640266,Santa Cruz,Urbana,Belo Horizonte,IBGE
310620005640267,Cidade Nova,Urbana,Belo Horizonte,IBGE
310620005640268,Cidade Nova,Urbana,Belo Horizonte,IBGE
310620005640269,Santa Cruz,Urbana,Belo Horizonte,IBGE
310620005640270,Palmares,Urbana,Belo Horizonte,IBGE
310620005640271,Lagoinha,Urbana,Belo Horizonte,IBGE
310620005640272,Dom Joaquim,Urbana,Belo Horizonte,IBGE
310620005640273,Santa Cruz,Urbana,Belo Horizonte,IBGE
310620005640274,União,Urbana,Belo Horizonte,IBGE
310620005640275,Vila São Paulo,Urbana,Belo Horizonte,IBGE
310620005640276,Eymard,Urbana,Belo Horizonte,IBGE
310620005640277,Fernão Dias,Urbana,Belo Horizonte,IBGE
310620005640278,Fernão Dias,Urbana,Belo Horizonte,IBGE
310620005640279,Ipiranga,Urbana,Belo Horizonte,IBGE
310620005640280,Ipiranga,Urbana,Belo Horizonte,IBGE
310620005640281,Graça,Urbana,Belo Horizonte,IBGE
310620005640282,Graça,Urbana,Belo Horizonte,IBGE
310620005640283,União,Urbana,Belo Horizonte,IBGE
310620005640284,União,Urbana,Belo Horizonte,IBGE
310620005640285,União,Urbana,Belo Horizonte,IBGE
310620005640286,União,Urbana,Belo Horizonte,IBGE
310620005640287,Cachoeirinha,Urbana,Belo Horizonte,IBGE
310620005640288,São Paulo,Urbana,Belo Horizonte,IBGE
310620005640289,São Paulo,Urbana,Belo Horizonte,IBGE
310620005640290,Maria Virgínia,Urbana,Belo Horizonte,IBGE
310620005640291,Vila de Sá,Urbana,Belo Horizonte,IBGE
310620005650001,Monsenhor Messias,Urbana,Belo Horizonte,IBGE
310620005650002,Padre Eustáquio,Urbana,Belo Horizonte,IBGE
310620005650003,Padre Eustáquio,Urbana,Belo Horizonte,IBGE
310620005650004,Padre Eustáquio,Urbana,Belo Horizonte,IBGE
310620005650005,Padre Eustáquio,Urbana,Belo Horizonte,IBGE
310620005650006,Padre Eustáquio,Urbana,Belo Horizonte,IBGE
310620005650007,Padre Eustáquio,Urbana,Belo Horizonte,IBGE
310620005650008,Minas Brasil,Urbana,Belo Horizonte,IBGE
310620005650009,Padre Eustáquio,Urbana,Belo Horizonte,IBGE
310620005650010,Jardim Montanhês,Urbana,Belo Horizonte,IBGE
310620005650011,Jardim Montanhês,Urbana,Belo Horizonte,IBGE
310620005650012,Jardim Montanhês,Urbana,Belo Horizonte,IBGE
310620005650013,Jardim Montanhês,Urbana,Belo Horizonte,IBGE
310620005650014,Caiçara-Adelaide,Urbana,Belo Horizonte,IBGE
310620005650016,Caiçara-Adelaide,Urbana,Belo Horizonte,IBGE
310620005650017,Jardim Montanhês,Urbana,Belo Horizonte,IBGE
310620005650018,Caiçara-Adelaide,Urbana,Belo Horizonte,IBGE
310620005650019,Caiçara-Adelaide,Urbana,Belo Horizonte,IBGE
310620005650020,Monsenhor Messias,Urbana,Belo Horizonte,IBGE
310620005650021,Monsenhor Messias,Urbana,Belo Horizonte,IBGE
310620005650022,Padre Eustáquio,Urbana,Belo Horizonte,IBGE
310620005650023,Padre Eustáquio,Urbana,Belo Horizonte,IBGE
310620005650024,Padre Eustáquio,Urbana,Belo Horizonte,IBGE
310620005650027,Padre Eustáquio,Urbana,Belo Horizonte,IBGE
310620005650029,Minas Brasil,Urbana,Belo Horizonte,IBGE
310620005650030,Dom Cabral,Urbana,Belo Horizonte,IBGE
310620005650031,Dom Cabral,Urbana,Belo Horizonte,IBGE
310620005650032,Dom Cabral,Urbana,Belo Horizonte,IBGE
310620005650033,Dom Cabral,Urbana,Belo Horizonte,IBGE
310620005650034,Trinta e Um de Março,Urbana,Belo Horizonte,IBGE
310620005650035,Trinta e Um de Março,Urbana,Belo Horizonte,IBGE
310620005650036,Dom Bosco,Urbana,Belo Horizonte,IBGE
310620005650037,Coração Eucarístico,Urbana,Belo Horizonte,IBGE
310620005650038,Minas Brasil,Urbana,Belo Horizonte,IBGE
310620005650039,Padre Eustáquio,Urbana,Belo Horizonte,IBGE
310620005650040,Padre Eustáquio,Urbana,Belo Horizonte,IBGE
310620005650041,Dom Bosco,Urbana,Belo Horizonte,IBGE
310620005650042,Dom Bosco,Urbana,Belo Horizonte,IBGE
310620005650043,Inconfidência,Urbana,Belo Horizonte,IBGE
310620005650044,Dom Bosco,Urbana,Belo Horizonte,IBGE
310620005650045,Dom Bosco,Urbana,Belo Horizonte,IBGE
310620005650046,Inconfidência,Urbana,Belo Horizonte,IBGE
310620005650053,Padre Eustáquio,Urbana,Belo Horizonte,IBGE
310620005650055,Jardim Montanhês,Urbana,Belo Horizonte,IBGE
310620005650056,Jardim Montanhês,Urbana,Belo Horizonte,IBGE
310620005650057,Caiçara-Adelaide,Urbana,Belo Horizonte,IBGE
310620005650058,Caiçara-Adelaide,Urbana,Belo Horizonte,IBGE
310620005650059,Caiçara-Adelaide,Urbana,Belo Horizonte,IBGE
310620005650060,Alto Caiçaras,Urbana,Belo Horizonte,IBGE
310620005650061,Caiçara-Adelaide,Urbana,Belo Horizonte,IBGE
310620005650062,Alto Caiçaras,Urbana,Belo Horizonte,IBGE
310620005650063,Caiçaras,Urbana,Belo Horizonte,IBGE
310620005650064,Caiçaras,Urbana,Belo Horizonte,IBGE
310620005650065,Caiçaras,Urbana,Belo Horizonte,IBGE
310620005650066,Caiçaras,Urbana,Belo Horizonte,IBGE
310620005650067,Caiçaras,Urbana,Belo Horizonte,IBGE
310620005650068,Caiçaras,Urbana,Belo Horizonte,IBGE
310620005650069,Caiçaras,Urbana,Belo Horizonte,IBGE
310620005650070,Caiçaras,Urbana,Belo Horizonte,IBGE
310620005650071,Caiçara-Adelaide,Urbana,Belo Horizonte,IBGE
310620005650072,Caiçaras,Urbana,Belo Horizonte,IBGE
310620005650073,Caiçaras,Urbana,Belo Horizonte,IBGE
310620005650074,Caiçaras,Urbana,Belo Horizonte,IBGE
310620005650075,Caiçara-Adelaide,Urbana,Belo Horizonte,IBGE
310620005650076,Caiçaras,Urbana,Belo Horizonte,IBGE
310620005650077,Monsenhor Messias,Urbana,Belo Horizonte,IBGE
310620005650078,Padre Eustáquio,Urbana,Belo Horizonte,IBGE
310620005650079,Padre Eustáquio,Urbana,Belo Horizonte,IBGE
310620005650082,Padre Eustáquio,Urbana,Belo Horizonte,IBGE
310620005650083,Coração Eucarístico,Urbana,Belo Horizonte,IBGE
310620005650084,Coração Eucarístico,Urbana,Belo Horizonte,IBGE
310620005650085,Coração Eucarístico,Urbana,Belo Horizonte,IBGE
310620005650086,Coração Eucarístico,Urbana,Belo Horizonte,IBGE
310620005650087,Coração Eucarístico,Urbana,Belo Horizonte,IBGE
310620005650088,Dom Cabral,Urbana,Belo Horizonte,IBGE
310620005650089,João Pinheiro,Urbana,Belo Horizonte,IBGE
310620005650090,Dom Cabral,Urbana,Belo Horizonte,IBGE
310620005650091,João Pinheiro,Urbana,Belo Horizonte,IBGE
310620005650092,João Pinheiro,Urbana,Belo Horizonte,IBGE
310620005650093,Trinta e Um de Março,Urbana,Belo Horizonte,IBGE
310620005650094,João Pinheiro,Urbana,Belo Horizonte,IBGE
310620005650095,João Pinheiro,Urbana,Belo Horizonte,IBGE
310620005650096,João Pinheiro,Urbana,Belo Horizonte,IBGE
310620005650097,João Pinheiro,Urbana,Belo Horizonte,IBGE
310620005650098,João Pinheiro,Urbana,Belo Horizonte,IBGE
310620005650099,Delta,Urbana,Belo Horizonte,IBGE
310620005650101,Califórnia,Urbana,Belo Horizonte,IBGE
310620005650102,Dom Bosco,Urbana,Belo Horizonte,IBGE
310620005650103,Conjunto Califórnia I,Urbana,Belo Horizonte,IBGE
310620005650104,Conjunto Califórnia I,Urbana,Belo Horizonte,IBGE
310620005650106,Dom Bosco,Urbana,Belo Horizonte,IBGE
310620005650107,Dom Bosco,Urbana,Belo Horizonte,IBGE
310620005650108,Dom Bosco,Urbana,Belo Horizonte,IBGE
310620005650109,Dom Bosco,Urbana,Belo Horizonte,IBGE
310620005650110,Dom Bosco,Urbana,Belo Horizonte,IBGE
310620005650114,Conjunto Jardim Filadélfia,Urbana,Belo Horizonte,IBGE
310620005650115,Glória,Urbana,Belo Horizonte,IBGE
310620005650116,Glória,Urbana,Belo Horizonte,IBGE
310620005650117,Glória,Urbana,Belo Horizonte,IBGE
310620005650118,Conjunto Jardim Filadélfia,Urbana,Belo Horizonte,IBGE
310620005650119,Conjunto Jardim Filadélfia,Urbana,Belo Horizonte,IBGE
310620005650120,Novo Glória,Urbana,Belo Horizonte,IBGE
310620005650121,Novo Glória,Urbana,Belo Horizonte,IBGE
310620005650123,Novo Glória,Urbana,Belo Horizonte,IBGE
310620005650124,Novo Glória,Urbana,Belo Horizonte,IBGE
310620005650125,Novo Glória,Urbana,Belo Horizonte,IBGE
310620005650126,Novo Glória,Urbana,Belo Horizonte,IBGE
310620005650127,Glória,Urbana,Belo Horizonte,IBGE
310620005650129,Glória,Urbana,Belo Horizonte,IBGE
310620005650130,Inconfidência,Urbana,Belo Horizonte,IBGE
310620005650135,Alto Caiçaras,Urbana,Belo Horizonte,IBGE
310620005650136,Alto Caiçaras,Urbana,Belo Horizonte,IBGE
310620005650138,Caiçaras,Urbana,Belo Horizonte,IBGE
310620005650139,Caiçaras,Urbana,Belo Horizonte,IBGE
310620005650140,Caiçaras,Urbana,Belo Horizonte,IBGE
310620005650141,Aparecida Sétima Seção,Urbana,Belo Horizonte,IBGE
310620005650142,Aparecida Sétima Seção,Urbana,Belo Horizonte,IBGE
310620005650143,Aparecida Sétima Seção,Urbana,Belo Horizonte,IBGE
310620005650145,Aparecida,Urbana,Belo Horizonte,IBGE
310620005650146,Bom Jesus,Urbana,Belo Horizonte,IBGE
310620005650147,Nova Esperança,Urbana,Belo Horizonte,IBGE
310620005650148,Nova Esperança,Urbana,Belo Horizonte,IBGE
310620005650150,Santo André,Urbana,Belo Horizonte,IBGE
310620005650151,Nova Esperança,Urbana,Belo Horizonte,IBGE
310620005650152,Nova Esperança,Urbana,Belo Horizonte,IBGE
310620005650155,Santo André,Urbana,Belo Horizonte,IBGE
310620005650156,Santo André,Urbana,Belo Horizonte,IBGE
310620005650157,Carlos Prates,Urbana,Belo Horizonte,IBGE
310620005650158,Caiçaras,Urbana,Belo Horizonte,IBGE
310620005650159,Carlos Prates,Urbana,Belo Horizonte,IBGE
310620005650160,Carlos Prates,Urbana,Belo Horizonte,IBGE
310620005650161,Carlos Prates,Urbana,Belo Horizonte,IBGE
310620005650162,Padre Eustáquio,Urbana,Belo Horizonte,IBGE
310620005650163,Padre Eustáquio,Urbana,Belo Horizonte,IBGE
310620005650164,Padre Eustáquio,Urbana,Belo Horizonte,IBGE
310620005650165,Padre Eustáquio,Urbana,Belo Horizonte,IBGE
310620005650166,Padre Eustáquio,Urbana,Belo Horizonte,IBGE
310620005650167,Padre Eustáquio,Urbana,Belo Horizonte,IBGE
310620005650168,Marmiteiros,Urbana,Belo Horizonte,IBGE
310620005650169,Coração Eucarístico,Urbana,Belo Horizonte,IBGE
310620005650170,Coração Eucarístico,Urbana,Belo Horizonte,IBGE
310620005650171,Coração Eucarístico,Urbana,Belo Horizonte,IBGE
310620005650172,Coração Eucarístico,Urbana,Belo Horizonte,IBGE
310620005650173,Coração Eucarístico,Urbana,Belo Horizonte,IBGE
310620005650174,Coração Eucarístico,Urbana,Belo Horizonte,IBGE
310620005650175,Coração Eucarístico,Urbana,Belo Horizonte,IBGE
310620005650176,Oeste,Urbana,Belo Horizonte,IBGE
310620005650177,Oeste,Urbana,Belo Horizonte,IBGE
310620005650178,João Pinheiro,Urbana,Belo Horizonte,IBGE
310620005650180,João Pinheiro,Urbana,Belo Horizonte,IBGE
310620005650181,João Pinheiro,Urbana,Belo Horizonte,IBGE
310620005650182,Alto dos Pinheiros,Urbana,Belo Horizonte,IBGE
310620005650183,João Pinheiro,Urbana,Belo Horizonte,IBGE
310620005650184,Alto dos Pinheiros,Urbana,Belo Horizonte,IBGE
310620005650206,Califórnia,Urbana,Belo Horizonte,IBGE
310620005650208,Califórnia,Urbana,Belo Horizonte,IBGE
310620005650209,Conjunto Califórnia II,Urbana,Belo Horizonte,IBGE
310620005650211,Vila Califórnia,Urbana,Belo Horizonte,IBGE
310620005650212,Vila Califórnia,Urbana,Belo Horizonte,IBGE
310620005650213,Vila Califórnia,Urbana,Belo Horizonte,IBGE
310620005650214,Vila Califórnia,Urbana,Belo Horizonte,IBGE
310620005650215,Vila Califórnia,Urbana,Belo Horizonte,IBGE
310620005650217,Califórnia,Urbana,Belo Horizonte,IBGE
310620005650218,Califórnia,Urbana,Belo Horizonte,IBGE
310620005650219,Pindorama,Urbana,Belo Horizonte,IBGE
310620005650220,Pindorama,Urbana,Belo Horizonte,IBGE
310620005650221,Pindorama,Urbana,Belo Horizonte,IBGE
310620005650222,Pindorama,Urbana,Belo Horizonte,IBGE
310620005650223,Coqueiral,Urbana,Belo Horizonte,IBGE
310620005650224,Coqueiral,Urbana,Belo Horizonte,IBGE
310620005650225,Pindorama,Urbana,Belo Horizonte,IBGE
310620005650226,Coqueiral,Urbana,Belo Horizonte,IBGE
310620005650227,Pindorama,Urbana,Belo Horizonte,IBGE
310620005650230,Pindorama,Urbana,Belo Horizonte,IBGE
310620005650231,Pindorama,Urbana,Belo Horizonte,IBGE
310620005650232,Pindorama,Urbana,Belo Horizonte,IBGE
310620005650233,Pindorama,Urbana,Belo Horizonte,IBGE
310620005650234,Pindorama,Urbana,Belo Horizonte,IBGE
310620005650235,Pindorama,Urbana,Belo Horizonte,IBGE
310620005650236,Pindorama,Urbana,Belo Horizonte,IBGE
310620005650237,Pindorama,Urbana,Belo Horizonte,IBGE
310620005650238,Pindorama,Urbana,Belo Horizonte,IBGE
310620005650239,Pindorama,Urbana,Belo Horizonte,IBGE
310620005650241,Novo Glória,Urbana,Belo Horizonte,IBGE
310620005650243,Glória,Urbana,Belo Horizonte,IBGE
310620005650244,Coqueiros,Urbana,Belo Horizonte,IBGE
310620005650246,Coqueiros,Urbana,Belo Horizonte,IBGE
310620005650248,Coqueiros,Urbana,Belo Horizonte,IBGE
310620005650249,Coqueiros,Urbana,Belo Horizonte,IBGE
310620005650251,São Salvador,Urbana,Belo Horizonte,IBGE
310620005650252,São Salvador,Urbana,Belo Horizonte,IBGE
310620005650253,São Salvador,Urbana,Belo Horizonte,IBGE
310620005650254,Glória,Urbana,Belo Horizonte,IBGE
310620005650255,Glória,Urbana,Belo Horizonte,IBGE
310620005650257,Glória,Urbana,Belo Horizonte,IBGE
310620005650259,Glória,Urbana,Belo Horizonte,IBGE
310620005650260,Glória,Urbana,Belo Horizonte,IBGE
310620005650263,São Salvador,Urbana,Belo Horizonte,IBGE
310620005650268,São Salvador,Urbana,Belo Horizonte,IBGE
310620005650291,Álvaro Camargos,Urbana,Belo Horizonte,IBGE
310620005650292,Conjunto Novo Dom Bosco,Urbana,Belo Horizonte,IBGE
310620005650312,Alto Caiçaras,Urbana,Belo Horizonte,IBGE
310620005650315,Caiçaras,Urbana,Belo Horizonte,IBGE
310620005650316,Aparecida Sétima Seção,Urbana,Belo Horizonte,IBGE
310620005650317,Aparecida Sétima Seção,Urbana,Belo Horizonte,IBGE
310620005650318,Aparecida Sétima Seção,Urbana,Belo Horizonte,IBGE
310620005650320,Vila Sumaré,Urbana,Belo Horizonte,IBGE
310620005650321,Vila Sumaré,Urbana,Belo Horizonte,IBGE
310620005650322,Vila Sumaré,Urbana,Belo Horizonte,IBGE
310620005650324,Ermelinda,Urbana,Belo Horizonte,IBGE
310620005650325,Ermelinda,Urbana,Belo Horizonte,IBGE
310620005650326,Nova Cachoeirinha,Urbana,Belo Horizonte,IBGE
310620005650327,Nova Cachoeirinha,Urbana,Belo Horizonte,IBGE
310620005650328,Ermelinda,Urbana,Belo Horizonte,IBGE
310620005650329,Nova Cachoeirinha,Urbana,Belo Horizonte,IBGE
310620005650330,Nova Cachoeirinha,Urbana,Belo Horizonte,IBGE
310620005650331,Nova Cachoeirinha,Urbana,Belo Horizonte,IBGE
310620005650332,Vila Maloca,Urbana,Belo Horizonte,IBGE
310620005650333,Vila Nova Cachoeirinha I,Urbana,Belo Horizonte,IBGE
310620005650334,Vila Nova Cachoeirinha I,Urbana,Belo Horizonte,IBGE
310620005650335,Vila Nova Cachoeirinha I,Urbana,Belo Horizonte,IBGE
310620005650336,Nova Cachoeirinha,Urbana,Belo Horizonte,IBGE
310620005650337,Aparecida,Urbana,Belo Horizonte,IBGE
310620005650338,Aparecida,Urbana,Belo Horizonte,IBGE
310620005650339,Aparecida,Urbana,Belo Horizonte,IBGE
310620005650340,Aparecida,Urbana,Belo Horizonte,IBGE
310620005650341,Aparecida,Urbana,Belo Horizonte,IBGE
310620005650342,Aparecida,Urbana,Belo Horizonte,IBGE
310620005650343,Aparecida,Urbana,Belo Horizonte,IBGE
310620005650344,Aparecida,Urbana,Belo Horizonte,IBGE
310620005650345,Aparecida,Urbana,Belo Horizonte,IBGE
310620005650346,Bom Jesus,Urbana,Belo Horizonte,IBGE
310620005650347,Bom Jesus,Urbana,Belo Horizonte,IBGE
310620005650348,Bom Jesus,Urbana,Belo Horizonte,IBGE
310620005650349,Bom Jesus,Urbana,Belo Horizonte,IBGE
310620005650350,Aparecida,Urbana,Belo Horizonte,IBGE
310620005650351,Aparecida,Urbana,Belo Horizonte,IBGE
310620005650352,Santo André,Urbana,Belo Horizonte,IBGE
310620005650353,Santo André,Urbana,Belo Horizonte,IBGE
310620005650354,Pedreira Prado Lopes,Urbana,Belo Horizonte,IBGE
310620005650355,Pedreira Prado Lopes,Urbana,Belo Horizonte,IBGE
310620005650356,Pedreira Prado Lopes,Urbana,Belo Horizonte,IBGE
310620005650357,Pedreira Prado Lopes,Urbana,Belo Horizonte,IBGE
310620005650358,Pedreira Prado Lopes,Urbana,Belo Horizonte,IBGE
310620005650359,São Cristóvão,Urbana,Belo Horizonte,IBGE
310620005650360,São Cristóvão,Urbana,Belo Horizonte,IBGE
310620005650361,São Cristóvão,Urbana,Belo Horizonte,IBGE
310620005650362,Lagoinha,Urbana,Belo Horizonte,IBGE
310620005650363,Pedreira Prado Lopes,Urbana,Belo Horizonte,IBGE
310620005650364,Pedreira Prado Lopes,Urbana,Belo Horizonte,IBGE
310620005650365,Senhor dos Passos,Urbana,Belo Horizonte,IBGE
310620005650366,Senhor dos Passos,Urbana,Belo Horizonte,IBGE
310620005650367,Senhor dos Passos,Urbana,Belo Horizonte,IBGE
310620005650368,Lagoinha,Urbana,Belo Horizonte,IBGE
310620005650369,Senhor dos Passos,Urbana,Belo Horizonte,IBGE
310620005650370,Bonfim,Urbana,Belo Horizonte,IBGE
310620005650371,Bonfim,Urbana,Belo Horizonte,IBGE
310620005650372,Santo André,Urbana,Belo Horizonte,IBGE
310620005650373,Bonfim,Urbana,Belo Horizonte,IBGE
310620005650374,Bonfim,Urbana,Belo Horizonte,IBGE
310620005650375,Bonfim,Urbana,Belo Horizonte,IBGE
310620005650376,Lagoinha,Urbana,Belo Horizonte,IBGE
310620005650377,Bonfim,Urbana,Belo Horizonte,IBGE
310620005650378,Lagoinha,Urbana,Belo Horizonte,IBGE
310620005650379,Bonfim,Urbana,Belo Horizonte,IBGE
310620005650380,Carlos Prates,Urbana,Belo Horizonte,IBGE
310620005650381,Carlos Prates,Urbana,Belo Horizonte,IBGE
310620005650382,Carlos Prates,Urbana,Belo Horizonte,IBGE
310620005650383,Carlos Prates,Urbana,Belo Horizonte,IBGE
310620005650384,Carlos Prates,Urbana,Belo Horizonte,IBGE
310620005650385,Carlos Prates,Urbana,Belo Horizonte,IBGE
310620005650386,Carlos Prates,Urbana,Belo Horizonte,IBGE
310620005650387,Bonfim,Urbana,Belo Horizonte,IBGE
310620005650388,Carlos Prates,Urbana,Belo Horizonte,IBGE
310620005650390,Carlos Prates,Urbana,Belo Horizonte,IBGE
310620005650391,Carlos Prates,Urbana,Belo Horizonte,IBGE
310620005650392,Carlos Prates,Urbana,Belo Horizonte,IBGE
310620005650394,São Francisco das Chagas,Urbana,Belo Horizonte,IBGE
310620005650395,Carlos Prates,Urbana,Belo Horizonte,IBGE
310620005650396,Carlos Prates,Urbana,Belo Horizonte,IBGE
310620005650397,Carlos Prates,Urbana,Belo Horizonte,IBGE
310620005650398,Carlos Prates,Urbana,Belo Horizonte,IBGE
310620005650399,Carlos Prates,Urbana,Belo Horizonte,IBGE
310620005650400,Padre Eustáquio,Urbana,Belo Horizonte,IBGE
310620005650401,Padre Eustáquio,Urbana,Belo Horizonte,IBGE
310620005650402,Padre Eustáquio,Urbana,Belo Horizonte,IBGE
310620005650403,Padre Eustáquio,Urbana,Belo Horizonte,IBGE
310620005650404,Padre Eustáquio,Urbana,Belo Horizonte,IBGE
310620005650405,Padre Eustáquio,Urbana,Belo Horizonte,IBGE
310620005650406,Padre Eustáquio,Urbana,Belo Horizonte,IBGE
310620005650407,Padre Eustáquio,Urbana,Belo Horizonte,IBGE
310620005650408,Padre Eustáquio,Urbana,Belo Horizonte,IBGE
310620005650409,Padre Eustáquio,Urbana,Belo Horizonte,IBGE
310620005650410,Padre Eustáquio,Urbana,Belo Horizonte,IBGE
310620005650412,Padre Eustáquio,Urbana,Belo Horizonte,IBGE
310620005650413,Padre Eustáquio,Urbana,Belo Horizonte,IBGE
310620005650414,Monsenhor Messias,Urbana,Belo Horizonte,IBGE
310620005650416,Lorena,Urbana,Belo Horizonte,IBGE
310620005650419,Minas Brasil,Urbana,Belo Horizonte,IBGE
310620005650420,Monsenhor Messias,Urbana,Belo Horizonte,IBGE
310620005650421,Jardim Montanhês,Urbana,Belo Horizonte,IBGE
310620005650422,Caiçara-Adelaide,Urbana,Belo Horizonte,IBGE
310620005650423,Monsenhor Messias,Urbana,Belo Horizonte,IBGE
310620005650424,Monsenhor Messias,Urbana,Belo Horizonte,IBGE
310620005650425,Caiçara-Adelaide,Urbana,Belo Horizonte,IBGE
310620005650426,Padre Eustáquio,Urbana,Belo Horizonte,IBGE
310620005650427,Dom Cabral,Urbana,Belo Horizonte,IBGE
310620005650428,Dom Cabral,Urbana,Belo Horizonte,IBGE
310620005650429,Vila PUC,Urbana,Belo Horizonte,IBGE
310620005650430,Dom Cabral,Urbana,Belo Horizonte,IBGE
310620005650431,Minas Brasil,Urbana,Belo Horizonte,IBGE
310620005650432,Glória,Urbana,Belo Horizonte,IBGE
310620005650436,Jardim Montanhês,Urbana,Belo Horizonte,IBGE
310620005650437,Caiçara-Adelaide,Urbana,Belo Horizonte,IBGE
310620005650438,Caiçara-Adelaide,Urbana,Belo Horizonte,IBGE
310620005650439,Alto Caiçaras,Urbana,Belo Horizonte,IBGE
310620005650440,Caiçaras,Urbana,Belo Horizonte,IBGE
310620005650441,Nova Esperança,Urbana,Belo Horizonte,IBGE
310620005650442,Caiçara-Adelaide,Urbana,Belo Horizonte,IBGE
310620005650443,Caiçaras,Urbana,Belo Horizonte,IBGE
310620005650444,Caiçara-Adelaide,Urbana,Belo Horizonte,IBGE
310620005650445,Monsenhor Messias,Urbana,Belo Horizonte,IBGE
310620005650446,Caiçara-Adelaide,Urbana,Belo Horizonte,IBGE
310620005650447,Padre Eustáquio,Urbana,Belo Horizonte,IBGE
310620005650448,Marmiteiros,Urbana,Belo Horizonte,IBGE
310620005650449,Padre Eustáquio,Urbana,Belo Horizonte,IBGE
310620005650450,Coração Eucarístico,Urbana,Belo Horizonte,IBGE
310620005650451,João Pinheiro,Urbana,Belo Horizonte,IBGE
310620005650453,Delta,Urbana,Belo Horizonte,IBGE
310620005650454,João Pinheiro,Urbana,Belo Horizonte,IBGE
310620005650455,Conjunto Califórnia I,Urbana,Belo Horizonte,IBGE
310620005650456,Dom Bosco,Urbana,Belo Horizonte,IBGE
310620005650457,Dom Bosco,Urbana,Belo Horizonte,IBGE
310620005650458,Glória,Urbana,Belo Horizonte,IBGE
310620005650459,Novo Glória,Urbana,Belo Horizonte,IBGE
310620005650460,Álvaro Camargos,Urbana,Belo Horizonte,IBGE
310620005650462,Glória,Urbana,Belo Horizonte,IBGE
310620005650463,Glória,Urbana,Belo Horizonte,IBGE
310620005650464,Glória,Urbana,Belo Horizonte,IBGE
310620005650466,Caiçara-Adelaide,Urbana,Belo Horizonte,IBGE
310620005650467,Alto Caiçaras,Urbana,Belo Horizonte,IBGE
310620005650468,Alto Caiçaras,Urbana,Belo Horizonte,IBGE
310620005650470,Nova Esperança,Urbana,Belo Horizonte,IBGE
310620005650471,Aparecida,Urbana,Belo Horizonte,IBGE
310620005650473,Bom Jesus,Urbana,Belo Horizonte,IBGE
310620005650474,Santo André,Urbana,Belo Horizonte,IBGE
310620005650476,Bonfim,Urbana,Belo Horizonte,IBGE
310620005650477,Bonfim,Urbana,Belo Horizonte,IBGE
310620005650478,Santo André,Urbana,Belo Horizonte,IBGE
310620005650479,Carlos Prates,Urbana,Belo Horizonte,IBGE
310620005650480,Padre Eustáquio,Urbana,Belo Horizonte,IBGE
310620005650481,Coração Eucarístico,Urbana,Belo Horizonte,IBGE
310620005650483,Coração Eucarístico,Urbana,Belo Horizonte,IBGE
310620005650486,Oeste,Urbana,Belo Horizonte,IBGE
310620005650487,João Pinheiro,Urbana,Belo Horizonte,IBGE
310620005650488,João Pinheiro,Urbana,Belo Horizonte,IBGE
310620005650489,Alto dos Pinheiros,Urbana,Belo Horizonte,IBGE
310620005650490,Oeste,Urbana,Belo Horizonte,IBGE
310620005650491,Oeste,Urbana,Belo Horizonte,IBGE
310620005650505,Conjunto Novo Dom Bosco,Urbana,Belo Horizonte,IBGE
310620005650508,Conjunto Novo Dom Bosco,Urbana,Belo Horizonte,IBGE
310620005650509,Califórnia,Urbana,Belo Horizonte,IBGE
310620005650510,Califórnia,Urbana,Belo Horizonte,IBGE
310620005650512,Pindorama,Urbana,Belo Horizonte,IBGE
310620005650513,Pindorama,Urbana,Belo Horizonte,IBGE
310620005650515,Pindorama,Urbana,Belo Horizonte,IBGE
310620005650516,Coqueiral,Urbana,Belo Horizonte,IBGE
310620005650517,Pindorama,Urbana,Belo Horizonte,IBGE
310620005650518,Coqueiral,Urbana,Belo Horizonte,IBGE
310620005650519,Novo Glória,Urbana,Belo Horizonte,IBGE
310620005650520,Novo Glória,Urbana,Belo Horizonte,IBGE
310620005650521,Glória,Urbana,Belo Horizonte,IBGE
310620005650522,Coqueiros,Urbana,Belo Horizonte,IBGE
310620005650523,São Salvador,Urbana,Belo Horizonte,IBGE
310620005650524,Novo Glória,Urbana,Belo Horizonte,IBGE
310620005650530,Glória,Urbana,Belo Horizonte,IBGE
310620005650548,Alto Caiçaras,Urbana,Belo Horizonte,IBGE
310620005650551,Aparecida Sétima Seção,Urbana,Belo Horizonte,IBGE
310620005650552,Nova Cachoeirinha,Urbana,Belo Horizonte,IBGE
310620005650556,Vila Nova Cachoeirinha II,Urbana,Belo Horizonte,IBGE
310620005650557,Bom Jesus,Urbana,Belo Horizonte,IBGE
310620005650558,Aparecida,Urbana,Belo Horizonte,IBGE
310620005650559,Santo André,Urbana,Belo Horizonte,IBGE
310620005650560,Aparecida,Urbana,Belo Horizonte,IBGE
310620005650561,Santo André,Urbana,Belo Horizonte,IBGE
310620005650563,Senhor dos Passos,Urbana,Belo Horizonte,IBGE
310620005650564,Santo André,Urbana,Belo Horizonte,IBGE
310620005650565,Sumaré,Urbana,Belo Horizonte,IBGE
310620005650566,Santo André,Urbana,Belo Horizonte,IBGE
310620005650570,Padre Eustáquio,Urbana,Belo Horizonte,IBGE
310620005650571,Carlos Prates,Urbana,Belo Horizonte,IBGE
310620005650572,Padre Eustáquio,Urbana,Belo Horizonte,IBGE
310620005650573,Padre Eustáquio,Urbana,Belo Horizonte,IBGE
310620005650574,Padre Eustáquio,Urbana,Belo Horizonte,IBGE
310620005650575,Padre Eustáquio,Urbana,Belo Horizonte,IBGE
310620005650579,Jardim Montanhês,Urbana,Belo Horizonte,IBGE
310620005650580,Monsenhor Messias,Urbana,Belo Horizonte,IBGE
310620005650581,Padre Eustáquio,Urbana,Belo Horizonte,IBGE
310620005650582,Padre Eustáquio,Urbana,Belo Horizonte,IBGE
310620005650583,Dom Bosco,Urbana,Belo Horizonte,IBGE
310620005650584,Dom Bosco,Urbana,Belo Horizonte,IBGE
310620005650585,Dom Bosco,Urbana,Belo Horizonte,IBGE
310620005650586,Jardim Montanhês,Urbana,Belo Horizonte,IBGE
310620005650587,Caiçaras,Urbana,Belo Horizonte,IBGE
310620005650588,Caiçaras,Urbana,Belo Horizonte,IBGE
310620005650589,Caiçaras,Urbana,Belo Horizonte,IBGE
310620005650590,Caiçaras,Urbana,Belo Horizonte,IBGE
310620005650591,Caiçaras,Urbana,Belo Horizonte,IBGE
310620005650592,Caiçaras,Urbana,Belo Horizonte,IBGE
310620005650593,Coração Eucarístico,Urbana,Belo Horizonte,IBGE
310620005650594,Coração Eucarístico,Urbana,Belo Horizonte,IBGE
310620005650595,Coração Eucarístico,Urbana,Belo Horizonte,IBGE
310620005650596,Coração Eucarístico,Urbana,Belo Horizonte,IBGE
310620005650597,João Pinheiro,Urbana,Belo Horizonte,IBGE
310620005650598,João Pinheiro,Urbana,Belo Horizonte,IBGE
310620005650599,João Pinheiro,Urbana,Belo Horizonte,IBGE
310620005650600,Dom Bosco,Urbana,Belo Horizonte,IBGE
310620005650601,Dom Bosco,Urbana,Belo Horizonte,IBGE
310620005650602,Novo Glória,Urbana,Belo Horizonte,IBGE
310620005650603,Glória,Urbana,Belo Horizonte,IBGE
310620005650604,Alto Caiçaras,Urbana,Belo Horizonte,IBGE
310620005650607,Pindorama,Urbana,Belo Horizonte,IBGE
310620005650608,Pindorama,Urbana,Belo Horizonte,IBGE
310620005650609,Pindorama,Urbana,Belo Horizonte,IBGE
310620005650610,Coqueiros,Urbana,Belo Horizonte,IBGE
310620005650611,Coqueiros,Urbana,Belo Horizonte,IBGE
310620005650612,Glória,Urbana,Belo Horizonte,IBGE
310620005650613,Glória,Urbana,Belo Horizonte,IBGE
310620005650614,Alto Caiçaras,Urbana,Belo Horizonte,IBGE
310620005650615,Aparecida,Urbana,Belo Horizonte,IBGE
310620005650616,Santo André,Urbana,Belo Horizonte,IBGE
310620005650617,Lagoinha,Urbana,Belo Horizonte,IBGE
310620005650618,Carlos Prates,Urbana,Belo Horizonte,IBGE
310620005650619,Padre Eustáquio,Urbana,Belo Horizonte,IBGE
310620005650620,Vila Califórnia,Urbana,Belo Horizonte,IBGE
310620005650621,São Cristóvão,Urbana,Belo Horizonte,IBGE
310620005650622,Alto dos Pinheiros,Urbana,Belo Horizonte,IBGE
310620005650623,Alto dos Pinheiros,Urbana,Belo Horizonte,IBGE
310620005650624,Alto dos Pinheiros,Urbana,Belo Horizonte,IBGE
310620005650625,Califórnia,Urbana,Belo Horizonte,IBGE
310620005650626,Califórnia,Urbana,Belo Horizonte,IBGE
310620005650627,Pedreira Prado Lopes,Urbana,Belo Horizonte,IBGE
310620005650628,Alto dos Pinheiros,Urbana,Belo Horizonte,IBGE
310620005650629,Pedreira Prado Lopes,Urbana,Belo Horizonte,IBGE
310620005650630,Padre Eustáquio,Urbana,Belo Horizonte,IBGE
310620005650631,Padre Eustáquio,Urbana,Belo Horizonte,IBGE
310620005650632,Padre Eustáquio,Urbana,Belo Horizonte,IBGE
310620005650634,Caiçaras,Urbana,Belo Horizonte,IBGE
310620005650635,Caiçaras,Urbana,Belo Horizonte,IBGE
310620005650636,Califórnia,Urbana,Belo Horizonte,IBGE
310620005650637,Califórnia,Urbana,Belo Horizonte,IBGE
310620005650638,Conjunto Califórnia I,Urbana,Belo Horizonte,IBGE
310620005650640,Conjunto Califórnia II,Urbana,Belo Horizonte,IBGE
310620005650641,Conjunto Califórnia II,Urbana,Belo Horizonte,IBGE
310620005650642,Padre Eustáquio,Urbana,Belo Horizonte,IBGE
310620005650643,Padre Eustáquio,Urbana,Belo Horizonte,IBGE
310620005650644,Álvaro Camargos,Urbana,Belo Horizonte,IBGE
310620005650645,Álvaro Camargos,Urbana,Belo Horizonte,IBGE
310620005650646,Nova Esperança,Urbana,Belo Horizonte,IBGE
310620005650647,Nova Esperança,Urbana,Belo Horizonte,IBGE
310620005650648,Coqueiros,Urbana,Belo Horizonte,IBGE
310620005650649,Coqueiros,Urbana,Belo Horizonte,IBGE
310620005650650,Coqueiros,Urbana,Belo Horizonte,IBGE
310620005650651,Coqueiros,Urbana,Belo Horizonte,IBGE
310620005650652,Novo Glória,Urbana,Belo Horizonte,IBGE
310620005650653,Novo Glória,Urbana,Belo Horizonte,IBGE
310620005650654,Glória,Urbana,Belo Horizonte,IBGE
310620005650655,Glória,Urbana,Belo Horizonte,IBGE
310620005650656,Glória,Urbana,Belo Horizonte,IBGE
310620005650657,Glória,Urbana,Belo Horizonte,IBGE
310620005650658,Glória,Urbana,Belo Horizonte,IBGE
310620005650659,Glória,Urbana,Belo Horizonte,IBGE
310620005650660,Glória,Urbana,Belo Horizonte,IBGE
310620005650661,Glória,Urbana,Belo Horizonte,IBGE
310620005650662,São Salvador,Urbana,Belo Horizonte,IBGE
310620005650663,São Salvador,Urbana,Belo Horizonte,IBGE
310620005650664,Glória,Urbana,Belo Horizonte,IBGE
310620005650665,Glória,Urbana,Belo Horizonte,IBGE
310620005650666,São Salvador,Urbana,Belo Horizonte,IBGE
310620005650667,São Salvador,Urbana,Belo Horizonte,IBGE
310620005650668,Pindorama,Urbana,Belo Horizonte,IBGE
310620005650669,Pindorama,Urbana,Belo Horizonte,IBGE
310620005650670,Pindorama,Urbana,Belo Horizonte,IBGE
310620005650671,Pindorama,Urbana,Belo Horizonte,IBGE
310620005650672,Pindorama,Urbana,Belo Horizonte,IBGE
310620005650673,Pindorama,Urbana,Belo Horizonte,IBGE
310620005650675,João Pinheiro,Urbana,Belo Horizonte,IBGE
310620005650676,Aparecida,Urbana,Belo Horizonte,IBGE
310620005650677,Aparecida,Urbana,Belo Horizonte,IBGE
310620005650678,Alto Caiçaras,Urbana,Belo Horizonte,IBGE
310620005650679,Alto Caiçaras,Urbana,Belo Horizonte,IBGE
310620005650680,Caiçara-Adelaide,Urbana,Belo Horizonte,IBGE
310620005650681,Caiçara-Adelaide,Urbana,Belo Horizonte,IBGE
310620005650682,Alto Caiçaras,Urbana,Belo Horizonte,IBGE
310620005650683,Alto Caiçaras,Urbana,Belo Horizonte,IBGE
310620005650684,Alto Caiçaras,Urbana,Belo Horizonte,IBGE
310620005650685,Alto Caiçaras,Urbana,Belo Horizonte,IBGE
310620005650686,Minas Brasil,Urbana,Belo Horizonte,IBGE
310620005650687,Minas Brasil,Urbana,Belo Horizonte,IBGE
310620005650689,Padre Eustáquio,Urbana,Belo Horizonte,IBGE
310620005650690,Conjunto Califórnia I,Urbana,Belo Horizonte,IBGE
310620005650691,Conjunto Califórnia I,Urbana,Belo Horizonte,IBGE
310620005650692,Santo André,Urbana,Belo Horizonte,IBGE
310620005650693,Santo André,Urbana,Belo Horizonte,IBGE
310620005650694,Caiçaras,Urbana,Belo Horizonte,IBGE
310620005650695,Caiçaras,Urbana,Belo Horizonte,IBGE
310620005650696,Caiçaras,Urbana,Belo Horizonte,IBGE
310620005650697,Caiçaras,Urbana,Belo Horizonte,IBGE
310620005650698,Coqueiros,Urbana,Belo Horizonte,IBGE
310620005650699,Coqueiros,Urbana,Belo Horizonte,IBGE
310620005650700,Carlos Prates,Urbana,Belo Horizonte,IBGE
310620005650701,Carlos Prates,Urbana,Belo Horizonte,IBGE
310620005650702,Padre Eustáquio,Urbana,Belo Horizonte,IBGE
310620005650703,Padre Eustáquio,Urbana,Belo Horizonte,IBGE
310620005650704,Caiçara-Adelaide,Urbana,Belo Horizonte,IBGE
310620005650705,Caiçara-Adelaide,Urbana,Belo Horizonte,IBGE
310620005650706,Califórnia,Urbana,Belo Horizonte,IBGE
310620005650707,Califórnia,Urbana,Belo Horizonte,IBGE
310620005650708,Alto dos Pinheiros,Urbana,Belo Horizonte,IBGE
310620005650709,Alto dos Pinheiros,Urbana,Belo Horizonte,IBGE
310620005650710,Aparecida Sétima Seção,Urbana,Belo Horizonte,IBGE
310620005650711,Vila Sumaré,Urbana,Belo Horizonte,IBGE
310620005650712,Vila Sumaré,Urbana,Belo Horizonte,IBGE
310620005650713,Aparecida Sétima Seção,Urbana,Belo Horizonte,IBGE
310620005650714,Aparecida Sétima Seção,Urbana,Belo Horizonte,IBGE
310620005650715,João Pinheiro,Urbana,Belo Horizonte,IBGE
310620005650716,Pindorama,Urbana,Belo Horizonte,IBGE
310620005650717,Ermelinda,Urbana,Belo Horizonte,IBGE
310620005650718,Santo André,Urbana,Belo Horizonte,IBGE
310620005650719,Conjunto Califórnia I,Urbana,Belo Horizonte,IBGE
310620005650720,Novo Glória,Urbana,Belo Horizonte,IBGE
310620005650721,Padre Eustáquio,Urbana,Belo Horizonte,IBGE
310620005650722,João Pinheiro,Urbana,Belo Horizonte,IBGE
310620005650723,Jardim Montanhês,Urbana,Belo Horizonte,IBGE
310620005650724,Minas Brasil,Urbana,Belo Horizonte,IBGE
310620005650725,Padre Eustáquio,Urbana,Belo Horizonte,IBGE
310620005650726,Nova Cachoeirinha,Urbana,Belo Horizonte,IBGE
310620005650727,São Cristóvão,Urbana,Belo Horizonte,IBGE
310620005650728,Carlos Prates,Urbana,Belo Horizonte,IBGE
310620005660001,Vila Aeroporto,Urbana,Belo Horizonte,IBGE
310620005660002,Vila Aeroporto,Urbana,Belo Horizonte,IBGE
310620005660004,São Tomáz,Urbana,Belo Horizonte,IBGE
310620005660005,São Tomáz,Urbana,Belo Horizonte,IBGE
310620005660006,São Tomáz,Urbana,Belo Horizonte,IBGE
310620005660007,São Tomáz,Urbana,Belo Horizonte,IBGE
310620005660008,São Tomáz,Urbana,Belo Horizonte,IBGE
310620005660010,São Tomáz,Urbana,Belo Horizonte,IBGE
310620005660011,São Tomáz,Urbana,Belo Horizonte,IBGE
310620005660013,São Tomáz,Urbana,Belo Horizonte,IBGE
310620005660014,São Tomáz,Urbana,Belo Horizonte,IBGE
310620005660015,São Tomáz,Urbana,Belo Horizonte,IBGE
310620005660016,São Tomáz,Urbana,Belo Horizonte,IBGE
310620005660017,São Tomáz,Urbana,Belo Horizonte,IBGE
310620005660018,São Tomáz,Urbana,Belo Horizonte,IBGE
310620005660019,São Tomáz,Urbana,Belo Horizonte,IBGE
310620005660020,São Tomáz,Urbana,Belo Horizonte,IBGE
310620005660022,São Tomáz,Urbana,Belo Horizonte,IBGE
310620005660024,São Tomáz,Urbana,Belo Horizonte,IBGE
310620005670001,Cinquentenário,Urbana,Belo Horizonte,IBGE
310620005670002,Cinquentenário,Urbana,Belo Horizonte,IBGE
310620005670003,Marajó,Urbana,Belo Horizonte,IBGE
310620005670004,Cinquentenário,Urbana,Belo Horizonte,IBGE
310620005670005,Estrela do Oriente,Urbana,Belo Horizonte,IBGE
310620005670006,Betânia,Urbana,Belo Horizonte,IBGE
310620005670007,Cinquentenário,Urbana,Belo Horizonte,IBGE
310620005670008,Betânia,Urbana,Belo Horizonte,IBGE
310620005670009,Nova Cintra,Urbana,Belo Horizonte,IBGE
310620005670010,Nova Cintra,Urbana,Belo Horizonte,IBGE
310620005670013,Salgado Filho,Urbana,Belo Horizonte,IBGE
310620005670014,Salgado Filho,Urbana,Belo Horizonte,IBGE
310620005670015,Havaí,Urbana,Belo Horizonte,IBGE
310620005670016,Havaí,Urbana,Belo Horizonte,IBGE
310620005670018,Havaí,Urbana,Belo Horizonte,IBGE
310620005670019,Havaí,Urbana,Belo Horizonte,IBGE
310620005670020,Havaí,Urbana,Belo Horizonte,IBGE
310620005670022,Parque São José,Urbana,Belo Horizonte,IBGE
310620005670023,Marajó,Urbana,Belo Horizonte,IBGE
310620005670024,Cinquentenário,Urbana,Belo Horizonte,IBGE
310620005670025,Estrela do Oriente,Urbana,Belo Horizonte,IBGE
310620005670027,Betânia,Urbana,Belo Horizonte,IBGE
310620005670028,Betânia,Urbana,Belo Horizonte,IBGE
310620005670030,Vila Vista Alegre,Urbana,Belo Horizonte,IBGE
310620005670031,Vila Vista Alegre,Urbana,Belo Horizonte,IBGE
310620005670033,Vila Vista Alegre,Urbana,Belo Horizonte,IBGE
310620005670034,Nova Cintra,Urbana,Belo Horizonte,IBGE
310620005670035,Nova Cintra,Urbana,Belo Horizonte,IBGE
310620005670036,Nova Gameleira,Urbana,Belo Horizonte,IBGE
310620005670037,Salgado Filho,Urbana,Belo Horizonte,IBGE
310620005670038,Salgado Filho,Urbana,Belo Horizonte,IBGE
310620005670039,Salgado Filho,Urbana,Belo Horizonte,IBGE
310620005670040,Salgado Filho,Urbana,Belo Horizonte,IBGE
310620005670041,Salgado Filho,Urbana,Belo Horizonte,IBGE
310620005670042,Salgado Filho,Urbana,Belo Horizonte,IBGE
310620005670043,Ventosa,Urbana,Belo Horizonte,IBGE
310620005670044,Ventosa,Urbana,Belo Horizonte,IBGE
310620005670045,Ventosa,Urbana,Belo Horizonte,IBGE
310620005670046,Ventosa,Urbana,Belo Horizonte,IBGE
310620005670047,Ventosa,Urbana,Belo Horizonte,IBGE
310620005670048,Ventosa,Urbana,Belo Horizonte,IBGE
310620005670049,Ventosa,Urbana,Belo Horizonte,IBGE
310620005670052,Jardim América,Urbana,Belo Horizonte,IBGE
310620005670054,Estoril,Urbana,Belo Horizonte,IBGE
310620005670055,Estoril,Urbana,Belo Horizonte,IBGE
310620005670056,Estoril,Urbana,Belo Horizonte,IBGE
310620005670059,Havaí,Urbana,Belo Horizonte,IBGE
310620005670060,Havaí,Urbana,Belo Horizonte,IBGE
310620005670061,Havaí,Urbana,Belo Horizonte,IBGE
310620005670062,Parque São José,Urbana,Belo Horizonte,IBGE
310620005670063,Estrela do Oriente,Urbana,Belo Horizonte,IBGE
310620005670064,Estrela do Oriente,Urbana,Belo Horizonte,IBGE
310620005670065,Betânia,Urbana,Belo Horizonte,IBGE
310620005670067,Betânia,Urbana,Belo Horizonte,IBGE
310620005670068,Betânia,Urbana,Belo Horizonte,IBGE
310620005670069,Vila Vista Alegre,Urbana,Belo Horizonte,IBGE
310620005670071,Vila Vista Alegre,Urbana,Belo Horizonte,IBGE
310620005670072,Vila Vista Alegre,Urbana,Belo Horizonte,IBGE
310620005670076,Nova Cintra,Urbana,Belo Horizonte,IBGE
310620005670079,Nova Gameleira,Urbana,Belo Horizonte,IBGE
310620005670080,Salgado Filho,Urbana,Belo Horizonte,IBGE
310620005670082,Salgado Filho,Urbana,Belo Horizonte,IBGE
310620005670083,Salgado Filho,Urbana,Belo Horizonte,IBGE
310620005670085,Salgado Filho,Urbana,Belo Horizonte,IBGE
310620005670086,Jardim América,Urbana,Belo Horizonte,IBGE
310620005670087,Jardim América,Urbana,Belo Horizonte,IBGE
310620005670088,Jardim América,Urbana,Belo Horizonte,IBGE
310620005670089,Jardim América,Urbana,Belo Horizonte,IBGE
310620005670091,Jardim América,Urbana,Belo Horizonte,IBGE
310620005670092,Jardim América,Urbana,Belo Horizonte,IBGE
310620005670093,Estoril,Urbana,Belo Horizonte,IBGE
310620005670094,Estoril,Urbana,Belo Horizonte,IBGE
310620005670095,Havaí,Urbana,Belo Horizonte,IBGE
310620005670096,Buritis,Urbana,Belo Horizonte,IBGE
310620005670097,Buritis,Urbana,Belo Horizonte,IBGE
310620005670098,Buritis,Urbana,Belo Horizonte,IBGE
310620005670099,Buritis,Urbana,Belo Horizonte,IBGE
310620005670100,Buritis,Urbana,Belo Horizonte,IBGE
310620005670101,Buritis,Urbana,Belo Horizonte,IBGE
310620005670102,Buritis,Urbana,Belo Horizonte,IBGE
310620005670103,Buritis,Urbana,Belo Horizonte,IBGE
310620005670104,Buritis,Urbana,Belo Horizonte,IBGE
310620005670105,Buritis,Urbana,Belo Horizonte,IBGE
310620005670106,Buritis,Urbana,Belo Horizonte,IBGE
310620005670107,Palmeiras,Urbana,Belo Horizonte,IBGE
310620005670109,Palmeiras,Urbana,Belo Horizonte,IBGE
310620005670110,Palmeiras,Urbana,Belo Horizonte,IBGE
310620005670111,Palmeiras,Urbana,Belo Horizonte,IBGE
310620005670113,Betânia,Urbana,Belo Horizonte,IBGE
310620005670115,Vista Alegre,Urbana,Belo Horizonte,IBGE
310620005670116,Vila Vista Alegre,Urbana,Belo Horizonte,IBGE
310620005670117,Vista Alegre,Urbana,Belo Horizonte,IBGE
310620005670118,Cabana do Pai Tomás,Urbana,Belo Horizonte,IBGE
310620005670119,Cabana do Pai Tomás,Urbana,Belo Horizonte,IBGE
310620005670120,Cabana do Pai Tomás,Urbana,Belo Horizonte,IBGE
310620005670121,Cabana do Pai Tomás,Urbana,Belo Horizonte,IBGE
310620005670122,Cabana do Pai Tomás,Urbana,Belo Horizonte,IBGE
310620005670123,Vista Alegre,Urbana,Belo Horizonte,IBGE
310620005670124,Cabana do Pai Tomás,Urbana,Belo Horizonte,IBGE
310620005670125,Cabana do Pai Tomás,Urbana,Belo Horizonte,IBGE
310620005670126,Cabana do Pai Tomás,Urbana,Belo Horizonte,IBGE
310620005670127,Cabana do Pai Tomás,Urbana,Belo Horizonte,IBGE
310620005670128,Cabana do Pai Tomás,Urbana,Belo Horizonte,IBGE
310620005670129,Cabana do Pai Tomás,Urbana,Belo Horizonte,IBGE
310620005670130,Cabana do Pai Tomás,Urbana,Belo Horizonte,IBGE
310620005670131,Cabana do Pai Tomás,Urbana,Belo Horizonte,IBGE
310620005670132,Cabana do Pai Tomás,Urbana,Belo Horizonte,IBGE
310620005670133,Cabana do Pai Tomás,Urbana,Belo Horizonte,IBGE
310620005670134,Cabana do Pai Tomás,Urbana,Belo Horizonte,IBGE
310620005670136,Cabana do Pai Tomás,Urbana,Belo Horizonte,IBGE
310620005670137,Cabana do Pai Tomás,Urbana,Belo Horizonte,IBGE
310620005670138,Cabana do Pai Tomás,Urbana,Belo Horizonte,IBGE
310620005670139,Cabana do Pai Tomás,Urbana,Belo Horizonte,IBGE
310620005670140,Cabana do Pai Tomás,Urbana,Belo Horizonte,IBGE
310620005670141,Cabana do Pai Tomás,Urbana,Belo Horizonte,IBGE
310620005670142,Cabana do Pai Tomás,Urbana,Belo Horizonte,IBGE
310620005670143,Cabana do Pai Tomás,Urbana,Belo Horizonte,IBGE
310620005670145,Nova Gameleira,Urbana,Belo Horizonte,IBGE
310620005670147,Nova Gameleira,Urbana,Belo Horizonte,IBGE
310620005670148,Nova Gameleira,Urbana,Belo Horizonte,IBGE
310620005670150,Nova Gameleira,Urbana,Belo Horizonte,IBGE
310620005670151,Nova Gameleira,Urbana,Belo Horizonte,IBGE
310620005670152,Nova Gameleira,Urbana,Belo Horizonte,IBGE
310620005670153,Guaratã,Urbana,Belo Horizonte,IBGE
310620005670155,Nova Suíssa,Urbana,Belo Horizonte,IBGE
310620005670156,Ambrosina,Urbana,Belo Horizonte,IBGE
310620005670157,Salgado Filho,Urbana,Belo Horizonte,IBGE
310620005670158,Salgado Filho,Urbana,Belo Horizonte,IBGE
310620005670159,Salgado Filho,Urbana,Belo Horizonte,IBGE
310620005670160,Nova Suíssa,Urbana,Belo Horizonte,IBGE
310620005670161,Jardim América,Urbana,Belo Horizonte,IBGE
310620005670162,Jardim América,Urbana,Belo Horizonte,IBGE
310620005670163,Jardim América,Urbana,Belo Horizonte,IBGE
310620005670164,Jardim América,Urbana,Belo Horizonte,IBGE
310620005670165,Barão Homem de Melo IV,Urbana,Belo Horizonte,IBGE
310620005670167,Santa Sofia,Urbana,Belo Horizonte,IBGE
310620005670168,Santa Sofia,Urbana,Belo Horizonte,IBGE
310620005670170,Leonina,Urbana,Belo Horizonte,IBGE
310620005670171,Alpes,Urbana,Belo Horizonte,IBGE
310620005670172,Alpes,Urbana,Belo Horizonte,IBGE
310620005670173,Alpes,Urbana,Belo Horizonte,IBGE
310620005670176,Buritis,Urbana,Belo Horizonte,IBGE
310620005670177,Buritis,Urbana,Belo Horizonte,IBGE
310620005670178,Buritis,Urbana,Belo Horizonte,IBGE
310620005670179,Buritis,Urbana,Belo Horizonte,IBGE
310620005670180,Buritis,Urbana,Belo Horizonte,IBGE
310620005670181,Buritis,Urbana,Belo Horizonte,IBGE
310620005670182,Buritis,Urbana,Belo Horizonte,IBGE
310620005670183,Buritis,Urbana,Belo Horizonte,IBGE
310620005670187,Madre Gertrudes,Urbana,Belo Horizonte,IBGE
310620005670188,Vista Alegre,Urbana,Belo Horizonte,IBGE
310620005670189,Vila Madre Gertrudes I,Urbana,Belo Horizonte,IBGE
310620005670190,Madre Gertrudes,Urbana,Belo Horizonte,IBGE
310620005670193,Cabana do Pai Tomás,Urbana,Belo Horizonte,IBGE
310620005670194,Cabana do Pai Tomás,Urbana,Belo Horizonte,IBGE
310620005670195,Cabana do Pai Tomás,Urbana,Belo Horizonte,IBGE
310620005670196,Jardinópolis,Urbana,Belo Horizonte,IBGE
310620005670198,Nova Gameleira,Urbana,Belo Horizonte,IBGE
310620005670199,Vila Nova Gameleira I,Urbana,Belo Horizonte,IBGE
310620005670200,Jardinópolis,Urbana,Belo Horizonte,IBGE
310620005670201,Calafate,Urbana,Belo Horizonte,IBGE
310620005670202,Calafate,Urbana,Belo Horizonte,IBGE
310620005670203,Nova Suíssa,Urbana,Belo Horizonte,IBGE
310620005670204,Nova Suíssa,Urbana,Belo Horizonte,IBGE
310620005670205,Nova Suíssa,Urbana,Belo Horizonte,IBGE
310620005670206,Nova Suíssa,Urbana,Belo Horizonte,IBGE
310620005670207,Nova Suíssa,Urbana,Belo Horizonte,IBGE
310620005670208,Nova Suíssa,Urbana,Belo Horizonte,IBGE
310620005670209,Nova Suíssa,Urbana,Belo Horizonte,IBGE
310620005670210,Jardim América,Urbana,Belo Horizonte,IBGE
310620005670211,Nova Granada,Urbana,Belo Horizonte,IBGE
310620005670212,Nova Granada,Urbana,Belo Horizonte,IBGE
310620005670213,Nova Granada,Urbana,Belo Horizonte,IBGE
310620005670214,São Jorge III,Urbana,Belo Horizonte,IBGE
310620005670215,Santa Sofia,Urbana,Belo Horizonte,IBGE
310620005670216,Leonina,Urbana,Belo Horizonte,IBGE
310620005670217,Madre Gertrudes,Urbana,Belo Horizonte,IBGE
310620005670218,Madre Gertrudes,Urbana,Belo Horizonte,IBGE
310620005670219,Madre Gertrudes,Urbana,Belo Horizonte,IBGE
310620005670222,Virgínia,Urbana,Belo Horizonte,IBGE
310620005670224,Calafate,Urbana,Belo Horizonte,IBGE
310620005670225,Calafate,Urbana,Belo Horizonte,IBGE
310620005670226,Nova Suíssa,Urbana,Belo Horizonte,IBGE
310620005670227,Nova Suíssa,Urbana,Belo Horizonte,IBGE
310620005670228,Nova Suíssa,Urbana,Belo Horizonte,IBGE
310620005670229,Nova Suíssa,Urbana,Belo Horizonte,IBGE
310620005670230,Nova Suíssa,Urbana,Belo Horizonte,IBGE
310620005670231,Nova Suíssa,Urbana,Belo Horizonte,IBGE
310620005670232,Nova Granada,Urbana,Belo Horizonte,IBGE
310620005670233,Nova Granada,Urbana,Belo Horizonte,IBGE
310620005670234,Nova Granada,Urbana,Belo Horizonte,IBGE
310620005670235,Nova Granada,Urbana,Belo Horizonte,IBGE
310620005670236,Nova Granada,Urbana,Belo Horizonte,IBGE
310620005670237,Nova Granada,Urbana,Belo Horizonte,IBGE
310620005670238,São Jorge I,Urbana,Belo Horizonte,IBGE
310620005670239,São Jorge I,Urbana,Belo Horizonte,IBGE
310620005670240,São Jorge I,Urbana,Belo Horizonte,IBGE
310620005670241,São Jorge III,Urbana,Belo Horizonte,IBGE
310620005670242,Vila Antena,Urbana,Belo Horizonte,IBGE
310620005670243,Calafate,Urbana,Belo Horizonte,IBGE
310620005670244,Calafate,Urbana,Belo Horizonte,IBGE
310620005670245,Calafate,Urbana,Belo Horizonte,IBGE
310620005670246,Prado,Urbana,Belo Horizonte,IBGE
310620005670247,Prado,Urbana,Belo Horizonte,IBGE
310620005670248,Prado,Urbana,Belo Horizonte,IBGE
310620005670249,Alto Barroca,Urbana,Belo Horizonte,IBGE
310620005670250,Alto Barroca,Urbana,Belo Horizonte,IBGE
310620005670251,Alto Barroca,Urbana,Belo Horizonte,IBGE
310620005670252,Alto Barroca,Urbana,Belo Horizonte,IBGE
310620005670253,Alto Barroca,Urbana,Belo Horizonte,IBGE
310620005670254,Alto Barroca,Urbana,Belo Horizonte,IBGE
310620005670255,Grajaú,Urbana,Belo Horizonte,IBGE
310620005670256,Grajaú,Urbana,Belo Horizonte,IBGE
310620005670257,Grajaú,Urbana,Belo Horizonte,IBGE
310620005670258,Grajaú,Urbana,Belo Horizonte,IBGE
310620005670259,Grajaú,Urbana,Belo Horizonte,IBGE
310620005670260,São Jorge II,Urbana,Belo Horizonte,IBGE
310620005670261,São Jorge II,Urbana,Belo Horizonte,IBGE
310620005670262,São Jorge III,Urbana,Belo Horizonte,IBGE
310620005670263,São Jorge III,Urbana,Belo Horizonte,IBGE
310620005670264,São Jorge III,Urbana,Belo Horizonte,IBGE
310620005670265,Vila Antena,Urbana,Belo Horizonte,IBGE
310620005670266,Vila Antena,Urbana,Belo Horizonte,IBGE
310620005670268,Calafate,Urbana,Belo Horizonte,IBGE
310620005670269,Calafate,Urbana,Belo Horizonte,IBGE
310620005670270,Calafate,Urbana,Belo Horizonte,IBGE
310620005670271,Prado,Urbana,Belo Horizonte,IBGE
310620005670272,Barroca,Urbana,Belo Horizonte,IBGE
310620005670273,Alto Barroca,Urbana,Belo Horizonte,IBGE
310620005670274,Grajaú,Urbana,Belo Horizonte,IBGE
310620005670275,Gutierrez,Urbana,Belo Horizonte,IBGE
310620005670276,Prado,Urbana,Belo Horizonte,IBGE
310620005670277,Prado,Urbana,Belo Horizonte,IBGE
310620005670278,Prado,Urbana,Belo Horizonte,IBGE
310620005670279,Prado,Urbana,Belo Horizonte,IBGE
310620005670280,Prado,Urbana,Belo Horizonte,IBGE
310620005670281,Prado,Urbana,Belo Horizonte,IBGE
310620005670282,Barroca,Urbana,Belo Horizonte,IBGE
310620005670283,Barroca,Urbana,Belo Horizonte,IBGE
310620005670284,Gutierrez,Urbana,Belo Horizonte,IBGE
310620005670285,Gutierrez,Urbana,Belo Horizonte,IBGE
310620005670286,Gutierrez,Urbana,Belo Horizonte,IBGE
310620005670287,Gutierrez,Urbana,Belo Horizonte,IBGE
310620005670288,Gutierrez,Urbana,Belo Horizonte,IBGE
310620005670289,Gutierrez,Urbana,Belo Horizonte,IBGE
310620005670291,Gutierrez,Urbana,Belo Horizonte,IBGE
310620005670292,Gutierrez,Urbana,Belo Horizonte,IBGE
310620005670293,São Jorge II,Urbana,Belo Horizonte,IBGE
310620005670294,São Jorge II,Urbana,Belo Horizonte,IBGE
310620005670295,Prado,Urbana,Belo Horizonte,IBGE
310620005670296,Prado,Urbana,Belo Horizonte,IBGE
310620005670297,Prado,Urbana,Belo Horizonte,IBGE
310620005670298,Prado,Urbana,Belo Horizonte,IBGE
310620005670299,Prado,Urbana,Belo Horizonte,IBGE
310620005670300,Prado,Urbana,Belo Horizonte,IBGE
310620005670301,Prado,Urbana,Belo Horizonte,IBGE
310620005670302,Prado,Urbana,Belo Horizonte,IBGE
310620005670304,Gutierrez,Urbana,Belo Horizonte,IBGE
310620005670305,Gutierrez,Urbana,Belo Horizonte,IBGE
310620005670306,Barroca,Urbana,Belo Horizonte,IBGE
310620005670307,Gutierrez,Urbana,Belo Horizonte,IBGE
310620005670308,Gutierrez,Urbana,Belo Horizonte,IBGE
310620005670310,Gutierrez,Urbana,Belo Horizonte,IBGE
310620005670311,Gutierrez,Urbana,Belo Horizonte,IBGE
310620005670312,Gutierrez,Urbana,Belo Horizonte,IBGE
310620005670313,Gutierrez,Urbana,Belo Horizonte,IBGE
310620005670314,Gutierrez,Urbana,Belo Horizonte,IBGE
310620005670316,Gutierrez,Urbana,Belo Horizonte,IBGE
310620005670317,Cinquentenário,Urbana,Belo Horizonte,IBGE
310620005670318,Havaí,Urbana,Belo Horizonte,IBGE
310620005670319,Betânia,Urbana,Belo Horizonte,IBGE
310620005670320,Estrela do Oriente,Urbana,Belo Horizonte,IBGE
310620005670321,Cinquentenário,Urbana,Belo Horizonte,IBGE
310620005670322,Vila Vista Alegre,Urbana,Belo Horizonte,IBGE
310620005670323,Nova Cintra,Urbana,Belo Horizonte,IBGE
310620005670325,Ventosa,Urbana,Belo Horizonte,IBGE
310620005670326,Havaí,Urbana,Belo Horizonte,IBGE
310620005670327,Marajó,Urbana,Belo Horizonte,IBGE
310620005670328,Ventosa,Urbana,Belo Horizonte,IBGE
310620005670329,Havaí,Urbana,Belo Horizonte,IBGE
310620005670330,Ventosa,Urbana,Belo Horizonte,IBGE
310620005670332,Havaí,Urbana,Belo Horizonte,IBGE
310620005670333,Vila Havaí,Urbana,Belo Horizonte,IBGE
310620005670334,Havaí,Urbana,Belo Horizonte,IBGE
310620005670335,Havaí,Urbana,Belo Horizonte,IBGE
310620005670336,Marajó,Urbana,Belo Horizonte,IBGE
310620005670337,Palmeiras,Urbana,Belo Horizonte,IBGE
310620005670338,Parque São José,Urbana,Belo Horizonte,IBGE
310620005670339,Cinquentenário,Urbana,Belo Horizonte,IBGE
310620005670340,Nova Cintra,Urbana,Belo Horizonte,IBGE
310620005670343,Salgado Filho,Urbana,Belo Horizonte,IBGE
310620005670347,Ventosa,Urbana,Belo Horizonte,IBGE
310620005670348,Estoril,Urbana,Belo Horizonte,IBGE
310620005670349,Havaí,Urbana,Belo Horizonte,IBGE
310620005670350,Parque São José,Urbana,Belo Horizonte,IBGE
310620005670351,Palmeiras,Urbana,Belo Horizonte,IBGE
310620005670352,Estrela do Oriente,Urbana,Belo Horizonte,IBGE
310620005670353,Betânia,Urbana,Belo Horizonte,IBGE
310620005670354,Betânia,Urbana,Belo Horizonte,IBGE
310620005670357,Vila Vista Alegre,Urbana,Belo Horizonte,IBGE
310620005670359,Imbaúbas,Urbana,Belo Horizonte,IBGE
310620005670361,Imbaúbas,Urbana,Belo Horizonte,IBGE
310620005670362,Nova Gameleira,Urbana,Belo Horizonte,IBGE
310620005670363,Ambrosina,Urbana,Belo Horizonte,IBGE
310620005670364,Salgado Filho,Urbana,Belo Horizonte,IBGE
310620005670365,Salgado Filho,Urbana,Belo Horizonte,IBGE
310620005670366,Jardim América,Urbana,Belo Horizonte,IBGE
310620005670369,Jardim América,Urbana,Belo Horizonte,IBGE
310620005670372,Jardim América,Urbana,Belo Horizonte,IBGE
310620005670377,Alpes,Urbana,Belo Horizonte,IBGE
310620005670379,Estoril,Urbana,Belo Horizonte,IBGE
310620005670380,Buritis,Urbana,Belo Horizonte,IBGE
310620005670381,Buritis,Urbana,Belo Horizonte,IBGE
310620005670382,Buritis,Urbana,Belo Horizonte,IBGE
310620005670383,Buritis,Urbana,Belo Horizonte,IBGE
310620005670384,Buritis,Urbana,Belo Horizonte,IBGE
310620005670385,Buritis,Urbana,Belo Horizonte,IBGE
310620005670386,Buritis,Urbana,Belo Horizonte,IBGE
310620005670387,Buritis,Urbana,Belo Horizonte,IBGE
310620005670388,Buritis,Urbana,Belo Horizonte,IBGE
310620005670389,Buritis,Urbana,Belo Horizonte,IBGE
310620005670390,Buritis,Urbana,Belo Horizonte,IBGE
310620005670391,Buritis,Urbana,Belo Horizonte,IBGE
310620005670392,Buritis,Urbana,Belo Horizonte,IBGE
310620005670393,Palmeiras,Urbana,Belo Horizonte,IBGE
310620005670394,Havaí,Urbana,Belo Horizonte,IBGE
310620005670395,Palmeiras,Urbana,Belo Horizonte,IBGE
310620005670396,Vila Nova Paraíso,Urbana,Belo Horizonte,IBGE
310620005670397,Estrela do Oriente,Urbana,Belo Horizonte,IBGE
310620005670400,Vila Vista Alegre,Urbana,Belo Horizonte,IBGE
310620005670401,Cabana do Pai Tomás,Urbana,Belo Horizonte,IBGE
310620005670402,Cabana do Pai Tomás,Urbana,Belo Horizonte,IBGE
310620005670404,Cabana do Pai Tomás,Urbana,Belo Horizonte,IBGE
310620005670406,Cabana do Pai Tomás,Urbana,Belo Horizonte,IBGE
310620005670407,Nova Gameleira,Urbana,Belo Horizonte,IBGE
310620005670408,Imbaúbas,Urbana,Belo Horizonte,IBGE
310620005670409,Vila Nova Gameleira II,Urbana,Belo Horizonte,IBGE
310620005670410,Nova Gameleira,Urbana,Belo Horizonte,IBGE
310620005670411,Nova Gameleira,Urbana,Belo Horizonte,IBGE
310620005670412,Vila Nova Gameleira II,Urbana,Belo Horizonte,IBGE
310620005670414,Guaratã,Urbana,Belo Horizonte,IBGE
310620005670415,Nova Suíssa,Urbana,Belo Horizonte,IBGE
310620005670416,Salgado Filho,Urbana,Belo Horizonte,IBGE
310620005670417,Salgado Filho,Urbana,Belo Horizonte,IBGE
310620005670418,Nova Suíssa,Urbana,Belo Horizonte,IBGE
310620005670419,Nova Suíssa,Urbana,Belo Horizonte,IBGE
310620005670420,Jardim América,Urbana,Belo Horizonte,IBGE
310620005670421,Nova Suíssa,Urbana,Belo Horizonte,IBGE
310620005670422,Jardim América,Urbana,Belo Horizonte,IBGE
310620005670424,Barão Homem de Melo III,Urbana,Belo Horizonte,IBGE
310620005670425,Barão Homem de Melo I,Urbana,Belo Horizonte,IBGE
310620005670426,Jardim América,Urbana,Belo Horizonte,IBGE
310620005670427,Jardim América,Urbana,Belo Horizonte,IBGE
310620005670428,Jardim América,Urbana,Belo Horizonte,IBGE
310620005670431,Leonina,Urbana,Belo Horizonte,IBGE
310620005670432,Alpes,Urbana,Belo Horizonte,IBGE
310620005670433,Leonina,Urbana,Belo Horizonte,IBGE
310620005670434,Pantanal,Urbana,Belo Horizonte,IBGE
310620005670435,Chácara Leonina,Urbana,Belo Horizonte,IBGE
310620005670436,Buritis,Urbana,Belo Horizonte,IBGE
310620005670437,Santa Lúcia,Urbana,Belo Horizonte,IBGE
310620005670438,Estoril,Urbana,Belo Horizonte,IBGE
310620005670440,Buritis,Urbana,Belo Horizonte,IBGE
310620005670441,Palmeiras,Urbana,Belo Horizonte,IBGE
310620005670442,Vista Alegre,Urbana,Belo Horizonte,IBGE
310620005670443,Vista Alegre,Urbana,Belo Horizonte,IBGE
310620005670444,Vila Madre Gertrudes I,Urbana,Belo Horizonte,IBGE
310620005670445,Madre Gertrudes,Urbana,Belo Horizonte,IBGE
310620005670446,Vila Madre Gertrudes I,Urbana,Belo Horizonte,IBGE
310620005670447,Vila Madre Gertrudes I,Urbana,Belo Horizonte,IBGE
310620005670448,Madre Gertrudes,Urbana,Belo Horizonte,IBGE
310620005670449,Cabana do Pai Tomás,Urbana,Belo Horizonte,IBGE
310620005670450,Jardinópolis,Urbana,Belo Horizonte,IBGE
310620005670451,Cabana do Pai Tomás,Urbana,Belo Horizonte,IBGE
310620005670453,Vila Nova Gameleira I,Urbana,Belo Horizonte,IBGE
310620005670455,Jardinópolis,Urbana,Belo Horizonte,IBGE
310620005670456,Gameleira,Urbana,Belo Horizonte,IBGE
310620005670458,Nova Suíssa,Urbana,Belo Horizonte,IBGE
310620005670459,Gameleira,Urbana,Belo Horizonte,IBGE
310620005670460,Calafate,Urbana,Belo Horizonte,IBGE
310620005670461,Nova Suíssa,Urbana,Belo Horizonte,IBGE
310620005670462,Barão Homem de Melo I,Urbana,Belo Horizonte,IBGE
310620005670463,Barão Homem de Melo IV,Urbana,Belo Horizonte,IBGE
310620005670464,São Jorge III,Urbana,Belo Horizonte,IBGE
310620005670465,Vila Antena,Urbana,Belo Horizonte,IBGE
310620005670466,Vila Madre Gertrudes II,Urbana,Belo Horizonte,IBGE
310620005670467,Custodinha,Urbana,Belo Horizonte,IBGE
310620005670468,Vila Madre Gertrudes II,Urbana,Belo Horizonte,IBGE
310620005670471,Vila Calafate,Urbana,Belo Horizonte,IBGE
310620005670472,Vila da Amizade,Urbana,Belo Horizonte,IBGE
310620005670473,Nova Suíssa,Urbana,Belo Horizonte,IBGE
310620005670474,Nova Suíssa,Urbana,Belo Horizonte,IBGE
310620005670475,São Jorge I,Urbana,Belo Horizonte,IBGE
310620005670476,São Jorge I,Urbana,Belo Horizonte,IBGE
310620005670477,São Jorge III,Urbana,Belo Horizonte,IBGE
310620005670478,Prado,Urbana,Belo Horizonte,IBGE
310620005670479,Grajaú,Urbana,Belo Horizonte,IBGE
310620005670480,Grajaú,Urbana,Belo Horizonte,IBGE
310620005670483,Prado,Urbana,Belo Horizonte,IBGE
310620005670484,Barroca,Urbana,Belo Horizonte,IBGE
310620005670485,Grajaú,Urbana,Belo Horizonte,IBGE
310620005670486,Grajaú,Urbana,Belo Horizonte,IBGE
310620005670487,São Jorge II,Urbana,Belo Horizonte,IBGE
310620005670488,São Jorge II,Urbana,Belo Horizonte,IBGE
310620005670489,Barroca,Urbana,Belo Horizonte,IBGE
310620005670490,Sport Club,Urbana,Belo Horizonte,IBGE
310620005670492,Jardinópolis,Urbana,Belo Horizonte,IBGE
310620005670493,Vila Nova Gameleira III,Urbana,Belo Horizonte,IBGE
310620005670494,Cinquentenário,Urbana,Belo Horizonte,IBGE
310620005670495,Belvedere,Urbana,Belo Horizonte,IBGE
310620005670496,Oeste,Urbana,Belo Horizonte,IBGE
310620005670497,Oeste,Urbana,Belo Horizonte,IBGE
310620005670498,Oeste,Urbana,Belo Horizonte,IBGE
310620005670500,Santa Maria,Urbana,Belo Horizonte,IBGE
310620005670501,Camargos,Urbana,Belo Horizonte,IBGE
310620005670502,Camargos,Urbana,Belo Horizonte,IBGE
310620005670504,Camargos,Urbana,Belo Horizonte,IBGE
310620005670505,Camargos,Urbana,Belo Horizonte,IBGE
310620005670506,Camargos,Urbana,Belo Horizonte,IBGE
310620005670507,Camargos,Urbana,Belo Horizonte,IBGE
310620005670508,Camargos,Urbana,Belo Horizonte,IBGE
310620005670509,Camargos,Urbana,Belo Horizonte,IBGE
310620005670510,Camargos,Urbana,Belo Horizonte,IBGE
310620005670512,Santa Maria,Urbana,Belo Horizonte,IBGE
310620005670513,Santa Maria,Urbana,Belo Horizonte,IBGE
310620005670515,Santa Maria,Urbana,Belo Horizonte,IBGE
310620005670516,Santa Maria,Urbana,Belo Horizonte,IBGE
310620005670517,Vila Oeste,Urbana,Belo Horizonte,IBGE
310620005670518,Oeste,Urbana,Belo Horizonte,IBGE
310620005670519,Vila Oeste,Urbana,Belo Horizonte,IBGE
310620005670520,Vila Oeste,Urbana,Belo Horizonte,IBGE
310620005670521,Camargos,Urbana,Belo Horizonte,IBGE
310620005670522,Camargos,Urbana,Belo Horizonte,IBGE
310620005670523,Camargos,Urbana,Belo Horizonte,IBGE
310620005670524,Camargos,Urbana,Belo Horizonte,IBGE
310620005670525,Camargos,Urbana,Belo Horizonte,IBGE
310620005670526,Camargos,Urbana,Belo Horizonte,IBGE
310620005670527,Maravilha,Urbana,Belo Horizonte,IBGE
310620005670528,Santa Maria,Urbana,Belo Horizonte,IBGE
310620005670529,Camargos,Urbana,Belo Horizonte,IBGE
310620005670530,Cinquentenário,Urbana,Belo Horizonte,IBGE
310620005670531,Marajó,Urbana,Belo Horizonte,IBGE
310620005670532,Cinquentenário,Urbana,Belo Horizonte,IBGE
310620005670533,Cinquentenário,Urbana,Belo Horizonte,IBGE
310620005670534,Estrela do Oriente,Urbana,Belo Horizonte,IBGE
310620005670536,Nova Cintra,Urbana,Belo Horizonte,IBGE
310620005670537,Salgado Filho,Urbana,Belo Horizonte,IBGE
310620005670539,Havaí,Urbana,Belo Horizonte,IBGE
310620005670540,Havaí,Urbana,Belo Horizonte,IBGE
310620005670541,Parque São José,Urbana,Belo Horizonte,IBGE
310620005670542,Marajó,Urbana,Belo Horizonte,IBGE
310620005670543,Marajó,Urbana,Belo Horizonte,IBGE
310620005670544,Cinquentenário,Urbana,Belo Horizonte,IBGE
310620005670545,Betânia,Urbana,Belo Horizonte,IBGE
310620005670546,Betânia,Urbana,Belo Horizonte,IBGE
310620005670547,Vila Vista Alegre,Urbana,Belo Horizonte,IBGE
310620005670548,Nova Cintra,Urbana,Belo Horizonte,IBGE
310620005670549,Salgado Filho,Urbana,Belo Horizonte,IBGE
310620005670550,Salgado Filho,Urbana,Belo Horizonte,IBGE
310620005670551,Jardim América,Urbana,Belo Horizonte,IBGE
310620005670552,Havaí,Urbana,Belo Horizonte,IBGE
310620005670553,Havaí,Urbana,Belo Horizonte,IBGE
310620005670554,Havaí,Urbana,Belo Horizonte,IBGE
310620005670555,Parque São José,Urbana,Belo Horizonte,IBGE
310620005670556,Parque São José,Urbana,Belo Horizonte,IBGE
310620005670557,Betânia,Urbana,Belo Horizonte,IBGE
310620005670558,Vila Vista Alegre,Urbana,Belo Horizonte,IBGE
310620005670559,Nova Cintra,Urbana,Belo Horizonte,IBGE
310620005670560,Salgado Filho,Urbana,Belo Horizonte,IBGE
310620005670561,Jardim América,Urbana,Belo Horizonte,IBGE
310620005670562,Jardim América,Urbana,Belo Horizonte,IBGE
310620005670563,Estoril,Urbana,Belo Horizonte,IBGE
310620005670564,Buritis,Urbana,Belo Horizonte,IBGE
310620005670565,Buritis,Urbana,Belo Horizonte,IBGE
310620005670566,Buritis,Urbana,Belo Horizonte,IBGE
310620005670567,Buritis,Urbana,Belo Horizonte,IBGE
310620005670568,Buritis,Urbana,Belo Horizonte,IBGE
310620005670569,Buritis,Urbana,Belo Horizonte,IBGE
310620005670570,Buritis,Urbana,Belo Horizonte,IBGE
310620005670571,Buritis,Urbana,Belo Horizonte,IBGE
310620005670572,Buritis,Urbana,Belo Horizonte,IBGE
310620005670573,Buritis,Urbana,Belo Horizonte,IBGE
310620005670574,Buritis,Urbana,Belo Horizonte,IBGE
310620005670576,Palmeiras,Urbana,Belo Horizonte,IBGE
310620005670577,Betânia,Urbana,Belo Horizonte,IBGE
310620005670578,Vista Alegre,Urbana,Belo Horizonte,IBGE
310620005670579,Nova Gameleira,Urbana,Belo Horizonte,IBGE
310620005670580,Nova Gameleira,Urbana,Belo Horizonte,IBGE
310620005670581,Nova Suíssa,Urbana,Belo Horizonte,IBGE
310620005670582,Salgado Filho,Urbana,Belo Horizonte,IBGE
310620005670583,Nova Suíssa,Urbana,Belo Horizonte,IBGE
310620005670584,Buritis,Urbana,Belo Horizonte,IBGE
310620005670585,Buritis,Urbana,Belo Horizonte,IBGE
310620005670586,Buritis,Urbana,Belo Horizonte,IBGE
310620005670587,Buritis,Urbana,Belo Horizonte,IBGE
310620005670588,Buritis,Urbana,Belo Horizonte,IBGE
310620005670589,Buritis,Urbana,Belo Horizonte,IBGE
310620005670590,Buritis,Urbana,Belo Horizonte,IBGE
310620005670591,Buritis,Urbana,Belo Horizonte,IBGE
310620005670592,Buritis,Urbana,Belo Horizonte,IBGE
310620005670593,Buritis,Urbana,Belo Horizonte,IBGE
310620005670594,Buritis,Urbana,Belo Horizonte,IBGE
310620005670595,Buritis,Urbana,Belo Horizonte,IBGE
310620005670596,Buritis,Urbana,Belo Horizonte,IBGE
310620005670597,Buritis,Urbana,Belo Horizonte,IBGE
310620005670598,Buritis,Urbana,Belo Horizonte,IBGE
310620005670599,Buritis,Urbana,Belo Horizonte,IBGE
310620005670600,Buritis,Urbana,Belo Horizonte,IBGE
310620005670601,Buritis,Urbana,Belo Horizonte,IBGE
310620005670602,Buritis,Urbana,Belo Horizonte,IBGE
310620005670604,Buritis,Urbana,Belo Horizonte,IBGE
310620005670605,Vista Alegre,Urbana,Belo Horizonte,IBGE
310620005670606,Vila Madre Gertrudes I,Urbana,Belo Horizonte,IBGE
310620005670607,Cabana do Pai Tomás,Urbana,Belo Horizonte,IBGE
310620005670608,Cabana do Pai Tomás,Urbana,Belo Horizonte,IBGE
310620005670609,Calafate,Urbana,Belo Horizonte,IBGE
310620005670610,Nova Suíssa,Urbana,Belo Horizonte,IBGE
310620005670611,Nova Suíssa,Urbana,Belo Horizonte,IBGE
310620005670612,Nova Suíssa,Urbana,Belo Horizonte,IBGE
310620005670613,Nova Suíssa,Urbana,Belo Horizonte,IBGE
310620005670614,Nova Suíssa,Urbana,Belo Horizonte,IBGE
310620005670615,Nova Suíssa,Urbana,Belo Horizonte,IBGE
310620005670616,Nova Suíssa,Urbana,Belo Horizonte,IBGE
310620005670617,Nova Granada,Urbana,Belo Horizonte,IBGE
310620005670618,Nova Granada,Urbana,Belo Horizonte,IBGE
310620005670619,Leonina,Urbana,Belo Horizonte,IBGE
310620005670620,Leonina,Urbana,Belo Horizonte,IBGE
310620005670621,Calafate,Urbana,Belo Horizonte,IBGE
310620005670622,Calafate,Urbana,Belo Horizonte,IBGE
310620005670623,Nova Suíssa,Urbana,Belo Horizonte,IBGE
310620005670624,Nova Suíssa,Urbana,Belo Horizonte,IBGE
310620005670625,Nova Suíssa,Urbana,Belo Horizonte,IBGE
310620005670626,Nova Suíssa,Urbana,Belo Horizonte,IBGE
310620005670627,Nova Suíssa,Urbana,Belo Horizonte,IBGE
310620005670628,Nova Granada,Urbana,Belo Horizonte,IBGE
310620005670629,Nova Granada,Urbana,Belo Horizonte,IBGE
310620005670630,Nova Granada,Urbana,Belo Horizonte,IBGE
310620005670631,Nova Granada,Urbana,Belo Horizonte,IBGE
310620005670632,Nova Granada,Urbana,Belo Horizonte,IBGE
310620005670633,Calafate,Urbana,Belo Horizonte,IBGE
310620005670634,Prado,Urbana,Belo Horizonte,IBGE
310620005670635,Prado,Urbana,Belo Horizonte,IBGE
310620005670636,Prado,Urbana,Belo Horizonte,IBGE
310620005670637,Alto Barroca,Urbana,Belo Horizonte,IBGE
310620005670638,Alto Barroca,Urbana,Belo Horizonte,IBGE
310620005670639,Alto Barroca,Urbana,Belo Horizonte,IBGE
310620005670640,Alto Barroca,Urbana,Belo Horizonte,IBGE
310620005670641,Grajaú,Urbana,Belo Horizonte,IBGE
310620005670642,Grajaú,Urbana,Belo Horizonte,IBGE
310620005670643,Grajaú,Urbana,Belo Horizonte,IBGE
310620005670644,Grajaú,Urbana,Belo Horizonte,IBGE
310620005670646,São Jorge II,Urbana,Belo Horizonte,IBGE
310620005670647,Calafate,Urbana,Belo Horizonte,IBGE
310620005670648,Calafate,Urbana,Belo Horizonte,IBGE
310620005670649,Prado,Urbana,Belo Horizonte,IBGE
310620005670650,Barroca,Urbana,Belo Horizonte,IBGE
310620005670651,Gutierrez,Urbana,Belo Horizonte,IBGE
310620005670652,Prado,Urbana,Belo Horizonte,IBGE
310620005670653,Prado,Urbana,Belo Horizonte,IBGE
310620005670654,Prado,Urbana,Belo Horizonte,IBGE
310620005670655,Prado,Urbana,Belo Horizonte,IBGE
310620005670656,Prado,Urbana,Belo Horizonte,IBGE
310620005670657,Prado,Urbana,Belo Horizonte,IBGE
310620005670658,Barroca,Urbana,Belo Horizonte,IBGE
310620005670659,Gutierrez,Urbana,Belo Horizonte,IBGE
310620005670660,Gutierrez,Urbana,Belo Horizonte,IBGE
310620005670661,Gutierrez,Urbana,Belo Horizonte,IBGE
310620005670662,Gutierrez,Urbana,Belo Horizonte,IBGE
310620005670663,Gutierrez,Urbana,Belo Horizonte,IBGE
310620005670664,Gutierrez,Urbana,Belo Horizonte,IBGE
310620005670665,Prado,Urbana,Belo Horizonte,IBGE
310620005670666,Prado,Urbana,Belo Horizonte,IBGE
310620005670667,Prado,Urbana,Belo Horizonte,IBGE
310620005670668,Prado,Urbana,Belo Horizonte,IBGE
310620005670669,Prado,Urbana,Belo Horizonte,IBGE
310620005670670,Prado,Urbana,Belo Horizonte,IBGE
310620005670671,Gutierrez,Urbana,Belo Horizonte,IBGE
310620005670672,Gutierrez,Urbana,Belo Horizonte,IBGE
310620005670673,Gutierrez,Urbana,Belo Horizonte,IBGE
310620005670674,Gutierrez,Urbana,Belo Horizonte,IBGE
310620005670675,Gutierrez,Urbana,Belo Horizonte,IBGE
310620005670676,Gutierrez,Urbana,Belo Horizonte,IBGE
310620005670677,Gutierrez,Urbana,Belo Horizonte,IBGE
310620005670678,Gutierrez,Urbana,Belo Horizonte,IBGE
310620005670679,Gutierrez,Urbana,Belo Horizonte,IBGE
310620005670680,Cinquentenário,Urbana,Belo Horizonte,IBGE
310620005670681,Havaí,Urbana,Belo Horizonte,IBGE
310620005670682,Havaí,Urbana,Belo Horizonte,IBGE
310620005670683,Havaí,Urbana,Belo Horizonte,IBGE
310620005670684,Salgado Filho,Urbana,Belo Horizonte,IBGE
310620005670685,Betânia,Urbana,Belo Horizonte,IBGE
310620005670686,Buritis,Urbana,Belo Horizonte,IBGE
310620005670687,Buritis,Urbana,Belo Horizonte,IBGE
310620005670688,Buritis,Urbana,Belo Horizonte,IBGE
310620005670689,Buritis,Urbana,Belo Horizonte,IBGE
310620005670690,Buritis,Urbana,Belo Horizonte,IBGE
310620005670691,Buritis,Urbana,Belo Horizonte,IBGE
310620005670692,Buritis,Urbana,Belo Horizonte,IBGE
310620005670693,Buritis,Urbana,Belo Horizonte,IBGE
310620005670694,Buritis,Urbana,Belo Horizonte,IBGE
310620005670695,Buritis,Urbana,Belo Horizonte,IBGE
310620005670696,Buritis,Urbana,Belo Horizonte,IBGE
310620005670697,Buritis,Urbana,Belo Horizonte,IBGE
310620005670698,Buritis,Urbana,Belo Horizonte,IBGE
310620005670699,Buritis,Urbana,Belo Horizonte,IBGE
310620005670700,Buritis,Urbana,Belo Horizonte,IBGE
310620005670701,Buritis,Urbana,Belo Horizonte,IBGE
310620005670702,Buritis,Urbana,Belo Horizonte,IBGE
310620005670703,Buritis,Urbana,Belo Horizonte,IBGE
310620005670704,Buritis,Urbana,Belo Horizonte,IBGE
310620005670705,Palmeiras,Urbana,Belo Horizonte,IBGE
310620005670706,Madre Gertrudes,Urbana,Belo Horizonte,IBGE
310620005670707,Grajaú,Urbana,Belo Horizonte,IBGE
310620005670708,Camargos,Urbana,Belo Horizonte,IBGE
310620005670709,Camargos,Urbana,Belo Horizonte,IBGE
310620005670710,Camargos,Urbana,Belo Horizonte,IBGE
310620005670711,Camargos,Urbana,Belo Horizonte,IBGE
310620005670712,Santa Maria,Urbana,Belo Horizonte,IBGE
310620005670713,Santa Maria,Urbana,Belo Horizonte,IBGE
310620005670714,Camargos,Urbana,Belo Horizonte,IBGE
310620005670715,Camargos,Urbana,Belo Horizonte,IBGE
310620005670716,Camargos,Urbana,Belo Horizonte,IBGE
310620005670717,Camargos,Urbana,Belo Horizonte,IBGE
310620005670718,Camargos,Urbana,Belo Horizonte,IBGE
310620005670719,Camargos,Urbana,Belo Horizonte,IBGE
310620005670720,Camargos,Urbana,Belo Horizonte,IBGE
310620005670721,Camargos,Urbana,Belo Horizonte,IBGE
310620005670722,Camargos,Urbana,Belo Horizonte,IBGE
310620005670723,Camargos,Urbana,Belo Horizonte,IBGE
310620005670724,Vila Vista Alegre,Urbana,Belo Horizonte,IBGE
310620005670725,Vila Vista Alegre,Urbana,Belo Horizonte,IBGE
310620005670726,Santa Maria,Urbana,Belo Horizonte,IBGE
310620005670727,Santa Maria,Urbana,Belo Horizonte,IBGE
310620005670728,Imbaúbas,Urbana,Belo Horizonte,IBGE
310620005670729,Imbaúbas,Urbana,Belo Horizonte,IBGE
310620005670730,Vila Vista Alegre,Urbana,Belo Horizonte,IBGE
310620005670731,Vila Vista Alegre,Urbana,Belo Horizonte,IBGE
310620005670732,Vila Vista Alegre,Urbana,Belo Horizonte,IBGE
310620005670733,Vila Vista Alegre,Urbana,Belo Horizonte,IBGE
310620005670734,Palmeiras,Urbana,Belo Horizonte,IBGE
310620005670735,Palmeiras,Urbana,Belo Horizonte,IBGE
310620005670736,Vila Vista Alegre,Urbana,Belo Horizonte,IBGE
310620005670737,Vila Vista Alegre,Urbana,Belo Horizonte,IBGE
310620005670738,Ventosa,Urbana,Belo Horizonte,IBGE
310620005670739,Ventosa,Urbana,Belo Horizonte,IBGE
310620005670740,Gutierrez,Urbana,Belo Horizonte,IBGE
310620005670741,Gutierrez,Urbana,Belo Horizonte,IBGE
310620005670742,Santa Maria,Urbana,Belo Horizonte,IBGE
310620005670743,Santa Maria,Urbana,Belo Horizonte,IBGE
310620005670744,Estrela do Oriente,Urbana,Belo Horizonte,IBGE
310620005670745,Estrela do Oriente,Urbana,Belo Horizonte,IBGE
310620005670746,Nova Suíssa,Urbana,Belo Horizonte,IBGE
310620005670747,Nova Suíssa,Urbana,Belo Horizonte,IBGE
310620005670748,Calafate,Urbana,Belo Horizonte,IBGE
310620005670749,Calafate,Urbana,Belo Horizonte,IBGE
310620005670750,Palmeiras,Urbana,Belo Horizonte,IBGE
310620005670751,Palmeiras,Urbana,Belo Horizonte,IBGE
310620005670752,Gutierrez,Urbana,Belo Horizonte,IBGE
310620005670753,Gutierrez,Urbana,Belo Horizonte,IBGE
310620005670754,Salgado Filho,Urbana,Belo Horizonte,IBGE
310620005670755,Salgado Filho,Urbana,Belo Horizonte,IBGE
310620005670756,Vista Alegre,Urbana,Belo Horizonte,IBGE
310620005670757,Vista Alegre,Urbana,Belo Horizonte,IBGE
310620005670758,Cabana do Pai Tomás,Urbana,Belo Horizonte,IBGE
310620005670759,Cabana do Pai Tomás,Urbana,Belo Horizonte,IBGE
310620005670760,Camargos,Urbana,Belo Horizonte,IBGE
310620005670761,Camargos,Urbana,Belo Horizonte,IBGE
310620005670762,Betânia,Urbana,Belo Horizonte,IBGE
310620005670763,Betânia,Urbana,Belo Horizonte,IBGE
310620005670764,Havaí,Urbana,Belo Horizonte,IBGE
310620005670765,Havaí,Urbana,Belo Horizonte,IBGE
310620005670766,Jardim América,Urbana,Belo Horizonte,IBGE
310620005670767,Jardim América,Urbana,Belo Horizonte,IBGE
310620005670768,Salgado Filho,Urbana,Belo Horizonte,IBGE
310620005670769,Salgado Filho,Urbana,Belo Horizonte,IBGE
310620005670770,Salgado Filho,Urbana,Belo Horizonte,IBGE
310620005670771,Salgado Filho,Urbana,Belo Horizonte,IBGE
310620005670772,Nova Gameleira,Urbana,Belo Horizonte,IBGE
310620005670774,Betânia,Urbana,Belo Horizonte,IBGE
310620005670775,Betânia,Urbana,Belo Horizonte,IBGE
310620005670776,Buritis,Urbana,Belo Horizonte,IBGE
310620005670777,Buritis,Urbana,Belo Horizonte,IBGE
310620005670778,Havaí,Urbana,Belo Horizonte,IBGE
310620005670779,Havaí,Urbana,Belo Horizonte,IBGE
310620005670780,Grajaú,Urbana,Belo Horizonte,IBGE
310620005670781,Betânia,Urbana,Belo Horizonte,IBGE
310620005670782,Grajaú,Urbana,Belo Horizonte,IBGE
310620005670783,Grajaú,Urbana,Belo Horizonte,IBGE
310620005670784,Gutierrez,Urbana,Belo Horizonte,IBGE
310620005670785,Gutierrez,Urbana,Belo Horizonte,IBGE
310620005670786,Havaí,Urbana,Belo Horizonte,IBGE
310620005670787,Havaí,Urbana,Belo Horizonte,IBGE
310620005670788,Palmeiras,Urbana,Belo Horizonte,IBGE
310620005670790,Havaí,Urbana,Belo Horizonte,IBGE
310620005670791,Havaí,Urbana,Belo Horizonte,IBGE
310620005670792,Estrela do Oriente,Urbana,Belo Horizonte,IBGE
310620005670793,Estrela do Oriente,Urbana,Belo Horizonte,IBGE
310620005670794,Estrela do Oriente,Urbana,Belo Horizonte,IBGE
310620005670795,Estrela do Oriente,Urbana,Belo Horizonte,IBGE
310620005670796,Buritis,Urbana,Belo Horizonte,IBGE
310620005670797,Buritis,Urbana,Belo Horizonte,IBGE
310620005670798,São Jorge II,Urbana,Belo Horizonte,IBGE
310620005670799,São Jorge II,Urbana,Belo Horizonte,IBGE
310620005670800,Calafate,Urbana,Belo Horizonte,IBGE
310620005670801,Calafate,Urbana,Belo Horizonte,IBGE
310620005670802,Bairro das Indústrias II,Urbana,Belo Horizonte,IBGE
310620005670803,Bairro das Indústrias II,Urbana,Belo Horizonte,IBGE
310620005670804,Nova Cintra,Urbana,Belo Horizonte,IBGE
310620005670805,Nova Cintra,Urbana,Belo Horizonte,IBGE
310620005670806,Betânia,Urbana,Belo Horizonte,IBGE
310620005670807,Buritis,Urbana,Belo Horizonte,IBGE
310620005670808,Buritis,Urbana,Belo Horizonte,IBGE
310620005670809,Chácara Leonina,Urbana,Belo Horizonte,IBGE
310620005670810,Pantanal,Urbana,Belo Horizonte,IBGE
310620005670811,Ventosa,Urbana,Belo Horizonte,IBGE
310620005670812,Jardim América,Urbana,Belo Horizonte,IBGE
310620005670813,Barão Homem de Melo IV,Urbana,Belo Horizonte,IBGE
310620005670814,Jardim América,Urbana,Belo Horizonte,IBGE
310620005670815,Barão Homem de Melo IV,Urbana,Belo Horizonte,IBGE
310620005670816,Nova Gameleira,Urbana,Belo Horizonte,IBGE
310620005670817,Nova Gameleira,Urbana,Belo Horizonte,IBGE
310620005670818,Palmeiras,Urbana,Belo Horizonte,IBGE
310620005670819,Palmeiras,Urbana,Belo Horizonte,IBGE
310620005670820,Palmeiras,Urbana,Belo Horizonte,IBGE
310620005670821,Palmeiras,Urbana,Belo Horizonte,IBGE
310620005670823,Olhos d'Água,Urbana,Belo Horizonte,IBGE
310620005670824,Buritis,Urbana,Belo Horizonte,IBGE
310620005670825,Buritis,Urbana,Belo Horizonte,IBGE
310620005670826,Jardim América,Urbana,Belo Horizonte,IBGE
310620005670827,Ventosa,Urbana,Belo Horizonte,IBGE
310620005670828,Ventosa,Urbana,Belo Horizonte,IBGE
310620005670829,Gameleira,Urbana,Belo Horizonte,IBGE
310620005670830,Nova Gameleira,Urbana,Belo Horizonte,IBGE
310620005670831,Jardinópolis,Urbana,Belo Horizonte,IBGE
310620005670832,Havaí,Urbana,Belo Horizonte,IBGE
310620005670833,Ventosa,Urbana,Belo Horizonte,IBGE
310620005670834,Sport Club,Urbana,Belo Horizonte,IBGE
310620005670835,Madre Gertrudes,Urbana,Belo Horizonte,IBGE
310620005670836,Vista Alegre,Urbana,Belo Horizonte,IBGE
310620005670837,Bairro das Indústrias II,Urbana,Belo Horizonte,IBGE
310620005670838,Gutierrez,Urbana,Belo Horizonte,IBGE
310620005670839,Alpes,Urbana,Belo Horizonte,IBGE
310620005670840,Nova Gameleira,Urbana,Belo Horizonte,IBGE
310620005670841,Estoril,Urbana,Belo Horizonte,IBGE
310620005670842,Olhos d'Água,Urbana,Belo Horizonte,IBGE
310620005670843,Vista Alegre,Urbana,Belo Horizonte,IBGE
310620005670844,Havaí,Urbana,Belo Horizonte,IBGE
310620005670845,Santa Sofia,Urbana,Belo Horizonte,IBGE
310620005670846,Camargos,Urbana,Belo Horizonte,IBGE
310620005670847,Nova Gameleira,Urbana,Belo Horizonte,IBGE
310620005670848,Camargos,Urbana,Belo Horizonte,IBGE
310620005680001,São Luíz,Urbana,Belo Horizonte,IBGE
310620005680002,São José,Urbana,Belo Horizonte,IBGE
310620005680004,Ouro Preto,Urbana,Belo Horizonte,IBGE
310620005680007,Ouro Preto,Urbana,Belo Horizonte,IBGE
310620005680009,Ouro Preto,Urbana,Belo Horizonte,IBGE
310620005680010,Ouro Preto,Urbana,Belo Horizonte,IBGE
310620005680011,Paquetá,Urbana,Belo Horizonte,IBGE
310620005680012,Paquetá,Urbana,Belo Horizonte,IBGE
310620005680013,Castelo,Urbana,Belo Horizonte,IBGE
310620005680014,Paquetá,Urbana,Belo Horizonte,IBGE
310620005680015,Conjunto Lagoa,Urbana,Belo Horizonte,IBGE
310620005680016,Paquetá,Urbana,Belo Horizonte,IBGE
310620005680017,Vila Paquetá,Urbana,Belo Horizonte,IBGE
310620005680019,Ouro Preto,Urbana,Belo Horizonte,IBGE
310620005680021,Ouro Preto,Urbana,Belo Horizonte,IBGE
310620005680023,São Luíz,Urbana,Belo Horizonte,IBGE
310620005680024,São Luíz,Urbana,Belo Horizonte,IBGE
310620005680025,São José,Urbana,Belo Horizonte,IBGE
310620005680028,Novo Ouro Preto,Urbana,Belo Horizonte,IBGE
310620005680029,Ouro Preto,Urbana,Belo Horizonte,IBGE
310620005680030,Ouro Preto,Urbana,Belo Horizonte,IBGE
310620005680032,Castelo,Urbana,Belo Horizonte,IBGE
310620005680034,Santa Terezinha,Urbana,Belo Horizonte,IBGE
310620005680035,Santa Terezinha,Urbana,Belo Horizonte,IBGE
310620005680036,Santa Terezinha,Urbana,Belo Horizonte,IBGE
310620005680037,Santa Terezinha,Urbana,Belo Horizonte,IBGE
310620005680038,Santa Terezinha,Urbana,Belo Horizonte,IBGE
310620005680039,Santa Terezinha,Urbana,Belo Horizonte,IBGE
310620005680040,Bandeirantes,Urbana,Belo Horizonte,IBGE
310620005680041,Bandeirantes,Urbana,Belo Horizonte,IBGE
310620005680043,São Luíz,Urbana,Belo Horizonte,IBGE
310620005680044,São Luíz,Urbana,Belo Horizonte,IBGE
310620005680045,Vila Aeroporto Jaraguá,Urbana,Belo Horizonte,IBGE
310620005680048,Vila Rica,Urbana,Belo Horizonte,IBGE
310620005680050,Liberdade,Urbana,Belo Horizonte,IBGE
310620005680051,Liberdade,Urbana,Belo Horizonte,IBGE
310620005680054,Liberdade,Urbana,Belo Horizonte,IBGE
310620005680055,Indaiá,Urbana,Belo Horizonte,IBGE
310620005680056,Indaiá,Urbana,Belo Horizonte,IBGE
310620005680057,Santa Rosa,Urbana,Belo Horizonte,IBGE
310620005680058,Santa Rosa,Urbana,Belo Horizonte,IBGE
310620005680059,São Francisco,Urbana,Belo Horizonte,IBGE
310620005680060,São Francisco,Urbana,Belo Horizonte,IBGE
310620005680061,São Francisco,Urbana,Belo Horizonte,IBGE
310620005680062,Ouro Preto,Urbana,Belo Horizonte,IBGE
310620005680063,Engenho Nogueira,Urbana,Belo Horizonte,IBGE
310620005680067,Manacás,Urbana,Belo Horizonte,IBGE
310620005680068,Manacás,Urbana,Belo Horizonte,IBGE
310620005680069,Castelo,Urbana,Belo Horizonte,IBGE
310620005680071,Serrano,Urbana,Belo Horizonte,IBGE
310620005680072,Serrano,Urbana,Belo Horizonte,IBGE
310620005680073,Serrano,Urbana,Belo Horizonte,IBGE
310620005680074,Serrano,Urbana,Belo Horizonte,IBGE
310620005680075,Serrano,Urbana,Belo Horizonte,IBGE
310620005680076,Santa Terezinha,Urbana,Belo Horizonte,IBGE
310620005680077,Santa Terezinha,Urbana,Belo Horizonte,IBGE
310620005680078,Santa Terezinha,Urbana,Belo Horizonte,IBGE
310620005680079,Santa Terezinha,Urbana,Belo Horizonte,IBGE
310620005680080,Santa Terezinha,Urbana,Belo Horizonte,IBGE
310620005680081,Santa Terezinha,Urbana,Belo Horizonte,IBGE
310620005680082,Santa Terezinha,Urbana,Belo Horizonte,IBGE
310620005680084,Santa Terezinha,Urbana,Belo Horizonte,IBGE
310620005680085,Santa Terezinha,Urbana,Belo Horizonte,IBGE
310620005680086,Itatiaia,Urbana,Belo Horizonte,IBGE
310620005680087,Santa Terezinha,Urbana,Belo Horizonte,IBGE
310620005680089,Urca,Urbana,Belo Horizonte,IBGE
310620005680093,Confisco,Urbana,Belo Horizonte,IBGE
310620005680094,Braúnas,Urbana,Belo Horizonte,IBGE
310620005680095,Bandeirantes,Urbana,Belo Horizonte,IBGE
310620005680096,Trevo,Urbana,Belo Horizonte,IBGE
310620005680099,Garças,Urbana,Belo Horizonte,IBGE
310620005680100,Garças,Urbana,Belo Horizonte,IBGE
310620005680101,Jardim Atlântico,Urbana,Belo Horizonte,IBGE
310620005680102,Braúnas,Urbana,Belo Horizonte,IBGE
310620005680104,Bandeirantes,Urbana,Belo Horizonte,IBGE
310620005680107,Jaraguá,Urbana,Belo Horizonte,IBGE
310620005680108,Jaraguá,Urbana,Belo Horizonte,IBGE
310620005680109,Santa Rosa,Urbana,Belo Horizonte,IBGE
310620005680110,Dona Clara,Urbana,Belo Horizonte,IBGE
310620005680111,Dona Clara,Urbana,Belo Horizonte,IBGE
310620005680114,Santa Rosa,Urbana,Belo Horizonte,IBGE
310620005680116,Dona Clara,Urbana,Belo Horizonte,IBGE
310620005680117,Vila Suzana I,Urbana,Belo Horizonte,IBGE
310620005680118,Suzana,Urbana,Belo Horizonte,IBGE
310620005680121,Dona Clara,Urbana,Belo Horizonte,IBGE
310620005680122,Universitário,Urbana,Belo Horizonte,IBGE
310620005680123,Universitário,Urbana,Belo Horizonte,IBGE
310620005680124,Santa Rosa,Urbana,Belo Horizonte,IBGE
310620005680125,Universitário,Urbana,Belo Horizonte,IBGE
310620005680126,São Francisco,Urbana,Belo Horizonte,IBGE
310620005680127,Vila Santa Rosa,Urbana,Belo Horizonte,IBGE
310620005680128,São Francisco,Urbana,Belo Horizonte,IBGE
310620005680129,Real II,Urbana,Belo Horizonte,IBGE
310620005680130,Real I,Urbana,Belo Horizonte,IBGE
310620005680131,São Francisco,Urbana,Belo Horizonte,IBGE
310620005680132,São Francisco,Urbana,Belo Horizonte,IBGE
310620005680133,São Francisco,Urbana,Belo Horizonte,IBGE
310620005680135,São Luíz,Urbana,Belo Horizonte,IBGE
310620005680137,Ouro Preto,Urbana,Belo Horizonte,IBGE
310620005680138,Ouro Preto,Urbana,Belo Horizonte,IBGE
310620005680139,Paquetá,Urbana,Belo Horizonte,IBGE
310620005680143,Vila Jardim Alvorada,Urbana,Belo Horizonte,IBGE
310620005680150,Castelo,Urbana,Belo Horizonte,IBGE
310620005680152,Castelo,Urbana,Belo Horizonte,IBGE
310620005680160,Paquetá,Urbana,Belo Horizonte,IBGE
310620005680165,Ouro Preto,Urbana,Belo Horizonte,IBGE
310620005680166,Paquetá,Urbana,Belo Horizonte,IBGE
310620005680167,Ouro Preto,Urbana,Belo Horizonte,IBGE
310620005680168,Ouro Preto,Urbana,Belo Horizonte,IBGE
310620005680170,Ouro Preto,Urbana,Belo Horizonte,IBGE
310620005680171,Ouro Preto,Urbana,Belo Horizonte,IBGE
310620005680172,São Luíz,Urbana,Belo Horizonte,IBGE
310620005680173,Ouro Preto,Urbana,Belo Horizonte,IBGE
310620005680174,São José,Urbana,Belo Horizonte,IBGE
310620005680175,Castelo,Urbana,Belo Horizonte,IBGE
310620005680178,Castelo,Urbana,Belo Horizonte,IBGE
310620005680179,Castelo,Urbana,Belo Horizonte,IBGE
310620005680180,Santa Terezinha,Urbana,Belo Horizonte,IBGE
310620005680181,Serrano,Urbana,Belo Horizonte,IBGE
310620005680182,Santa Terezinha,Urbana,Belo Horizonte,IBGE
310620005680183,Conjunto Lagoa,Urbana,Belo Horizonte,IBGE
310620005680184,Ouro Preto,Urbana,Belo Horizonte,IBGE
310620005680185,Bandeirantes,Urbana,Belo Horizonte,IBGE
310620005680186,Ouro Preto,Urbana,Belo Horizonte,IBGE
310620005680187,São Luíz,Urbana,Belo Horizonte,IBGE
310620005680188,Liberdade,Urbana,Belo Horizonte,IBGE
310620005680190,Jaraguá,Urbana,Belo Horizonte,IBGE
310620005680191,Santa Rosa,Urbana,Belo Horizonte,IBGE
310620005680193,Liberdade,Urbana,Belo Horizonte,IBGE
310620005680194,Vila Santo Antônio,Urbana,Belo Horizonte,IBGE
310620005680195,Indaiá,Urbana,Belo Horizonte,IBGE
310620005680196,Indaiá,Urbana,Belo Horizonte,IBGE
310620005680197,Indaiá,Urbana,Belo Horizonte,IBGE
310620005680198,São Francisco,Urbana,Belo Horizonte,IBGE
310620005680199,Santa Rosa,Urbana,Belo Horizonte,IBGE
310620005680200,Universitário,Urbana,Belo Horizonte,IBGE
310620005680201,Vila Engenho Nogueira,Urbana,Belo Horizonte,IBGE
310620005680202,Engenho Nogueira,Urbana,Belo Horizonte,IBGE
310620005680203,Vila Engenho Nogueira,Urbana,Belo Horizonte,IBGE
310620005680204,Manacás,Urbana,Belo Horizonte,IBGE
310620005680205,Manacás,Urbana,Belo Horizonte,IBGE
310620005680206,Manacás,Urbana,Belo Horizonte,IBGE
310620005680207,Manacás,Urbana,Belo Horizonte,IBGE
310620005680208,Manacás,Urbana,Belo Horizonte,IBGE
310620005680209,Manacás,Urbana,Belo Horizonte,IBGE
310620005680211,Manacás,Urbana,Belo Horizonte,IBGE
310620005680212,Manacás,Urbana,Belo Horizonte,IBGE
310620005680213,Castelo,Urbana,Belo Horizonte,IBGE
310620005680214,Castelo,Urbana,Belo Horizonte,IBGE
310620005680215,Castelo,Urbana,Belo Horizonte,IBGE
310620005680216,Castelo,Urbana,Belo Horizonte,IBGE
310620005680217,Castelo,Urbana,Belo Horizonte,IBGE
310620005680219,Castelo,Urbana,Belo Horizonte,IBGE
310620005680220,Castelo,Urbana,Belo Horizonte,IBGE
310620005680221,Serrano,Urbana,Belo Horizonte,IBGE
310620005680222,Santa Terezinha,Urbana,Belo Horizonte,IBGE
310620005680224,Urca,Urbana,Belo Horizonte,IBGE
310620005680225,Santa Terezinha,Urbana,Belo Horizonte,IBGE
310620005680226,Urca,Urbana,Belo Horizonte,IBGE
310620005680228,Urca,Urbana,Belo Horizonte,IBGE
310620005680229,Bandeirantes,Urbana,Belo Horizonte,IBGE
310620005680230,Itatiaia,Urbana,Belo Horizonte,IBGE
310620005680232,Xangri-lá,Urbana,Belo Horizonte,IBGE
310620005680234,Conjunto São Francisco de Assis,Urbana,Belo Horizonte,IBGE
310620005680236,Céu Azul,Urbana,Belo Horizonte,IBGE
310620005680239,Copacabana,Urbana,Belo Horizonte,IBGE
310620005680240,Trevo,Urbana,Belo Horizonte,IBGE
310620005680242,Dona Clara,Urbana,Belo Horizonte,IBGE
310620005680243,Jaraguá,Urbana,Belo Horizonte,IBGE
310620005680246,Dona Clara,Urbana,Belo Horizonte,IBGE
310620005680247,Santa Rosa,Urbana,Belo Horizonte,IBGE
310620005680248,Dona Clara,Urbana,Belo Horizonte,IBGE
310620005680249,Dona Clara,Urbana,Belo Horizonte,IBGE
310620005680250,Dona Clara,Urbana,Belo Horizonte,IBGE
310620005680251,Dona Clara,Urbana,Belo Horizonte,IBGE
310620005680253,Dona Clara,Urbana,Belo Horizonte,IBGE
310620005680254,Dona Clara,Urbana,Belo Horizonte,IBGE
310620005680256,Suzana,Urbana,Belo Horizonte,IBGE
310620005680257,Vila Suzana II,Urbana,Belo Horizonte,IBGE
310620005680258,Dona Clara,Urbana,Belo Horizonte,IBGE
310620005680259,Suzana,Urbana,Belo Horizonte,IBGE
310620005680260,Santa Rosa,Urbana,Belo Horizonte,IBGE
310620005680261,São Francisco,Urbana,Belo Horizonte,IBGE
310620005680262,Vila Santa Rosa,Urbana,Belo Horizonte,IBGE
310620005680263,Vila São Francisco,Urbana,Belo Horizonte,IBGE
310620005680264,Urca,Urbana,Belo Horizonte,IBGE
310620005680265,Céu Azul,Urbana,Belo Horizonte,IBGE
310620005680268,Nova Pampulha,Urbana,Belo Horizonte,IBGE
310620005680269,Lagoa da Pampulha,Urbana,Belo Horizonte,IBGE
310620005680270,Jardim São José,Urbana,Belo Horizonte,IBGE
310620005680271,Jardim São José,Urbana,Belo Horizonte,IBGE
310620005680272,Jardim São José,Urbana,Belo Horizonte,IBGE
310620005680274,Jardim São José,Urbana,Belo Horizonte,IBGE
310620005680275,Jardim São José,Urbana,Belo Horizonte,IBGE
310620005680276,Jardim São José,Urbana,Belo Horizonte,IBGE
310620005680278,Alípio de Melo,Urbana,Belo Horizonte,IBGE
310620005680279,Alípio de Melo,Urbana,Belo Horizonte,IBGE
310620005680280,Santo Antônio Barroquinha,Urbana,Belo Horizonte,IBGE
310620005680281,Serrano,Urbana,Belo Horizonte,IBGE
310620005680282,Serrano,Urbana,Belo Horizonte,IBGE
310620005680283,Serrano,Urbana,Belo Horizonte,IBGE
310620005680284,Conjunto Celso Machado,Urbana,Belo Horizonte,IBGE
310620005680286,Conjunto Celso Machado,Urbana,Belo Horizonte,IBGE
310620005680287,Conjunto Celso Machado,Urbana,Belo Horizonte,IBGE
310620005680288,Alípio de Melo,Urbana,Belo Horizonte,IBGE
310620005680289,Alípio de Melo,Urbana,Belo Horizonte,IBGE
310620005680290,Alípio de Melo,Urbana,Belo Horizonte,IBGE
310620005680291,Alípio de Melo,Urbana,Belo Horizonte,IBGE
310620005680292,Alípio de Melo,Urbana,Belo Horizonte,IBGE
310620005680293,Alípio de Melo,Urbana,Belo Horizonte,IBGE
310620005680294,Alípio de Melo,Urbana,Belo Horizonte,IBGE
310620005680295,Alípio de Melo,Urbana,Belo Horizonte,IBGE
310620005680296,Alípio de Melo,Urbana,Belo Horizonte,IBGE
310620005680297,Alípio de Melo,Urbana,Belo Horizonte,IBGE
310620005680298,Alípio de Melo,Urbana,Belo Horizonte,IBGE
310620005680299,Inconfidência,Urbana,Belo Horizonte,IBGE
310620005680300,Jardim São José,Urbana,Belo Horizonte,IBGE
310620005680301,Jardim São José,Urbana,Belo Horizonte,IBGE
310620005680302,Jardim São José,Urbana,Belo Horizonte,IBGE
310620005680304,Jardim São José,Urbana,Belo Horizonte,IBGE
310620005680307,Jardim Alvorada,Urbana,Belo Horizonte,IBGE
310620005680308,Jardim Alvorada,Urbana,Belo Horizonte,IBGE
310620005680309,Jardim Alvorada,Urbana,Belo Horizonte,IBGE
310620005680310,Jardim Alvorada,Urbana,Belo Horizonte,IBGE
310620005680311,Jardim Alvorada,Urbana,Belo Horizonte,IBGE
310620005680312,Jardim Alvorada,Urbana,Belo Horizonte,IBGE
310620005680313,Jardim Alvorada,Urbana,Belo Horizonte,IBGE
310620005680314,Jardim Alvorada,Urbana,Belo Horizonte,IBGE
310620005680315,Vila Jardim Alvorada,Urbana,Belo Horizonte,IBGE
310620005680318,Vila Jardim Alvorada,Urbana,Belo Horizonte,IBGE
310620005680319,Antena Montanhês,Urbana,Belo Horizonte,IBGE
310620005680320,Jardim Alvorada,Urbana,Belo Horizonte,IBGE
310620005680321,Jardim Alvorada,Urbana,Belo Horizonte,IBGE
310620005680322,Engenho Nogueira,Urbana,Belo Horizonte,IBGE
310620005680327,Inconfidência,Urbana,Belo Horizonte,IBGE
310620005680328,Serrano,Urbana,Belo Horizonte,IBGE
310620005680329,Alípio de Melo,Urbana,Belo Horizonte,IBGE
310620005680330,Serrano,Urbana,Belo Horizonte,IBGE
310620005680331,Conjunto Celso Machado,Urbana,Belo Horizonte,IBGE
310620005680332,Serrano,Urbana,Belo Horizonte,IBGE
310620005680333,Inconfidência,Urbana,Belo Horizonte,IBGE
310620005680334,Inconfidência,Urbana,Belo Horizonte,IBGE
310620005680335,Jardim São José,Urbana,Belo Horizonte,IBGE
310620005680336,Jardim Alvorada,Urbana,Belo Horizonte,IBGE
310620005680339,Jardim Alvorada,Urbana,Belo Horizonte,IBGE
310620005680340,Jardim Alvorada,Urbana,Belo Horizonte,IBGE
310620005680341,Vila Jardim Alvorada,Urbana,Belo Horizonte,IBGE
310620005680342,Jardim Alvorada,Urbana,Belo Horizonte,IBGE
310620005680344,Vila Jardim Alvorada,Urbana,Belo Horizonte,IBGE
310620005680345,Vila Jardim Alvorada,Urbana,Belo Horizonte,IBGE
310620005680347,Jardim Alvorada,Urbana,Belo Horizonte,IBGE
310620005680348,Vila Jardim Montanhês,Urbana,Belo Horizonte,IBGE
310620005680349,Engenho Nogueira,Urbana,Belo Horizonte,IBGE
310620005680350,Vila Jardim Montanhês,Urbana,Belo Horizonte,IBGE
310620005680351,Jardim Alvorada,Urbana,Belo Horizonte,IBGE
310620005680353,Paquetá,Urbana,Belo Horizonte,IBGE
310620005680354,Castelo,Urbana,Belo Horizonte,IBGE
310620005680355,Castelo,Urbana,Belo Horizonte,IBGE
310620005680356,Castelo,Urbana,Belo Horizonte,IBGE
310620005680357,Ouro Preto,Urbana,Belo Horizonte,IBGE
310620005680358,São Luíz,Urbana,Belo Horizonte,IBGE
310620005680359,Santa Terezinha,Urbana,Belo Horizonte,IBGE
310620005680360,Bandeirantes,Urbana,Belo Horizonte,IBGE
310620005680361,Bandeirantes,Urbana,Belo Horizonte,IBGE
310620005680362,São Luíz,Urbana,Belo Horizonte,IBGE
310620005680363,São Luíz,Urbana,Belo Horizonte,IBGE
310620005680364,Indaiá,Urbana,Belo Horizonte,IBGE
310620005680365,Ouro Preto,Urbana,Belo Horizonte,IBGE
310620005680366,Manacás,Urbana,Belo Horizonte,IBGE
310620005680367,Manacás,Urbana,Belo Horizonte,IBGE
310620005680369,Trevo,Urbana,Belo Horizonte,IBGE
310620005680370,Garças,Urbana,Belo Horizonte,IBGE
310620005680371,Garças,Urbana,Belo Horizonte,IBGE
310620005680372,Jardim Atlântico,Urbana,Belo Horizonte,IBGE
310620005680373,Bandeirantes,Urbana,Belo Horizonte,IBGE
310620005680375,Paquetá,Urbana,Belo Horizonte,IBGE
310620005680376,Bandeirantes,Urbana,Belo Horizonte,IBGE
310620005680377,Manacás,Urbana,Belo Horizonte,IBGE
310620005680378,Jardim São José,Urbana,Belo Horizonte,IBGE
310620005680379,Jardim São José,Urbana,Belo Horizonte,IBGE
310620005680380,Manacás,Urbana,Belo Horizonte,IBGE
310620005680381,Manacás,Urbana,Belo Horizonte,IBGE
310620005680382,Paquetá,Urbana,Belo Horizonte,IBGE
310620005680383,Paquetá,Urbana,Belo Horizonte,IBGE
310620005680384,Paquetá,Urbana,Belo Horizonte,IBGE
310620005680387,Paquetá,Urbana,Belo Horizonte,IBGE
310620005680388,São Francisco,Urbana,Belo Horizonte,IBGE
310620005680389,Ouro Preto,Urbana,Belo Horizonte,IBGE
310620005680390,Confisco,Urbana,Belo Horizonte,IBGE
310620005680391,Bandeirantes,Urbana,Belo Horizonte,IBGE
310620005680392,Trevo,Urbana,Belo Horizonte,IBGE
310620005680393,Trevo,Urbana,Belo Horizonte,IBGE
310620005680394,Braúnas,Urbana,Belo Horizonte,IBGE
310620005680395,Ouro Preto,Urbana,Belo Horizonte,IBGE
310620005680396,Ouro Preto,Urbana,Belo Horizonte,IBGE
310620005680397,Aeroporto,Urbana,Belo Horizonte,IBGE
310620005680398,Liberdade,Urbana,Belo Horizonte,IBGE
310620005680399,Trevo,Urbana,Belo Horizonte,IBGE
310620005680402,Engenho Nogueira,Urbana,Belo Horizonte,IBGE
310620005680403,Braúnas,Urbana,Belo Horizonte,IBGE
310620005680404,Paquetá,Urbana,Belo Horizonte,IBGE
310620005680406,Manacás,Urbana,Belo Horizonte,IBGE
310620005680407,Manacás,Urbana,Belo Horizonte,IBGE
310620005680408,Engenho Nogueira,Urbana,Belo Horizonte,IBGE
310620005680409,Ouro Preto,Urbana,Belo Horizonte,IBGE
310620005680410,Ouro Preto,Urbana,Belo Horizonte,IBGE
310620005680411,Ouro Preto,Urbana,Belo Horizonte,IBGE
310620005680412,Ouro Preto,Urbana,Belo Horizonte,IBGE
310620005680413,Ouro Preto,Urbana,Belo Horizonte,IBGE
310620005680414,Ouro Preto,Urbana,Belo Horizonte,IBGE
310620005680415,Ouro Preto,Urbana,Belo Horizonte,IBGE
310620005680416,Ouro Preto,Urbana,Belo Horizonte,IBGE
310620005680417,Ouro Preto,Urbana,Belo Horizonte,IBGE
310620005680418,Ouro Preto,Urbana,Belo Horizonte,IBGE
310620005680419,Ouro Preto,Urbana,Belo Horizonte,IBGE
310620005680420,Ouro Preto,Urbana,Belo Horizonte,IBGE
310620005680421,Ouro Preto,Urbana,Belo Horizonte,IBGE
310620005680422,Ouro Preto,Urbana,Belo Horizonte,IBGE
310620005680423,Ouro Preto,Urbana,Belo Horizonte,IBGE
310620005680424,Castelo,Urbana,Belo Horizonte,IBGE
310620005680425,Castelo,Urbana,Belo Horizonte,IBGE
310620005680426,Castelo,Urbana,Belo Horizonte,IBGE
310620005680427,Castelo,Urbana,Belo Horizonte,IBGE
310620005680428,Bandeirantes,Urbana,Belo Horizonte,IBGE
310620005680429,Bandeirantes,Urbana,Belo Horizonte,IBGE
310620005680430,Aeroporto,Urbana,Belo Horizonte,IBGE
310620005680431,Aeroporto,Urbana,Belo Horizonte,IBGE
310620005680432,Aeroporto,Urbana,Belo Horizonte,IBGE
310620005680433,Jaraguá,Urbana,Belo Horizonte,IBGE
310620005680434,Jaraguá,Urbana,Belo Horizonte,IBGE
310620005680435,Liberdade,Urbana,Belo Horizonte,IBGE
310620005680436,Liberdade,Urbana,Belo Horizonte,IBGE
310620005680437,Liberdade,Urbana,Belo Horizonte,IBGE
310620005680438,Liberdade,Urbana,Belo Horizonte,IBGE
310620005680439,Manacás,Urbana,Belo Horizonte,IBGE
310620005680440,Manacás,Urbana,Belo Horizonte,IBGE
310620005680441,Bandeirantes,Urbana,Belo Horizonte,IBGE
310620005680442,Bandeirantes,Urbana,Belo Horizonte,IBGE
310620005680443,Urca,Urbana,Belo Horizonte,IBGE
310620005680444,Urca,Urbana,Belo Horizonte,IBGE
310620005680445,Itatiaia,Urbana,Belo Horizonte,IBGE
310620005680446,Itatiaia,Urbana,Belo Horizonte,IBGE
310620005680447,Confisco,Urbana,Belo Horizonte,IBGE
310620005680448,Confisco,Urbana,Belo Horizonte,IBGE
310620005680449,Santa Rosa,Urbana,Belo Horizonte,IBGE
310620005680450,Santa Rosa,Urbana,Belo Horizonte,IBGE
310620005680451,Santa Rosa,Urbana,Belo Horizonte,IBGE
310620005680452,Santa Rosa,Urbana,Belo Horizonte,IBGE
310620005680453,Dona Clara,Urbana,Belo Horizonte,IBGE
310620005680454,Dona Clara,Urbana,Belo Horizonte,IBGE
310620005680455,Confisco,Urbana,Belo Horizonte,IBGE
310620005680456,Confisco,Urbana,Belo Horizonte,IBGE
310620005680457,Ouro Preto,Urbana,Belo Horizonte,IBGE
310620005680458,Ouro Preto,Urbana,Belo Horizonte,IBGE
310620005680459,Ouro Preto,Urbana,Belo Horizonte,IBGE
310620005680460,Ouro Preto,Urbana,Belo Horizonte,IBGE
310620005680461,Castelo,Urbana,Belo Horizonte,IBGE
310620005680462,Castelo,Urbana,Belo Horizonte,IBGE
310620005680463,Castelo,Urbana,Belo Horizonte,IBGE
310620005680464,Castelo,Urbana,Belo Horizonte,IBGE
310620005680465,Castelo,Urbana,Belo Horizonte,IBGE
310620005680466,Castelo,Urbana,Belo Horizonte,IBGE
310620005680467,Castelo,Urbana,Belo Horizonte,IBGE
310620005680468,Castelo,Urbana,Belo Horizonte,IBGE
310620005680469,Castelo,Urbana,Belo Horizonte,IBGE
310620005680470,Castelo,Urbana,Belo Horizonte,IBGE
310620005680471,Castelo,Urbana,Belo Horizonte,IBGE
310620005680472,Castelo,Urbana,Belo Horizonte,IBGE
310620005680473,Castelo,Urbana,Belo Horizonte,IBGE
310620005680474,Castelo,Urbana,Belo Horizonte,IBGE
310620005680475,Castelo,Urbana,Belo Horizonte,IBGE
310620005680476,Castelo,Urbana,Belo Horizonte,IBGE
310620005680477,Castelo,Urbana,Belo Horizonte,IBGE
310620005680478,Castelo,Urbana,Belo Horizonte,IBGE
310620005680479,Castelo,Urbana,Belo Horizonte,IBGE
310620005680480,Castelo,Urbana,Belo Horizonte,IBGE
310620005680481,Castelo,Urbana,Belo Horizonte,IBGE
310620005680482,Castelo,Urbana,Belo Horizonte,IBGE
310620005680483,Castelo,Urbana,Belo Horizonte,IBGE
310620005680484,Paquetá,Urbana,Belo Horizonte,IBGE
310620005680485,Paquetá,Urbana,Belo Horizonte,IBGE
310620005680486,Paquetá,Urbana,Belo Horizonte,IBGE
310620005680487,Paquetá,Urbana,Belo Horizonte,IBGE
310620005680488,Paquetá,Urbana,Belo Horizonte,IBGE
310620005680489,Paquetá,Urbana,Belo Horizonte,IBGE
310620005680490,Ouro Preto,Urbana,Belo Horizonte,IBGE
310620005680491,Ouro Preto,Urbana,Belo Horizonte,IBGE
310620005680492,Jaraguá,Urbana,Belo Horizonte,IBGE
310620005680493,Jaraguá,Urbana,Belo Horizonte,IBGE
310620005680494,Liberdade,Urbana,Belo Horizonte,IBGE
310620005680495,Liberdade,Urbana,Belo Horizonte,IBGE
310620005680496,Manacás,Urbana,Belo Horizonte,IBGE
310620005680497,Manacás,Urbana,Belo Horizonte,IBGE
310620005680498,Castelo,Urbana,Belo Horizonte,IBGE
310620005680499,Castelo,Urbana,Belo Horizonte,IBGE
310620005680500,Santa Terezinha,Urbana,Belo Horizonte,IBGE
310620005680501,Santa Terezinha,Urbana,Belo Horizonte,IBGE
310620005680502,Dona Clara,Urbana,Belo Horizonte,IBGE
310620005680503,Dona Clara,Urbana,Belo Horizonte,IBGE
310620005680504,Serrano,Urbana,Belo Horizonte,IBGE
310620005680505,Serrano,Urbana,Belo Horizonte,IBGE
310620005680506,Serrano,Urbana,Belo Horizonte,IBGE
310620005680507,Serrano,Urbana,Belo Horizonte,IBGE
310620005680508,Serrano,Urbana,Belo Horizonte,IBGE
310620005680509,Castelo,Urbana,Belo Horizonte,IBGE
310620005680510,Castelo,Urbana,Belo Horizonte,IBGE
310620005680511,Trevo,Urbana,Belo Horizonte,IBGE
310620005680512,Trevo,Urbana,Belo Horizonte,IBGE
310620005680513,Trevo,Urbana,Belo Horizonte,IBGE
310620005680514,Trevo,Urbana,Belo Horizonte,IBGE
310620005680515,Serrano,Urbana,Belo Horizonte,IBGE
310620005680516,Serrano,Urbana,Belo Horizonte,IBGE
310620005680517,Trevo,Urbana,Belo Horizonte,IBGE
310620005680518,Trevo,Urbana,Belo Horizonte,IBGE
310620005680519,Castelo,Urbana,Belo Horizonte,IBGE
310620005680520,Castelo,Urbana,Belo Horizonte,IBGE
310620005680521,Manacás,Urbana,Belo Horizonte,IBGE
310620005680522,Manacás,Urbana,Belo Horizonte,IBGE
310620005680523,Castelo,Urbana,Belo Horizonte,IBGE
310620005680524,Castelo,Urbana,Belo Horizonte,IBGE
310620005680525,Castelo,Urbana,Belo Horizonte,IBGE
310620005680526,Castelo,Urbana,Belo Horizonte,IBGE
310620005680527,Castelo,Urbana,Belo Horizonte,IBGE
310620005680528,Castelo,Urbana,Belo Horizonte,IBGE
310620005680529,Ouro Preto,Urbana,Belo Horizonte,IBGE
310620005680530,Ouro Preto,Urbana,Belo Horizonte,IBGE
310620005680531,Castelo,Urbana,Belo Horizonte,IBGE
310620005680532,Castelo,Urbana,Belo Horizonte,IBGE
310620005680533,Castelo,Urbana,Belo Horizonte,IBGE
310620005680534,Castelo,Urbana,Belo Horizonte,IBGE
310620005680535,Trevo,Urbana,Belo Horizonte,IBGE
310620005680536,Trevo,Urbana,Belo Horizonte,IBGE
310620005680537,Jaraguá,Urbana,Belo Horizonte,IBGE
310620005680538,Jaraguá,Urbana,Belo Horizonte,IBGE
310620005680539,Ouro Preto,Urbana,Belo Horizonte,IBGE
310620005680540,Ouro Preto,Urbana,Belo Horizonte,IBGE
310620005680541,Ouro Preto,Urbana,Belo Horizonte,IBGE
310620005680542,Urca,Urbana,Belo Horizonte,IBGE
310620005680543,Confisco,Urbana,Belo Horizonte,IBGE
310620005680544,Trevo,Urbana,Belo Horizonte,IBGE
310620005680545,Trevo,Urbana,Belo Horizonte,IBGE
310620005680546,Trevo,Urbana,Belo Horizonte,IBGE
310620005680547,Trevo,Urbana,Belo Horizonte,IBGE
310620005680548,Jardim São José,Urbana,Belo Horizonte,IBGE
310620005680549,Jardim São José,Urbana,Belo Horizonte,IBGE
310620005680550,Engenho Nogueira,Urbana,Belo Horizonte,IBGE
310620005680551,Aeroporto,Urbana,Belo Horizonte,IBGE
310620005680552,Jardim São José,Urbana,Belo Horizonte,IBGE
310620005680553,Suzana,Urbana,Belo Horizonte,IBGE
310620005680554,Braúnas,Urbana,Belo Horizonte,IBGE
310620005680555,Jardim Alvorada,Urbana,Belo Horizonte,IBGE
310620005680556,Campus UFMG,Urbana,Belo Horizonte,IBGE
310620005680557,São Luíz,Urbana,Belo Horizonte,IBGE
310620005680558,Braúnas,Urbana,Belo Horizonte,IBGE
310620005680559,Paquetá,Urbana,Belo Horizonte,IBGE
310620005680560,Paquetá,Urbana,Belo Horizonte,IBGE
310620005680561,Vila Jardim Alvorada,Urbana,Belo Horizonte,IBGE
310620005690001,Céu Azul,Urbana,Belo Horizonte,IBGE
310620005690003,Céu Azul,Urbana,Belo Horizonte,IBGE
310620005690004,Copacabana,Urbana,Belo Horizonte,IBGE
310620005690005,Céu Azul,Urbana,Belo Horizonte,IBGE
310620005690006,Céu Azul,Urbana,Belo Horizonte,IBGE
310620005690007,Céu Azul,Urbana,Belo Horizonte,IBGE
310620005690008,Céu Azul,Urbana,Belo Horizonte,IBGE
310620025610003,Brasil Industrial,Urbana,Barreiro,IBGE
310620025610004,Brasil Industrial,Urbana,Barreiro,IBGE
310620025610005,Brasil Industrial,Urbana,Barreiro,IBGE
310620025610006,Cardoso,Urbana,Barreiro,IBGE
310620025610007,Cardoso,Urbana,Barreiro,IBGE
310620025610013,Vila Pinho,Urbana,Barreiro,IBGE
310620025610015,Vila Pinho,Urbana,Barreiro,IBGE
310620025610016,Olaria,Urbana,Barreiro,IBGE
310620025610017,Olaria,Urbana,Barreiro,IBGE
310620025610022,Teixeira Dias,Urbana,Barreiro,IBGE
310620025610023,Diamante,Urbana,Barreiro,IBGE
310620025610024,Teixeira Dias,Urbana,Barreiro,IBGE
310620025610025,Santa Helena,Urbana,Barreiro,IBGE
310620025610026,Miramar,Urbana,Barreiro,IBGE
310620025610027,Miramar,Urbana,Barreiro,IBGE
310620025610028,Brasil Industrial,Urbana,Barreiro,IBGE
310620025610029,Brasil Industrial,Urbana,Barreiro,IBGE
310620025610030,Brasil Industrial,Urbana,Barreiro,IBGE
310620025610031,Cardoso,Urbana,Barreiro,IBGE
310620025610032,Cardoso,Urbana,Barreiro,IBGE
310620025610034,Cardoso,Urbana,Barreiro,IBGE
310620025610035,Cardoso,Urbana,Barreiro,IBGE
310620025610037,Vila Ecológica,Urbana,Barreiro,IBGE
310620025610039,Santa Rita,Urbana,Barreiro,IBGE
310620025610040,Ernesto do Nascimento,Urbana,Barreiro,IBGE
310620025610043,Santa Cecília,Urbana,Barreiro,IBGE
310620025610045,Castanheira,Urbana,Barreiro,IBGE
310620025610047,Olaria,Urbana,Barreiro,IBGE
310620025610049,Diamante,Urbana,Barreiro,IBGE
310620025610051,Teixeira Dias,Urbana,Barreiro,IBGE
310620025610052,Teixeira Dias,Urbana,Barreiro,IBGE
310620025610053,Santa Helena,Urbana,Barreiro,IBGE
310620025610054,Santa Helena,Urbana,Barreiro,IBGE
310620025610055,Miramar,Urbana,Barreiro,IBGE
310620025610056,Miramar,Urbana,Barreiro,IBGE
310620025610058,Cardoso,Urbana,Barreiro,IBGE
310620025610059,Flávio de Oliveira,Urbana,Barreiro,IBGE
310620025610060,Flávio de Oliveira,Urbana,Barreiro,IBGE
310620025610061,Flávio de Oliveira,Urbana,Barreiro,IBGE
310620025610062,Cardoso,Urbana,Barreiro,IBGE
310620025610063,Pongelupe,Urbana,Barreiro,IBGE
310620025610064,Pongelupe,Urbana,Barreiro,IBGE
310620025610066,Solar do Barreiro,Urbana,Barreiro,IBGE
310620025610067,Solar do Barreiro,Urbana,Barreiro,IBGE
310620025610068,Vila Independência I,Urbana,Barreiro,IBGE
310620025610070,Independência,Urbana,Barreiro,IBGE
310620025610071,Vila Independência I,Urbana,Barreiro,IBGE
310620025610072,Petrópolis,Urbana,Barreiro,IBGE
310620025610073,Vila Mangueiras,Urbana,Barreiro,IBGE
310620025610074,Mangueiras,Urbana,Barreiro,IBGE
310620025610075,Mangueiras,Urbana,Barreiro,IBGE
310620025610077,Mangueiras,Urbana,Barreiro,IBGE
310620025610078,Vale do Jatobá,Urbana,Barreiro,IBGE
310620025610079,Vale do Jatobá,Urbana,Barreiro,IBGE
310620025610080,Vale do Jatobá,Urbana,Barreiro,IBGE
310620025610082,Vale do Jatobá,Urbana,Barreiro,IBGE
310620025610083,Vale do Jatobá,Urbana,Barreiro,IBGE
310620025610086,Santa Cecília,Urbana,Barreiro,IBGE
310620025610088,Castanheira,Urbana,Barreiro,IBGE
310620025610090,CDI Jatobá,Urbana,Barreiro,IBGE
310620025610091,Conjunto Jatobá,Urbana,Barreiro,IBGE
310620025610092,Conjunto Jatobá,Urbana,Barreiro,IBGE
310620025610093,Conjunto Jatobá,Urbana,Barreiro,IBGE
310620025610095,Marilândia,Urbana,Barreiro,IBGE
310620025610096,Tirol,Urbana,Barreiro,IBGE
310620025610097,Diamante,Urbana,Barreiro,IBGE
310620025610098,Ademar Maldonado,Urbana,Barreiro,IBGE
310620025610099,Ademar Maldonado,Urbana,Barreiro,IBGE
310620025610101,Teixeira Dias,Urbana,Barreiro,IBGE
310620025610102,Barreiro,Urbana,Barreiro,IBGE
310620025610103,Teixeira Dias,Urbana,Barreiro,IBGE
310620025610104,Santa Helena,Urbana,Barreiro,IBGE
310620025610106,Santa Helena,Urbana,Barreiro,IBGE
310620025610107,Santa Helena,Urbana,Barreiro,IBGE
310620025610108,Barreiro,Urbana,Barreiro,IBGE
310620025610111,Araguaia,Urbana,Barreiro,IBGE
310620025610114,Flávio Marques Lisboa,Urbana,Barreiro,IBGE
310620025610115,Serra do Curral,Urbana,Barreiro,IBGE
310620025610117,São João,Urbana,Barreiro,IBGE
310620025610118,São João,Urbana,Barreiro,IBGE
310620025610119,Pilar,Urbana,Barreiro,IBGE
310620025610122,Independência,Urbana,Barreiro,IBGE
310620025610123,Mineirão,Urbana,Barreiro,IBGE
310620025610124,Independência,Urbana,Barreiro,IBGE
310620025610126,Mineirão,Urbana,Barreiro,IBGE
310620025610127,Independência,Urbana,Barreiro,IBGE
310620025610128,Independência,Urbana,Barreiro,IBGE
310620025610129,Independência,Urbana,Barreiro,IBGE
310620025610130,Independência,Urbana,Barreiro,IBGE
310620025610131,Independência,Urbana,Barreiro,IBGE
310620025610133,Itaipu,Urbana,Barreiro,IBGE
310620025610134,Itaipu,Urbana,Barreiro,IBGE
310620025610135,Tirol,Urbana,Barreiro,IBGE
310620025610136,Tirol,Urbana,Barreiro,IBGE
310620025610137,Tirol,Urbana,Barreiro,IBGE
310620025610138,Tirol,Urbana,Barreiro,IBGE
310620025610140,Tirol,Urbana,Barreiro,IBGE
310620025610141,Tirol,Urbana,Barreiro,IBGE
310620025610142,Diamante,Urbana,Barreiro,IBGE
310620025610143,João Paulo II,Urbana,Barreiro,IBGE
310620025610144,Barreiro,Urbana,Barreiro,IBGE
310620025610145,Barreiro,Urbana,Barreiro,IBGE
310620025610146,Barreiro,Urbana,Barreiro,IBGE
310620025610147,Barreiro,Urbana,Barreiro,IBGE
310620025610148,Barreiro,Urbana,Barreiro,IBGE
310620025610149,Barreiro,Urbana,Barreiro,IBGE
310620025610150,Barreiro,Urbana,Barreiro,IBGE
310620025610151,Milionários,Urbana,Barreiro,IBGE
310620025610152,Milionários,Urbana,Barreiro,IBGE
310620025610153,Araguaia,Urbana,Barreiro,IBGE
310620025610154,Araguaia,Urbana,Barreiro,IBGE
310620025610156,Flávio Marques Lisboa,Urbana,Barreiro,IBGE
310620025610157,Jatobá,Urbana,Barreiro,IBGE
310620025610158,Jatobá,Urbana,Barreiro,IBGE
310620025610161,Itaipu,Urbana,Barreiro,IBGE
310620025610162,Itaipu,Urbana,Barreiro,IBGE
310620025610163,Itaipu,Urbana,Barreiro,IBGE
310620025610164,Itaipu,Urbana,Barreiro,IBGE
310620025610165,Itaipu,Urbana,Barreiro,IBGE
310620025610166,Túnel de Ibirité,Urbana,Barreiro,IBGE
310620025610167,Tirol,Urbana,Barreiro,IBGE
310620025610168,Tirol,Urbana,Barreiro,IBGE
310620025610169,João Paulo II,Urbana,Barreiro,IBGE
310620025610170,João Paulo II,Urbana,Barreiro,IBGE
310620025610171,Vila Átila de Paiva,Urbana,Barreiro,IBGE
310620025610172,Vila Átila de Paiva,Urbana,Barreiro,IBGE
310620025610173,Santa Margarida,Urbana,Barreiro,IBGE
310620025610174,Santa Margarida,Urbana,Barreiro,IBGE
310620025610175,Santa Margarida,Urbana,Barreiro,IBGE
310620025610176,Barreiro,Urbana,Barreiro,IBGE
310620025610177,Barreiro,Urbana,Barreiro,IBGE
310620025610178,Bairro das Indústrias I,Urbana,Barreiro,IBGE
310620025610179,Bairro das Indústrias I,Urbana,Barreiro,IBGE
310620025610181,Bairro das Indústrias I,Urbana,Barreiro,IBGE
310620025610182,Bairro das Indústrias I,Urbana,Barreiro,IBGE
310620025610183,Bairro Novo das Indústrias,Urbana,Barreiro,IBGE
310620025610184,Bairro Novo das Indústrias,Urbana,Barreiro,IBGE
310620025610185,Bairro Novo das Indústrias,Urbana,Barreiro,IBGE
310620025610186,Alta Tensão I,Urbana,Barreiro,IBGE
310620025610187,Bairro Novo das Indústrias,Urbana,Barreiro,IBGE
310620025610188,Bairro Novo das Indústrias,Urbana,Barreiro,IBGE
310620025610189,Milionários,Urbana,Barreiro,IBGE
310620025610190,Milionários,Urbana,Barreiro,IBGE
310620025610191,Milionários,Urbana,Barreiro,IBGE
310620025610192,Milionários,Urbana,Barreiro,IBGE
310620025610193,Milionários,Urbana,Barreiro,IBGE
310620025610194,Vila Nova dos Milionários,Urbana,Barreiro,IBGE
310620025610196,Milionários,Urbana,Barreiro,IBGE
310620025610197,Milionários,Urbana,Barreiro,IBGE
310620025610198,Araguaia,Urbana,Barreiro,IBGE
310620025610199,Araguaia,Urbana,Barreiro,IBGE
310620025610200,Flávio Marques Lisboa,Urbana,Barreiro,IBGE
310620025610201,Vila CEMIG,Urbana,Barreiro,IBGE
310620025610202,Vila CEMIG,Urbana,Barreiro,IBGE
310620025610206,Alto das Antenas,Urbana,Barreiro,IBGE
310620025610207,Pilar,Urbana,Barreiro,IBGE
310620025610208,Pilar,Urbana,Barreiro,IBGE
310620025610209,Jatobá,Urbana,Barreiro,IBGE
310620025610212,Lindéia,Urbana,Barreiro,IBGE
310620025610213,Itaipu,Urbana,Barreiro,IBGE
310620025610215,Lindéia,Urbana,Barreiro,IBGE
310620025610216,Lindéia,Urbana,Barreiro,IBGE
310620025610217,Bairro das Indústrias I,Urbana,Barreiro,IBGE
310620025610218,Bairro das Indústrias I,Urbana,Barreiro,IBGE
310620025610219,Bairro das Indústrias I,Urbana,Barreiro,IBGE
310620025610220,Bairro das Indústrias I,Urbana,Barreiro,IBGE
310620025610221,Bairro Novo das Indústrias,Urbana,Barreiro,IBGE
310620025610222,Bairro Novo das Indústrias,Urbana,Barreiro,IBGE
310620025610223,Bairro Novo das Indústrias,Urbana,Barreiro,IBGE
310620025610224,Milionários,Urbana,Barreiro,IBGE
310620025610226,Milionários,Urbana,Barreiro,IBGE
310620025610228,Araguaia,Urbana,Barreiro,IBGE
310620025610230,Araguaia,Urbana,Barreiro,IBGE
310620025610234,Esperança,Urbana,Barreiro,IBGE
310620025610235,Lindéia,Urbana,Barreiro,IBGE
310620025610236,Lindéia,Urbana,Barreiro,IBGE
310620025610237,Lindéia,Urbana,Barreiro,IBGE
310620025610238,Lindéia,Urbana,Barreiro,IBGE
310620025610241,Lindéia,Urbana,Barreiro,IBGE
310620025610242,Bairro das Indústrias I,Urbana,Barreiro,IBGE
310620025610243,Bairro das Indústrias I,Urbana,Barreiro,IBGE
310620025610244,Bairro das Indústrias I,Urbana,Barreiro,IBGE
310620025610245,Bairro das Indústrias I,Urbana,Barreiro,IBGE
310620025610246,Bairro das Indústrias I,Urbana,Barreiro,IBGE
310620025610247,Bairro Novo das Indústrias,Urbana,Barreiro,IBGE
310620025610248,Bonsucesso,Urbana,Barreiro,IBGE
310620025610250,Araguaia,Urbana,Barreiro,IBGE
310620025610251,Bonsucesso,Urbana,Barreiro,IBGE
310620025610252,Araguaia,Urbana,Barreiro,IBGE
310620025610253,Bernadete,Urbana,Barreiro,IBGE
310620025610254,Olhos d'Água,Urbana,Barreiro,IBGE
310620025610256,Lindéia,Urbana,Barreiro,IBGE
310620025610257,Lindéia,Urbana,Barreiro,IBGE
310620025610258,Lindéia,Urbana,Barreiro,IBGE
310620025610259,Lindéia,Urbana,Barreiro,IBGE
310620025610260,Lindéia,Urbana,Barreiro,IBGE
310620025610261,Lindéia,Urbana,Barreiro,IBGE
310620025610262,Lindéia,Urbana,Barreiro,IBGE
310620025610263,Lindéia,Urbana,Barreiro,IBGE
310620025610264,Lindéia,Urbana,Barreiro,IBGE
310620025610265,Lindéia,Urbana,Barreiro,IBGE
310620025610267,Lindéia,Urbana,Barreiro,IBGE
310620025610270,Lindéia,Urbana,Barreiro,IBGE
310620025610271,Miramar,Urbana,Barreiro,IBGE
310620025610272,Brasil Industrial,Urbana,Barreiro,IBGE
310620025610273,Novo Santa Cecília,Urbana,Barreiro,IBGE
310620025610274,Diamante,Urbana,Barreiro,IBGE
310620025610275,Diamante,Urbana,Barreiro,IBGE
310620025610276,Diamante,Urbana,Barreiro,IBGE
310620025610277,Brasil Industrial,Urbana,Barreiro,IBGE
310620025610278,Brasil Industrial,Urbana,Barreiro,IBGE
310620025610279,Cardoso,Urbana,Barreiro,IBGE
310620025610280,Solar do Barreiro,Urbana,Barreiro,IBGE
310620025610281,Vila Pinho,Urbana,Barreiro,IBGE
310620025610282,Vila Pinho,Urbana,Barreiro,IBGE
310620025610283,Vila Mangueiras,Urbana,Barreiro,IBGE
310620025610284,Vila Pinho,Urbana,Barreiro,IBGE
310620025610285,Castanheira,Urbana,Barreiro,IBGE
310620025610286,Olaria,Urbana,Barreiro,IBGE
310620025610288,Olaria,Urbana,Barreiro,IBGE
310620025610289,Vila Independência I,Urbana,Barreiro,IBGE
310620025610290,Diamante,Urbana,Barreiro,IBGE
310620025610291,Teixeira Dias,Urbana,Barreiro,IBGE
310620025610293,Águas Claras,Urbana,Barreiro,IBGE
310620025610294,Brasil Industrial,Urbana,Barreiro,IBGE
310620025610295,Águas Claras,Urbana,Barreiro,IBGE
310620025610296,Petrópolis,Urbana,Barreiro,IBGE
310620025610297,Ernesto do Nascimento,Urbana,Barreiro,IBGE
310620025610298,Vila COPASA,Urbana,Barreiro,IBGE
310620025610299,Castanheira,Urbana,Barreiro,IBGE
310620025610300,Vila Formosa,Urbana,Barreiro,IBGE
310620025610301,Teixeira Dias,Urbana,Barreiro,IBGE
310620025610302,Santa Helena,Urbana,Barreiro,IBGE
310620025610303,Miramar,Urbana,Barreiro,IBGE
310620025610304,Cardoso,Urbana,Barreiro,IBGE
310620025610305,Vale do Jatobá,Urbana,Barreiro,IBGE
310620025610306,Castanheira,Urbana,Barreiro,IBGE
310620025610307,Castanheira,Urbana,Barreiro,IBGE
310620025610308,Barreiro,Urbana,Barreiro,IBGE
310620025610309,Araguaia,Urbana,Barreiro,IBGE
310620025610311,Vila Batik,Urbana,Barreiro,IBGE
310620025610312,Vale do Jatobá,Urbana,Barreiro,IBGE
310620025610313,Conjunto Jatobá,Urbana,Barreiro,IBGE
310620025610314,Vale do Jatobá,Urbana,Barreiro,IBGE
310620025610315,Tirol,Urbana,Barreiro,IBGE
310620025610317,Marieta 3ª Seção,Urbana,Barreiro,IBGE
310620025610318,Marieta II,Urbana,Barreiro,IBGE
310620025610319,Marieta I,Urbana,Barreiro,IBGE
310620025610320,Tirol,Urbana,Barreiro,IBGE
310620025610321,Marieta I,Urbana,Barreiro,IBGE
310620025610322,Flávio Marques Lisboa,Urbana,Barreiro,IBGE
310620025610323,Pilar,Urbana,Barreiro,IBGE
310620025610324,Pilar,Urbana,Barreiro,IBGE
310620025610325,Vila Independência II,Urbana,Barreiro,IBGE
310620025610326,Mineirão,Urbana,Barreiro,IBGE
310620025610327,Mineirão,Urbana,Barreiro,IBGE
310620025610328,Vila Independência II,Urbana,Barreiro,IBGE
310620025610329,Conjunto Bonsucesso,Urbana,Barreiro,IBGE
310620025610330,Itaipu,Urbana,Barreiro,IBGE
310620025610331,Vila CEMIG,Urbana,Barreiro,IBGE
310620025610332,Pilar,Urbana,Barreiro,IBGE
310620025610335,Vitória da Conquista,Urbana,Barreiro,IBGE
310620025610337,Petrópolis,Urbana,Barreiro,IBGE
310620025610338,Vila Petrópolis,Urbana,Barreiro,IBGE
310620025610339,Vitória da Conquista,Urbana,Barreiro,IBGE
310620025610340,Petrópolis,Urbana,Barreiro,IBGE
310620025610341,Distrito Industrial do Jatobá,Urbana,Barreiro,IBGE
310620025610343,Castanheira,Urbana,Barreiro,IBGE
310620025610344,Olaria,Urbana,Barreiro,IBGE
310620025610346,Barreiro,Urbana,Barreiro,IBGE
310620025610347,Diamante,Urbana,Barreiro,IBGE
310620025610348,Teixeira Dias,Urbana,Barreiro,IBGE
310620025610349,Flávio Marques Lisboa,Urbana,Barreiro,IBGE
310620025610350,Flávio de Oliveira,Urbana,Barreiro,IBGE
310620025610352,Solar do Barreiro,Urbana,Barreiro,IBGE
310620025610353,Solar do Barreiro,Urbana,Barreiro,IBGE
310620025610354,Solar do Barreiro,Urbana,Barreiro,IBGE
310620025610355,Independência,Urbana,Barreiro,IBGE
310620025610356,Independência,Urbana,Barreiro,IBGE
310620025610357,Vila Independência IV,Urbana,Barreiro,IBGE
310620025610358,Mangueiras,Urbana,Barreiro,IBGE
310620025610359,Mineirão,Urbana,Barreiro,IBGE
310620025610360,Mangueiras,Urbana,Barreiro,IBGE
310620025610361,Vale do Jatobá,Urbana,Barreiro,IBGE
310620025610362,Castanheira,Urbana,Barreiro,IBGE
310620025610363,Vale do Jatobá,Urbana,Barreiro,IBGE
310620025610364,Barreiro,Urbana,Barreiro,IBGE
310620025610366,Barreiro,Urbana,Barreiro,IBGE
310620025610367,Santa Helena,Urbana,Barreiro,IBGE
310620025610368,Teixeira Dias,Urbana,Barreiro,IBGE
310620025610369,Teixeira Dias,Urbana,Barreiro,IBGE
310620025610370,Santa Helena,Urbana,Barreiro,IBGE
310620025610371,Araguaia,Urbana,Barreiro,IBGE
310620025610372,Araguaia,Urbana,Barreiro,IBGE
310620025610373,Milionários,Urbana,Barreiro,IBGE
310620025610374,Milionários,Urbana,Barreiro,IBGE
310620025610375,Vila Tirol,Urbana,Barreiro,IBGE
310620025610376,Átila de Paiva,Urbana,Barreiro,IBGE
310620025610377,Alta Tensão,Urbana,Barreiro,IBGE
310620025610378,Alta Tensão,Urbana,Barreiro,IBGE
310620025610379,Bairro das Indústrias I,Urbana,Barreiro,IBGE
310620025610380,Alta Tensão I,Urbana,Barreiro,IBGE
310620025610381,Alta Tensão I,Urbana,Barreiro,IBGE
310620025610382,Milionários,Urbana,Barreiro,IBGE
310620025610383,Araguaia,Urbana,Barreiro,IBGE
310620025610384,Jatobá,Urbana,Barreiro,IBGE
310620025610385,Lindéia,Urbana,Barreiro,IBGE
310620025610386,Lindéia,Urbana,Barreiro,IBGE
310620025610387,Lindéia,Urbana,Barreiro,IBGE
310620025610388,Lindéia,Urbana,Barreiro,IBGE
310620025610389,Lindéia,Urbana,Barreiro,IBGE
310620025610390,Lindéia,Urbana,Barreiro,IBGE
310620025610391,Túnel de Ibirité,Urbana,Barreiro,IBGE
310620025610392,Alta Tensão I,Urbana,Barreiro,IBGE
310620025610393,Bairro Novo das Indústrias,Urbana,Barreiro,IBGE
310620025610394,Araguaia,Urbana,Barreiro,IBGE
310620025610395,Bonsucesso,Urbana,Barreiro,IBGE
310620025610396,Flávio Marques Lisboa,Urbana,Barreiro,IBGE
310620025610397,Bonsucesso,Urbana,Barreiro,IBGE
310620025610398,Vila CEMIG,Urbana,Barreiro,IBGE
310620025610399,Tirol,Urbana,Barreiro,IBGE
310620025610400,Bonsucesso,Urbana,Barreiro,IBGE
310620025610401,Araguaia,Urbana,Barreiro,IBGE
310620025610402,Olhos d'Água,Urbana,Barreiro,IBGE
310620025610403,Pilar,Urbana,Barreiro,IBGE
310620025610404,Lindéia,Urbana,Barreiro,IBGE
310620025610405,Lindéia,Urbana,Barreiro,IBGE
310620025610406,Jardim do Vale,Urbana,Barreiro,IBGE
310620025610407,Santa Rita,Urbana,Barreiro,IBGE
310620025610409,Itaipu,Urbana,Barreiro,IBGE
310620025610410,Vila Piratininga,Urbana,Barreiro,IBGE
310620025610411,Túnel de Ibirité,Urbana,Barreiro,IBGE
310620025610412,Santa Margarida,Urbana,Barreiro,IBGE
310620025610413,Santa Margarida,Urbana,Barreiro,IBGE
310620025610414,Milionários,Urbana,Barreiro,IBGE
310620025610415,Milionários,Urbana,Barreiro,IBGE
310620025610416,Bonsucesso,Urbana,Barreiro,IBGE
310620025610417,Vila CEMIG,Urbana,Barreiro,IBGE
310620025610418,Alta Tensão I,Urbana,Barreiro,IBGE
310620025610419,Bairro Novo das Indústrias,Urbana,Barreiro,IBGE
310620025610420,Conjunto Bonsucesso,Urbana,Barreiro,IBGE
310620025610421,Bonsucesso,Urbana,Barreiro,IBGE
310620025610425,Vila Independência I,Urbana,Barreiro,IBGE
310620025610426,Teixeira Dias,Urbana,Barreiro,IBGE
310620025610427,Teixeira Dias,Urbana,Barreiro,IBGE
310620025610428,Jardim do Vale,Urbana,Barreiro,IBGE
310620025610429,Santa Cecília,Urbana,Barreiro,IBGE
310620025610430,Vila Pinho,Urbana,Barreiro,IBGE
310620025610431,Vila Pinho,Urbana,Barreiro,IBGE
310620025610433,Diamante,Urbana,Barreiro,IBGE
310620025610434,Diamante,Urbana,Barreiro,IBGE
310620025610435,Diamante,Urbana,Barreiro,IBGE
310620025610436,Vila Pinho,Urbana,Barreiro,IBGE
310620025610437,Teixeira Dias,Urbana,Barreiro,IBGE
310620025610439,Vila Ecológica,Urbana,Barreiro,IBGE
310620025610440,Olaria,Urbana,Barreiro,IBGE
310620025610441,Solar do Barreiro,Urbana,Barreiro,IBGE
310620025610442,Mangueiras,Urbana,Barreiro,IBGE
310620025610443,Vale do Jatobá,Urbana,Barreiro,IBGE
310620025610445,Diamante,Urbana,Barreiro,IBGE
310620025610446,Teixeira Dias,Urbana,Barreiro,IBGE
310620025610447,Santa Helena,Urbana,Barreiro,IBGE
310620025610449,Flávio Marques Lisboa,Urbana,Barreiro,IBGE
310620025610452,Mineirão,Urbana,Barreiro,IBGE
310620025610453,Independência,Urbana,Barreiro,IBGE
310620025610454,Tirol,Urbana,Barreiro,IBGE
310620025610455,Tirol,Urbana,Barreiro,IBGE
310620025610456,Diamante,Urbana,Barreiro,IBGE
310620025610457,Barreiro,Urbana,Barreiro,IBGE
310620025610458,Barreiro,Urbana,Barreiro,IBGE
310620025610459,Barreiro,Urbana,Barreiro,IBGE
310620025610460,Araguaia,Urbana,Barreiro,IBGE
310620025610461,Araguaia,Urbana,Barreiro,IBGE
310620025610462,Itaipu,Urbana,Barreiro,IBGE
310620025610463,Túnel de Ibirité,Urbana,Barreiro,IBGE
310620025610464,Tirol,Urbana,Barreiro,IBGE
310620025610465,Tirol,Urbana,Barreiro,IBGE
310620025610466,Araguaia,Urbana,Barreiro,IBGE
310620025610467,Bairro das Indústrias I,Urbana,Barreiro,IBGE
310620025610468,Milionários,Urbana,Barreiro,IBGE
310620025610469,Lindéia,Urbana,Barreiro,IBGE
310620025610470,Lindéia,Urbana,Barreiro,IBGE
310620025610471,Tirol,Urbana,Barreiro,IBGE
310620025610472,Tirol,Urbana,Barreiro,IBGE
310620025610473,Tirol,Urbana,Barreiro,IBGE
310620025610477,Distrito Industrial do Jatobá,Urbana,Barreiro,IBGE
310620025610478,Flávio Marques Lisboa,Urbana,Barreiro,IBGE
310620025610479,Átila de Paiva,Urbana,Barreiro,IBGE
310620025610480,Cardoso,Urbana,Barreiro,IBGE
310620025610481,Solar do Barreiro,Urbana,Barreiro,IBGE
310620025610482,Diamante,Urbana,Barreiro,IBGE
310620025610483,Diamante,Urbana,Barreiro,IBGE
310620025610484,Diamante,Urbana,Barreiro,IBGE
310620025610485,Diamante,Urbana,Barreiro,IBGE
310620025610486,Diamante,Urbana,Barreiro,IBGE
310620025610488,Olaria,Urbana,Barreiro,IBGE
310620025610489,Olaria,Urbana,Barreiro,IBGE
310620025610490,Santa Rita,Urbana,Barreiro,IBGE
310620025610491,Santa Rita,Urbana,Barreiro,IBGE
310620025610492,Vila Pinho,Urbana,Barreiro,IBGE
310620025610493,Vila Pinho,Urbana,Barreiro,IBGE
310620025610494,Vila Pinho,Urbana,Barreiro,IBGE
310620025610495,Vila Pinho,Urbana,Barreiro,IBGE
310620025610496,Flávio Marques Lisboa,Urbana,Barreiro,IBGE
310620025610497,Flávio Marques Lisboa,Urbana,Barreiro,IBGE
310620025610498,Flávio Marques Lisboa,Urbana,Barreiro,IBGE
310620025610499,Flávio Marques Lisboa,Urbana,Barreiro,IBGE
310620025610500,Lindéia,Urbana,Barreiro,IBGE
310620025610501,Lindéia,Urbana,Barreiro,IBGE
310620025610502,Vila CEMIG,Urbana,Barreiro,IBGE
310620025610503,Vila CEMIG,Urbana,Barreiro,IBGE
310620025610504,Vila Mangueiras,Urbana,Barreiro,IBGE
310620025610505,Vila Mangueiras,Urbana,Barreiro,IBGE
310620025610506,Itaipu,Urbana,Barreiro,IBGE
310620025610507,Itaipu,Urbana,Barreiro,IBGE
310620025610508,Miramar,Urbana,Barreiro,IBGE
310620025610509,Miramar,Urbana,Barreiro,IBGE
310620025610510,Vila CEMIG,Urbana,Barreiro,IBGE
310620025610511,Vila CEMIG,Urbana,Barreiro,IBGE
310620025610512,Bairro das Indústrias I,Urbana,Barreiro,IBGE
310620025610513,Bairro das Indústrias I,Urbana,Barreiro,IBGE
310620025610514,Independência,Urbana,Barreiro,IBGE
310620025610515,Independência,Urbana,Barreiro,IBGE
310620025610516,Lindéia,Urbana,Barreiro,IBGE
310620025610517,Lindéia,Urbana,Barreiro,IBGE
310620025610520,Lindéia,Urbana,Barreiro,IBGE
310620025610521,Lindéia,Urbana,Barreiro,IBGE
310620025610522,Lindéia,Urbana,Barreiro,IBGE
310620025610523,Lindéia,Urbana,Barreiro,IBGE
310620025610524,Cardoso,Urbana,Barreiro,IBGE
310620025610525,Cardoso,Urbana,Barreiro,IBGE
310620025610526,Flávio Marques Lisboa,Urbana,Barreiro,IBGE
310620025610527,Flávio Marques Lisboa,Urbana,Barreiro,IBGE
310620025610528,Cardoso,Urbana,Barreiro,IBGE
310620025610529,Cardoso,Urbana,Barreiro,IBGE
310620025610530,Vila Pinho,Urbana,Barreiro,IBGE
310620025610531,Vila Pinho,Urbana,Barreiro,IBGE
310620025610532,Pongelupe,Urbana,Barreiro,IBGE
310620025610533,Pongelupe,Urbana,Barreiro,IBGE
310620025610534,Vale do Jatobá,Urbana,Barreiro,IBGE
310620025610535,Vale do Jatobá,Urbana,Barreiro,IBGE
310620025610536,Araguaia,Urbana,Barreiro,IBGE
310620025610537,Araguaia,Urbana,Barreiro,IBGE
310620025610538,Vila Pinho,Urbana,Barreiro,IBGE
310620025610539,Vila Pinho,Urbana,Barreiro,IBGE
310620025610540,Araguaia,Urbana,Barreiro,IBGE
310620025610541,Araguaia,Urbana,Barreiro,IBGE
310620025610542,Vale do Jatobá,Urbana,Barreiro,IBGE
310620025610543,Vale do Jatobá,Urbana,Barreiro,IBGE
310620025610544,Vila Piratininga,Urbana,Barreiro,IBGE
310620025610545,Vila Piratininga,Urbana,Barreiro,IBGE
310620025610546,Mangueiras,Urbana,Barreiro,IBGE
310620025610547,Mangueiras,Urbana,Barreiro,IBGE
310620025610548,Novo Santa Cecília,Urbana,Barreiro,IBGE
310620025610549,Novo Santa Cecília,Urbana,Barreiro,IBGE
310620025610550,Ernesto do Nascimento,Urbana,Barreiro,IBGE
310620025610551,Ernesto do Nascimento,Urbana,Barreiro,IBGE
310620025610552,Bonsucesso,Urbana,Barreiro,IBGE
310620025610553,Bonsucesso,Urbana,Barreiro,IBGE
310620025610554,Santa Cecília,Urbana,Barreiro,IBGE
310620025610555,Santa Cecília,Urbana,Barreiro,IBGE
310620025610556,Araguaia,Urbana,Barreiro,IBGE
310620025610557,Araguaia,Urbana,Barreiro,IBGE
310620025610558,Barreiro,Urbana,Barreiro,IBGE
310620025610559,Barreiro,Urbana,Barreiro,IBGE
310620025610560,Lindéia,Urbana,Barreiro,IBGE
310620025610561,Lindéia,Urbana,Barreiro,IBGE
310620025610562,Tirol,Urbana,Barreiro,IBGE
310620025610563,Tirol,Urbana,Barreiro,IBGE
310620025610564,Milionários,Urbana,Barreiro,IBGE
310620025610565,Milionários,Urbana,Barreiro,IBGE
310620025610566,Diamante,Urbana,Barreiro,IBGE
310620025610567,Diamante,Urbana,Barreiro,IBGE
310620025610568,Araguaia,Urbana,Barreiro,IBGE
310620025610569,Araguaia,Urbana,Barreiro,IBGE
310620025610570,Santa Helena,Urbana,Barreiro,IBGE
310620025610571,Santa Helena,Urbana,Barreiro,IBGE
310620025610572,Flávio Marques Lisboa,Urbana,Barreiro,IBGE
310620025610573,Flávio Marques Lisboa,Urbana,Barreiro,IBGE
310620025610574,Lindéia,Urbana,Barreiro,IBGE
310620025610575,Lindéia,Urbana,Barreiro,IBGE
310620025610576,Novo Santa Cecília,Urbana,Barreiro,IBGE
310620025610577,Novo Santa Cecília,Urbana,Barreiro,IBGE
310620025610578,Petrópolis,Urbana,Barreiro,IBGE
310620025610579,Petrópolis,Urbana,Barreiro,IBGE
310620025610580,Independência,Urbana,Barreiro,IBGE
310620025610581,Independência,Urbana,Barreiro,IBGE
310620025610582,Bonsucesso,Urbana,Barreiro,IBGE
310620025610583,Bonsucesso,Urbana,Barreiro,IBGE
310620025610584,Barreiro,Urbana,Barreiro,IBGE
310620025610585,Barreiro,Urbana,Barreiro,IBGE
310620025610586,Lindéia,Urbana,Barreiro,IBGE
310620025610587,Lindéia,Urbana,Barreiro,IBGE
310620025610588,Bonsucesso,Urbana,Barreiro,IBGE
310620025610589,Bonsucesso,Urbana,Barreiro,IBGE
310620025610590,Mineirão,Urbana,Barreiro,IBGE
310620025610591,Mineirão,Urbana,Barreiro,IBGE
310620025610592,Corumbiara,Urbana,Barreiro,IBGE
310620025610593,Corumbiara,Urbana,Barreiro,IBGE
310620025610594,Olaria,Urbana,Barreiro,IBGE
310620025610595,Olaria,Urbana,Barreiro,IBGE
310620025610596,Pilar,Urbana,Barreiro,IBGE
310620025610597,Pilar,Urbana,Barreiro,IBGE
310620025610598,Cardoso,Urbana,Barreiro,IBGE
310620025610599,Cardoso,Urbana,Barreiro,IBGE
310620025610600,Vila Formosa,Urbana,Barreiro,IBGE
310620025610601,Vila Formosa,Urbana,Barreiro,IBGE
310620025610602,Milionários,Urbana,Barreiro,IBGE
310620025610603,Milionários,Urbana,Barreiro,IBGE
310620025610604,Diamante,Urbana,Barreiro,IBGE
310620025610605,Diamante,Urbana,Barreiro,IBGE
310620025610606,Castanheira,Urbana,Barreiro,IBGE
310620025610607,Castanheira,Urbana,Barreiro,IBGE
310620025610608,Esperança,Urbana,Barreiro,IBGE
310620025610609,Esperança,Urbana,Barreiro,IBGE
310620025610610,Diamante,Urbana,Barreiro,IBGE
310620025610611,Diamante,Urbana,Barreiro,IBGE
310620025610612,Santa Cecília,Urbana,Barreiro,IBGE
310620025610613,Santa Cecília,Urbana,Barreiro,IBGE
310620025610614,Bernadete,Urbana,Barreiro,IBGE
310620025610615,Bernadete,Urbana,Barreiro,IBGE
310620025610616,Vila Ecológica,Urbana,Barreiro,IBGE
310620025610617,Vila Ecológica,Urbana,Barreiro,IBGE
310620025610618,Distrito Industrial do Jatobá,Urbana,Barreiro,IBGE
310620025610620,Araguaia,Urbana,Barreiro,IBGE
310620025610621,Araguaia,Urbana,Barreiro,IBGE
310620025610622,Olhos d'Água,Urbana,Barreiro,IBGE
310620025610623,Olhos d'Água,Urbana,Barreiro,IBGE
310620025610624,Diamante,Urbana,Barreiro,IBGE
310620025610625,Diamante,Urbana,Barreiro,IBGE
310620025610626,Olaria,Urbana,Barreiro,IBGE
310620025610627,Olaria,Urbana,Barreiro,IBGE
310620025610628,Olaria,Urbana,Barreiro,IBGE
310620025610629,Olaria,Urbana,Barreiro,IBGE
310620025610630,Bonsucesso,Urbana,Barreiro,IBGE
310620025610631,Bonsucesso,Urbana,Barreiro,IBGE
310620025610632,Distrito Industrial do Jatobá,Urbana,Barreiro,IBGE
310620025610633,Distrito Industrial do Jatobá,Urbana,Barreiro,IBGE
310620025610634,Diamante,Urbana,Barreiro,IBGE
310620025610635,Diamante,Urbana,Barreiro,IBGE
310620025610636,Miramar,Urbana,Barreiro,IBGE
310620025610637,Miramar,Urbana,Barreiro,IBGE
310620025610638,Distrito Industrial do Jatobá,Urbana,Barreiro,IBGE
310620025610639,Distrito Industrial do Jatobá,Urbana,Barreiro,IBGE
310620025610640,Distrito Industrial do Jatobá,Urbana,Barreiro,IBGE
310620025610641,Distrito Industrial do Jatobá,Urbana,Barreiro,IBGE
310620025610642,Distrito Industrial do Jatobá,Urbana,Barreiro,IBGE
310620025610643,Distrito Industrial do Jatobá,Urbana,Barreiro,IBGE
310620025610645,Lindéia,Urbana,Barreiro,IBGE
310620025610646,Jatobá,Urbana,Barreiro,IBGE
310620025610647,Distrito Industrial do Jatobá,Urbana,Barreiro,IBGE
310620025610648,Bonsucesso,Urbana,Barreiro,IBGE
310620025610649,Bonsucesso,Urbana,Barreiro,IBGE
310620025610651,Distrito Industrial do Jatobá,Urbana,Barreiro,IBGE
310620025610652,CDI Jatobá,Urbana,Barreiro,IBGE
310620025610653,CDI Jatobá,Urbana,Barreiro,IBGE
310620025610654,Águas Claras,Urbana,Barreiro,IBGE
310620025610655,Águas Claras,Urbana,Barreiro,IBGE
310620025610656,Marilândia,Urbana,Barreiro,IBGE
310620025610657,Ademar Maldonado,Urbana,Barreiro,IBGE
310620025610658,Flávio Marques Lisboa,Urbana,Barreiro,IBGE
310620025610659,Flávio Marques Lisboa,Urbana,Barreiro,IBGE
310620025610660,Tirol,Urbana,Barreiro,IBGE
310620025610661,Tirol,Urbana,Barreiro,IBGE
310620025610662,Serra do Curral,Urbana,Barreiro,IBGE
310620025610663,Diamante,Urbana,Barreiro,IBGE
310620025610664,Diamante,Urbana,Barreiro,IBGE
310620025610665,Distrito Industrial do Jatobá,Urbana,Barreiro,IBGE
310620025670001,Vila Madre Gertrudes V,Urbana,Barreiro,IBGE
310620025670002,Vila Madre Gertrudes III,Urbana,Barreiro,IBGE
310620025670003,Madre Gertrudes,Urbana,Barreiro,IBGE
310620025670004,Madre Gertrudes,Urbana,Barreiro,IBGE
310620025670005,Madre Gertrudes,Urbana,Barreiro,IBGE
310620025670006,Camargos,Urbana,Barreiro,IBGE
310620060640002,Vista do Sol,Urbana,Venda Nova,IBGE
310620060640004,Nazaré,Urbana,Venda Nova,IBGE
310620060640005,Nazaré,Urbana,Venda Nova,IBGE
310620060640006,Nazaré,Urbana,Venda Nova,IBGE
310620060640007,Acaiaca,Urbana,Venda Nova,IBGE
310620060640008,Paulo VI,Urbana,Venda Nova,IBGE
310620060640009,Vista do Sol,Urbana,Venda Nova,IBGE
310620060640010,Nazaré,Urbana,Venda Nova,IBGE
310620060640011,Nazaré,Urbana,Venda Nova,IBGE
310620060640012,Nazaré,Urbana,Venda Nova,IBGE
310620060640014,Belmonte,Urbana,Venda Nova,IBGE
310620060640015,Belmonte,Urbana,Venda Nova,IBGE
310620060640016,Ribeiro de Abreu,Urbana,Venda Nova,IBGE
310620060640017,Paulo VI,Urbana,Venda Nova,IBGE
310620060640021,Vila Maria,Urbana,Venda Nova,IBGE
310620060640024,Jardim Vitória,Urbana,Venda Nova,IBGE
310620060640025,Jardim Vitória,Urbana,Venda Nova,IBGE
310620060640027,Vila da Luz,Urbana,Venda Nova,IBGE
310620060640028,Goiânia,Urbana,Venda Nova,IBGE
310620060640029,Nazaré,Urbana,Venda Nova,IBGE
310620060640031,Boa Esperança,Urbana,Venda Nova,IBGE
310620060640033,Ribeiro de Abreu,Urbana,Venda Nova,IBGE
310620060640035,Beira-Linha,Urbana,Venda Nova,IBGE
310620060640036,Beira-Linha,Urbana,Venda Nova,IBGE
310620060640037,Paulo VI,Urbana,Venda Nova,IBGE
310620060640040,Paulo VI,Urbana,Venda Nova,IBGE
310620060640041,Paulo VI,Urbana,Venda Nova,IBGE
310620060640042,Jardim Vitória,Urbana,Venda Nova,IBGE
310620060640043,Jardim Vitória,Urbana,Venda Nova,IBGE
310620060640044,Vila Maria,Urbana,Venda Nova,IBGE
310620060640045,Dom Silvério,Urbana,Venda Nova,IBGE
310620060640047,Dom Silvério,Urbana,Venda Nova,IBGE
310620060640048,São Gabriel,Urbana,Venda Nova,IBGE
310620060640049,São Gabriel,Urbana,Venda Nova,IBGE
310620060640050,Ouro Minas,Urbana,Venda Nova,IBGE
310620060640052,Ribeiro de Abreu,Urbana,Venda Nova,IBGE
310620060640053,Ribeiro de Abreu,Urbana,Venda Nova,IBGE
310620060640057,Jardim Vitória,Urbana,Venda Nova,IBGE
310620060640060,Goiânia,Urbana,Venda Nova,IBGE
310620060640061,Goiânia,Urbana,Venda Nova,IBGE
310620060640063,Dom Silvério,Urbana,Venda Nova,IBGE
310620060640068,Vila São Gabriel,Urbana,Venda Nova,IBGE
310620060640070,Ribeiro de Abreu,Urbana,Venda Nova,IBGE
310620060640071,Ribeiro de Abreu,Urbana,Venda Nova,IBGE
310620060640072,Ribeiro de Abreu,Urbana,Venda Nova,IBGE
310620060640073,Conjunto Paulo VI,Urbana,Venda Nova,IBGE
310620060640074,Conjunto Paulo VI,Urbana,Venda Nova,IBGE
310620060640075,Conjunto Paulo VI,Urbana,Venda Nova,IBGE
310620060640077,Jardim Vitória,Urbana,Venda Nova,IBGE
310620060640078,Goiânia,Urbana,Venda Nova,IBGE
310620060640079,Goiânia,Urbana,Venda Nova,IBGE
310620060640080,Goiânia,Urbana,Venda Nova,IBGE
310620060640081,Goiânia,Urbana,Venda Nova,IBGE
310620060640082,Maria Goretti,Urbana,Venda Nova,IBGE
310620060640086,Maria Goretti,Urbana,Venda Nova,IBGE
310620060640087,São Gabriel,Urbana,Venda Nova,IBGE
310620060640089,São Benedito,Urbana,Venda Nova,IBGE
310620060640090,São Benedito,Urbana,Venda Nova,IBGE
310620060640091,São Benedito,Urbana,Venda Nova,IBGE
310620060640092,Goiânia,Urbana,Venda Nova,IBGE
310620060640093,Ipê,Urbana,Venda Nova,IBGE
310620060640095,Maria Goretti,Urbana,Venda Nova,IBGE
310620060640098,Maria Goretti,Urbana,Venda Nova,IBGE
310620060640101,Eymard,Urbana,Venda Nova,IBGE
310620060640102,São Gabriel,Urbana,Venda Nova,IBGE
310620060640104,São Gabriel,Urbana,Venda Nova,IBGE
310620060640106,Ribeiro de Abreu,Urbana,Venda Nova,IBGE
310620060640108,Ribeiro de Abreu,Urbana,Venda Nova,IBGE
310620060640109,Ribeiro de Abreu,Urbana,Venda Nova,IBGE
310620060640111,Goiânia,Urbana,Venda Nova,IBGE
310620060640113,Goiânia,Urbana,Venda Nova,IBGE
310620060640114,Ipê,Urbana,Venda Nova,IBGE
310620060640115,São Marcos,Urbana,Venda Nova,IBGE
310620060640116,Ipê,Urbana,Venda Nova,IBGE
310620060640117,Pirajá,Urbana,Venda Nova,IBGE
310620060640118,Eymard,Urbana,Venda Nova,IBGE
310620060640119,São Gabriel,Urbana,Venda Nova,IBGE
310620060640121,Conjunto Capitão Eduardo,Urbana,Venda Nova,IBGE
310620060640124,Ipê,Urbana,Venda Nova,IBGE
310620060640125,São Marcos,Urbana,Venda Nova,IBGE
310620060640126,São Marcos,Urbana,Venda Nova,IBGE
310620060640128,São Marcos,Urbana,Venda Nova,IBGE
310620060640130,Eymard,Urbana,Venda Nova,IBGE
310620060640131,Acaiaca,Urbana,Venda Nova,IBGE
310620060640132,Nazaré,Urbana,Venda Nova,IBGE
310620060640133,Nazaré,Urbana,Venda Nova,IBGE
310620060640135,Vista do Sol,Urbana,Venda Nova,IBGE
310620060640136,Nazaré,Urbana,Venda Nova,IBGE
310620060640137,Vista do Sol,Urbana,Venda Nova,IBGE
310620060640138,Nazaré,Urbana,Venda Nova,IBGE
310620060640139,Acaiaca,Urbana,Venda Nova,IBGE
310620060640140,Beira-Linha,Urbana,Venda Nova,IBGE
310620060640141,Nazaré,Urbana,Venda Nova,IBGE
310620060640142,Acaiaca,Urbana,Venda Nova,IBGE
310620060640143,Nazaré,Urbana,Venda Nova,IBGE
310620060640144,Nazaré,Urbana,Venda Nova,IBGE
310620060640145,Nazaré,Urbana,Venda Nova,IBGE
310620060640146,Dom Silvério,Urbana,Venda Nova,IBGE
310620060640147,Belmonte,Urbana,Venda Nova,IBGE
310620060640148,Jardim Vitória,Urbana,Venda Nova,IBGE
310620060640150,Jardim Vitória,Urbana,Venda Nova,IBGE
310620060640151,Bela Vitória,Urbana,Venda Nova,IBGE
310620060640152,Pousada Santo Antônio,Urbana,Venda Nova,IBGE
310620060640153,Vitória,Urbana,Venda Nova,IBGE
310620060640154,Bela Vitória,Urbana,Venda Nova,IBGE
310620060640155,Goiânia,Urbana,Venda Nova,IBGE
310620060640156,Dom Silvério,Urbana,Venda Nova,IBGE
310620060640157,Dom Silvério,Urbana,Venda Nova,IBGE
310620060640158,Nazaré,Urbana,Venda Nova,IBGE
310620060640159,Dom Silvério,Urbana,Venda Nova,IBGE
310620060640162,Antônio Ribeiro de Abreu 1ª Seção,Urbana,Venda Nova,IBGE
310620060640164,Paulo VI,Urbana,Venda Nova,IBGE
310620060640165,Paulo VI,Urbana,Venda Nova,IBGE
310620060640166,Paulo VI,Urbana,Venda Nova,IBGE
310620060640167,Paulo VI,Urbana,Venda Nova,IBGE
310620060640168,Mirtes,Urbana,Venda Nova,IBGE
310620060640169,Vila Maria,Urbana,Venda Nova,IBGE
310620060640170,São Gabriel,Urbana,Venda Nova,IBGE
310620060640171,São Gabriel,Urbana,Venda Nova,IBGE
310620060640173,Antônio Ribeiro de Abreu 1ª Seção,Urbana,Venda Nova,IBGE
310620060640174,Ribeiro de Abreu,Urbana,Venda Nova,IBGE
310620060640175,Guanabara,Urbana,Venda Nova,IBGE
310620060640176,Goiânia,Urbana,Venda Nova,IBGE
310620060640177,Goiânia,Urbana,Venda Nova,IBGE
310620060640178,Goiânia,Urbana,Venda Nova,IBGE
310620060640179,São Gabriel,Urbana,Venda Nova,IBGE
310620060640181,Antônio Ribeiro de Abreu 1ª Seção,Urbana,Venda Nova,IBGE
310620060640182,Ribeiro de Abreu,Urbana,Venda Nova,IBGE
310620060640183,Ribeiro de Abreu,Urbana,Venda Nova,IBGE
310620060640185,Conjunto Paulo VI,Urbana,Venda Nova,IBGE
310620060640187,Jardim Vitória,Urbana,Venda Nova,IBGE
310620060640188,Vitória,Urbana,Venda Nova,IBGE
310620060640189,Goiânia,Urbana,Venda Nova,IBGE
310620060640190,Goiânia,Urbana,Venda Nova,IBGE
310620060640191,Goiânia,Urbana,Venda Nova,IBGE
310620060640192,Goiânia,Urbana,Venda Nova,IBGE
310620060640193,Maria Goretti,Urbana,Venda Nova,IBGE
310620060640194,Eymard,Urbana,Venda Nova,IBGE
310620060640197,Goiânia,Urbana,Venda Nova,IBGE
310620060640198,Goiânia,Urbana,Venda Nova,IBGE
310620060640199,Maria Goretti,Urbana,Venda Nova,IBGE
310620060640200,Maria Goretti,Urbana,Venda Nova,IBGE
310620060640201,Pirajá,Urbana,Venda Nova,IBGE
310620060640202,Capitão Eduardo,Urbana,Venda Nova,IBGE
310620060640203,Morro dos Macacos,Urbana,Venda Nova,IBGE
310620060640204,Ipê,Urbana,Venda Nova,IBGE
310620060640205,São Marcos,Urbana,Venda Nova,IBGE
310620060640206,São Marcos,Urbana,Venda Nova,IBGE
310620060640207,São Marcos,Urbana,Venda Nova,IBGE
310620060640208,Eymard,Urbana,Venda Nova,IBGE
310620060640209,Pirajá,Urbana,Venda Nova,IBGE
310620060640210,São Dimas,Urbana,Venda Nova,IBGE
310620060640213,Conjunto Capitão Eduardo,Urbana,Venda Nova,IBGE
310620060640214,São Marcos,Urbana,Venda Nova,IBGE
310620060640215,São Marcos,Urbana,Venda Nova,IBGE
310620060640216,São Marcos,Urbana,Venda Nova,IBGE
310620060640217,Fernão Dias,Urbana,Venda Nova,IBGE
310620060640218,Pirajá,Urbana,Venda Nova,IBGE
310620060640220,São Paulo,Urbana,Venda Nova,IBGE
310620060640221,Vitória,Urbana,Venda Nova,IBGE
310620060640222,Vitória,Urbana,Venda Nova,IBGE
310620060640226,Vitória,Urbana,Venda Nova,IBGE
310620060640227,Dom Silvério,Urbana,Venda Nova,IBGE
310620060640228,Ouro Minas,Urbana,Venda Nova,IBGE
310620060640229,Ouro Minas,Urbana,Venda Nova,IBGE
310620060640230,Paulo VI,Urbana,Venda Nova,IBGE
310620060640231,Paulo VI,Urbana,Venda Nova,IBGE
310620060640233,Jardim Vitória,Urbana,Venda Nova,IBGE
310620060640235,Ouro Minas,Urbana,Venda Nova,IBGE
310620060640236,Ouro Minas,Urbana,Venda Nova,IBGE
310620060640237,Jardim Vitória,Urbana,Venda Nova,IBGE
310620060640238,Jardim Vitória,Urbana,Venda Nova,IBGE
310620060640239,Jardim Vitória,Urbana,Venda Nova,IBGE
310620060640240,Jardim Vitória,Urbana,Venda Nova,IBGE
310620060640241,Jardim Vitória,Urbana,Venda Nova,IBGE
310620060640242,Jardim Vitória,Urbana,Venda Nova,IBGE
310620060640243,Jardim Vitória,Urbana,Venda Nova,IBGE
310620060640244,Maria Goretti,Urbana,Venda Nova,IBGE
310620060640245,São Gabriel,Urbana,Venda Nova,IBGE
310620060640246,São Marcos,Urbana,Venda Nova,IBGE
310620060640247,Goiânia,Urbana,Venda Nova,IBGE
310620060640248,São Gabriel,Urbana,Venda Nova,IBGE
310620060640249,Ipê,Urbana,Venda Nova,IBGE
310620060640250,Acaiaca,Urbana,Venda Nova,IBGE
310620060640251,Pirajá,Urbana,Venda Nova,IBGE
310620060640252,Ribeiro de Abreu,Urbana,Venda Nova,IBGE
310620060640253,Ribeiro de Abreu,Urbana,Venda Nova,IBGE
310620060640254,Ribeiro de Abreu,Urbana,Venda Nova,IBGE
310620060640255,Beija Flor,Urbana,Venda Nova,IBGE
310620060640256,Beija Flor,Urbana,Venda Nova,IBGE
310620060640257,Vista do Sol,Urbana,Venda Nova,IBGE
310620060640258,Conjunto Capitão Eduardo,Urbana,Venda Nova,IBGE
310620060640259,Acaiaca,Urbana,Venda Nova,IBGE
310620060640260,Vista do Sol,Urbana,Venda Nova,IBGE
310620060640261,Dom Silvério,Urbana,Venda Nova,IBGE
310620060640262,São Gabriel,Urbana,Venda Nova,IBGE
310620060640263,Jardim Vitória,Urbana,Venda Nova,IBGE
310620060640264,Ipê,Urbana,Venda Nova,IBGE
310620060640265,Vista do Sol,Urbana,Venda Nova,IBGE
310620060640266,Belmonte,Urbana,Venda Nova,IBGE
310620060640270,Paulo VI,Urbana,Venda Nova,IBGE
310620060640271,Paulo VI,Urbana,Venda Nova,IBGE
310620060640272,Paulo VI,Urbana,Venda Nova,IBGE
310620060640273,Paulo VI,Urbana,Venda Nova,IBGE
310620060640274,Paulo VI,Urbana,Venda Nova,IBGE
310620060640275,Paulo VI,Urbana,Venda Nova,IBGE
310620060640276,Paulo VI,Urbana,Venda Nova,IBGE
310620060640277,Paulo VI,Urbana,Venda Nova,IBGE
310620060640278,Paulo VI,Urbana,Venda Nova,IBGE
310620060640279,Paulo VI,Urbana,Venda Nova,IBGE
310620060640280,Paulo VI,Urbana,Venda Nova,IBGE
310620060640281,Paulo VI,Urbana,Venda Nova,IBGE
310620060640283,Goiânia,Urbana,Venda Nova,IBGE
310620060640284,Goiânia,Urbana,Venda Nova,IBGE
310620060640285,Dom Silvério,Urbana,Venda Nova,IBGE
310620060640288,Jardim Vitória,Urbana,Venda Nova,IBGE
310620060640291,Capitão Eduardo,Urbana,Venda Nova,IBGE
310620060640292,Pousada Santo Antônio,Urbana,Venda Nova,IBGE
310620060640293,Pousada Santo Antônio,Urbana,Venda Nova,IBGE
310620060640294,Jardim Vitória,Urbana,Venda Nova,IBGE
310620060640296,Jardim Vitória,Urbana,Venda Nova,IBGE
310620060640297,Vila da Luz,Urbana,Venda Nova,IBGE
310620060640298,Dom Silvério,Urbana,Venda Nova,IBGE
310620060640299,Vista do Sol,Urbana,Venda Nova,IBGE
310620060640300,Vista do Sol,Urbana,Venda Nova,IBGE
310620060640301,Vista do Sol,Urbana,Venda Nova,IBGE
310620060640302,Vista do Sol,Urbana,Venda Nova,IBGE
310620060640303,Nazaré,Urbana,Venda Nova,IBGE
310620060640304,Nazaré,Urbana,Venda Nova,IBGE
310620060640305,Nazaré,Urbana,Venda Nova,IBGE
310620060640306,Dom Silvério,Urbana,Venda Nova,IBGE
310620060640307,Vitória,Urbana,Venda Nova,IBGE
310620060640308,Vitória,Urbana,Venda Nova,IBGE
310620060640309,Jardim Vitória,Urbana,Venda Nova,IBGE
310620060640310,Jardim Vitória,Urbana,Venda Nova,IBGE
310620060640311,Ouro Minas,Urbana,Venda Nova,IBGE
310620060640312,Ouro Minas,Urbana,Venda Nova,IBGE
310620060640314,Pousada Santo Antônio,Urbana,Venda Nova,IBGE
310620060640315,Dom Silvério,Urbana,Venda Nova,IBGE
310620060640316,Ribeiro de Abreu,Urbana,Venda Nova,IBGE
310620060640317,Ribeiro de Abreu,Urbana,Venda Nova,IBGE
310620060640318,Belmonte,Urbana,Venda Nova,IBGE
310620060640319,Belmonte,Urbana,Venda Nova,IBGE
310620060640320,Nazaré,Urbana,Venda Nova,IBGE
310620060640321,São Gabriel,Urbana,Venda Nova,IBGE
310620060640322,São Gabriel,Urbana,Venda Nova,IBGE
310620060640323,Jardim Vitória,Urbana,Venda Nova,IBGE
310620060640324,Jardim Vitória,Urbana,Venda Nova,IBGE
310620060640325,Jardim Vitória,Urbana,Venda Nova,IBGE
310620060640326,Jardim Vitória,Urbana,Venda Nova,IBGE
310620060640327,Ribeiro de Abreu,Urbana,Venda Nova,IBGE
310620060640328,Ribeiro de Abreu,Urbana,Venda Nova,IBGE
310620060640329,Ribeiro de Abreu,Urbana,Venda Nova,IBGE
310620060640330,Ribeiro de Abreu,Urbana,Venda Nova,IBGE
310620060640331,Vila Maria,Urbana,Venda Nova,IBGE
310620060640332,Vila Maria,Urbana,Venda Nova,IBGE
310620060640333,Grotinha,Urbana,Venda Nova,IBGE
310620060640334,Vista do Sol,Urbana,Venda Nova,IBGE
310620060640337,Jardim Vitória,Urbana,Venda Nova,IBGE
310620060640339,Capitão Eduardo,Urbana,Venda Nova,IBGE
310620060640340,Capitão Eduardo,Urbana,Venda Nova,IBGE
310620060640341,Capitão Eduardo,Urbana,Venda Nova,IBGE
310620060640342,Capitão Eduardo,Urbana,Venda Nova,IBGE
310620060640343,Capitão Eduardo,Urbana,Venda Nova,IBGE
310620060640344,Jardim Vitória,Urbana,Venda Nova,IBGE
310620060640345,Jardim Vitória,Urbana,Venda Nova,IBGE
310620060640346,Jardim Vitória,Urbana,Venda Nova,IBGE
310620060640347,Jardim Vitória,Urbana,Venda Nova,IBGE
310620060640348,Jardim Vitória,Urbana,Venda Nova,IBGE
310620060640349,Paulo VI,Urbana,Venda Nova,IBGE
310620060640350,Paulo VI,Urbana,Venda Nova,IBGE
310620060640351,Ribeiro de Abreu,Urbana,Venda Nova,IBGE
310620060640352,Ribeiro de Abreu,Urbana,Venda Nova,IBGE
310620060640353,Goiânia,Urbana,Venda Nova,IBGE
310620060640354,Goiânia,Urbana,Venda Nova,IBGE
310620060640355,Maria Goretti,Urbana,Venda Nova,IBGE
310620060640356,Maria Goretti,Urbana,Venda Nova,IBGE
310620060640357,Maria Goretti,Urbana,Venda Nova,IBGE
310620060640358,Maria Goretti,Urbana,Venda Nova,IBGE
310620060640359,Pirajá,Urbana,Venda Nova,IBGE
310620060640360,Pirajá,Urbana,Venda Nova,IBGE
310620060640361,Paulo VI,Urbana,Venda Nova,IBGE
310620060640362,Paulo VI,Urbana,Venda Nova,IBGE
310620060640363,Paulo VI,Urbana,Venda Nova,IBGE
310620060640364,Paulo VI,Urbana,Venda Nova,IBGE
310620060640365,Vila Maria,Urbana,Venda Nova,IBGE
310620060640366,Vila Maria,Urbana,Venda Nova,IBGE
310620060640367,Vila Maria,Urbana,Venda Nova,IBGE
310620060640368,Vila Maria,Urbana,Venda Nova,IBGE
310620060640369,Três Marias,Urbana,Venda Nova,IBGE
310620060640370,Três Marias,Urbana,Venda Nova,IBGE
310620060640371,Jardim Vitória,Urbana,Venda Nova,IBGE
310620060640372,Jardim Vitória,Urbana,Venda Nova,IBGE
310620060640373,Jardim Vitória,Urbana,Venda Nova,IBGE
310620060640374,São Gabriel,Urbana,Venda Nova,IBGE
310620060640375,São Gabriel,Urbana,Venda Nova,IBGE
310620060640376,São Gabriel,Urbana,Venda Nova,IBGE
310620060640377,São Gabriel,Urbana,Venda Nova,IBGE
310620060640378,Eymard,Urbana,Venda Nova,IBGE
310620060640379,Eymard,Urbana,Venda Nova,IBGE
310620060640380,Eymard,Urbana,Venda Nova,IBGE
310620060640381,Eymard,Urbana,Venda Nova,IBGE
310620060640382,Ribeiro de Abreu,Urbana,Venda Nova,IBGE
310620060640383,Ribeiro de Abreu,Urbana,Venda Nova,IBGE
310620060640384,Beira-Linha,Urbana,Venda Nova,IBGE
310620060640385,Ouro Minas,Urbana,Venda Nova,IBGE
310620060640386,Ouro Minas,Urbana,Venda Nova,IBGE
310620060640387,Ribeiro de Abreu,Urbana,Venda Nova,IBGE
310620060640388,Ribeiro de Abreu,Urbana,Venda Nova,IBGE
310620060640389,Ribeiro de Abreu,Urbana,Venda Nova,IBGE
310620060640390,Ribeiro de Abreu,Urbana,Venda Nova,IBGE
310620060640391,Goiânia,Urbana,Venda Nova,IBGE
310620060640392,Goiânia,Urbana,Venda Nova,IBGE
310620060640393,Goiânia,Urbana,Venda Nova,IBGE
310620060640394,Goiânia,Urbana,Venda Nova,IBGE
310620060640395,Beira-Linha,Urbana,Venda Nova,IBGE
310620060640396,Vitória,Urbana,Venda Nova,IBGE
310620060640397,Vitória,Urbana,Venda Nova,IBGE
310620060640398,Vitória,Urbana,Venda Nova,IBGE
310620060640399,Vitória,Urbana,Venda Nova,IBGE
310620060640400,São Gabriel,Urbana,Venda Nova,IBGE
310620060640401,São Gabriel,Urbana,Venda Nova,IBGE
310620060640402,Vila Esplanada,Urbana,Venda Nova,IBGE
310620060640403,Vila Esplanada,Urbana,Venda Nova,IBGE
310620060640404,Maria Goretti,Urbana,Venda Nova,IBGE
310620060640405,Maria Goretti,Urbana,Venda Nova,IBGE
310620060640406,Maria Goretti,Urbana,Venda Nova,IBGE
310620060640407,Maria Goretti,Urbana,Venda Nova,IBGE
310620060640408,Maria Goretti,Urbana,Venda Nova,IBGE
310620060640409,Maria Goretti,Urbana,Venda Nova,IBGE
310620060640410,Ipê,Urbana,Venda Nova,IBGE
310620060640411,Ipê,Urbana,Venda Nova,IBGE
310620060640412,Ouro Minas,Urbana,Venda Nova,IBGE
310620060640413,Ouro Minas,Urbana,Venda Nova,IBGE
310620060640414,São Gabriel,Urbana,Venda Nova,IBGE
310620060640415,São Gabriel,Urbana,Venda Nova,IBGE
310620060640416,Beira-Linha,Urbana,Venda Nova,IBGE
310620060640417,Beira-Linha,Urbana,Venda Nova,IBGE
310620060640418,Vila Ouro Minas,Urbana,Venda Nova,IBGE
310620060640419,Vila Ouro Minas,Urbana,Venda Nova,IBGE
310620060640420,Capitão Eduardo,Urbana,Venda Nova,IBGE
310620060640421,Capitão Eduardo,Urbana,Venda Nova,IBGE
310620060640422,Jardim Vitória,Urbana,Venda Nova,IBGE
310620060640423,Jardim Vitória,Urbana,Venda Nova,IBGE
310620060640424,Jardim Vitória,Urbana,Venda Nova,IBGE
310620060640425,Jardim Vitória,Urbana,Venda Nova,IBGE
310620060640426,Pousada Santo Antônio,Urbana,Venda Nova,IBGE
310620060640427,Pousada Santo Antônio,Urbana,Venda Nova,IBGE
310620060640428,São Gabriel,Urbana,Venda Nova,IBGE
310620060640429,São Gabriel,Urbana,Venda Nova,IBGE
310620060640430,São Gabriel,Urbana,Venda Nova,IBGE
310620060640431,São Gabriel,Urbana,Venda Nova,IBGE
310620060640432,São Gabriel,Urbana,Venda Nova,IBGE
310620060640433,São Gabriel,Urbana,Venda Nova,IBGE
310620060640434,São Gabriel,Urbana,Venda Nova,IBGE
310620060640435,São Gabriel,Urbana,Venda Nova,IBGE
310620060640436,São Gabriel,Urbana,Venda Nova,IBGE
310620060640437,São Gabriel,Urbana,Venda Nova,IBGE
310620060640438,Conjunto Capitão Eduardo,Urbana,Venda Nova,IBGE
310620060640439,Conjunto Capitão Eduardo,Urbana,Venda Nova,IBGE
310620060640440,Beija Flor,Urbana,Venda Nova,IBGE
310620060640441,Beija Flor,Urbana,Venda Nova,IBGE
310620060640442,Capitão Eduardo,Urbana,Venda Nova,IBGE
310620060640443,Goiânia,Urbana,Venda Nova,IBGE
310620060640444,Goiânia,Urbana,Venda Nova,IBGE
310620060640445,Vila Maria,Urbana,Venda Nova,IBGE
310620060640446,São Marcos,Urbana,Venda Nova,IBGE
310620060640447,São Marcos,Urbana,Venda Nova,IBGE
310620060640448,Goiânia,Urbana,Venda Nova,IBGE
310620060640449,Goiânia,Urbana,Venda Nova,IBGE
310620060640450,Conjunto Paulo VI,Urbana,Venda Nova,IBGE
310620060640451,Conjunto Paulo VI,Urbana,Venda Nova,IBGE
310620060660001,Floramar,Urbana,Venda Nova,IBGE
310620060660002,Jardim Felicidade,Urbana,Venda Nova,IBGE
310620060660003,Tupi A,Urbana,Venda Nova,IBGE
310620060660004,Tupi A,Urbana,Venda Nova,IBGE
310620060660005,Floramar,Urbana,Venda Nova,IBGE
310620060660006,Floramar,Urbana,Venda Nova,IBGE
310620060660007,Floramar,Urbana,Venda Nova,IBGE
310620060660008,Jardim Guanabara,Urbana,Venda Nova,IBGE
310620060660009,Jardim Guanabara,Urbana,Venda Nova,IBGE
310620060660010,Jardim Guanabara,Urbana,Venda Nova,IBGE
310620060660011,Jardim Guanabara,Urbana,Venda Nova,IBGE
310620060660012,Jardim Guanabara,Urbana,Venda Nova,IBGE
310620060660013,Jardim Felicidade,Urbana,Venda Nova,IBGE
310620060660014,Jardim Felicidade,Urbana,Venda Nova,IBGE
310620060660015,Jardim Felicidade,Urbana,Venda Nova,IBGE
310620060660016,Jardim Felicidade,Urbana,Venda Nova,IBGE
310620060660017,Jardim Felicidade,Urbana,Venda Nova,IBGE
310620060660018,Jardim Felicidade,Urbana,Venda Nova,IBGE
310620060660019,Tupi A,Urbana,Venda Nova,IBGE
310620060660020,Tupi A,Urbana,Venda Nova,IBGE
310620060660021,Tupi A,Urbana,Venda Nova,IBGE
310620060660022,Floramar,Urbana,Venda Nova,IBGE
310620060660023,Floramar,Urbana,Venda Nova,IBGE
310620060660024,Floramar,Urbana,Venda Nova,IBGE
310620060660025,Floramar,Urbana,Venda Nova,IBGE
310620060660026,Floramar,Urbana,Venda Nova,IBGE
310620060660027,Floramar,Urbana,Venda Nova,IBGE
310620060660028,Jardim Guanabara,Urbana,Venda Nova,IBGE
310620060660029,Jardim Guanabara,Urbana,Venda Nova,IBGE
310620060660030,Jardim Guanabara,Urbana,Venda Nova,IBGE
310620060660031,Jardim Guanabara,Urbana,Venda Nova,IBGE
310620060660032,Xodó-Marize,Urbana,Venda Nova,IBGE
310620060660033,Jardim Guanabara,Urbana,Venda Nova,IBGE
310620060660034,Jardim Guanabara,Urbana,Venda Nova,IBGE
310620060660035,Jardim Felicidade,Urbana,Venda Nova,IBGE
310620060660036,Solimões,Urbana,Venda Nova,IBGE
310620060660039,Jardim Felicidade,Urbana,Venda Nova,IBGE
310620060660040,Jardim Felicidade,Urbana,Venda Nova,IBGE
310620060660042,Tupi A,Urbana,Venda Nova,IBGE
310620060660043,Tupi A,Urbana,Venda Nova,IBGE
310620060660044,Tupi A,Urbana,Venda Nova,IBGE
310620060660045,Tupi A,Urbana,Venda Nova,IBGE
310620060660047,Guarani,Urbana,Venda Nova,IBGE
310620060660048,Guarani,Urbana,Venda Nova,IBGE
310620060660049,Guarani,Urbana,Venda Nova,IBGE
310620060660050,Guarani,Urbana,Venda Nova,IBGE
310620060660051,Guarani,Urbana,Venda Nova,IBGE
310620060660053,Heliópolis,Urbana,Venda Nova,IBGE
310620060660054,Heliópolis,Urbana,Venda Nova,IBGE
310620060660055,Heliópolis,Urbana,Venda Nova,IBGE
310620060660056,Heliópolis,Urbana,Venda Nova,IBGE
310620060660057,Planalto,Urbana,Venda Nova,IBGE
310620060660058,Planalto,Urbana,Venda Nova,IBGE
310620060660059,Planalto,Urbana,Venda Nova,IBGE
310620060660060,Vila Clóris,Urbana,Venda Nova,IBGE
310620060660061,Jardim Guanabara,Urbana,Venda Nova,IBGE
310620060660062,Juliana,Urbana,Venda Nova,IBGE
310620060660063,Mariquinhas,Urbana,Venda Nova,IBGE
310620060660064,Madri,Urbana,Venda Nova,IBGE
310620060660065,Granja Werneck,Urbana,Venda Nova,IBGE
310620060660066,Tupi B,Urbana,Venda Nova,IBGE
310620060660067,Lajedo,Urbana,Venda Nova,IBGE
310620060660068,Mirante,Urbana,Venda Nova,IBGE
310620060660069,Tupi B,Urbana,Venda Nova,IBGE
310620060660070,Tupi B,Urbana,Venda Nova,IBGE
310620060660071,Tupi B,Urbana,Venda Nova,IBGE
310620060660072,Lajedo,Urbana,Venda Nova,IBGE
310620060660073,Lajedo,Urbana,Venda Nova,IBGE
310620060660075,Novo Aarão Reis,Urbana,Venda Nova,IBGE
310620060660076,Novo Aarão Reis,Urbana,Venda Nova,IBGE
310620060660077,Novo Aarão Reis,Urbana,Venda Nova,IBGE
310620060660079,Tupi B,Urbana,Venda Nova,IBGE
310620060660080,Tupi B,Urbana,Venda Nova,IBGE
310620060660081,Tupi B,Urbana,Venda Nova,IBGE
310620060660082,Tupi B,Urbana,Venda Nova,IBGE
310620060660083,Tupi B,Urbana,Venda Nova,IBGE
310620060660084,Novo Aarão Reis,Urbana,Venda Nova,IBGE
310620060660085,Novo Aarão Reis,Urbana,Venda Nova,IBGE
310620060660086,Tupi B,Urbana,Venda Nova,IBGE
310620060660087,Guarani,Urbana,Venda Nova,IBGE
310620060660088,Guarani,Urbana,Venda Nova,IBGE
310620060660089,Guarani,Urbana,Venda Nova,IBGE
310620060660090,São Gonçalo,Urbana,Venda Nova,IBGE
310620060660091,Providência,Urbana,Venda Nova,IBGE
310620060660093,Aarão Reis,Urbana,Venda Nova,IBGE
310620060660094,São Gonçalo,Urbana,Venda Nova,IBGE
310620060660095,São Gonçalo,Urbana,Venda Nova,IBGE
310620060660097,Providência,Urbana,Venda Nova,IBGE
310620060660098,Providência,Urbana,Venda Nova,IBGE
310620060660100,Minaslândia,Urbana,Venda Nova,IBGE
310620060660101,Providência,Urbana,Venda Nova,IBGE
310620060660102,Providência,Urbana,Venda Nova,IBGE
310620060660103,Providência,Urbana,Venda Nova,IBGE
310620060660104,Providência,Urbana,Venda Nova,IBGE
310620060660105,Vila Minaslândia,Urbana,Venda Nova,IBGE
310620060660106,Primeiro de Maio,Urbana,Venda Nova,IBGE
310620060660107,Primeiro de Maio,Urbana,Venda Nova,IBGE
310620060660108,Vila Primeiro de Maio,Urbana,Venda Nova,IBGE
310620060660109,Vila Primeiro de Maio,Urbana,Venda Nova,IBGE
310620060660110,Vila Primeiro de Maio,Urbana,Venda Nova,IBGE
310620060660111,Vila Primeiro de Maio,Urbana,Venda Nova,IBGE
310620060660112,Primeiro de Maio,Urbana,Venda Nova,IBGE
310620060660113,Minaslândia,Urbana,Venda Nova,IBGE
310620060660114,Minaslândia,Urbana,Venda Nova,IBGE
310620060660115,Minaslândia,Urbana,Venda Nova,IBGE
310620060660116,Minaslândia,Urbana,Venda Nova,IBGE
310620060660117,São Bernardo,Urbana,Venda Nova,IBGE
310620060660119,São Bernardo,Urbana,Venda Nova,IBGE
310620060660120,São Bernardo,Urbana,Venda Nova,IBGE
310620060660121,São Bernardo,Urbana,Venda Nova,IBGE
310620060660122,São Bernardo,Urbana,Venda Nova,IBGE
310620060660123,São Bernardo,Urbana,Venda Nova,IBGE
310620060660124,São Bernardo,Urbana,Venda Nova,IBGE
310620060660125,São Bernardo,Urbana,Venda Nova,IBGE
310620060660126,Heliópolis,Urbana,Venda Nova,IBGE
310620060660127,Planalto,Urbana,Venda Nova,IBGE
310620060660128,Planalto,Urbana,Venda Nova,IBGE
310620060660129,Planalto,Urbana,Venda Nova,IBGE
310620060660130,São Bernardo,Urbana,Venda Nova,IBGE
310620060660139,Planalto,Urbana,Venda Nova,IBGE
310620060660141,Planalto,Urbana,Venda Nova,IBGE
310620060660142,Planalto,Urbana,Venda Nova,IBGE
310620060660143,Planalto,Urbana,Venda Nova,IBGE
310620060660144,Planalto,Urbana,Venda Nova,IBGE
310620060660145,Planalto,Urbana,Venda Nova,IBGE
310620060660146,Campo Alegre,Urbana,Venda Nova,IBGE
310620060660147,Planalto,Urbana,Venda Nova,IBGE
310620060660148,Campo Alegre,Urbana,Venda Nova,IBGE
310620060660150,Planalto,Urbana,Venda Nova,IBGE
310620060660151,Planalto,Urbana,Venda Nova,IBGE
310620060660152,Planalto,Urbana,Venda Nova,IBGE
310620060660153,Vila Clóris,Urbana,Venda Nova,IBGE
310620060660154,Vila Clóris,Urbana,Venda Nova,IBGE
310620060660155,Vila Clóris,Urbana,Venda Nova,IBGE
310620060660156,Vila Clóris,Urbana,Venda Nova,IBGE
310620060660157,Vila Clóris,Urbana,Venda Nova,IBGE
310620060660159,Vila Clóris,Urbana,Venda Nova,IBGE
310620060660160,Vila Clóris,Urbana,Venda Nova,IBGE
310620060660162,Mariquinhas,Urbana,Venda Nova,IBGE
310620060660163,Juliana,Urbana,Venda Nova,IBGE
310620060660164,Etelvina Carneiro,Urbana,Venda Nova,IBGE
310620060660165,Etelvina Carneiro,Urbana,Venda Nova,IBGE
310620060660166,Jaqueline,Urbana,Venda Nova,IBGE
310620060660167,Jaqueline,Urbana,Venda Nova,IBGE
310620060660168,Frei Leopoldo,Urbana,Venda Nova,IBGE
310620060660169,Jaqueline,Urbana,Venda Nova,IBGE
310620060660170,Jaqueline,Urbana,Venda Nova,IBGE
310620060660171,Vila Nova,Urbana,Venda Nova,IBGE
310620060660174,Jaqueline,Urbana,Venda Nova,IBGE
310620060660175,Jaqueline,Urbana,Venda Nova,IBGE
310620060660176,Jaqueline,Urbana,Venda Nova,IBGE
310620060660177,Jaqueline,Urbana,Venda Nova,IBGE
310620060660178,Jaqueline,Urbana,Venda Nova,IBGE
310620060660179,Jaqueline,Urbana,Venda Nova,IBGE
310620060660180,Jaqueline,Urbana,Venda Nova,IBGE
310620060660181,Jaqueline,Urbana,Venda Nova,IBGE
310620060660182,Jaqueline,Urbana,Venda Nova,IBGE
310620060660183,Jaqueline,Urbana,Venda Nova,IBGE
310620060660184,Zilah Spósito,Urbana,Venda Nova,IBGE
310620060660185,Zilah Spósito,Urbana,Venda Nova,IBGE
310620060660187,Ribeiro de Abreu,Urbana,Venda Nova,IBGE
310620060660189,Monte Azul,Urbana,Venda Nova,IBGE
310620060660190,Monte Azul,Urbana,Venda Nova,IBGE
310620060660191,Monte Azul,Urbana,Venda Nova,IBGE
310620060660193,Novo Tupi,Urbana,Venda Nova,IBGE
310620060660194,Juliana,Urbana,Venda Nova,IBGE
310620060660195,Satélite,Urbana,Venda Nova,IBGE
310620060660196,Vila Clóris,Urbana,Venda Nova,IBGE
310620060660197,Vila Clóris,Urbana,Venda Nova,IBGE
310620060660198,Campo Alegre,Urbana,Venda Nova,IBGE
310620060660199,Campo Alegre,Urbana,Venda Nova,IBGE
310620060660201,Floramar,Urbana,Venda Nova,IBGE
310620060660202,Jardim Guanabara,Urbana,Venda Nova,IBGE
310620060660203,Jardim Guanabara,Urbana,Venda Nova,IBGE
310620060660205,Vila Clóris,Urbana,Venda Nova,IBGE
310620060660206,Conjunto Floramar,Urbana,Venda Nova,IBGE
310620060660207,Frei Leopoldo,Urbana,Venda Nova,IBGE
310620060660208,Jaqueline,Urbana,Venda Nova,IBGE
310620060660209,Madri,Urbana,Venda Nova,IBGE
310620060660211,Biquinhas,Urbana,Venda Nova,IBGE
310620060660212,Etelvina Carneiro,Urbana,Venda Nova,IBGE
310620060660213,Juliana,Urbana,Venda Nova,IBGE
310620060660214,Mariquinhas,Urbana,Venda Nova,IBGE
310620060660215,Juliana,Urbana,Venda Nova,IBGE
310620060660217,Solimões,Urbana,Venda Nova,IBGE
310620060660218,Jardim Felicidade,Urbana,Venda Nova,IBGE
310620060660219,Tupi A,Urbana,Venda Nova,IBGE
310620060660220,Jaqueline,Urbana,Venda Nova,IBGE
310620060660221,Tupi A,Urbana,Venda Nova,IBGE
310620060660222,Etelvina Carneiro,Urbana,Venda Nova,IBGE
310620060660223,Etelvina Carneiro,Urbana,Venda Nova,IBGE
310620060660224,Biquinhas,Urbana,Venda Nova,IBGE
310620060660225,Biquinhas,Urbana,Venda Nova,IBGE
310620060660226,São Bernardo,Urbana,Venda Nova,IBGE
310620060660227,Planalto,Urbana,Venda Nova,IBGE
310620060660228,São Bernardo,Urbana,Venda Nova,IBGE
310620060660229,Vila Aeroporto,Urbana,Venda Nova,IBGE
310620060660230,Aarão Reis,Urbana,Venda Nova,IBGE
310620060660231,São Gonçalo,Urbana,Venda Nova,IBGE
310620060660232,Conjunto Providência,Urbana,Venda Nova,IBGE
310620060660233,Providência,Urbana,Venda Nova,IBGE
310620060660234,Providência,Urbana,Venda Nova,IBGE
310620060660235,Primeiro de Maio,Urbana,Venda Nova,IBGE
310620060660236,Primeiro de Maio,Urbana,Venda Nova,IBGE
310620060660237,Providência,Urbana,Venda Nova,IBGE
310620060660238,Boa União I,Urbana,Venda Nova,IBGE
310620060660239,Boa União II,Urbana,Venda Nova,IBGE
310620060660240,Aarão Reis,Urbana,Venda Nova,IBGE
310620060660241,Tupi A,Urbana,Venda Nova,IBGE
310620060660242,Tupi B,Urbana,Venda Nova,IBGE
310620060660243,Novo Tupi,Urbana,Venda Nova,IBGE
310620060660244,Tupi B,Urbana,Venda Nova,IBGE
310620060660246,Tupi B,Urbana,Venda Nova,IBGE
310620060660247,Lajedo,Urbana,Venda Nova,IBGE
310620060660248,Novo Tupi,Urbana,Venda Nova,IBGE
310620060660249,Monte Azul,Urbana,Venda Nova,IBGE
310620060660250,Novo Tupi,Urbana,Venda Nova,IBGE
310620060660251,Vila Primeiro de Maio,Urbana,Venda Nova,IBGE
310620060660252,Tupi A,Urbana,Venda Nova,IBGE
310620060660253,Jaqueline,Urbana,Venda Nova,IBGE
310620060660254,Floramar,Urbana,Venda Nova,IBGE
310620060660255,Jardim Guanabara,Urbana,Venda Nova,IBGE
310620060660256,Planalto,Urbana,Venda Nova,IBGE
310620060660259,Tupi A,Urbana,Venda Nova,IBGE
310620060660260,Tupi A,Urbana,Venda Nova,IBGE
310620060660261,Floramar,Urbana,Venda Nova,IBGE
310620060660262,Floramar,Urbana,Venda Nova,IBGE
310620060660263,Floramar,Urbana,Venda Nova,IBGE
310620060660264,Jardim Felicidade,Urbana,Venda Nova,IBGE
310620060660265,Planalto,Urbana,Venda Nova,IBGE
310620060660266,Planalto,Urbana,Venda Nova,IBGE
310620060660267,Juliana,Urbana,Venda Nova,IBGE
310620060660268,Juliana,Urbana,Venda Nova,IBGE
310620060660269,Juliana,Urbana,Venda Nova,IBGE
310620060660270,Juliana,Urbana,Venda Nova,IBGE
310620060660271,Tupi B,Urbana,Venda Nova,IBGE
310620060660272,Tupi B,Urbana,Venda Nova,IBGE
310620060660273,Novo Aarão Reis,Urbana,Venda Nova,IBGE
310620060660274,Novo Aarão Reis,Urbana,Venda Nova,IBGE
310620060660275,Novo Aarão Reis,Urbana,Venda Nova,IBGE
310620060660276,Tupi B,Urbana,Venda Nova,IBGE
310620060660277,Jardim Guanabara,Urbana,Venda Nova,IBGE
310620060660278,Providência,Urbana,Venda Nova,IBGE
310620060660279,Vila Minaslândia,Urbana,Venda Nova,IBGE
310620060660280,Guarani,Urbana,Venda Nova,IBGE
310620060660281,Heliópolis,Urbana,Venda Nova,IBGE
310620060660282,Heliópolis,Urbana,Venda Nova,IBGE
310620060660283,Planalto,Urbana,Venda Nova,IBGE
310620060660284,Providência,Urbana,Venda Nova,IBGE
310620060660285,Providência,Urbana,Venda Nova,IBGE
310620060660286,Jaqueline,Urbana,Venda Nova,IBGE
310620060660287,Minaslândia,Urbana,Venda Nova,IBGE
310620060660288,Minaslândia,Urbana,Venda Nova,IBGE
310620060660289,São Bernardo,Urbana,Venda Nova,IBGE
310620060660293,Planalto,Urbana,Venda Nova,IBGE
310620060660294,Jaqueline,Urbana,Venda Nova,IBGE
310620060660295,Planalto,Urbana,Venda Nova,IBGE
310620060660296,Planalto,Urbana,Venda Nova,IBGE
310620060660298,Zilah Spósito,Urbana,Venda Nova,IBGE
310620060660299,Granja Werneck,Urbana,Venda Nova,IBGE
310620060660300,Granja Werneck,Urbana,Venda Nova,IBGE
310620060660301,Granja Werneck,Urbana,Venda Nova,IBGE
310620060660302,Granja Werneck,Urbana,Venda Nova,IBGE
310620060660303,Ribeiro de Abreu,Urbana,Venda Nova,IBGE
310620060660304,Tupi B,Urbana,Venda Nova,IBGE
310620060660305,Tupi B,Urbana,Venda Nova,IBGE
310620060660306,Juliana,Urbana,Venda Nova,IBGE
310620060660309,Jardim Felicidade,Urbana,Venda Nova,IBGE
310620060660310,Jardim Guanabara,Urbana,Venda Nova,IBGE
310620060660313,Bacurau,Urbana,Venda Nova,IBGE
310620060660314,Tupi A,Urbana,Venda Nova,IBGE
310620060660315,Tupi A,Urbana,Venda Nova,IBGE
310620060660316,Ribeiro de Abreu,Urbana,Venda Nova,IBGE
310620060660317,Guarani,Urbana,Venda Nova,IBGE
310620060660318,Minaslândia,Urbana,Venda Nova,IBGE
310620060660319,Heliópolis,Urbana,Venda Nova,IBGE
310620060660320,Providência,Urbana,Venda Nova,IBGE
310620060660321,Guarani,Urbana,Venda Nova,IBGE
310620060660322,Aarão Reis,Urbana,Venda Nova,IBGE
310620060660323,Xodó-Marize,Urbana,Venda Nova,IBGE
310620060660324,Capitão Eduardo,Urbana,Venda Nova,IBGE
310620060660327,Jardim Felicidade,Urbana,Venda Nova,IBGE
310620060660328,Jardim Felicidade,Urbana,Venda Nova,IBGE
310620060660329,Floramar,Urbana,Venda Nova,IBGE
310620060660330,Jardim Guanabara,Urbana,Venda Nova,IBGE
310620060660331,Jardim Guanabara,Urbana,Venda Nova,IBGE
310620060660332,Jardim Guanabara,Urbana,Venda Nova,IBGE
310620060660333,Jardim Guanabara,Urbana,Venda Nova,IBGE
310620060660334,Jardim Guanabara,Urbana,Venda Nova,IBGE
310620060660335,Jardim Felicidade,Urbana,Venda Nova,IBGE
310620060660336,Tupi A,Urbana,Venda Nova,IBGE
310620060660338,Heliópolis,Urbana,Venda Nova,IBGE
310620060660339,Heliópolis,Urbana,Venda Nova,IBGE
310620060660340,Heliópolis,Urbana,Venda Nova,IBGE
310620060660341,Heliópolis,Urbana,Venda Nova,IBGE
310620060660342,Lajedo,Urbana,Venda Nova,IBGE
310620060660343,Tupi B,Urbana,Venda Nova,IBGE
310620060660344,Novo Aarão Reis,Urbana,Venda Nova,IBGE
310620060660345,Minaslândia,Urbana,Venda Nova,IBGE
310620060660346,Planalto,Urbana,Venda Nova,IBGE
310620060660347,Planalto,Urbana,Venda Nova,IBGE
310620060660348,Planalto,Urbana,Venda Nova,IBGE
310620060660349,Vila Clóris,Urbana,Venda Nova,IBGE
310620060660350,Juliana,Urbana,Venda Nova,IBGE
310620060660351,Etelvina Carneiro,Urbana,Venda Nova,IBGE
310620060660352,Jaqueline,Urbana,Venda Nova,IBGE
310620060660353,Jaqueline,Urbana,Venda Nova,IBGE
310620060660354,Jaqueline,Urbana,Venda Nova,IBGE
310620060660355,Jaqueline,Urbana,Venda Nova,IBGE
310620060660356,Jaqueline,Urbana,Venda Nova,IBGE
310620060660357,Jaqueline,Urbana,Venda Nova,IBGE
310620060660358,Jaqueline,Urbana,Venda Nova,IBGE
310620060660359,Jaqueline,Urbana,Venda Nova,IBGE
310620060660360,Monte Azul,Urbana,Venda Nova,IBGE
310620060660361,Tupi B,Urbana,Venda Nova,IBGE
310620060660362,Novo Aarão Reis,Urbana,Venda Nova,IBGE
310620060660363,Granja Werneck,Urbana,Venda Nova,IBGE
310620060660364,Jardim Guanabara,Urbana,Venda Nova,IBGE
310620060660365,Mariquinhas,Urbana,Venda Nova,IBGE
310620060660366,Mariquinhas,Urbana,Venda Nova,IBGE
310620060660367,Lajedo,Urbana,Venda Nova,IBGE
310620060660368,Mariquinhas,Urbana,Venda Nova,IBGE
310620060660369,Juliana,Urbana,Venda Nova,IBGE
310620060660371,Vila Clóris,Urbana,Venda Nova,IBGE
310620060660372,Novo Aarão Reis,Urbana,Venda Nova,IBGE
310620060660373,Vila Primeiro de Maio,Urbana,Venda Nova,IBGE
310620060660374,Frei Leopoldo,Urbana,Venda Nova,IBGE
310620060660376,Planalto,Urbana,Venda Nova,IBGE
310620060660377,Maria Teresa,Urbana,Venda Nova,IBGE
310620060660378,Maria Teresa,Urbana,Venda Nova,IBGE
310620060660379,Zilah Spósito,Urbana,Venda Nova,IBGE
310620060660380,Zilah Spósito,Urbana,Venda Nova,IBGE
310620060660381,Granja Werneck,Urbana,Venda Nova,IBGE
310620060660382,Granja Werneck,Urbana,Venda Nova,IBGE
310620060660383,Granja Werneck,Urbana,Venda Nova,IBGE
310620060660384,Granja Werneck,Urbana,Venda Nova,IBGE
310620060660385,Granja Werneck,Urbana,Venda Nova,IBGE
310620060660386,Granja Werneck,Urbana,Venda Nova,IBGE
310620060660387,Granja Werneck,Urbana,Venda Nova,IBGE
310620060660388,Granja Werneck,Urbana,Venda Nova,IBGE
310620060660389,Granja Werneck,Urbana,Venda Nova,IBGE
310620060660390,Granja Werneck,Urbana,Venda Nova,IBGE
310620060660391,Granja Werneck,Urbana,Venda Nova,IBGE
310620060660393,Granja Werneck,Urbana,Venda Nova,IBGE
310620060660395,Granja Werneck,Urbana,Venda Nova,IBGE
310620060660396,Granja Werneck,Urbana,Venda Nova,IBGE
310620060660397,Granja Werneck,Urbana,Venda Nova,IBGE
310620060660398,Jardim Felicidade,Urbana,Venda Nova,IBGE
310620060660399,Jardim Felicidade,Urbana,Venda Nova,IBGE
310620060660400,Jardim Felicidade,Urbana,Venda Nova,IBGE
310620060660401,Jardim Felicidade,Urbana,Venda Nova,IBGE
310620060660402,Guarani,Urbana,Venda Nova,IBGE
310620060660403,Guarani,Urbana,Venda Nova,IBGE
310620060660404,Heliópolis,Urbana,Venda Nova,IBGE
310620060660405,Heliópolis,Urbana,Venda Nova,IBGE
310620060660406,Lajedo,Urbana,Venda Nova,IBGE
310620060660407,Lajedo,Urbana,Venda Nova,IBGE
310620060660408,Aarão Reis,Urbana,Venda Nova,IBGE
310620060660409,Aarão Reis,Urbana,Venda Nova,IBGE
310620060660410,Novo Tupi,Urbana,Venda Nova,IBGE
310620060660411,Novo Tupi,Urbana,Venda Nova,IBGE
310620060660412,Providência,Urbana,Venda Nova,IBGE
310620060660413,Providência,Urbana,Venda Nova,IBGE
310620060660414,Minaslândia,Urbana,Venda Nova,IBGE
310620060660415,Minaslândia,Urbana,Venda Nova,IBGE
310620060660416,São Bernardo,Urbana,Venda Nova,IBGE
310620060660417,São Bernardo,Urbana,Venda Nova,IBGE
310620060660418,Planalto,Urbana,Venda Nova,IBGE
310620060660419,Planalto,Urbana,Venda Nova,IBGE
310620060660420,Planalto,Urbana,Venda Nova,IBGE
310620060660421,Planalto,Urbana,Venda Nova,IBGE
310620060660422,Maria Teresa,Urbana,Venda Nova,IBGE
310620060660423,Maria Teresa,Urbana,Venda Nova,IBGE
310620060660424,Tupi B,Urbana,Venda Nova,IBGE
310620060660425,Tupi B,Urbana,Venda Nova,IBGE
310620060660426,Heliópolis,Urbana,Venda Nova,IBGE
310620060660427,Heliópolis,Urbana,Venda Nova,IBGE
310620060660428,Frei Leopoldo,Urbana,Venda Nova,IBGE
310620060660429,Frei Leopoldo,Urbana,Venda Nova,IBGE
310620060660430,Granja Werneck,Urbana,Venda Nova,IBGE
310620060660431,Granja Werneck,Urbana,Venda Nova,IBGE
310620060660432,Granja Werneck,Urbana,Venda Nova,IBGE
310620060660433,Granja Werneck,Urbana,Venda Nova,IBGE
310620060660434,Granja Werneck,Urbana,Venda Nova,IBGE
310620060660436,Granja Werneck,Urbana,Venda Nova,IBGE
310620060660437,Planalto,Urbana,Venda Nova,IBGE
310620060660438,Planalto,Urbana,Venda Nova,IBGE
310620060660439,Planalto,Urbana,Venda Nova,IBGE
310620060660440,Juliana,Urbana,Venda Nova,IBGE
310620060660441,Jaqueline,Urbana,Venda Nova,IBGE
310620060660442,Tupi B,Urbana,Venda Nova,IBGE
310620060660443,Juliana,Urbana,Venda Nova,IBGE
310620060660444,Granja Werneck,Urbana,Venda Nova,IBGE
310620060660445,Jardim Felicidade,Urbana,Venda Nova,IBGE
310620060660446,Xodó-Marize,Urbana,Venda Nova,IBGE
310620060660447,Biquinhas,Urbana,Venda Nova,IBGE
310620060680002,Santa Amélia,Urbana,Venda Nova,IBGE
310620060680003,Santa Amélia,Urbana,Venda Nova,IBGE
310620060680004,Santa Amélia,Urbana,Venda Nova,IBGE
310620060680005,Santa Amélia,Urbana,Venda Nova,IBGE
310620060680006,Santa Amélia,Urbana,Venda Nova,IBGE
310620060680007,Santa Branca,Urbana,Venda Nova,IBGE
310620060680008,Santa Branca,Urbana,Venda Nova,IBGE
310620060680010,Itapoã,Urbana,Venda Nova,IBGE
310620060680011,Itapoã,Urbana,Venda Nova,IBGE
310620060680012,Santa Amélia,Urbana,Venda Nova,IBGE
310620060680013,Jardim Atlântico,Urbana,Venda Nova,IBGE
310620060680014,Copacabana,Urbana,Venda Nova,IBGE
310620060680015,Santa Amélia,Urbana,Venda Nova,IBGE
310620060680016,Santa Amélia,Urbana,Venda Nova,IBGE
310620060680018,Santa Amélia,Urbana,Venda Nova,IBGE
310620060680019,Santa Amélia,Urbana,Venda Nova,IBGE
310620060680020,Santa Amélia,Urbana,Venda Nova,IBGE
310620060680021,Santa Amélia,Urbana,Venda Nova,IBGE
310620060680022,Santa Mônica,Urbana,Venda Nova,IBGE
310620060680023,Santa Mônica,Urbana,Venda Nova,IBGE
310620060680024,Santa Mônica,Urbana,Venda Nova,IBGE
310620060680025,Santa Mônica,Urbana,Venda Nova,IBGE
310620060680026,Itapoã,Urbana,Venda Nova,IBGE
310620060680027,Itapoã,Urbana,Venda Nova,IBGE
310620060680028,Itapoã,Urbana,Venda Nova,IBGE
310620060680029,Itapoã,Urbana,Venda Nova,IBGE
310620060680030,Itapoã,Urbana,Venda Nova,IBGE
310620060680031,Itapoã,Urbana,Venda Nova,IBGE
310620060680032,Itapoã,Urbana,Venda Nova,IBGE
310620060680033,Itapoã,Urbana,Venda Nova,IBGE
310620060680035,Santa Amélia,Urbana,Venda Nova,IBGE
310620060680036,Santa Amélia,Urbana,Venda Nova,IBGE
310620060680037,Santa Amélia,Urbana,Venda Nova,IBGE
310620060680039,Santa Amélia,Urbana,Venda Nova,IBGE
310620060680040,Santa Branca,Urbana,Venda Nova,IBGE
310620060680041,Santa Branca,Urbana,Venda Nova,IBGE
310620060680042,Santa Branca,Urbana,Venda Nova,IBGE
310620060680043,Santa Branca,Urbana,Venda Nova,IBGE
310620060680044,Itapoã,Urbana,Venda Nova,IBGE
310620060680045,Itapoã,Urbana,Venda Nova,IBGE
310620060680046,Jardim Atlântico,Urbana,Venda Nova,IBGE
310620060680048,Copacabana,Urbana,Venda Nova,IBGE
310620060680049,Copacabana,Urbana,Venda Nova,IBGE
310620060680050,Santa Amélia,Urbana,Venda Nova,IBGE
310620060680051,Santa Amélia,Urbana,Venda Nova,IBGE
310620060680052,Santa Amélia,Urbana,Venda Nova,IBGE
310620060680053,Santa Amélia,Urbana,Venda Nova,IBGE
310620060680056,Santa Mônica,Urbana,Venda Nova,IBGE
310620060680058,Santa Mônica,Urbana,Venda Nova,IBGE
310620060680059,Santa Branca,Urbana,Venda Nova,IBGE
310620060680061,Santa Branca,Urbana,Venda Nova,IBGE
310620060680062,Itapoã,Urbana,Venda Nova,IBGE
310620060680063,Itapoã,Urbana,Venda Nova,IBGE
310620060680064,Jardim Atlântico,Urbana,Venda Nova,IBGE
310620060680066,Santa Branca,Urbana,Venda Nova,IBGE
310620060680067,Itapoã,Urbana,Venda Nova,IBGE
310620060680068,Santa Amélia,Urbana,Venda Nova,IBGE
310620060680069,Santa Amélia,Urbana,Venda Nova,IBGE
310620060680071,Santa Amélia,Urbana,Venda Nova,IBGE
310620060680072,Itapoã,Urbana,Venda Nova,IBGE
310620060680073,Itapoã,Urbana,Venda Nova,IBGE
310620060680074,Itapoã,Urbana,Venda Nova,IBGE
310620060680075,Itapoã,Urbana,Venda Nova,IBGE
310620060680076,Itapoã,Urbana,Venda Nova,IBGE
310620060680077,Itapoã,Urbana,Venda Nova,IBGE
310620060680078,Itapoã,Urbana,Venda Nova,IBGE
310620060680079,Santa Amélia,Urbana,Venda Nova,IBGE
310620060680080,Santa Amélia,Urbana,Venda Nova,IBGE
310620060680081,Santa Amélia,Urbana,Venda Nova,IBGE
310620060680082,Santa Amélia,Urbana,Venda Nova,IBGE
310620060680083,Santa Amélia,Urbana,Venda Nova,IBGE
310620060680084,Santa Amélia,Urbana,Venda Nova,IBGE
310620060680085,Santa Amélia,Urbana,Venda Nova,IBGE
310620060680086,Santa Amélia,Urbana,Venda Nova,IBGE
310620060680088,Santa Amélia,Urbana,Venda Nova,IBGE
310620060680090,Santa Amélia,Urbana,Venda Nova,IBGE
310620060680091,Santa Amélia,Urbana,Venda Nova,IBGE
310620060680092,Santa Amélia,Urbana,Venda Nova,IBGE
310620060680093,Santa Amélia,Urbana,Venda Nova,IBGE
310620060680094,Santa Amélia,Urbana,Venda Nova,IBGE
310620060680095,Santa Amélia,Urbana,Venda Nova,IBGE
310620060680096,Santa Amélia,Urbana,Venda Nova,IBGE
310620060680097,Santa Amélia,Urbana,Venda Nova,IBGE
310620060680098,Santa Amélia,Urbana,Venda Nova,IBGE
310620060680099,Santa Amélia,Urbana,Venda Nova,IBGE
310620060680100,Santa Branca,Urbana,Venda Nova,IBGE
310620060680101,Santa Branca,Urbana,Venda Nova,IBGE
310620060680102,Santa Amélia,Urbana,Venda Nova,IBGE
310620060680103,Santa Amélia,Urbana,Venda Nova,IBGE
310620060680104,Santa Amélia,Urbana,Venda Nova,IBGE
310620060680105,Santa Branca,Urbana,Venda Nova,IBGE
310620060680106,Santa Branca,Urbana,Venda Nova,IBGE
310620060690001,Letícia,Urbana,Venda Nova,IBGE
310620060690002,Letícia,Urbana,Venda Nova,IBGE
310620060690003,Letícia,Urbana,Venda Nova,IBGE
310620060690004,Letícia,Urbana,Venda Nova,IBGE
310620060690005,Letícia,Urbana,Venda Nova,IBGE
310620060690006,Letícia,Urbana,Venda Nova,IBGE
310620060690007,Letícia,Urbana,Venda Nova,IBGE
310620060690008,Rio Branco,Urbana,Venda Nova,IBGE
310620060690009,Rio Branco,Urbana,Venda Nova,IBGE
310620060690011,Piratininga,Urbana,Venda Nova,IBGE
310620060690012,Piratininga,Urbana,Venda Nova,IBGE
310620060690014,Letícia,Urbana,Venda Nova,IBGE
310620060690015,Letícia,Urbana,Venda Nova,IBGE
310620060690016,Candelária,Urbana,Venda Nova,IBGE
310620060690017,Candelária,Urbana,Venda Nova,IBGE
310620060690018,Candelária,Urbana,Venda Nova,IBGE
310620060690019,Rio Branco,Urbana,Venda Nova,IBGE
310620060690020,Rio Branco,Urbana,Venda Nova,IBGE
310620060690021,Rio Branco,Urbana,Venda Nova,IBGE
310620060690022,Rio Branco,Urbana,Venda Nova,IBGE
310620060690023,Rio Branco,Urbana,Venda Nova,IBGE
310620060690024,Rio Branco,Urbana,Venda Nova,IBGE
310620060690025,Rio Branco,Urbana,Venda Nova,IBGE
310620060690026,Piratininga,Urbana,Venda Nova,IBGE
310620060690027,Piratininga,Urbana,Venda Nova,IBGE
310620060690028,Piratininga,Urbana,Venda Nova,IBGE
310620060690029,Piratininga,Urbana,Venda Nova,IBGE
310620060690030,Piratininga,Urbana,Venda Nova,IBGE
310620060690031,Mantiqueira,Urbana,Venda Nova,IBGE
310620060690033,Candelária,Urbana,Venda Nova,IBGE
310620060690034,Rio Branco,Urbana,Venda Nova,IBGE
310620060690035,Rio Branco,Urbana,Venda Nova,IBGE
310620060690036,Rio Branco,Urbana,Venda Nova,IBGE
310620060690037,Rio Branco,Urbana,Venda Nova,IBGE
310620060690038,Piratininga,Urbana,Venda Nova,IBGE
310620060690040,Piratininga,Urbana,Venda Nova,IBGE
310620060690041,Piratininga,Urbana,Venda Nova,IBGE
310620060690042,Piratininga,Urbana,Venda Nova,IBGE
310620060690044,Lagoinha Leblon,Urbana,Venda Nova,IBGE
310620060690045,Lagoinha Leblon,Urbana,Venda Nova,IBGE
310620060690046,Lagoinha Leblon,Urbana,Venda Nova,IBGE
310620060690047,Maria Helena,Urbana,Venda Nova,IBGE
310620060690049,Mantiqueira,Urbana,Venda Nova,IBGE
310620060690050,Mantiqueira,Urbana,Venda Nova,IBGE
310620060690051,Mantiqueira,Urbana,Venda Nova,IBGE
310620060690053,Mantiqueira,Urbana,Venda Nova,IBGE
310620060690054,Jardim dos Comerciários,Urbana,Venda Nova,IBGE
310620060690055,Jardim dos Comerciários,Urbana,Venda Nova,IBGE
310620060690056,Jardim dos Comerciários,Urbana,Venda Nova,IBGE
310620060690057,Jardim Europa,Urbana,Venda Nova,IBGE
310620060690058,Jardim Europa,Urbana,Venda Nova,IBGE
310620060690059,Jardim Europa,Urbana,Venda Nova,IBGE
310620060690060,Cenáculo,Urbana,Venda Nova,IBGE
310620060690061,Candelária,Urbana,Venda Nova,IBGE
310620060690062,Candelária,Urbana,Venda Nova,IBGE
310620060690063,Candelária,Urbana,Venda Nova,IBGE
310620060690064,São João Batista,Urbana,Venda Nova,IBGE
310620060690065,São João Batista,Urbana,Venda Nova,IBGE
310620060690068,Santa Mônica,Urbana,Venda Nova,IBGE
310620060690069,Santa Mônica,Urbana,Venda Nova,IBGE
310620060690071,Santa Mônica,Urbana,Venda Nova,IBGE
310620060690072,Santa Mônica,Urbana,Venda Nova,IBGE
310620060690073,Rio Branco,Urbana,Venda Nova,IBGE
310620060690075,Santa Mônica,Urbana,Venda Nova,IBGE
310620060690076,Jardim Leblon,Urbana,Venda Nova,IBGE
310620060690077,Várzea da Palma,Urbana,Venda Nova,IBGE
310620060690079,Jardim Leblon,Urbana,Venda Nova,IBGE
310620060690080,Jardim Leblon,Urbana,Venda Nova,IBGE
310620060690081,Apolônia,Urbana,Venda Nova,IBGE
310620060690082,Apolônia,Urbana,Venda Nova,IBGE
310620060690083,Jardim Leblon,Urbana,Venda Nova,IBGE
310620060690084,Jardim Leblon,Urbana,Venda Nova,IBGE
310620060690085,Apolônia,Urbana,Venda Nova,IBGE
310620060690087,Jardim Leblon,Urbana,Venda Nova,IBGE
310620060690088,Jardim Leblon,Urbana,Venda Nova,IBGE
310620060690090,Vila Santa Monica 1ª Seção,Urbana,Venda Nova,IBGE
310620060690092,Céu Azul,Urbana,Venda Nova,IBGE
310620060690093,Piratininga,Urbana,Venda Nova,IBGE
310620060690095,Lagoa,Urbana,Venda Nova,IBGE
310620060690096,Lagoa,Urbana,Venda Nova,IBGE
310620060690097,Lagoa,Urbana,Venda Nova,IBGE
310620060690098,Lagoinha Leblon,Urbana,Venda Nova,IBGE
310620060690099,Lagoa,Urbana,Venda Nova,IBGE
310620060690100,Lagoa,Urbana,Venda Nova,IBGE
310620060690102,Lagoinha Leblon,Urbana,Venda Nova,IBGE
310620060690105,Maria Helena,Urbana,Venda Nova,IBGE
310620060690106,Maria Helena,Urbana,Venda Nova,IBGE
310620060690109,Maria Helena,Urbana,Venda Nova,IBGE
310620060690110,Mantiqueira,Urbana,Venda Nova,IBGE
310620060690111,Mantiqueira,Urbana,Venda Nova,IBGE
310620060690112,Mantiqueira,Urbana,Venda Nova,IBGE
310620060690113,Mantiqueira,Urbana,Venda Nova,IBGE
310620060690114,Jardim dos Comerciários,Urbana,Venda Nova,IBGE
310620060690115,Jardim dos Comerciários,Urbana,Venda Nova,IBGE
310620060690116,Jardim dos Comerciários,Urbana,Venda Nova,IBGE
310620060690117,Jardim dos Comerciários,Urbana,Venda Nova,IBGE
310620060690118,Jardim Europa,Urbana,Venda Nova,IBGE
310620060690120,Jardim Europa,Urbana,Venda Nova,IBGE
310620060690121,Jardim Europa,Urbana,Venda Nova,IBGE
310620060690123,Serra Verde,Urbana,Venda Nova,IBGE
310620060690124,Conjunto Minascaixa,Urbana,Venda Nova,IBGE
310620060690125,Conjunto Minascaixa,Urbana,Venda Nova,IBGE
310620060690126,Conjunto Minascaixa,Urbana,Venda Nova,IBGE
310620060690127,Cenáculo,Urbana,Venda Nova,IBGE
310620060690129,Minascaixa,Urbana,Venda Nova,IBGE
310620060690130,Minascaixa,Urbana,Venda Nova,IBGE
310620060690131,Venda Nova,Urbana,Venda Nova,IBGE
310620060690132,Candelária,Urbana,Venda Nova,IBGE
310620060690133,Candelária,Urbana,Venda Nova,IBGE
310620060690134,São João Batista,Urbana,Venda Nova,IBGE
310620060690135,Venda Nova,Urbana,Venda Nova,IBGE
310620060690137,Vila São João Batista,Urbana,Venda Nova,IBGE
310620060690138,Vila São João Batista,Urbana,Venda Nova,IBGE
310620060690140,São João Batista,Urbana,Venda Nova,IBGE
310620060690141,São João Batista,Urbana,Venda Nova,IBGE
310620060690142,Vila Nossa Senhora Aparecida,Urbana,Venda Nova,IBGE
310620060690143,Vila Nossa Senhora Aparecida,Urbana,Venda Nova,IBGE
310620060690144,Vila Nossa Senhora Aparecida,Urbana,Venda Nova,IBGE
310620060690145,Santa Mônica,Urbana,Venda Nova,IBGE
310620060690146,São João Batista,Urbana,Venda Nova,IBGE
310620060690147,São João Batista,Urbana,Venda Nova,IBGE
310620060690148,Santa Mônica,Urbana,Venda Nova,IBGE
310620060690149,Santa Mônica,Urbana,Venda Nova,IBGE
310620060690150,Santa Mônica,Urbana,Venda Nova,IBGE
310620060690151,Santa Mônica,Urbana,Venda Nova,IBGE
310620060690152,Santa Mônica,Urbana,Venda Nova,IBGE
310620060690153,Santa Mônica,Urbana,Venda Nova,IBGE
310620060690154,Santa Mônica,Urbana,Venda Nova,IBGE
310620060690155,Santa Mônica,Urbana,Venda Nova,IBGE
310620060690157,Santa Mônica,Urbana,Venda Nova,IBGE
310620060690158,Santa Mônica,Urbana,Venda Nova,IBGE
310620060690159,Copacabana,Urbana,Venda Nova,IBGE
310620060690160,Copacabana,Urbana,Venda Nova,IBGE
310620060690161,Copacabana,Urbana,Venda Nova,IBGE
310620060690162,Copacabana,Urbana,Venda Nova,IBGE
310620060690163,Copacabana,Urbana,Venda Nova,IBGE
310620060690164,Copacabana,Urbana,Venda Nova,IBGE
310620060690165,Copacabana,Urbana,Venda Nova,IBGE
310620060690166,Apolônia,Urbana,Venda Nova,IBGE
310620060690167,Apolônia,Urbana,Venda Nova,IBGE
310620060690168,Jardim Leblon,Urbana,Venda Nova,IBGE
310620060690169,Apolônia,Urbana,Venda Nova,IBGE
310620060690170,Céu Azul,Urbana,Venda Nova,IBGE
310620060690172,Céu Azul,Urbana,Venda Nova,IBGE
310620060690173,Vila dos Anjos,Urbana,Venda Nova,IBGE
310620060690174,Céu Azul,Urbana,Venda Nova,IBGE
310620060690175,Céu Azul,Urbana,Venda Nova,IBGE
310620060690176,Céu Azul,Urbana,Venda Nova,IBGE
310620060690177,Céu Azul,Urbana,Venda Nova,IBGE
310620060690178,Céu Azul,Urbana,Venda Nova,IBGE
310620060690179,Céu Azul,Urbana,Venda Nova,IBGE
310620060690180,Céu Azul,Urbana,Venda Nova,IBGE
310620060690181,Céu Azul,Urbana,Venda Nova,IBGE
310620060690182,Céu Azul,Urbana,Venda Nova,IBGE
310620060690183,Céu Azul,Urbana,Venda Nova,IBGE
310620060690185,Céu Azul,Urbana,Venda Nova,IBGE
310620060690186,Céu Azul,Urbana,Venda Nova,IBGE
310620060690187,Céu Azul,Urbana,Venda Nova,IBGE
310620060690188,Céu Azul,Urbana,Venda Nova,IBGE
310620060690189,Lagoa,Urbana,Venda Nova,IBGE
310620060690190,Lagoa,Urbana,Venda Nova,IBGE
310620060690191,Lagoa,Urbana,Venda Nova,IBGE
310620060690192,Mantiqueira,Urbana,Venda Nova,IBGE
310620060690193,Mantiqueira,Urbana,Venda Nova,IBGE
310620060690194,Mantiqueira,Urbana,Venda Nova,IBGE
310620060690195,Mantiqueira,Urbana,Venda Nova,IBGE
310620060690196,Mantiqueira,Urbana,Venda Nova,IBGE
310620060690197,Mantiqueira,Urbana,Venda Nova,IBGE
310620060690199,Mantiqueira,Urbana,Venda Nova,IBGE
310620060690200,Mantiqueira,Urbana,Venda Nova,IBGE
310620060690201,Jardim dos Comerciários,Urbana,Venda Nova,IBGE
310620060690202,Jardim dos Comerciários,Urbana,Venda Nova,IBGE
310620060690203,Mantiqueira,Urbana,Venda Nova,IBGE
310620060690205,Jardim dos Comerciários,Urbana,Venda Nova,IBGE
310620060690206,Jardim dos Comerciários,Urbana,Venda Nova,IBGE
310620060690207,Jardim dos Comerciários,Urbana,Venda Nova,IBGE
310620060690208,Jardim dos Comerciários,Urbana,Venda Nova,IBGE
310620060690209,Jardim dos Comerciários,Urbana,Venda Nova,IBGE
310620060690210,Jardim dos Comerciários,Urbana,Venda Nova,IBGE
310620060690211,Jardim dos Comerciários,Urbana,Venda Nova,IBGE
310620060690213,Jardim dos Comerciários,Urbana,Venda Nova,IBGE
310620060690214,Jardim dos Comerciários,Urbana,Venda Nova,IBGE
310620060690215,Jardim dos Comerciários,Urbana,Venda Nova,IBGE
310620060690216,Jardim Europa,Urbana,Venda Nova,IBGE
310620060690218,Jardim Europa,Urbana,Venda Nova,IBGE
310620060690219,Serra Verde,Urbana,Venda Nova,IBGE
310620060690220,Serra Verde,Urbana,Venda Nova,IBGE
310620060690221,Serra Verde,Urbana,Venda Nova,IBGE
310620060690222,Serra Verde,Urbana,Venda Nova,IBGE
310620060690223,Serra Verde,Urbana,Venda Nova,IBGE
310620060690224,Serra Verde,Urbana,Venda Nova,IBGE
310620060690225,Serra Verde,Urbana,Venda Nova,IBGE
310620060690226,Serra Verde,Urbana,Venda Nova,IBGE
310620060690228,Conjunto Minascaixa,Urbana,Venda Nova,IBGE
310620060690231,Minascaixa,Urbana,Venda Nova,IBGE
310620060690232,Minascaixa,Urbana,Venda Nova,IBGE
310620060690234,Minascaixa,Urbana,Venda Nova,IBGE
310620060690235,Minascaixa,Urbana,Venda Nova,IBGE
310620060690236,Minascaixa,Urbana,Venda Nova,IBGE
310620060690237,Parque São Pedro,Urbana,Venda Nova,IBGE
310620060690238,Parque São Pedro,Urbana,Venda Nova,IBGE
310620060690239,Venda Nova,Urbana,Venda Nova,IBGE
310620060690240,Venda Nova,Urbana,Venda Nova,IBGE
310620060690242,São João Batista,Urbana,Venda Nova,IBGE
310620060690245,São João Batista,Urbana,Venda Nova,IBGE
310620060690246,São João Batista,Urbana,Venda Nova,IBGE
310620060690247,São João Batista,Urbana,Venda Nova,IBGE
310620060690248,São João Batista,Urbana,Venda Nova,IBGE
310620060690250,Copacabana,Urbana,Venda Nova,IBGE
310620060690252,Copacabana,Urbana,Venda Nova,IBGE
310620060690253,Copacabana,Urbana,Venda Nova,IBGE
310620060690254,Rio Branco,Urbana,Venda Nova,IBGE
310620060690255,Piratininga,Urbana,Venda Nova,IBGE
310620060690256,Rio Branco,Urbana,Venda Nova,IBGE
310620060690257,Piratininga,Urbana,Venda Nova,IBGE
310620060690258,Piratininga,Urbana,Venda Nova,IBGE
310620060690259,Maria Helena,Urbana,Venda Nova,IBGE
310620060690261,Vila SESC,Urbana,Venda Nova,IBGE
310620060690262,Jardim Europa,Urbana,Venda Nova,IBGE
310620060690263,Venda Nova,Urbana,Venda Nova,IBGE
310620060690264,Jardim Europa,Urbana,Venda Nova,IBGE
310620060690266,Conjunto Minascaixa,Urbana,Venda Nova,IBGE
310620060690267,Jardim Europa,Urbana,Venda Nova,IBGE
310620060690269,Venda Nova,Urbana,Venda Nova,IBGE
310620060690270,São João Batista,Urbana,Venda Nova,IBGE
310620060690271,Parque São Pedro,Urbana,Venda Nova,IBGE
310620060690272,Parque São Pedro,Urbana,Venda Nova,IBGE
310620060690273,Minascaixa,Urbana,Venda Nova,IBGE
310620060690274,Apolônia,Urbana,Venda Nova,IBGE
310620060690275,Santa Mônica,Urbana,Venda Nova,IBGE
310620060690276,Apolônia,Urbana,Venda Nova,IBGE
310620060690277,Piratininga,Urbana,Venda Nova,IBGE
310620060690278,Santa Mônica,Urbana,Venda Nova,IBGE
310620060690279,Lagoa,Urbana,Venda Nova,IBGE
310620060690280,Céu Azul,Urbana,Venda Nova,IBGE
310620060690281,Lagoinha Leblon,Urbana,Venda Nova,IBGE
310620060690282,Lagoa,Urbana,Venda Nova,IBGE
310620060690283,Jardim Leblon,Urbana,Venda Nova,IBGE
310620060690285,Canto do Sabiá,Urbana,Venda Nova,IBGE
310620060690287,Venda Nova,Urbana,Venda Nova,IBGE
310620060690288,Parque São Pedro,Urbana,Venda Nova,IBGE
310620060690289,Mantiqueira,Urbana,Venda Nova,IBGE
310620060690290,Jardim dos Comerciários,Urbana,Venda Nova,IBGE
310620060690291,Mantiqueira,Urbana,Venda Nova,IBGE
310620060690292,Jardim dos Comerciários,Urbana,Venda Nova,IBGE
310620060690293,Conjunto Serra Verde,Urbana,Venda Nova,IBGE
310620060690294,Jardim Europa,Urbana,Venda Nova,IBGE
310620060690296,Apolônia,Urbana,Venda Nova,IBGE
310620060690297,Lagoa,Urbana,Venda Nova,IBGE
310620060690298,Vila Mantiqueira,Urbana,Venda Nova,IBGE
310620060690299,Mantiqueira,Urbana,Venda Nova,IBGE
310620060690300,Vila Mantiqueira,Urbana,Venda Nova,IBGE
310620060690301,Vila Jardim Leblon,Urbana,Venda Nova,IBGE
310620060690302,Mantiqueira,Urbana,Venda Nova,IBGE
310620060690303,Lagoa,Urbana,Venda Nova,IBGE
310620060690304,Flamengo,Urbana,Venda Nova,IBGE
310620060690305,Vila Piratininga A,Urbana,Venda Nova,IBGE
310620060690306,Vila Santa Monica 2ª Seção,Urbana,Venda Nova,IBGE
310620060690307,Vila Santa Monica 1ª Seção,Urbana,Venda Nova,IBGE
310620060690308,Mantiqueira,Urbana,Venda Nova,IBGE
310620060690309,Piratininga,Urbana,Venda Nova,IBGE
310620060690310,Vila Santa Monica 1ª Seção,Urbana,Venda Nova,IBGE
310620060690311,Jardim Leblon,Urbana,Venda Nova,IBGE
310620060690313,Jardim Leblon,Urbana,Venda Nova,IBGE
310620060690314,Jardim Leblon,Urbana,Venda Nova,IBGE
310620060690315,Santa Mônica,Urbana,Venda Nova,IBGE
310620060690316,São João Batista,Urbana,Venda Nova,IBGE
310620060690317,Universo,Urbana,Venda Nova,IBGE
310620060690318,Universo,Urbana,Venda Nova,IBGE
310620060690320,Universo,Urbana,Venda Nova,IBGE
310620060690323,Jardim Leblon,Urbana,Venda Nova,IBGE
310620060690324,São João Batista,Urbana,Venda Nova,IBGE
310620060690325,Céu Azul,Urbana,Venda Nova,IBGE
310620060690326,Letícia,Urbana,Venda Nova,IBGE
310620060690327,Candelária,Urbana,Venda Nova,IBGE
310620060690328,Piratininga,Urbana,Venda Nova,IBGE
310620060690329,Piratininga,Urbana,Venda Nova,IBGE
310620060690330,Piratininga,Urbana,Venda Nova,IBGE
310620060690331,Piratininga,Urbana,Venda Nova,IBGE
310620060690332,Piratininga,Urbana,Venda Nova,IBGE
310620060690333,Lagoinha Leblon,Urbana,Venda Nova,IBGE
310620060690334,Lagoinha Leblon,Urbana,Venda Nova,IBGE
310620060690335,Maria Helena,Urbana,Venda Nova,IBGE
310620060690336,Mantiqueira,Urbana,Venda Nova,IBGE
310620060690337,Mantiqueira,Urbana,Venda Nova,IBGE
310620060690338,Cenáculo,Urbana,Venda Nova,IBGE
310620060690339,Candelária,Urbana,Venda Nova,IBGE
310620060690340,Santa Mônica,Urbana,Venda Nova,IBGE
310620060690341,Santa Mônica,Urbana,Venda Nova,IBGE
310620060690342,Jardim Leblon,Urbana,Venda Nova,IBGE
310620060690343,Apolônia,Urbana,Venda Nova,IBGE
310620060690345,Piratininga,Urbana,Venda Nova,IBGE
310620060690346,Lagoa,Urbana,Venda Nova,IBGE
310620060690347,Lagoa,Urbana,Venda Nova,IBGE
310620060690348,Mantiqueira,Urbana,Venda Nova,IBGE
310620060690349,São João Batista,Urbana,Venda Nova,IBGE
310620060690350,São João Batista,Urbana,Venda Nova,IBGE
310620060690351,Santa Mônica,Urbana,Venda Nova,IBGE
310620060690352,Apolônia,Urbana,Venda Nova,IBGE
310620060690353,Céu Azul,Urbana,Venda Nova,IBGE
310620060690354,Céu Azul,Urbana,Venda Nova,IBGE
310620060690355,Céu Azul,Urbana,Venda Nova,IBGE
310620060690356,Jardim dos Comerciários,Urbana,Venda Nova,IBGE
310620060690357,Jardim dos Comerciários,Urbana,Venda Nova,IBGE
310620060690358,Jardim dos Comerciários,Urbana,Venda Nova,IBGE
310620060690359,Serra Verde,Urbana,Venda Nova,IBGE
310620060690361,Minascaixa,Urbana,Venda Nova,IBGE
310620060690362,São João Batista,Urbana,Venda Nova,IBGE
310620060690363,São João Batista,Urbana,Venda Nova,IBGE
310620060690365,Jardim Europa,Urbana,Venda Nova,IBGE
310620060690366,Serra Verde,Urbana,Venda Nova,IBGE
310620060690367,Minascaixa,Urbana,Venda Nova,IBGE
310620060690368,Serra Verde,Urbana,Venda Nova,IBGE
310620060690369,Serra Verde,Urbana,Venda Nova,IBGE
310620060690370,Jardim Europa,Urbana,Venda Nova,IBGE
310620060690372,Nova América,Urbana,Venda Nova,IBGE
310620060690373,Jardim Europa,Urbana,Venda Nova,IBGE
310620060690374,Jardim Europa,Urbana,Venda Nova,IBGE
310620060690376,Rio Branco,Urbana,Venda Nova,IBGE
310620060690377,Venda Nova,Urbana,Venda Nova,IBGE
310620060690378,Vila Nossa Senhora Aparecida,Urbana,Venda Nova,IBGE
310620060690379,Jardim Leblon,Urbana,Venda Nova,IBGE
310620060690380,Rio Branco,Urbana,Venda Nova,IBGE
310620060690381,Jardim Leblon,Urbana,Venda Nova,IBGE
310620060690383,Jardim Leblon,Urbana,Venda Nova,IBGE
310620060690384,Apolônia,Urbana,Venda Nova,IBGE
310620060690385,Copacabana,Urbana,Venda Nova,IBGE
310620060690386,Copacabana,Urbana,Venda Nova,IBGE
310620060690388,Mantiqueira,Urbana,Venda Nova,IBGE
310620060690389,Copacabana,Urbana,Venda Nova,IBGE
310620060690390,Copacabana,Urbana,Venda Nova,IBGE
310620060690391,São João Batista,Urbana,Venda Nova,IBGE
310620060690393,Jardim Leblon,Urbana,Venda Nova,IBGE
310620060690394,Jardim Leblon,Urbana,Venda Nova,IBGE
310620060690395,Vila Satélite,Urbana,Venda Nova,IBGE
310620060690396,Copacabana,Urbana,Venda Nova,IBGE
310620060690397,Jardim Leblon,Urbana,Venda Nova,IBGE
310620060690398,Jardim Europa,Urbana,Venda Nova,IBGE
310620060690399,Jardim Leblon,Urbana,Venda Nova,IBGE
310620060690400,Jardim dos Comerciários,Urbana,Venda Nova,IBGE
310620060690401,Vila Clóris,Urbana,Venda Nova,IBGE
310620060690403,Canaã,Urbana,Venda Nova,IBGE
310620060690404,Canaã,Urbana,Venda Nova,IBGE
310620060690405,São Damião,Urbana,Venda Nova,IBGE
310620060690406,Letícia,Urbana,Venda Nova,IBGE
310620060690407,Piratininga,Urbana,Venda Nova,IBGE
310620060690408,Letícia,Urbana,Venda Nova,IBGE
310620060690409,Rio Branco,Urbana,Venda Nova,IBGE
310620060690410,Piratininga,Urbana,Venda Nova,IBGE
310620060690411,Piratininga,Urbana,Venda Nova,IBGE
310620060690412,Mantiqueira,Urbana,Venda Nova,IBGE
310620060690413,Candelária,Urbana,Venda Nova,IBGE
310620060690415,Rio Branco,Urbana,Venda Nova,IBGE
310620060690416,Mantiqueira,Urbana,Venda Nova,IBGE
310620060690417,Jardim dos Comerciários,Urbana,Venda Nova,IBGE
310620060690418,Cenáculo,Urbana,Venda Nova,IBGE
310620060690419,Cenáculo,Urbana,Venda Nova,IBGE
310620060690420,São João Batista,Urbana,Venda Nova,IBGE
310620060690421,São João Batista,Urbana,Venda Nova,IBGE
310620060690422,São João Batista,Urbana,Venda Nova,IBGE
310620060690423,São João Batista,Urbana,Venda Nova,IBGE
310620060690424,Santa Mônica,Urbana,Venda Nova,IBGE
310620060690425,Santa Mônica,Urbana,Venda Nova,IBGE
310620060690426,Rio Branco,Urbana,Venda Nova,IBGE
310620060690427,Santa Mônica,Urbana,Venda Nova,IBGE
310620060690428,Vila Santa Monica 1ª Seção,Urbana,Venda Nova,IBGE
310620060690429,Maria Helena,Urbana,Venda Nova,IBGE
310620060690430,Maria Helena,Urbana,Venda Nova,IBGE
310620060690431,Mantiqueira,Urbana,Venda Nova,IBGE
310620060690432,Jardim Europa,Urbana,Venda Nova,IBGE
310620060690433,Conjunto Minascaixa,Urbana,Venda Nova,IBGE
310620060690435,Minascaixa,Urbana,Venda Nova,IBGE
310620060690436,São João Batista,Urbana,Venda Nova,IBGE
310620060690437,Santa Mônica,Urbana,Venda Nova,IBGE
310620060690438,Santa Mônica,Urbana,Venda Nova,IBGE
310620060690439,Santa Mônica,Urbana,Venda Nova,IBGE
310620060690440,Santa Mônica,Urbana,Venda Nova,IBGE
310620060690441,Santa Mônica,Urbana,Venda Nova,IBGE
310620060690442,Santa Mônica,Urbana,Venda Nova,IBGE
310620060690443,Copacabana,Urbana,Venda Nova,IBGE
310620060690444,Copacabana,Urbana,Venda Nova,IBGE
310620060690445,Copacabana,Urbana,Venda Nova,IBGE
310620060690446,Céu Azul,Urbana,Venda Nova,IBGE
310620060690447,Céu Azul,Urbana,Venda Nova,IBGE
310620060690448,Céu Azul,Urbana,Venda Nova,IBGE
310620060690449,Céu Azul,Urbana,Venda Nova,IBGE
310620060690450,Lagoa,Urbana,Venda Nova,IBGE
310620060690451,Mantiqueira,Urbana,Venda Nova,IBGE
310620060690452,Jardim dos Comerciários,Urbana,Venda Nova,IBGE
310620060690453,Jardim dos Comerciários,Urbana,Venda Nova,IBGE
310620060690454,Serra Verde,Urbana,Venda Nova,IBGE
310620060690455,Serra Verde,Urbana,Venda Nova,IBGE
310620060690456,Serra Verde,Urbana,Venda Nova,IBGE
310620060690457,Parque São Pedro,Urbana,Venda Nova,IBGE
310620060690458,Parque São Pedro,Urbana,Venda Nova,IBGE
310620060690459,São João Batista,Urbana,Venda Nova,IBGE
310620060690460,São João Batista,Urbana,Venda Nova,IBGE
310620060690461,Candelária,Urbana,Venda Nova,IBGE
310620060690462,Cenáculo,Urbana,Venda Nova,IBGE
310620060690463,São João Batista,Urbana,Venda Nova,IBGE
310620060690464,Canaã,Urbana,Venda Nova,IBGE
310620060690465,Conjunto Minascaixa,Urbana,Venda Nova,IBGE
310620060690466,Lagoa,Urbana,Venda Nova,IBGE
310620060690467,Universo,Urbana,Venda Nova,IBGE
310620060690468,Copacabana,Urbana,Venda Nova,IBGE
310620060690470,Mantiqueira,Urbana,Venda Nova,IBGE
310620060690471,Mantiqueira,Urbana,Venda Nova,IBGE
310620060690472,Piratininga,Urbana,Venda Nova,IBGE
310620060690473,Piratininga,Urbana,Venda Nova,IBGE
310620060690474,Piratininga,Urbana,Venda Nova,IBGE
310620060690475,Piratininga,Urbana,Venda Nova,IBGE
310620060690476,Piratininga,Urbana,Venda Nova,IBGE
310620060690477,Piratininga,Urbana,Venda Nova,IBGE
310620060690478,Piratininga,Urbana,Venda Nova,IBGE
310620060690479,Piratininga,Urbana,Venda Nova,IBGE
310620060690480,Mantiqueira,Urbana,Venda Nova,IBGE
310620060690481,Mantiqueira,Urbana,Venda Nova,IBGE
310620060690482,Santa Mônica,Urbana,Venda Nova,IBGE
310620060690483,Santa Mônica,Urbana,Venda Nova,IBGE
310620060690484,Santa Mônica,Urbana,Venda Nova,IBGE
310620060690485,Santa Mônica,Urbana,Venda Nova,IBGE
310620060690486,Santa Mônica,Urbana,Venda Nova,IBGE
310620060690487,Santa Mônica,Urbana,Venda Nova,IBGE
310620060690488,Santa Mônica,Urbana,Venda Nova,IBGE
310620060690489,Santa Mônica,Urbana,Venda Nova,IBGE
310620060690490,Jardim Leblon,Urbana,Venda Nova,IBGE
310620060690491,Jardim Leblon,Urbana,Venda Nova,IBGE
310620060690492,Céu Azul,Urbana,Venda Nova,IBGE
310620060690493,Céu Azul,Urbana,Venda Nova,IBGE
310620060690494,Lagoinha Leblon,Urbana,Venda Nova,IBGE
310620060690495,Lagoinha Leblon,Urbana,Venda Nova,IBGE
310620060690496,Jardim Europa,Urbana,Venda Nova,IBGE
310620060690497,Jardim Europa,Urbana,Venda Nova,IBGE
310620060690498,Jardim Europa,Urbana,Venda Nova,IBGE
310620060690499,Jardim Europa,Urbana,Venda Nova,IBGE
310620060690500,Minascaixa,Urbana,Venda Nova,IBGE
310620060690501,Minascaixa,Urbana,Venda Nova,IBGE
310620060690502,São João Batista,Urbana,Venda Nova,IBGE
310620060690503,São João Batista,Urbana,Venda Nova,IBGE
310620060690504,Vila São João Batista,Urbana,Venda Nova,IBGE
310620060690505,Vila São João Batista,Urbana,Venda Nova,IBGE
310620060690506,Céu Azul,Urbana,Venda Nova,IBGE
310620060690507,Céu Azul,Urbana,Venda Nova,IBGE
310620060690508,Jardim dos Comerciários,Urbana,Venda Nova,IBGE
310620060690509,Jardim dos Comerciários,Urbana,Venda Nova,IBGE
310620060690510,Serra Verde,Urbana,Venda Nova,IBGE
310620060690511,Serra Verde,Urbana,Venda Nova,IBGE
310620060690512,Minascaixa,Urbana,Venda Nova,IBGE
310620060690513,Minascaixa,Urbana,Venda Nova,IBGE
310620060690514,São João Batista,Urbana,Venda Nova,IBGE
310620060690515,São João Batista,Urbana,Venda Nova,IBGE
310620060690516,Minascaixa,Urbana,Venda Nova,IBGE
310620060690517,Minascaixa,Urbana,Venda Nova,IBGE
310620060690518,Serra Verde,Urbana,Venda Nova,IBGE
310620060690519,Serra Verde,Urbana,Venda Nova,IBGE
310620060690520,Piratininga,Urbana,Venda Nova,IBGE
310620060690521,Piratininga,Urbana,Venda Nova,IBGE
310620060690522,Copacabana,Urbana,Venda Nova,IBGE
310620060690523,Copacabana,Urbana,Venda Nova,IBGE
310620060690526,São João Batista,Urbana,Venda Nova,IBGE
310620060690527,Minascaixa,Urbana,Venda Nova,IBGE
310620060690528,Copacabana,Urbana,Venda Nova,IBGE
310620060690529,Santa Mônica,Urbana,Venda Nova,IBGE
310620060690530,Apolônia,Urbana,Venda Nova,IBGE
310620060690531,Céu Azul,Urbana,Venda Nova,IBGE
310620060690532,Jardim Leblon,Urbana,Venda Nova,IBGE
310620060690533,Serra Verde,Urbana,Venda Nova,IBGE
310620060690535,Serra Verde,Urbana,Venda Nova,IBGE
310620060690536,Serra Verde,Urbana,Venda Nova,IBGE
310620060690537,Universo,Urbana,Venda Nova,IBGE
310620060690538,Mantiqueira,Urbana,Venda Nova,IBGE
310620060690539,Mantiqueira,Urbana,Venda Nova,IBGE
310620060690540,Mantiqueira,Urbana,Venda Nova,IBGE
310620060690541,Vila Jardim Leblon,Urbana,Venda Nova,IBGE
310620060690542,Jardim Leblon,Urbana,Venda Nova,IBGE
310620060690543,Vila Copacabana,Urbana,Venda Nova,IBGE
310620060690544,Vila Copacabana,Urbana,Venda Nova,IBGE
310620060690545,Copacabana,Urbana,Venda Nova,IBGE
310620060690546,São João Batista,Urbana,Venda Nova,IBGE
310620060690547,São João Batista,Urbana,Venda Nova,IBGE
310620060690548,Copacabana,Urbana,Venda Nova,IBGE
310620060690549,Copacabana,Urbana,Venda Nova,IBGE
310620060690550,Piratininga,Urbana,Venda Nova,IBGE
310620060690551,Piratininga,Urbana,Venda Nova,IBGE
310620060690552,Céu Azul,Urbana,Venda Nova,IBGE
310620060690553,Céu Azul,Urbana,Venda Nova,IBGE
310620060690554,Jardim dos Comerciários,Urbana,Venda Nova,IBGE
310620060690555,Jardim dos Comerciários,Urbana,Venda Nova,IBGE
310620060690556,Candelária,Urbana,Venda Nova,IBGE
310620060690557,Candelária,Urbana,Venda Nova,IBGE
310620060690558,Maria Helena,Urbana,Venda Nova,IBGE
310620060690559,Maria Helena,Urbana,Venda Nova,IBGE
310620060690560,Maria Helena,Urbana,Venda Nova,IBGE
310620060690561,Maria Helena,Urbana,Venda Nova,IBGE
310620060690562,Mantiqueira,Urbana,Venda Nova,IBGE
310620060690563,Mantiqueira,Urbana,Venda Nova,IBGE
310620060690564,Letícia,Urbana,Venda Nova,IBGE
310620060690565,Serra Verde,Urbana,Venda Nova,IBGE
310620060690566,Conjunto Minascaixa,Urbana,Venda Nova,IBGE
310620060690567,Canaã,Urbana,Venda Nova,IBGE
