CD_SETOR,bairro,situacao,distrito,fonte_nome
317020605000001,Centro,Urbana,Uberlândia,IBGE
317020605000003,Centro,Urbana,Uberlândia,IBGE
317020605000004,Centro,Urbana,Uberlândia,IBGE
317020605000005,Centro,Urbana,Uberlândia,IBGE
317020605000007,Centro,Urbana,Uberlândia,IBGE
317020605000008,Centro,Urbana,Uberlândia,IBGE
317020605000009,Centro,Urbana,Uberlândia,IBGE
317020605000010,Centro,Urbana,Uberlândia,IBGE
317020605000011,Centro,Urbana,Uberlândia,IBGE
317020605000012,Centro,Urbana,Uberlândia,IBGE
317020605000013,Bom Jesus,Urbana,Uberlândia,IBGE
317020605000014,Bom Jesus,Urbana,Uberlândia,IBGE
317020605000015,Bom Jesus,Urbana,Uberlândia,IBGE
317020605000016,Bom Jesus,Urbana,Uberlândia,IBGE
317020605000017,Bom Jesus,Urbana,Uberlândia,IBGE
317020605000018,Bom Jesus,Urbana,Uberlândia,IBGE
317020605000019,Bom Jesus,Urbana,Uberlândia,IBGE
317020605000020,Nossa Senhora Aparecida,Urbana,Uberlândia,IBGE
317020605000021,Nossa Senhora Aparecida,Urbana,Uberlândia,IBGE
317020605000022,Nossa Senhora Aparecida,Urbana,Uberlândia,IBGE
317020605000023,Nossa Senhora Aparecida,Urbana,Uberlândia,IBGE
317020605000024,Nossa Senhora Aparecida,Urbana,Uberlândia,IBGE
317020605000025,Nossa Senhora Aparecida,Urbana,Uberlândia,IBGE
317020605000026,Nossa Senhora Aparecida,Urbana,Uberlândia,IBGE
317020605000027,Nossa Senhora Aparecida,Urbana,Uberlândia,IBGE
317020605000028,Nossa Senhora Aparecida,Urbana,Uberlândia,IBGE
317020605000029,Nossa Senhora Aparecida,Urbana,Uberlândia,IBGE
317020605000030,Nossa Senhora Aparecida,Urbana,Uberlândia,IBGE
317020605000031,Nossa Senhora Aparecida,Urbana,Uberlândia,IBGE
317020605000032,Nossa Senhora Aparecida,Urbana,Uberlândia,IBGE
317020605000033,Nossa Senhora Aparecida,Urbana,Uberlândia,IBGE
317020605000034,Nossa Senhora Aparecida,Urbana,Uberlândia,IBGE
317020605000035,Nossa Senhora Aparecida,Urbana,Uberlândia,IBGE
317020605000036,Cazeca,Urbana,Uberlândia,IBGE
317020605000037,Cazeca,Urbana,Uberlândia,IBGE
317020605000038,Cazeca,Urbana,Uberlândia,IBGE
317020605000039,Lídice,Urbana,Uberlândia,IBGE
317020605000040,Lídice,Urbana,Uberlândia,IBGE
317020605000042,Lídice,Urbana,Uberlândia,IBGE
317020605000043,Lídice,Urbana,Uberlândia,IBGE
317020605000044,Lídice,Urbana,Uberlândia,IBGE
317020605000045,Fundinho,Urbana,Uberlândia,IBGE
317020605000047,Fundinho,Urbana,Uberlândia,IBGE
317020605000049,Tabajaras,Urbana,Uberlândia,IBGE
317020605000051,Tabajaras,Urbana,Uberlândia,IBGE
317020605000052,Tabajaras,Urbana,Uberlândia,IBGE
317020605000053,Tabajaras,Urbana,Uberlândia,IBGE
317020605000054,Tabajaras,Urbana,Uberlândia,IBGE
317020605000055,Tabajaras,Urbana,Uberlândia,IBGE
317020605000056,Osvaldo Rezende,Urbana,Uberlândia,IBGE
317020605000057,Osvaldo Rezende,Urbana,Uberlândia,IBGE
317020605000058,Osvaldo Rezende,Urbana,Uberlândia,IBGE
317020605000059,Osvaldo Rezende,Urbana,Uberlândia,IBGE
317020605000060,Osvaldo Rezende,Urbana,Uberlândia,IBGE
317020605000061,Osvaldo Rezende,Urbana,Uberlândia,IBGE
317020605000062,Osvaldo Rezende,Urbana,Uberlândia,IBGE
317020605000063,Osvaldo Rezende,Urbana,Uberlândia,IBGE
317020605000064,Osvaldo Rezende,Urbana,Uberlândia,IBGE
317020605000065,Osvaldo Rezende,Urbana,Uberlândia,IBGE
317020605000066,Osvaldo Rezende,Urbana,Uberlândia,IBGE
317020605000067,Osvaldo Rezende,Urbana,Uberlândia,IBGE
317020605000068,Osvaldo Rezende,Urbana,Uberlândia,IBGE
317020605000069,Osvaldo Rezende,Urbana,Uberlândia,IBGE
317020605000070,Osvaldo Rezende,Urbana,Uberlândia,IBGE
317020605000071,Osvaldo Rezende,Urbana,Uberlândia,IBGE
317020605000072,Osvaldo Rezende,Urbana,Uberlândia,IBGE
317020605000073,Osvaldo Rezende,Urbana,Uberlândia,IBGE
317020605000074,Osvaldo Rezende,Urbana,Uberlândia,IBGE
317020605000075,Osvaldo Rezende,Urbana,Uberlândia,IBGE
317020605000076,Osvaldo Rezende,Urbana,Uberlândia,IBGE
317020605000077,Osvaldo Rezende,Urbana,Uberlândia,IBGE
317020605000078,Osvaldo Rezende,Urbana,Uberlândia,IBGE
317020605000079,Osvaldo Rezende,Urbana,Uberlândia,IBGE
317020605000080,Osvaldo Rezende,Urbana,Uberlândia,IBGE
317020605000081,Martins,Urbana,Uberlândia,IBGE
317020605000082,Martins,Urbana,Uberlândia,IBGE
317020605000083,Martins,Urbana,Uberlândia,IBGE
317020605000084,Martins,Urbana,Uberlândia,IBGE
317020605000085,Martins,Urbana,Uberlândia,IBGE
317020605000086,Martins,Urbana,Uberlândia,IBGE
317020605000087,Martins,Urbana,Uberlândia,IBGE
317020605000088,Martins,Urbana,Uberlândia,IBGE
317020605000089,Martins,Urbana,Uberlândia,IBGE
317020605000090,Martins,Urbana,Uberlândia,IBGE
317020605000091,Martins,Urbana,Uberlândia,IBGE
317020605000092,Martins,Urbana,Uberlândia,IBGE
317020605000093,Presidente Roosevelt,Urbana,Uberlândia,IBGE
317020605000094,Presidente Roosevelt,Urbana,Uberlândia,IBGE
317020605000095,Presidente Roosevelt,Urbana,Uberlândia,IBGE
317020605000096,Presidente Roosevelt,Urbana,Uberlândia,IBGE
317020605000097,Presidente Roosevelt,Urbana,Uberlândia,IBGE
317020605000098,Presidente Roosevelt,Urbana,Uberlândia,IBGE
317020605000099,Presidente Roosevelt,Urbana,Uberlândia,IBGE
317020605000100,Presidente Roosevelt,Urbana,Uberlândia,IBGE
317020605000101,Presidente Roosevelt,Urbana,Uberlândia,IBGE
317020605000102,Presidente Roosevelt,Urbana,Uberlândia,IBGE
317020605000103,Presidente Roosevelt,Urbana,Uberlândia,IBGE
317020605000104,Presidente Roosevelt,Urbana,Uberlândia,IBGE
317020605000106,Presidente Roosevelt,Urbana,Uberlândia,IBGE
317020605000107,Presidente Roosevelt,Urbana,Uberlândia,IBGE
317020605000108,Presidente Roosevelt,Urbana,Uberlândia,IBGE
317020605000109,Presidente Roosevelt,Urbana,Uberlândia,IBGE
317020605000110,Presidente Roosevelt,Urbana,Uberlândia,IBGE
317020605000111,Presidente Roosevelt,Urbana,Uberlândia,IBGE
317020605000112,Presidente Roosevelt,Urbana,Uberlândia,IBGE
317020605000113,Presidente Roosevelt,Urbana,Uberlândia,IBGE
317020605000114,Presidente Roosevelt,Urbana,Uberlândia,IBGE
317020605000115,Marta Helena,Urbana,Uberlândia,IBGE
317020605000116,Marta Helena,Urbana,Uberlândia,IBGE
317020605000117,Marta Helena,Urbana,Uberlândia,IBGE
317020605000118,Marta Helena,Urbana,Uberlândia,IBGE
317020605000119,Marta Helena,Urbana,Uberlândia,IBGE
317020605000120,Marta Helena,Urbana,Uberlândia,IBGE
317020605000121,Marta Helena,Urbana,Uberlândia,IBGE
317020605000122,Marta Helena,Urbana,Uberlândia,IBGE
317020605000123,Marta Helena,Urbana,Uberlândia,IBGE
317020605000124,Marta Helena,Urbana,Uberlândia,IBGE
317020605000125,Marta Helena,Urbana,Uberlândia,IBGE
317020605000126,Marta Helena,Urbana,Uberlândia,IBGE
317020605000127,Brasil,Urbana,Uberlândia,IBGE
317020605000128,Brasil,Urbana,Uberlândia,IBGE
317020605000129,Brasil,Urbana,Uberlândia,IBGE
317020605000130,Brasil,Urbana,Uberlândia,IBGE
317020605000131,Brasil,Urbana,Uberlândia,IBGE
317020605000132,Brasil,Urbana,Uberlândia,IBGE
317020605000133,Brasil,Urbana,Uberlândia,IBGE
317020605000134,Brasil,Urbana,Uberlândia,IBGE
317020605000135,Brasil,Urbana,Uberlândia,IBGE
317020605000136,Brasil,Urbana,Uberlândia,IBGE
317020605000137,Brasil,Urbana,Uberlândia,IBGE
317020605000138,Brasil,Urbana,Uberlândia,IBGE
317020605000139,Brasil,Urbana,Uberlândia,IBGE
317020605000140,Brasil,Urbana,Uberlândia,IBGE
317020605000141,Brasil,Urbana,Uberlândia,IBGE
317020605000142,Brasil,Urbana,Uberlândia,IBGE
317020605000143,Tibery,Urbana,Uberlândia,IBGE
317020605000144,Tibery,Urbana,Uberlândia,IBGE
317020605000145,Tibery,Urbana,Uberlândia,IBGE
317020605000146,Tibery,Urbana,Uberlândia,IBGE
317020605000147,Tibery,Urbana,Uberlândia,IBGE
317020605000148,Tibery,Urbana,Uberlândia,IBGE
317020605000149,Tibery,Urbana,Uberlândia,IBGE
317020605000150,Tibery,Urbana,Uberlândia,IBGE
317020605000151,Tibery,Urbana,Uberlândia,IBGE
317020605000152,Tibery,Urbana,Uberlândia,IBGE
317020605000153,Tibery,Urbana,Uberlândia,IBGE
317020605000154,Tibery,Urbana,Uberlândia,IBGE
317020605000155,Tibery,Urbana,Uberlândia,IBGE
317020605000156,Tibery,Urbana,Uberlândia,IBGE
317020605000157,Tibery,Urbana,Uberlândia,IBGE
317020605000158,Tibery,Urbana,Uberlândia,IBGE
317020605000159,Tibery,Urbana,Uberlândia,IBGE
317020605000160,Tibery,Urbana,Uberlândia,IBGE
317020605000161,Tibery,Urbana,Uberlândia,IBGE
317020605000162,Tibery,Urbana,Uberlândia,IBGE
317020605000163,Tibery,Urbana,Uberlândia,IBGE
317020605000164,Tibery,Urbana,Uberlândia,IBGE
317020605000165,Tibery,Urbana,Uberlândia,IBGE
317020605000166,Saraiva,Urbana,Uberlândia,IBGE
317020605000167,Saraiva,Urbana,Uberlândia,IBGE
317020605000168,Saraiva,Urbana,Uberlândia,IBGE
317020605000169,Saraiva,Urbana,Uberlândia,IBGE
317020605000170,Saraiva,Urbana,Uberlândia,IBGE
317020605000171,Saraiva,Urbana,Uberlândia,IBGE
317020605000172,Saraiva,Urbana,Uberlândia,IBGE
317020605000173,Saraiva,Urbana,Uberlândia,IBGE
317020605000174,Saraiva,Urbana,Uberlândia,IBGE
317020605000175,Saraiva,Urbana,Uberlândia,IBGE
317020605000176,Vigilato Pereira,Urbana,Uberlândia,IBGE
317020605000177,Vigilato Pereira,Urbana,Uberlândia,IBGE
317020605000178,Vigilato Pereira,Urbana,Uberlândia,IBGE
317020605000179,Vigilato Pereira,Urbana,Uberlândia,IBGE
317020605000180,Morada da Colina,Urbana,Uberlândia,IBGE
317020605000181,Morada da Colina,Urbana,Uberlândia,IBGE
317020605000182,Patrimônio,Urbana,Uberlândia,IBGE
317020605000183,Patrimônio,Urbana,Uberlândia,IBGE
317020605000184,Patrimônio,Urbana,Uberlândia,IBGE
317020605000185,Cidade Jardim,Urbana,Uberlândia,IBGE
317020605000186,Cidade Jardim,Urbana,Uberlândia,IBGE
317020605000187,Cidade Jardim,Urbana,Uberlândia,IBGE
317020605000188,Cidade Jardim,Urbana,Uberlândia,IBGE
317020605000189,Tubalina,Urbana,Uberlândia,IBGE
317020605000190,Tubalina,Urbana,Uberlândia,IBGE
317020605000191,Tubalina,Urbana,Uberlândia,IBGE
317020605000192,Tubalina,Urbana,Uberlândia,IBGE
317020605000193,Tubalina,Urbana,Uberlândia,IBGE
317020605000194,Tubalina,Urbana,Uberlândia,IBGE
317020605000195,Tubalina,Urbana,Uberlândia,IBGE
317020605000196,Tubalina,Urbana,Uberlândia,IBGE
317020605000197,Tubalina,Urbana,Uberlândia,IBGE
317020605000198,Jaraguá,Urbana,Uberlândia,IBGE
317020605000199,Jaraguá,Urbana,Uberlândia,IBGE
317020605000200,Jaraguá,Urbana,Uberlândia,IBGE
317020605000201,Jaraguá,Urbana,Uberlândia,IBGE
317020605000202,Jaraguá,Urbana,Uberlândia,IBGE
317020605000203,Jaraguá,Urbana,Uberlândia,IBGE
317020605000204,Jaraguá,Urbana,Uberlândia,IBGE
317020605000205,Jaraguá,Urbana,Uberlândia,IBGE
317020605000206,Jaraguá,Urbana,Uberlândia,IBGE
317020605000207,Daniel Fonseca,Urbana,Uberlândia,IBGE
317020605000208,Daniel Fonseca,Urbana,Uberlândia,IBGE
317020605000209,Daniel Fonseca,Urbana,Uberlândia,IBGE
317020605000210,Daniel Fonseca,Urbana,Uberlândia,IBGE
317020605000211,Daniel Fonseca,Urbana,Uberlândia,IBGE
317020605000212,Daniel Fonseca,Urbana,Uberlândia,IBGE
317020605000213,Jardim Brasília,Urbana,Uberlândia,IBGE
317020605000214,Jardim Brasília,Urbana,Uberlândia,IBGE
317020605000215,Jardim Brasília,Urbana,Uberlândia,IBGE
317020605000216,Jardim Brasília,Urbana,Uberlândia,IBGE
317020605000217,Jardim Brasília,Urbana,Uberlândia,IBGE
317020605000218,Jardim Brasília,Urbana,Uberlândia,IBGE
317020605000219,Jardim Brasília,Urbana,Uberlândia,IBGE
317020605000220,Jardim Brasília,Urbana,Uberlândia,IBGE
317020605000221,Jardim Brasília,Urbana,Uberlândia,IBGE
317020605000222,Jardim Brasília,Urbana,Uberlândia,IBGE
317020605000223,Jardim Brasília,Urbana,Uberlândia,IBGE
317020605000225,Maravilha,Urbana,Uberlândia,IBGE
317020605000226,Maravilha,Urbana,Uberlândia,IBGE
317020605000227,Pacaembú,Urbana,Uberlândia,IBGE
317020605000228,Pacaembú,Urbana,Uberlândia,IBGE
317020605000229,Pacaembú,Urbana,Uberlândia,IBGE
317020605000230,Pacaembú,Urbana,Uberlândia,IBGE
317020605000231,Pacaembú,Urbana,Uberlândia,IBGE
317020605000232,Pacaembú,Urbana,Uberlândia,IBGE
317020605000233,Pacaembú,Urbana,Uberlândia,IBGE
317020605000235,Pacaembú,Urbana,Uberlândia,IBGE
317020605000236,Residencial Gramado,Urbana,Uberlândia,IBGE
317020605000237,Residencial Gramado,Urbana,Uberlândia,IBGE
317020605000238,Minas Gerais,Urbana,Uberlândia,IBGE
317020605000241,Minas Gerais,Urbana,Uberlândia,IBGE
317020605000242,Umuarama,Urbana,Uberlândia,IBGE
317020605000244,Umuarama,Urbana,Uberlândia,IBGE
317020605000245,Umuarama,Urbana,Uberlândia,IBGE
317020605000246,Custódio Pereira,Urbana,Uberlândia,IBGE
317020605000247,Custódio Pereira,Urbana,Uberlândia,IBGE
317020605000248,Custódio Pereira,Urbana,Uberlândia,IBGE
317020605000249,Custódio Pereira,Urbana,Uberlândia,IBGE
317020605000250,Custódio Pereira,Urbana,Uberlândia,IBGE
317020605000251,Custódio Pereira,Urbana,Uberlândia,IBGE
317020605000252,Custódio Pereira,Urbana,Uberlândia,IBGE
317020605000253,Custódio Pereira,Urbana,Uberlândia,IBGE
317020605000254,Custódio Pereira,Urbana,Uberlândia,IBGE
317020605000255,Custódio Pereira,Urbana,Uberlândia,IBGE
317020605000256,Custódio Pereira,Urbana,Uberlândia,IBGE
317020605000258,Santa Mônica,Urbana,Uberlândia,IBGE
317020605000262,Santa Mônica,Urbana,Uberlândia,IBGE
317020605000263,Santa Mônica,Urbana,Uberlândia,IBGE
317020605000264,Santa Mônica,Urbana,Uberlândia,IBGE
317020605000265,Santa Mônica,Urbana,Uberlândia,IBGE
317020605000266,Santa Mônica,Urbana,Uberlândia,IBGE
317020605000267,Santa Mônica,Urbana,Uberlândia,IBGE
317020605000268,Santa Mônica,Urbana,Uberlândia,IBGE
317020605000269,Santa Mônica,Urbana,Uberlândia,IBGE
317020605000270,Santa Mônica,Urbana,Uberlândia,IBGE
317020605000271,Santa Mônica,Urbana,Uberlândia,IBGE
317020605000272,Santa Mônica,Urbana,Uberlândia,IBGE
317020605000274,Santa Mônica,Urbana,Uberlândia,IBGE
317020605000275,Santa Mônica,Urbana,Uberlândia,IBGE
317020605000277,Santa Mônica,Urbana,Uberlândia,IBGE
317020605000278,Santa Mônica,Urbana,Uberlândia,IBGE
317020605000279,Santa Mônica,Urbana,Uberlândia,IBGE
317020605000280,Santa Mônica,Urbana,Uberlândia,IBGE
317020605000282,Santa Mônica,Urbana,Uberlândia,IBGE
317020605000283,Santa Mônica,Urbana,Uberlândia,IBGE
317020605000285,Santa Mônica,Urbana,Uberlândia,IBGE
317020605000286,Jardim Karaíba,Urbana,Uberlândia,IBGE
317020605000287,Jardim das Palmeiras,Urbana,Uberlândia,IBGE
317020605000288,Jardim das Palmeiras,Urbana,Uberlândia,IBGE
317020605000289,Jardim das Palmeiras,Urbana,Uberlândia,IBGE
317020605000290,Jardim das Palmeiras,Urbana,Uberlândia,IBGE
317020605000291,Jardim das Palmeiras,Urbana,Uberlândia,IBGE
317020605000292,Jardim das Palmeiras,Urbana,Uberlândia,IBGE
317020605000293,Jardim das Palmeiras,Urbana,Uberlândia,IBGE
317020605000294,Jardim das Palmeiras,Urbana,Uberlândia,IBGE
317020605000295,Planalto,Urbana,Uberlândia,IBGE
317020605000296,Planalto,Urbana,Uberlândia,IBGE
317020605000297,Planalto,Urbana,Uberlândia,IBGE
317020605000298,Planalto,Urbana,Uberlândia,IBGE
317020605000299,Planalto,Urbana,Uberlândia,IBGE
317020605000300,Planalto,Urbana,Uberlândia,IBGE
317020605000301,Planalto,Urbana,Uberlândia,IBGE
317020605000302,Planalto,Urbana,Uberlândia,IBGE
317020605000303,Planalto,Urbana,Uberlândia,IBGE
317020605000304,Planalto,Urbana,Uberlândia,IBGE
317020605000305,Planalto,Urbana,Uberlândia,IBGE
317020605000306,Planalto,Urbana,Uberlândia,IBGE
317020605000307,Planalto,Urbana,Uberlândia,IBGE
317020605000308,Planalto,Urbana,Uberlândia,IBGE
317020605000309,Chácaras Tubalina e Quartel,Urbana,Uberlândia,IBGE
317020605000311,Chácaras Tubalina e Quartel,Urbana,Uberlândia,IBGE
317020605000312,Jardim Patrícia,Urbana,Uberlândia,IBGE
317020605000313,Jardim Patrícia,Urbana,Uberlândia,IBGE
317020605000314,Jardim Patrícia,Urbana,Uberlândia,IBGE
317020605000315,Dona Zulmira,Urbana,Uberlândia,IBGE
317020605000316,Dona Zulmira,Urbana,Uberlândia,IBGE
317020605000317,Dona Zulmira,Urbana,Uberlândia,IBGE
317020605000318,Taiaman,Urbana,Uberlândia,IBGE
317020605000319,Taiaman,Urbana,Uberlândia,IBGE
317020605000320,Taiaman,Urbana,Uberlândia,IBGE
317020605000321,Taiaman,Urbana,Uberlândia,IBGE
317020605000322,Taiaman,Urbana,Uberlândia,IBGE
317020605000323,Taiaman,Urbana,Uberlândia,IBGE
317020605000324,Taiaman,Urbana,Uberlândia,IBGE
317020605000327,Segismundo Pereira,Urbana,Uberlândia,IBGE
317020605000328,Segismundo Pereira,Urbana,Uberlândia,IBGE
317020605000329,Segismundo Pereira,Urbana,Uberlândia,IBGE
317020605000330,Segismundo Pereira,Urbana,Uberlândia,IBGE
317020605000332,Segismundo Pereira,Urbana,Uberlândia,IBGE
317020605000333,Segismundo Pereira,Urbana,Uberlândia,IBGE
317020605000334,Segismundo Pereira,Urbana,Uberlândia,IBGE
317020605000336,Segismundo Pereira,Urbana,Uberlândia,IBGE
317020605000337,Segismundo Pereira,Urbana,Uberlândia,IBGE
317020605000338,Segismundo Pereira,Urbana,Uberlândia,IBGE
317020605000339,Segismundo Pereira,Urbana,Uberlândia,IBGE
317020605000341,Santa Luzia,Urbana,Uberlândia,IBGE
317020605000342,Santa Luzia,Urbana,Uberlândia,IBGE
317020605000343,Santa Luzia,Urbana,Uberlândia,IBGE
317020605000344,São Jorge,Urbana,Uberlândia,IBGE
317020605000345,São Jorge,Urbana,Uberlândia,IBGE
317020605000346,São Jorge,Urbana,Uberlândia,IBGE
317020605000347,São Jorge,Urbana,Uberlândia,IBGE
317020605000348,São Jorge,Urbana,Uberlândia,IBGE
317020605000349,São Jorge,Urbana,Uberlândia,IBGE
317020605000350,São Jorge,Urbana,Uberlândia,IBGE
317020605000351,São Jorge,Urbana,Uberlândia,IBGE
317020605000352,São Jorge,Urbana,Uberlândia,IBGE
317020605000353,São Jorge,Urbana,Uberlândia,IBGE
317020605000354,São Jorge,Urbana,Uberlândia,IBGE
317020605000355,São Jorge,Urbana,Uberlândia,IBGE
317020605000356,São Jorge,Urbana,Uberlândia,IBGE
317020605000357,São Jorge,Urbana,Uberlândia,IBGE
317020605000358,São Jorge,Urbana,Uberlândia,IBGE
317020605000359,São Jorge,Urbana,Uberlândia,IBGE
317020605000360,São Jorge,Urbana,Uberlândia,IBGE
317020605000361,São Jorge,Urbana,Uberlândia,IBGE
317020605000362,Laranjeiras,Urbana,Uberlândia,IBGE
317020605000363,Laranjeiras,Urbana,Uberlândia,IBGE
317020605000364,Laranjeiras,Urbana,Uberlândia,IBGE
317020605000365,Laranjeiras,Urbana,Uberlândia,IBGE
317020605000366,Laranjeiras,Urbana,Uberlândia,IBGE
317020605000367,Laranjeiras,Urbana,Uberlândia,IBGE
317020605000368,Laranjeiras,Urbana,Uberlândia,IBGE
317020605000369,Laranjeiras,Urbana,Uberlândia,IBGE
317020605000370,Laranjeiras,Urbana,Uberlândia,IBGE
317020605000371,Laranjeiras,Urbana,Uberlândia,IBGE
317020605000372,Laranjeiras,Urbana,Uberlândia,IBGE
317020605000373,Laranjeiras,Urbana,Uberlândia,IBGE
317020605000374,Laranjeiras,Urbana,Uberlândia,IBGE
317020605000375,Jardim Holanda,Urbana,Uberlândia,IBGE
317020605000376,Jardim Holanda,Urbana,Uberlândia,IBGE
317020605000377,Jardim Canaã,Urbana,Uberlândia,IBGE
317020605000378,Jardim Canaã,Urbana,Uberlândia,IBGE
317020605000379,Jardim Canaã,Urbana,Uberlândia,IBGE
317020605000380,Jardim Canaã,Urbana,Uberlândia,IBGE
317020605000381,Panorama,Urbana,Uberlândia,IBGE
317020605000382,Mansour,Urbana,Uberlândia,IBGE
317020605000383,Mansour,Urbana,Uberlândia,IBGE
317020605000384,Mansour,Urbana,Uberlândia,IBGE
317020605000385,Mansour,Urbana,Uberlândia,IBGE
317020605000386,Mansour,Urbana,Uberlândia,IBGE
317020605000387,Mansour,Urbana,Uberlândia,IBGE
317020605000388,Mansour,Urbana,Uberlândia,IBGE
317020605000389,Luizote de Freitas,Urbana,Uberlândia,IBGE
317020605000390,Luizote de Freitas,Urbana,Uberlândia,IBGE
317020605000391,Luizote de Freitas,Urbana,Uberlândia,IBGE
317020605000392,Luizote de Freitas,Urbana,Uberlândia,IBGE
317020605000393,Luizote de Freitas,Urbana,Uberlândia,IBGE
317020605000394,Luizote de Freitas,Urbana,Uberlândia,IBGE
317020605000395,Luizote de Freitas,Urbana,Uberlândia,IBGE
317020605000396,Luizote de Freitas,Urbana,Uberlândia,IBGE
317020605000397,Luizote de Freitas,Urbana,Uberlândia,IBGE
317020605000398,Luizote de Freitas,Urbana,Uberlândia,IBGE
317020605000399,Luizote de Freitas,Urbana,Uberlândia,IBGE
317020605000400,Luizote de Freitas,Urbana,Uberlândia,IBGE
317020605000402,Luizote de Freitas,Urbana,Uberlândia,IBGE
317020605000403,Luizote de Freitas,Urbana,Uberlândia,IBGE
317020605000404,Luizote de Freitas,Urbana,Uberlândia,IBGE
317020605000405,Luizote de Freitas,Urbana,Uberlândia,IBGE
317020605000406,Luizote de Freitas,Urbana,Uberlândia,IBGE
317020605000407,Tocantins,Urbana,Uberlândia,IBGE
317020605000408,Tocantins,Urbana,Uberlândia,IBGE
317020605000409,Tocantins,Urbana,Uberlândia,IBGE
317020605000410,Tocantins,Urbana,Uberlândia,IBGE
317020605000411,Tocantins,Urbana,Uberlândia,IBGE
317020605000412,Tocantins,Urbana,Uberlândia,IBGE
317020605000413,Tocantins,Urbana,Uberlândia,IBGE
317020605000414,Tocantins,Urbana,Uberlândia,IBGE
317020605000415,Tocantins,Urbana,Uberlândia,IBGE
317020605000416,Tocantins,Urbana,Uberlândia,IBGE
317020605000417,Tocantins,Urbana,Uberlândia,IBGE
317020605000418,Morada do Sol,Urbana,Uberlândia,IBGE
317020605000419,Guarani,Urbana,Uberlândia,IBGE
317020605000420,Guarani,Urbana,Uberlândia,IBGE
317020605000421,Guarani,Urbana,Uberlândia,IBGE
317020605000422,Guarani,Urbana,Uberlândia,IBGE
317020605000423,Guarani,Urbana,Uberlândia,IBGE
317020605000424,Guarani,Urbana,Uberlândia,IBGE
317020605000425,Guarani,Urbana,Uberlândia,IBGE
317020605000426,Guarani,Urbana,Uberlândia,IBGE
317020605000428,Morumbi,Urbana,Uberlândia,IBGE
317020605000429,Morumbi,Urbana,Uberlândia,IBGE
317020605000430,Morumbi,Urbana,Uberlândia,IBGE
317020605000432,Morumbi,Urbana,Uberlândia,IBGE
317020605000433,Morumbi,Urbana,Uberlândia,IBGE
317020605000434,Morumbi,Urbana,Uberlândia,IBGE
317020605000435,Morumbi,Urbana,Uberlândia,IBGE
317020605000436,Morumbi,Urbana,Uberlândia,IBGE
317020605000437,Morumbi,Urbana,Uberlândia,IBGE
317020605000438,Santa Rosa,Urbana,Uberlândia,IBGE
317020605000439,Santa Rosa,Urbana,Uberlândia,IBGE
317020605000440,Nossa Senhora das Graças,Urbana,Uberlândia,IBGE
317020605000441,Marta Helena,Urbana,Uberlândia,IBGE
317020605000442,Distrito Industrial,Urbana,Uberlândia,IBGE
317020605000443,Granja Marileusa,Urbana,Uberlândia,IBGE
317020605000444,Alto Umuarama,Urbana,Uberlândia,IBGE
317020605000445,Aclimação,Urbana,Uberlândia,IBGE
317020605000446,Alto Umuarama,Urbana,Uberlândia,IBGE
317020605000447,Tibery,Urbana,Uberlândia,IBGE
317020605000448,Santa Luzia,Urbana,Uberlândia,IBGE
317020605000449,Santa Luzia,Urbana,Uberlândia,IBGE
317020605000450,Pampulha,Urbana,Uberlândia,IBGE
317020605000451,Pampulha,Urbana,Uberlândia,IBGE
317020605000452,Pampulha,Urbana,Uberlândia,IBGE
317020605000453,Carajás,Urbana,Uberlândia,IBGE
317020605000454,Lagoinha,Urbana,Uberlândia,IBGE
317020605000455,Lagoinha,Urbana,Uberlândia,IBGE
317020605000456,Lagoinha,Urbana,Uberlândia,IBGE
317020605000457,Lagoinha,Urbana,Uberlândia,IBGE
317020605000458,Jardim Inconfidência,Urbana,Uberlândia,IBGE
317020605000459,Granada,Urbana,Uberlândia,IBGE
317020605000460,Nova Uberlândia,Urbana,Uberlândia,IBGE
317020605000462,Nossa Senhora das Graças,Urbana,Uberlândia,IBGE
317020605000463,Nossa Senhora das Graças,Urbana,Uberlândia,IBGE
317020605000464,Santa Rosa,Urbana,Uberlândia,IBGE
317020605000465,Santa Rosa,Urbana,Uberlândia,IBGE
317020605000466,Santa Rosa,Urbana,Uberlândia,IBGE
317020605000467,Santa Rosa,Urbana,Uberlândia,IBGE
317020605000468,Santa Rosa,Urbana,Uberlândia,IBGE
317020605000469,Santa Rosa,Urbana,Uberlândia,IBGE
317020605000470,Nossa Senhora das Graças,Urbana,Uberlândia,IBGE
317020605000471,Nossa Senhora das Graças,Urbana,Uberlândia,IBGE
317020605000472,Nossa Senhora das Graças,Urbana,Uberlândia,IBGE
317020605000474,Aclimação,Urbana,Uberlândia,IBGE
317020605000475,Aclimação,Urbana,Uberlândia,IBGE
317020605000476,Aclimação,Urbana,Uberlândia,IBGE
317020605000477,Jardim Ipanema,Urbana,Uberlândia,IBGE
317020605000478,Jardim Ipanema,Urbana,Uberlândia,IBGE
317020605000479,Jardim Ipanema,Urbana,Uberlândia,IBGE
317020605000480,Jardim Ipanema,Urbana,Uberlândia,IBGE
317020605000482,Residencial Integração,Urbana,Uberlândia,IBGE
317020605000483,Residencial Integração,Urbana,Uberlândia,IBGE
317020605000484,Alvorada,Urbana,Uberlândia,IBGE
317020605000485,Granada,Urbana,Uberlândia,IBGE
317020605000486,Granada,Urbana,Uberlândia,IBGE
317020605000487,Granada,Urbana,Uberlândia,IBGE
317020605000488,Granada,Urbana,Uberlândia,IBGE
317020605000489,Granada,Urbana,Uberlândia,IBGE
317020605000490,Santa Luzia,Urbana,Uberlândia,IBGE
317020605000491,Granada,Urbana,Uberlândia,IBGE
317020605000492,Granada,Urbana,Uberlândia,IBGE
317020605000493,Morumbi,Urbana,Uberlândia,IBGE
317020605000495,Granada,Urbana,Uberlândia,IBGE
317020605000496,Santa Luzia,Urbana,Uberlândia,IBGE
317020605000497,Santa Rosa,Urbana,Uberlândia,IBGE
317020605000498,Nossa Senhora das Graças,Urbana,Uberlândia,IBGE
317020605000499,Alto Umuarama,Urbana,Uberlândia,IBGE
317020605000500,Morada dos Pássaros,Urbana,Uberlândia,IBGE
317020605000501,Jardim Ipanema,Urbana,Uberlândia,IBGE
317020605000502,Shopping Park,Urbana,Uberlândia,IBGE
317020605000503,Residencial Integração,Urbana,Uberlândia,IBGE
317020605000504,Residencial Integração,Urbana,Uberlândia,IBGE
317020605000506,Lídice,Urbana,Uberlândia,IBGE
317020605000507,Lídice,Urbana,Uberlândia,IBGE
317020605000508,Fundinho,Urbana,Uberlândia,IBGE
317020605000509,Osvaldo Rezende,Urbana,Uberlândia,IBGE
317020605000510,Martins,Urbana,Uberlândia,IBGE
317020605000511,Presidente Roosevelt,Urbana,Uberlândia,IBGE
317020605000512,Saraiva,Urbana,Uberlândia,IBGE
317020605000513,Saraiva,Urbana,Uberlândia,IBGE
317020605000514,Vigilato Pereira,Urbana,Uberlândia,IBGE
317020605000515,Patrimônio,Urbana,Uberlândia,IBGE
317020605000516,Cidade Jardim,Urbana,Uberlândia,IBGE
317020605000517,Cidade Jardim,Urbana,Uberlândia,IBGE
317020605000518,Jardim Brasília,Urbana,Uberlândia,IBGE
317020605000519,Jardim Brasília,Urbana,Uberlândia,IBGE
317020605000520,Maravilha,Urbana,Uberlândia,IBGE
317020605000521,Maravilha,Urbana,Uberlândia,IBGE
317020605000522,Maravilha,Urbana,Uberlândia,IBGE
317020605000523,Minas Gerais,Urbana,Uberlândia,IBGE
317020605000524,Minas Gerais,Urbana,Uberlândia,IBGE
317020605000525,Santa Mônica,Urbana,Uberlândia,IBGE
317020605000529,Santa Mônica,Urbana,Uberlândia,IBGE
317020605000530,Santa Mônica,Urbana,Uberlândia,IBGE
317020605000531,Santa Mônica,Urbana,Uberlândia,IBGE
317020605000532,Jardim Karaíba,Urbana,Uberlândia,IBGE
317020605000533,Jardim das Palmeiras,Urbana,Uberlândia,IBGE
317020605000534,Jardim das Palmeiras,Urbana,Uberlândia,IBGE
317020605000535,Jardim das Palmeiras,Urbana,Uberlândia,IBGE
317020605000536,Planalto,Urbana,Uberlândia,IBGE
317020605000537,Chácaras Tubalina e Quartel,Urbana,Uberlândia,IBGE
317020605000538,Chácaras Tubalina e Quartel,Urbana,Uberlândia,IBGE
317020605000539,Chácaras Tubalina e Quartel,Urbana,Uberlândia,IBGE
317020605000541,Jardim Patrícia,Urbana,Uberlândia,IBGE
317020605000542,Jardim Patrícia,Urbana,Uberlândia,IBGE
317020605000543,Jardim Patrícia,Urbana,Uberlândia,IBGE
317020605000544,Segismundo Pereira,Urbana,Uberlândia,IBGE
317020605000545,Segismundo Pereira,Urbana,Uberlândia,IBGE
317020605000546,Segismundo Pereira,Urbana,Uberlândia,IBGE
317020605000547,Santa Luzia,Urbana,Uberlândia,IBGE
317020605000548,São Jorge,Urbana,Uberlândia,IBGE
317020605000549,São Jorge,Urbana,Uberlândia,IBGE
317020605000550,São Jorge,Urbana,Uberlândia,IBGE
317020605000551,São Jorge,Urbana,Uberlândia,IBGE
317020605000552,Laranjeiras,Urbana,Uberlândia,IBGE
317020605000553,Laranjeiras,Urbana,Uberlândia,IBGE
317020605000554,Jardim Canaã,Urbana,Uberlândia,IBGE
317020605000555,Jardim Canaã,Urbana,Uberlândia,IBGE
317020605000556,Jardim Canaã,Urbana,Uberlândia,IBGE
317020605000557,Jardim Canaã,Urbana,Uberlândia,IBGE
317020605000558,Jardim Canaã,Urbana,Uberlândia,IBGE
317020605000559,Jardim Canaã,Urbana,Uberlândia,IBGE
317020605000560,Tocantins,Urbana,Uberlândia,IBGE
317020605000561,Guarani,Urbana,Uberlândia,IBGE
317020605000562,Morumbi,Urbana,Uberlândia,IBGE
317020605000563,Morumbi,Urbana,Uberlândia,IBGE
317020605000564,Uberlandia,Rural,Uberlândia,CNEFE
317020605000569,Zona rural — Uberlândia,Rural,Uberlândia,distrito
317020605000570,Zona rural — Uberlândia,Rural,Uberlândia,distrito
317020605000571,Zona rural — Uberlândia,Rural,Uberlândia,distrito
317020605000572,Zona rural — Uberlândia,Rural,Uberlândia,distrito
317020605000573,Uberlandia,Rural,Uberlândia,CNEFE
317020605000574,Uberlandia,Rural,Uberlândia,CNEFE
317020605000575,Vila Marielza,Rural,Uberlândia,CNEFE
317020605000576,Martins,Urbana,Uberlândia,IBGE
317020605000577,Martins,Urbana,Uberlândia,IBGE
317020605000578,Presidente Roosevelt,Urbana,Uberlândia,IBGE
317020605000579,Presidente Roosevelt,Urbana,Uberlândia,IBGE
317020605000580,Presidente Roosevelt,Urbana,Uberlândia,IBGE
317020605000581,Presidente Roosevelt,Urbana,Uberlândia,IBGE
317020605000582,Presidente Roosevelt,Urbana,Uberlândia,IBGE
317020605000583,Presidente Roosevelt,Urbana,Uberlândia,IBGE
317020605000584,Presidente Roosevelt,Urbana,Uberlândia,IBGE
317020605000585,Pacaembú,Urbana,Uberlândia,IBGE
317020605000586,Pacaembú,Urbana,Uberlândia,IBGE
317020605000587,Pacaembú,Urbana,Uberlândia,IBGE
317020605000590,Taiaman,Urbana,Uberlândia,IBGE
317020605000591,Jardim Holanda,Urbana,Uberlândia,IBGE
317020605000592,Jardim Sul,Urbana,Uberlândia,IBGE
317020605000593,Presidente Roosevelt,Urbana,Uberlândia,IBGE
317020605000594,Laranjeiras,Urbana,Uberlândia,IBGE
317020605000595,Laranjeiras,Urbana,Uberlândia,IBGE
317020605000596,Laranjeiras,Urbana,Uberlândia,IBGE
317020605000597,Laranjeiras,Urbana,Uberlândia,IBGE
317020605000598,Santa Rosa,Urbana,Uberlândia,IBGE
317020605000599,Santa Rosa,Urbana,Uberlândia,IBGE
317020605000600,Santa Rosa,Urbana,Uberlândia,IBGE
317020605000601,Santa Rosa,Urbana,Uberlândia,IBGE
317020605000602,Santa Rosa,Urbana,Uberlândia,IBGE
317020605000603,Santa Rosa,Urbana,Uberlândia,IBGE
317020605000604,Granada,Urbana,Uberlândia,IBGE
317020605000605,Granada,Urbana,Uberlândia,IBGE
317020605000606,Granada,Urbana,Uberlândia,IBGE
317020605000607,Granada,Urbana,Uberlândia,IBGE
317020605000608,Granada,Urbana,Uberlândia,IBGE
317020605000609,Granada,Urbana,Uberlândia,IBGE
317020605000610,Nova Uberlândia,Urbana,Uberlândia,IBGE
317020605000611,Nova Uberlândia,Urbana,Uberlândia,IBGE
317020605000612,Nova Uberlândia,Urbana,Uberlândia,IBGE
317020605000613,Nova Uberlândia,Urbana,Uberlândia,IBGE
317020605000614,Nova Uberlândia,Urbana,Uberlândia,IBGE
317020605000615,Gávea,Urbana,Uberlândia,IBGE
317020605000616,Jardim Europa,Urbana,Uberlândia,IBGE
317020605000618,Jardim Europa,Urbana,Uberlândia,IBGE
317020605000619,Jardim Europa,Urbana,Uberlândia,IBGE
317020605000620,Jardim Europa,Urbana,Uberlândia,IBGE
317020605000621,Jardim Europa,Urbana,Uberlândia,IBGE
317020605000622,Jardim Europa,Urbana,Uberlândia,IBGE
317020605000623,Jardim Europa,Urbana,Uberlândia,IBGE
317020605000624,Jardim Europa,Urbana,Uberlândia,IBGE
317020605000625,Panorama,Urbana,Uberlândia,IBGE
317020605000626,Panorama,Urbana,Uberlândia,IBGE
317020605000627,Panorama,Urbana,Uberlândia,IBGE
317020605000628,Panorama,Urbana,Uberlândia,IBGE
317020605000630,Residencial Integração,Urbana,Uberlândia,IBGE
317020605000631,Residencial Integração,Urbana,Uberlândia,IBGE
317020605000632,Residencial Integração,Urbana,Uberlândia,IBGE
317020605000633,Residencial Integração,Urbana,Uberlândia,IBGE
317020605000634,Residencial Integração,Urbana,Uberlândia,IBGE
317020605000635,Residencial Integração,Urbana,Uberlândia,IBGE
317020605000636,Portal do Vale,Urbana,Uberlândia,IBGE
317020605000637,Residencial Integração,Urbana,Uberlândia,IBGE
317020605000638,Residencial Integração,Urbana,Uberlândia,IBGE
317020605000639,Residencial Integração,Urbana,Uberlândia,IBGE
317020605000640,Residencial Integração,Urbana,Uberlândia,IBGE
317020605000641,Residencial Integração,Urbana,Uberlândia,IBGE
317020605000642,Residencial Integração,Urbana,Uberlândia,IBGE
317020605000643,Residencial Integração,Urbana,Uberlândia,IBGE
317020605000645,Residencial Integração,Urbana,Uberlândia,IBGE
317020605000647,Santa Mônica,Urbana,Uberlândia,IBGE
317020605000649,Jardim Sul,Urbana,Uberlândia,IBGE
317020605000650,Santa Mônica,Urbana,Uberlândia,IBGE
317020605000651,Santa Mônica,Urbana,Uberlândia,IBGE
317020605000652,Santa Mônica,Urbana,Uberlândia,IBGE
317020605000654,Santa Mônica,Urbana,Uberlândia,IBGE
317020605000656,Santa Mônica,Urbana,Uberlândia,IBGE
317020605000657,Santa Mônica,Urbana,Uberlândia,IBGE
317020605000658,Santa Mônica,Urbana,Uberlândia,IBGE
317020605000659,Santa Mônica,Urbana,Uberlândia,IBGE
317020605000660,Santa Mônica,Urbana,Uberlândia,IBGE
317020605000661,Santa Mônica,Urbana,Uberlândia,IBGE
317020605000662,Santa Mônica,Urbana,Uberlândia,IBGE
317020605000663,Santa Mônica,Urbana,Uberlândia,IBGE
317020605000664,Santa Mônica,Urbana,Uberlândia,IBGE
317020605000665,Santa Mônica,Urbana,Uberlândia,IBGE
317020605000666,Santa Mônica,Urbana,Uberlândia,IBGE
317020605000667,Santa Mônica,Urbana,Uberlândia,IBGE
317020605000668,Santa Mônica,Urbana,Uberlândia,IBGE
317020605000670,Santa Mônica,Urbana,Uberlândia,IBGE
317020605000671,Santa Mônica,Urbana,Uberlândia,IBGE
317020605000672,Santa Mônica,Urbana,Uberlândia,IBGE
317020605000673,Santa Mônica,Urbana,Uberlândia,IBGE
317020605000675,Santa Mônica,Urbana,Uberlândia,IBGE
317020605000677,Santa Mônica,Urbana,Uberlândia,IBGE
317020605000678,Santa Mônica,Urbana,Uberlândia,IBGE
317020605000679,Santa Mônica,Urbana,Uberlândia,IBGE
317020605000680,Santa Mônica,Urbana,Uberlândia,IBGE
317020605000681,Santa Mônica,Urbana,Uberlândia,IBGE
317020605000683,Santa Mônica,Urbana,Uberlândia,IBGE
317020605000684,Santa Mônica,Urbana,Uberlândia,IBGE
317020605000685,Santa Mônica,Urbana,Uberlândia,IBGE
317020605000687,Santa Mônica,Urbana,Uberlândia,IBGE
317020605000688,Santa Mônica,Urbana,Uberlândia,IBGE
317020605000689,Santa Mônica,Urbana,Uberlândia,IBGE
317020605000690,Santa Mônica,Urbana,Uberlândia,IBGE
317020605000691,Santa Mônica,Urbana,Uberlândia,IBGE
317020605000692,Santa Mônica,Urbana,Uberlândia,IBGE
317020605000693,Santa Mônica,Urbana,Uberlândia,IBGE
317020605000694,Santa Mônica,Urbana,Uberlândia,IBGE
317020605000695,Santa Mônica,Urbana,Uberlândia,IBGE
317020605000696,Santa Mônica,Urbana,Uberlândia,IBGE
317020605000697,Segismundo Pereira,Urbana,Uberlândia,IBGE
317020605000699,Santa Mônica,Urbana,Uberlândia,IBGE
317020605000700,Santa Mônica,Urbana,Uberlândia,IBGE
317020605000701,Umuarama,Urbana,Uberlândia,IBGE
317020605000702,Umuarama,Urbana,Uberlândia,IBGE
317020605000703,Umuarama,Urbana,Uberlândia,IBGE
317020605000704,Umuarama,Urbana,Uberlândia,IBGE
317020605000705,Umuarama,Urbana,Uberlândia,IBGE
317020605000706,Umuarama,Urbana,Uberlândia,IBGE
317020605000707,Umuarama,Urbana,Uberlândia,IBGE
317020605000708,Umuarama,Urbana,Uberlândia,IBGE
317020605000709,Segismundo Pereira,Urbana,Uberlândia,IBGE
317020605000710,Segismundo Pereira,Urbana,Uberlândia,IBGE
317020605000712,Segismundo Pereira,Urbana,Uberlândia,IBGE
317020605000713,Segismundo Pereira,Urbana,Uberlândia,IBGE
317020605000714,Segismundo Pereira,Urbana,Uberlândia,IBGE
317020605000716,Segismundo Pereira,Urbana,Uberlândia,IBGE
317020605000718,Segismundo Pereira,Urbana,Uberlândia,IBGE
317020605000720,Segismundo Pereira,Urbana,Uberlândia,IBGE
317020605000722,Segismundo Pereira,Urbana,Uberlândia,IBGE
317020605000723,Segismundo Pereira,Urbana,Uberlândia,IBGE
317020605000724,Santa Mônica,Urbana,Uberlândia,IBGE
317020605000725,Santa Mônica,Urbana,Uberlândia,IBGE
317020605000726,Santa Mônica,Urbana,Uberlândia,IBGE
317020605000727,Santa Mônica,Urbana,Uberlândia,IBGE
317020605000729,Santa Mônica,Urbana,Uberlândia,IBGE
317020605000730,Santa Mônica,Urbana,Uberlândia,IBGE
317020605000732,Segismundo Pereira,Urbana,Uberlândia,IBGE
317020605000735,Segismundo Pereira,Urbana,Uberlândia,IBGE
317020605000736,Umuarama,Urbana,Uberlândia,IBGE
317020605000737,Tibery,Urbana,Uberlândia,IBGE
317020605000738,Tibery,Urbana,Uberlândia,IBGE
317020605000739,Tibery,Urbana,Uberlândia,IBGE
317020605000740,Tibery,Urbana,Uberlândia,IBGE
317020605000741,Tibery,Urbana,Uberlândia,IBGE
317020605000742,Tibery,Urbana,Uberlândia,IBGE
317020605000743,Tibery,Urbana,Uberlândia,IBGE
317020605000744,Tibery,Urbana,Uberlândia,IBGE
317020605000745,Tibery,Urbana,Uberlândia,IBGE
317020605000746,Tibery,Urbana,Uberlândia,IBGE
317020605000747,Tibery,Urbana,Uberlândia,IBGE
317020605000748,Tibery,Urbana,Uberlândia,IBGE
317020605000749,Tibery,Urbana,Uberlândia,IBGE
317020605000750,Tibery,Urbana,Uberlândia,IBGE
317020605000751,Tibery,Urbana,Uberlândia,IBGE
317020605000752,Tibery,Urbana,Uberlândia,IBGE
317020605000753,Tibery,Urbana,Uberlândia,IBGE
317020605000754,Tibery,Urbana,Uberlândia,IBGE
317020605000756,Tibery,Urbana,Uberlândia,IBGE
317020605000758,Tibery,Urbana,Uberlândia,IBGE
317020605000759,Tibery,Urbana,Uberlândia,IBGE
317020605000760,Tibery,Urbana,Uberlândia,IBGE
317020605000761,Tibery,Urbana,Uberlândia,IBGE
317020605000762,Tibery,Urbana,Uberlândia,IBGE
317020605000763,Tibery,Urbana,Uberlândia,IBGE
317020605000764,Tibery,Urbana,Uberlândia,IBGE
317020605000766,Novo Mundo,Urbana,Uberlândia,IBGE
317020605000769,Novo Mundo,Urbana,Uberlândia,IBGE
317020605000770,Nova Alvorada,Urbana,Uberlândia,IBGE
317020605000771,Alvorada,Urbana,Uberlândia,IBGE
317020605000772,Custódio Pereira,Urbana,Uberlândia,IBGE
317020605000773,Custódio Pereira,Urbana,Uberlândia,IBGE
317020605000774,Custódio Pereira,Urbana,Uberlândia,IBGE
317020605000775,Custódio Pereira,Urbana,Uberlândia,IBGE
317020605000776,Custódio Pereira,Urbana,Uberlândia,IBGE
317020605000777,Custódio Pereira,Urbana,Uberlândia,IBGE
317020605000778,Custódio Pereira,Urbana,Uberlândia,IBGE
317020605000779,Custódio Pereira,Urbana,Uberlândia,IBGE
317020605000780,Custódio Pereira,Urbana,Uberlândia,IBGE
317020605000781,Custódio Pereira,Urbana,Uberlândia,IBGE
317020605000782,Custódio Pereira,Urbana,Uberlândia,IBGE
317020605000784,Residencial Integração,Urbana,Uberlândia,IBGE
317020605000786,Alvorada,Urbana,Uberlândia,IBGE
317020605000787,Alvorada,Urbana,Uberlândia,IBGE
317020605000788,Alvorada,Urbana,Uberlândia,IBGE
317020605000789,Residencial Integração,Urbana,Uberlândia,IBGE
317020605000790,Residencial Integração,Urbana,Uberlândia,IBGE
317020605000791,Residencial Integração,Urbana,Uberlândia,IBGE
317020605000792,Residencial Integração,Urbana,Uberlândia,IBGE
317020605000793,Residencial Integração,Urbana,Uberlândia,IBGE
317020605000794,Residencial Integração,Urbana,Uberlândia,IBGE
317020605000795,Residencial Integração,Urbana,Uberlândia,IBGE
317020605000796,Residencial Integração,Urbana,Uberlândia,IBGE
317020605000797,Residencial Integração,Urbana,Uberlândia,IBGE
317020605000798,Residencial Integração,Urbana,Uberlândia,IBGE
317020605000799,Residencial Integração,Urbana,Uberlândia,IBGE
317020605000800,Residencial Integração,Urbana,Uberlândia,IBGE
317020605000801,Residencial Integração,Urbana,Uberlândia,IBGE
317020605000802,Residencial Integração,Urbana,Uberlândia,IBGE
317020605000803,Residencial Integração,Urbana,Uberlândia,IBGE
317020605000804,Residencial Integração,Urbana,Uberlândia,IBGE
317020605000805,Residencial Integração,Urbana,Uberlândia,IBGE
317020605000806,Residencial Integração,Urbana,Uberlândia,IBGE
317020605000807,Residencial Integração,Urbana,Uberlândia,IBGE
317020605000808,Portal do Vale,Urbana,Uberlândia,IBGE
317020605000809,Portal do Vale,Urbana,Uberlândia,IBGE
317020605000812,Residencial Integração,Urbana,Uberlândia,IBGE
317020605000813,Alto Umuarama,Urbana,Uberlândia,IBGE
317020605000814,Alto Umuarama,Urbana,Uberlândia,IBGE
317020605000815,Alto Umuarama,Urbana,Uberlândia,IBGE
317020605000816,Alto Umuarama,Urbana,Uberlândia,IBGE
317020605000818,Alto Umuarama,Urbana,Uberlândia,IBGE
317020605000819,Alto Umuarama,Urbana,Uberlândia,IBGE
317020605000820,Alto Umuarama,Urbana,Uberlândia,IBGE
317020605000821,Alto Umuarama,Urbana,Uberlândia,IBGE
317020605000822,Alto Umuarama,Urbana,Uberlândia,IBGE
317020605000823,Alto Umuarama,Urbana,Uberlândia,IBGE
317020605000824,Alto Umuarama,Urbana,Uberlândia,IBGE
317020605000825,Alto Umuarama,Urbana,Uberlândia,IBGE
317020605000826,Alto Umuarama,Urbana,Uberlândia,IBGE
317020605000827,Centro,Urbana,Uberlândia,IBGE
317020605000828,Centro,Urbana,Uberlândia,IBGE
317020605000829,Centro,Urbana,Uberlândia,IBGE
317020605000830,Centro,Urbana,Uberlândia,IBGE
317020605000831,Centro,Urbana,Uberlândia,IBGE
317020605000832,Centro,Urbana,Uberlândia,IBGE
317020605000833,Centro,Urbana,Uberlândia,IBGE
317020605000834,Centro,Urbana,Uberlândia,IBGE
317020605000835,Centro,Urbana,Uberlândia,IBGE
317020605000837,Morumbi,Urbana,Uberlândia,IBGE
317020605000838,Morumbi,Urbana,Uberlândia,IBGE
317020605000839,Morumbi,Urbana,Uberlândia,IBGE
317020605000840,Morumbi,Urbana,Uberlândia,IBGE
317020605000841,Morumbi,Urbana,Uberlândia,IBGE
317020605000843,Morumbi,Urbana,Uberlândia,IBGE
317020605000845,Morumbi,Urbana,Uberlândia,IBGE
317020605000846,Morumbi,Urbana,Uberlândia,IBGE
317020605000847,Morumbi,Urbana,Uberlândia,IBGE
317020605000848,Morumbi,Urbana,Uberlândia,IBGE
317020605000849,Morumbi,Urbana,Uberlândia,IBGE
317020605000850,Morumbi,Urbana,Uberlândia,IBGE
317020605000851,Morumbi,Urbana,Uberlândia,IBGE
317020605000852,Morumbi,Urbana,Uberlândia,IBGE
317020605000853,Morumbi,Urbana,Uberlândia,IBGE
317020605000854,Morumbi,Urbana,Uberlândia,IBGE
317020605000855,Morumbi,Urbana,Uberlândia,IBGE
317020605000856,Morumbi,Urbana,Uberlândia,IBGE
317020605000857,Morumbi,Urbana,Uberlândia,IBGE
317020605000858,Morumbi,Urbana,Uberlândia,IBGE
317020605000859,Morumbi,Urbana,Uberlândia,IBGE
317020605000860,Morumbi,Urbana,Uberlândia,IBGE
317020605000861,Morumbi,Urbana,Uberlândia,IBGE
317020605000862,Morumbi,Urbana,Uberlândia,IBGE
317020605000863,Morumbi,Urbana,Uberlândia,IBGE
317020605000865,Morumbi,Urbana,Uberlândia,IBGE
317020605000866,Morumbi,Urbana,Uberlândia,IBGE
317020605000868,Morumbi,Urbana,Uberlândia,IBGE
317020605000869,Morumbi,Urbana,Uberlândia,IBGE
317020605000870,Cazeca,Urbana,Uberlândia,IBGE
317020605000871,Cazeca,Urbana,Uberlândia,IBGE
317020605000872,Cazeca,Urbana,Uberlândia,IBGE
317020605000873,Lídice,Urbana,Uberlândia,IBGE
317020605000874,Tabajaras,Urbana,Uberlândia,IBGE
317020605000875,Tabajaras,Urbana,Uberlândia,IBGE
317020605000877,Tabajaras,Urbana,Uberlândia,IBGE
317020605000878,Tabajaras,Urbana,Uberlândia,IBGE
317020605000879,Tabajaras,Urbana,Uberlândia,IBGE
317020605000880,Tabajaras,Urbana,Uberlândia,IBGE
317020605000881,Tabajaras,Urbana,Uberlândia,IBGE
317020605000882,Daniel Fonseca,Urbana,Uberlândia,IBGE
317020605000883,Daniel Fonseca,Urbana,Uberlândia,IBGE
317020605000884,Daniel Fonseca,Urbana,Uberlândia,IBGE
317020605000885,Daniel Fonseca,Urbana,Uberlândia,IBGE
317020605000886,Daniel Fonseca,Urbana,Uberlândia,IBGE
317020605000887,Daniel Fonseca,Urbana,Uberlândia,IBGE
317020605000888,Fundinho,Urbana,Uberlândia,IBGE
317020605000889,Fundinho,Urbana,Uberlândia,IBGE
317020605000890,Fundinho,Urbana,Uberlândia,IBGE
317020605000891,Bom Jesus,Urbana,Uberlândia,IBGE
317020605000892,Martins,Urbana,Uberlândia,IBGE
317020605000893,Martins,Urbana,Uberlândia,IBGE
317020605000894,Martins,Urbana,Uberlândia,IBGE
317020605000895,Martins,Urbana,Uberlândia,IBGE
317020605000896,Martins,Urbana,Uberlândia,IBGE
317020605000897,Martins,Urbana,Uberlândia,IBGE
317020605000898,Nossa Senhora Aparecida,Urbana,Uberlândia,IBGE
317020605000899,Nossa Senhora Aparecida,Urbana,Uberlândia,IBGE
317020605000900,Nossa Senhora Aparecida,Urbana,Uberlândia,IBGE
317020605000901,Nossa Senhora Aparecida,Urbana,Uberlândia,IBGE
317020605000902,Nossa Senhora Aparecida,Urbana,Uberlândia,IBGE
317020605000903,Nossa Senhora Aparecida,Urbana,Uberlândia,IBGE
317020605000904,Nossa Senhora Aparecida,Urbana,Uberlândia,IBGE
317020605000905,Nossa Senhora Aparecida,Urbana,Uberlândia,IBGE
317020605000906,Nossa Senhora Aparecida,Urbana,Uberlândia,IBGE
317020605000907,Nossa Senhora Aparecida,Urbana,Uberlândia,IBGE
317020605000908,Nossa Senhora Aparecida,Urbana,Uberlândia,IBGE
317020605000909,Nossa Senhora Aparecida,Urbana,Uberlândia,IBGE
317020605000910,Brasil,Urbana,Uberlândia,IBGE
317020605000911,Brasil,Urbana,Uberlândia,IBGE
317020605000912,Brasil,Urbana,Uberlândia,IBGE
317020605000913,Brasil,Urbana,Uberlândia,IBGE
317020605000914,Brasil,Urbana,Uberlândia,IBGE
317020605000915,Brasil,Urbana,Uberlândia,IBGE
317020605000916,Brasil,Urbana,Uberlândia,IBGE
317020605000917,Brasil,Urbana,Uberlândia,IBGE
317020605000918,Brasil,Urbana,Uberlândia,IBGE
317020605000919,Brasil,Urbana,Uberlândia,IBGE
317020605000920,Brasil,Urbana,Uberlândia,IBGE
317020605000921,Brasil,Urbana,Uberlândia,IBGE
317020605000922,Presidente Roosevelt,Urbana,Uberlândia,IBGE
317020605000923,Presidente Roosevelt,Urbana,Uberlândia,IBGE
317020605000924,Presidente Roosevelt,Urbana,Uberlândia,IBGE
317020605000925,Presidente Roosevelt,Urbana,Uberlândia,IBGE
317020605000926,Presidente Roosevelt,Urbana,Uberlândia,IBGE
317020605000927,Presidente Roosevelt,Urbana,Uberlândia,IBGE
317020605000928,Presidente Roosevelt,Urbana,Uberlândia,IBGE
317020605000929,Presidente Roosevelt,Urbana,Uberlândia,IBGE
317020605000930,Presidente Roosevelt,Urbana,Uberlândia,IBGE
317020605000931,Presidente Roosevelt,Urbana,Uberlândia,IBGE
317020605000932,Presidente Roosevelt,Urbana,Uberlândia,IBGE
317020605000933,Presidente Roosevelt,Urbana,Uberlândia,IBGE
317020605000934,Presidente Roosevelt,Urbana,Uberlândia,IBGE
317020605000935,Presidente Roosevelt,Urbana,Uberlândia,IBGE
317020605000937,Presidente Roosevelt,Urbana,Uberlândia,IBGE
317020605000938,Presidente Roosevelt,Urbana,Uberlândia,IBGE
317020605000939,Presidente Roosevelt,Urbana,Uberlândia,IBGE
317020605000940,Osvaldo Rezende,Urbana,Uberlândia,IBGE
317020605000941,Osvaldo Rezende,Urbana,Uberlândia,IBGE
317020605000942,Osvaldo Rezende,Urbana,Uberlândia,IBGE
317020605000943,Osvaldo Rezende,Urbana,Uberlândia,IBGE
317020605000944,Osvaldo Rezende,Urbana,Uberlândia,IBGE
317020605000945,Osvaldo Rezende,Urbana,Uberlândia,IBGE
317020605000946,Osvaldo Rezende,Urbana,Uberlândia,IBGE
317020605000947,Osvaldo Rezende,Urbana,Uberlândia,IBGE
317020605000948,Osvaldo Rezende,Urbana,Uberlândia,IBGE
317020605000949,Osvaldo Rezende,Urbana,Uberlândia,IBGE
317020605000950,Osvaldo Rezende,Urbana,Uberlândia,IBGE
317020605000951,Osvaldo Rezende,Urbana,Uberlândia,IBGE
317020605000952,Osvaldo Rezende,Urbana,Uberlândia,IBGE
317020605000953,Osvaldo Rezende,Urbana,Uberlândia,IBGE
317020605000954,Osvaldo Rezende,Urbana,Uberlândia,IBGE
317020605000955,Osvaldo Rezende,Urbana,Uberlândia,IBGE
317020605000956,Osvaldo Rezende,Urbana,Uberlândia,IBGE
317020605000957,Distrito Industrial,Urbana,Uberlândia,IBGE
317020605000958,Distrito Industrial,Urbana,Uberlândia,IBGE
317020605000960,Distrito Industrial,Urbana,Uberlândia,IBGE
317020605000963,Presidente Roosevelt,Urbana,Uberlândia,IBGE
317020605000964,Presidente Roosevelt,Urbana,Uberlândia,IBGE
317020605000965,Presidente Roosevelt,Urbana,Uberlândia,IBGE
317020605000967,Jardim Brasília,Urbana,Uberlândia,IBGE
317020605000968,Jardim Brasília,Urbana,Uberlândia,IBGE
317020605000969,Jardim Brasília,Urbana,Uberlândia,IBGE
317020605000970,Jardim Brasília,Urbana,Uberlândia,IBGE
317020605000971,Jardim Brasília,Urbana,Uberlândia,IBGE
317020605000972,Jardim Brasília,Urbana,Uberlândia,IBGE
317020605000973,Jardim Brasília,Urbana,Uberlândia,IBGE
317020605000974,Jardim Brasília,Urbana,Uberlândia,IBGE
317020605000975,Jardim Brasília,Urbana,Uberlândia,IBGE
317020605000976,Jardim Brasília,Urbana,Uberlândia,IBGE
317020605000978,Jardim Brasília,Urbana,Uberlândia,IBGE
317020605000979,Jardim Brasília,Urbana,Uberlândia,IBGE
317020605000980,Jardim Brasília,Urbana,Uberlândia,IBGE
317020605000981,Jardim Brasília,Urbana,Uberlândia,IBGE
317020605000982,Jardim Brasília,Urbana,Uberlândia,IBGE
317020605000983,Jardim Brasília,Urbana,Uberlândia,IBGE
317020605000984,Maravilha,Urbana,Uberlândia,IBGE
317020605000985,Maravilha,Urbana,Uberlândia,IBGE
317020605000986,Maravilha,Urbana,Uberlândia,IBGE
317020605000987,Maravilha,Urbana,Uberlândia,IBGE
317020605000988,Maravilha,Urbana,Uberlândia,IBGE
317020605000989,Maravilha,Urbana,Uberlândia,IBGE
317020605000990,Maravilha,Urbana,Uberlândia,IBGE
317020605000991,Maravilha,Urbana,Uberlândia,IBGE
317020605000992,Maravilha,Urbana,Uberlândia,IBGE
317020605000993,São José,Urbana,Uberlândia,IBGE
317020605000995,Jardim Brasília,Urbana,Uberlândia,IBGE
317020605000996,Jardim Brasília,Urbana,Uberlândia,IBGE
317020605000997,Jardim Brasília,Urbana,Uberlândia,IBGE
317020605000998,Jardim Brasília,Urbana,Uberlândia,IBGE
317020605000999,Jardim Brasília,Urbana,Uberlândia,IBGE
317020605001000,Jardim Brasília,Urbana,Uberlândia,IBGE
317020605001001,Jardim Brasília,Urbana,Uberlândia,IBGE
317020605001002,Jardim Brasília,Urbana,Uberlândia,IBGE
317020605001003,Jardim Brasília,Urbana,Uberlândia,IBGE
317020605001004,Aclimação,Urbana,Uberlândia,IBGE
317020605001005,Aclimação,Urbana,Uberlândia,IBGE
317020605001009,Aclimação,Urbana,Uberlândia,IBGE
317020605001010,Aclimação,Urbana,Uberlândia,IBGE
317020605001011,Aclimação,Urbana,Uberlândia,IBGE
317020605001012,Aclimação,Urbana,Uberlândia,IBGE
317020605001013,Aclimação,Urbana,Uberlândia,IBGE
317020605001014,Aclimação,Urbana,Uberlândia,IBGE
317020605001015,Aclimação,Urbana,Uberlândia,IBGE
317020605001016,Aclimação,Urbana,Uberlândia,IBGE
317020605001017,Aclimação,Urbana,Uberlândia,IBGE
317020605001018,Aclimação,Urbana,Uberlândia,IBGE
317020605001019,Aclimação,Urbana,Uberlândia,IBGE
317020605001020,Aclimação,Urbana,Uberlândia,IBGE
317020605001021,Aclimação,Urbana,Uberlândia,IBGE
317020605001023,Aclimação,Urbana,Uberlândia,IBGE
317020605001024,Aclimação,Urbana,Uberlândia,IBGE
317020605001026,Aclimação,Urbana,Uberlândia,IBGE
317020605001028,Morada dos Pássaros,Urbana,Uberlândia,IBGE
317020605001029,Morada dos Pássaros,Urbana,Uberlândia,IBGE
317020605001030,Morada dos Pássaros,Urbana,Uberlândia,IBGE
317020605001031,Morada dos Pássaros,Urbana,Uberlândia,IBGE
317020605001033,Jardim Ipanema,Urbana,Uberlândia,IBGE
317020605001036,Jardim Ipanema,Urbana,Uberlândia,IBGE
317020605001038,Jardim Ipanema,Urbana,Uberlândia,IBGE
317020605001039,Jardim Ipanema,Urbana,Uberlândia,IBGE
317020605001040,Jardim Ipanema,Urbana,Uberlândia,IBGE
317020605001041,Jardim Ipanema,Urbana,Uberlândia,IBGE
317020605001042,Jardim Ipanema,Urbana,Uberlândia,IBGE
317020605001043,Portal do Vale,Urbana,Uberlândia,vizinho
317020605001044,Portal do Vale,Urbana,Uberlândia,vizinho
317020605001045,Mansoes Aeroporto,Urbana,Uberlândia,CNEFE
317020605001046,Jardim Ipanema,Urbana,Uberlândia,vizinho
317020605001047,Jardim Ipanema,Urbana,Uberlândia,vizinho
317020605001048,Pacaembú,Urbana,Uberlândia,IBGE
317020605001049,Pacaembú,Urbana,Uberlândia,IBGE
317020605001050,Pacaembú,Urbana,Uberlândia,IBGE
317020605001051,Pacaembú,Urbana,Uberlândia,IBGE
317020605001053,Residencial Gramado,Urbana,Uberlândia,IBGE
317020605001054,Residencial Gramado,Urbana,Uberlândia,IBGE
317020605001056,Minas Gerais,Urbana,Uberlândia,IBGE
317020605001057,Minas Gerais,Urbana,Uberlândia,IBGE
317020605001058,Minas Gerais,Urbana,Uberlândia,IBGE
317020605001059,Minas Gerais,Urbana,Uberlândia,IBGE
317020605001060,Minas Gerais,Urbana,Uberlândia,IBGE
317020605001061,Minas Gerais,Urbana,Uberlândia,IBGE
317020605001062,Minas Gerais,Urbana,Uberlândia,IBGE
317020605001063,Minas Gerais,Urbana,Uberlândia,IBGE
317020605001064,Nossa Senhora das Graças,Urbana,Uberlândia,IBGE
317020605001065,Minas Gerais,Urbana,Uberlândia,IBGE
317020605001066,Minas Gerais,Urbana,Uberlândia,IBGE
317020605001067,Minas Gerais,Urbana,Uberlândia,IBGE
317020605001068,Minas Gerais,Urbana,Uberlândia,IBGE
317020605001069,Minas Gerais,Urbana,Uberlândia,IBGE
317020605001070,Minas Gerais,Urbana,Uberlândia,IBGE
317020605001071,Minas Gerais,Urbana,Uberlândia,IBGE
317020605001072,Minas Gerais,Urbana,Uberlândia,IBGE
317020605001074,Residencial Gramado,Urbana,Uberlândia,IBGE
317020605001075,Nossa Senhora das Graças,Urbana,Uberlândia,IBGE
317020605001076,Marta Helena,Urbana,Uberlândia,IBGE
317020605001077,Marta Helena,Urbana,Uberlândia,IBGE
317020605001078,Marta Helena,Urbana,Uberlândia,IBGE
317020605001079,Marta Helena,Urbana,Uberlândia,IBGE
317020605001080,Marta Helena,Urbana,Uberlândia,IBGE
317020605001081,Marta Helena,Urbana,Uberlândia,IBGE
317020605001082,Marta Helena,Urbana,Uberlândia,IBGE
317020605001083,Marta Helena,Urbana,Uberlândia,IBGE
317020605001084,Marta Helena,Urbana,Uberlândia,IBGE
317020605001085,Marta Helena,Urbana,Uberlândia,IBGE
317020605001086,Marta Helena,Urbana,Uberlândia,IBGE
317020605001088,Nossa Senhora das Graças,Urbana,Uberlândia,IBGE
317020605001090,Santa Rosa,Urbana,Uberlândia,IBGE
317020605001091,Santa Rosa,Urbana,Uberlândia,IBGE
317020605001093,Santa Rosa,Urbana,Uberlândia,IBGE
317020605001094,Santa Rosa,Urbana,Uberlândia,IBGE
317020605001095,Santa Rosa,Urbana,Uberlândia,IBGE
317020605001096,Santa Rosa,Urbana,Uberlândia,IBGE
317020605001097,Nossa Senhora das Graças,Urbana,Uberlândia,IBGE
317020605001098,Nossa Senhora das Graças,Urbana,Uberlândia,IBGE
317020605001100,Nossa Senhora das Graças,Urbana,Uberlândia,IBGE
317020605001101,Nossa Senhora das Graças,Urbana,Uberlândia,IBGE
317020605001102,Nossa Senhora das Graças,Urbana,Uberlândia,IBGE
317020605001103,Nossa Senhora das Graças,Urbana,Uberlândia,IBGE
317020605001104,Nossa Senhora das Graças,Urbana,Uberlândia,IBGE
317020605001105,Uberlandia,Urbana,Uberlândia,CNEFE
317020605001106,Fazenda Santa Ines,Rural,Uberlândia,CNEFE
317020605001107,Fazenda Alvorada,Rural,Uberlândia,CNEFE
317020605001108,Chacaras Olivera,Rural,Uberlândia,CNEFE
317020605001109,Rio das Pedras,Rural,Uberlândia,CNEFE
317020605001110,Zona rural — Uberlândia,Rural,Uberlândia,distrito
317020605001111,Uberlandia,Rural,Uberlândia,CNEFE
317020605001113,Zona rural — Uberlândia,Rural,Uberlândia,distrito
317020605001114,Zona rural — Uberlândia,Rural,Uberlândia,distrito
317020605001115,Uberlandia,Urbana,Uberlândia,CNEFE
317020605001116,Uberlandia,Urbana,Uberlândia,CNEFE
317020605001117,Uberlandia,Urbana,Uberlândia,CNEFE
317020605001118,Miranda,Rural,Uberlândia,CNEFE
317020605001119,Miranda,Rural,Uberlândia,CNEFE
317020605001120,Fazenda da Saudade,Rural,Uberlândia,CNEFE
317020605001121,Miranda V,Rural,Uberlândia,CNEFE
317020605001122,Aroeiras,Rural,Uberlândia,CNEFE
317020605001123,Uberlandia,Rural,Uberlândia,CNEFE
317020605001126,Panorama,Urbana,Uberlândia,vizinho
317020605001129,Rancho dos Ypes,Urbana,Uberlândia,vizinho
317020605001131,Chacaras Parque Maravilha,Urbana,Uberlândia,CNEFE
317020605001132,Uberlandia,Rural,Uberlândia,CNEFE
317020605001136,Guarani,Urbana,Uberlândia,IBGE
317020605001137,Guarani,Urbana,Uberlândia,IBGE
317020605001138,Guarani,Urbana,Uberlândia,IBGE
317020605001139,Guarani,Urbana,Uberlândia,IBGE
317020605001140,Guarani,Urbana,Uberlândia,IBGE
317020605001141,Guarani,Urbana,Uberlândia,IBGE
317020605001142,Guarani,Urbana,Uberlândia,IBGE
317020605001143,Guarani,Urbana,Uberlândia,IBGE
317020605001144,Guarani,Urbana,Uberlândia,IBGE
317020605001145,Guarani,Urbana,Uberlândia,IBGE
317020605001146,Morada do Sol,Urbana,Uberlândia,IBGE
317020605001147,Taiaman,Urbana,Uberlândia,IBGE
317020605001148,Taiaman,Urbana,Uberlândia,IBGE
317020605001149,Taiaman,Urbana,Uberlândia,IBGE
317020605001150,Taiaman,Urbana,Uberlândia,IBGE
317020605001152,Taiaman,Urbana,Uberlândia,IBGE
317020605001153,Taiaman,Urbana,Uberlândia,IBGE
317020605001155,Taiaman,Urbana,Uberlândia,IBGE
317020605001156,Taiaman,Urbana,Uberlândia,IBGE
317020605001157,Taiaman,Urbana,Uberlândia,IBGE
317020605001158,Taiaman,Urbana,Uberlândia,IBGE
317020605001160,Dona Zulmira,Urbana,Uberlândia,IBGE
317020605001161,Dona Zulmira,Urbana,Uberlândia,IBGE
317020605001162,Dona Zulmira,Urbana,Uberlândia,IBGE
317020605001163,Dona Zulmira,Urbana,Uberlândia,IBGE
317020605001164,Jardim Patrícia,Urbana,Uberlândia,IBGE
317020605001165,Jardim Patrícia,Urbana,Uberlândia,IBGE
317020605001166,Jardim Patrícia,Urbana,Uberlândia,IBGE
317020605001167,Jardim Patrícia,Urbana,Uberlândia,IBGE
317020605001168,Jardim Patrícia,Urbana,Uberlândia,IBGE
317020605001169,Jardim Patrícia,Urbana,Uberlândia,IBGE
317020605001170,Jardim Patrícia,Urbana,Uberlândia,IBGE
317020605001171,Jardim Patrícia,Urbana,Uberlândia,IBGE
317020605001172,Jardim Patrícia,Urbana,Uberlândia,IBGE
317020605001173,Jardim Patrícia,Urbana,Uberlândia,IBGE
317020605001174,Jardim Patrícia,Urbana,Uberlândia,IBGE
317020605001175,Jardim Patrícia,Urbana,Uberlândia,IBGE
317020605001176,Jardim Patrícia,Urbana,Uberlândia,IBGE
317020605001177,Dona Zulmira,Urbana,Uberlândia,IBGE
317020605001178,Jaraguá,Urbana,Uberlândia,IBGE
317020605001179,Jaraguá,Urbana,Uberlândia,IBGE
317020605001180,Jaraguá,Urbana,Uberlândia,IBGE
317020605001181,Jaraguá,Urbana,Uberlândia,IBGE
317020605001182,Jaraguá,Urbana,Uberlândia,IBGE
317020605001183,Jaraguá,Urbana,Uberlândia,IBGE
317020605001184,Jaraguá,Urbana,Uberlândia,IBGE
317020605001185,Jaraguá,Urbana,Uberlândia,IBGE
317020605001186,Jaraguá,Urbana,Uberlândia,IBGE
317020605001187,Tocantins,Urbana,Uberlândia,IBGE
317020605001188,Tocantins,Urbana,Uberlândia,IBGE
317020605001189,Tocantins,Urbana,Uberlândia,IBGE
317020605001190,Tocantins,Urbana,Uberlândia,IBGE
317020605001191,Tocantins,Urbana,Uberlândia,IBGE
317020605001192,Tocantins,Urbana,Uberlândia,IBGE
317020605001193,Tocantins,Urbana,Uberlândia,IBGE
317020605001194,Tocantins,Urbana,Uberlândia,IBGE
317020605001196,Tocantins,Urbana,Uberlândia,IBGE
317020605001198,Tocantins,Urbana,Uberlândia,IBGE
317020605001199,Tocantins,Urbana,Uberlândia,IBGE
317020605001200,Tocantins,Urbana,Uberlândia,IBGE
317020605001201,Tocantins,Urbana,Uberlândia,IBGE
317020605001202,Tocantins,Urbana,Uberlândia,IBGE
317020605001203,Luizote de Freitas,Urbana,Uberlândia,IBGE
317020605001204,Luizote de Freitas,Urbana,Uberlândia,IBGE
317020605001205,Luizote de Freitas,Urbana,Uberlândia,IBGE
317020605001206,Luizote de Freitas,Urbana,Uberlândia,IBGE
317020605001207,Luizote de Freitas,Urbana,Uberlândia,IBGE
317020605001208,Luizote de Freitas,Urbana,Uberlândia,IBGE
317020605001209,Luizote de Freitas,Urbana,Uberlândia,IBGE
317020605001210,Luizote de Freitas,Urbana,Uberlândia,IBGE
317020605001211,Luizote de Freitas,Urbana,Uberlândia,IBGE
317020605001212,Luizote de Freitas,Urbana,Uberlândia,IBGE
317020605001213,Luizote de Freitas,Urbana,Uberlândia,IBGE
317020605001214,Luizote de Freitas,Urbana,Uberlândia,IBGE
317020605001215,Luizote de Freitas,Urbana,Uberlândia,IBGE
317020605001216,Luizote de Freitas,Urbana,Uberlândia,IBGE
317020605001217,Luizote de Freitas,Urbana,Uberlândia,IBGE
317020605001219,Luizote de Freitas,Urbana,Uberlândia,IBGE
317020605001220,Luizote de Freitas,Urbana,Uberlândia,IBGE
317020605001221,Luizote de Freitas,Urbana,Uberlândia,IBGE
317020605001222,Luizote de Freitas,Urbana,Uberlândia,IBGE
317020605001223,Luizote de Freitas,Urbana,Uberlândia,IBGE
317020605001224,Luizote de Freitas,Urbana,Uberlândia,IBGE
317020605001225,Luizote de Freitas,Urbana,Uberlândia,IBGE
317020605001226,Luizote de Freitas,Urbana,Uberlândia,IBGE
317020605001227,Luizote de Freitas,Urbana,Uberlândia,IBGE
317020605001228,Luizote de Freitas,Urbana,Uberlândia,IBGE
317020605001229,Tocantins,Urbana,Uberlândia,IBGE
317020605001230,Planalto,Urbana,Uberlândia,IBGE
317020605001231,Planalto,Urbana,Uberlândia,IBGE
317020605001232,Planalto,Urbana,Uberlândia,IBGE
317020605001233,Planalto,Urbana,Uberlândia,IBGE
317020605001234,Planalto,Urbana,Uberlândia,IBGE
317020605001235,Planalto,Urbana,Uberlândia,IBGE
317020605001236,Planalto,Urbana,Uberlândia,IBGE
317020605001237,Planalto,Urbana,Uberlândia,IBGE
317020605001238,Planalto,Urbana,Uberlândia,IBGE
317020605001239,Planalto,Urbana,Uberlândia,IBGE
317020605001240,Planalto,Urbana,Uberlândia,IBGE
317020605001241,Planalto,Urbana,Uberlândia,IBGE
317020605001242,Planalto,Urbana,Uberlândia,IBGE
317020605001243,Planalto,Urbana,Uberlândia,IBGE
317020605001244,Planalto,Urbana,Uberlândia,IBGE
317020605001245,Planalto,Urbana,Uberlândia,IBGE
317020605001246,Planalto,Urbana,Uberlândia,IBGE
317020605001247,Jardim das Palmeiras,Urbana,Uberlândia,IBGE
317020605001248,Jardim das Palmeiras,Urbana,Uberlândia,IBGE
317020605001249,Jardim das Palmeiras,Urbana,Uberlândia,IBGE
317020605001250,Jardim das Palmeiras,Urbana,Uberlândia,IBGE
317020605001251,Jardim das Palmeiras,Urbana,Uberlândia,IBGE
317020605001252,Jardim das Palmeiras,Urbana,Uberlândia,IBGE
317020605001253,Jardim das Palmeiras,Urbana,Uberlândia,IBGE
317020605001254,Jardim das Palmeiras,Urbana,Uberlândia,IBGE
317020605001255,Jardim das Palmeiras,Urbana,Uberlândia,IBGE
317020605001256,Jardim das Palmeiras,Urbana,Uberlândia,IBGE
317020605001257,Jardim das Palmeiras,Urbana,Uberlândia,IBGE
317020605001258,Jardim das Palmeiras,Urbana,Uberlândia,IBGE
317020605001259,Jardim das Palmeiras,Urbana,Uberlândia,IBGE
317020605001260,Jardim das Palmeiras,Urbana,Uberlândia,IBGE
317020605001261,Jardim das Palmeiras,Urbana,Uberlândia,IBGE
317020605001262,Jardim das Palmeiras,Urbana,Uberlândia,IBGE
317020605001263,Jardim das Palmeiras,Urbana,Uberlândia,IBGE
317020605001265,Jardim Holanda,Urbana,Uberlândia,IBGE
317020605001266,Jardim Holanda,Urbana,Uberlândia,IBGE
317020605001267,Jardim Holanda,Urbana,Uberlândia,IBGE
317020605001268,Jardim Holanda,Urbana,Uberlândia,IBGE
317020605001271,Jardim Holanda,Urbana,Uberlândia,IBGE
317020605001272,Jardim Holanda,Urbana,Uberlândia,IBGE
317020605001273,Jardim Holanda,Urbana,Uberlândia,IBGE
317020605001274,Jardim Holanda,Urbana,Uberlândia,IBGE
317020605001275,Jardim Holanda,Urbana,Uberlândia,IBGE
317020605001276,Jardim Holanda,Urbana,Uberlândia,IBGE
317020605001278,Jardim Holanda,Urbana,Uberlândia,IBGE
317020605001280,Jardim Holanda,Urbana,Uberlândia,IBGE
317020605001281,Jardim Canaã,Urbana,Uberlândia,IBGE
317020605001282,Jardim Canaã,Urbana,Uberlândia,IBGE
317020605001283,Jardim Canaã,Urbana,Uberlândia,IBGE
317020605001284,Jardim Canaã,Urbana,Uberlândia,IBGE
317020605001285,Jardim Canaã,Urbana,Uberlândia,IBGE
317020605001286,Jardim Canaã,Urbana,Uberlândia,IBGE
317020605001287,Jardim Canaã,Urbana,Uberlândia,IBGE
317020605001289,Jardim Canaã,Urbana,Uberlândia,IBGE
317020605001290,Jardim Canaã,Urbana,Uberlândia,IBGE
317020605001292,Jardim Canaã,Urbana,Uberlândia,IBGE
317020605001293,Jardim Canaã,Urbana,Uberlândia,IBGE
317020605001294,Jardim Canaã,Urbana,Uberlândia,IBGE
317020605001295,Jardim Canaã,Urbana,Uberlândia,IBGE
317020605001296,Jardim Canaã,Urbana,Uberlândia,IBGE
317020605001297,Jardim Canaã,Urbana,Uberlândia,IBGE
317020605001298,Jardim Canaã,Urbana,Uberlândia,IBGE
317020605001299,Jardim Canaã,Urbana,Uberlândia,IBGE
317020605001300,Jardim Canaã,Urbana,Uberlândia,IBGE
317020605001302,Jardim Canaã,Urbana,Uberlândia,IBGE
317020605001304,Jardim Canaã,Urbana,Uberlândia,IBGE
317020605001305,Jardim Holanda,Urbana,Uberlândia,IBGE
317020605001306,Jardim Holanda,Urbana,Uberlândia,IBGE
317020605001308,Jardim Holanda,Urbana,Uberlândia,IBGE
317020605001309,Jardim Holanda,Urbana,Uberlândia,IBGE
317020605001310,Jardim Holanda,Urbana,Uberlândia,IBGE
317020605001311,Jardim Holanda,Urbana,Uberlândia,IBGE
317020605001313,Jardim Europa,Urbana,Uberlândia,IBGE
317020605001314,Jardim Europa,Urbana,Uberlândia,IBGE
317020605001317,Jardim Europa,Urbana,Uberlândia,IBGE
317020605001319,Jardim Europa,Urbana,Uberlândia,IBGE
317020605001320,Jardim Europa,Urbana,Uberlândia,IBGE
317020605001321,Jardim Europa,Urbana,Uberlândia,IBGE
317020605001322,Jardim Europa,Urbana,Uberlândia,IBGE
317020605001323,Jardim Europa,Urbana,Uberlândia,IBGE
317020605001324,Jardim Europa,Urbana,Uberlândia,IBGE
317020605001325,Jardim Europa,Urbana,Uberlândia,IBGE
317020605001326,Jardim Europa,Urbana,Uberlândia,IBGE
317020605001327,Jardim Europa,Urbana,Uberlândia,IBGE
317020605001328,Jardim Europa,Urbana,Uberlândia,IBGE
317020605001329,Jardim Europa,Urbana,Uberlândia,IBGE
317020605001330,Jardim Europa,Urbana,Uberlândia,IBGE
317020605001331,Jardim Europa,Urbana,Uberlândia,IBGE
317020605001332,Jardim Europa,Urbana,Uberlândia,IBGE
317020605001334,Mansour,Urbana,Uberlândia,IBGE
317020605001335,Mansour,Urbana,Uberlândia,IBGE
317020605001336,Mansour,Urbana,Uberlândia,IBGE
317020605001337,Mansour,Urbana,Uberlândia,IBGE
317020605001338,Mansour,Urbana,Uberlândia,IBGE
317020605001339,Mansour,Urbana,Uberlândia,IBGE
317020605001340,Mansour,Urbana,Uberlândia,IBGE
317020605001341,Mansour,Urbana,Uberlândia,IBGE
317020605001342,Mansour,Urbana,Uberlândia,IBGE
317020605001343,Mansour,Urbana,Uberlândia,IBGE
317020605001344,Mansour,Urbana,Uberlândia,IBGE
317020605001345,Mansour,Urbana,Uberlândia,IBGE
317020605001346,Mansour,Urbana,Uberlândia,IBGE
317020605001347,Mansour,Urbana,Uberlândia,IBGE
317020605001348,Panorama,Urbana,Uberlândia,IBGE
317020605001349,Panorama,Urbana,Uberlândia,IBGE
317020605001350,Panorama,Urbana,Uberlândia,IBGE
317020605001351,Panorama,Urbana,Uberlândia,IBGE
317020605001352,Panorama,Urbana,Uberlândia,IBGE
317020605001353,Panorama,Urbana,Uberlândia,IBGE
317020605001355,Panorama,Urbana,Uberlândia,IBGE
317020605001356,Panorama,Urbana,Uberlândia,IBGE
317020605001357,Granada,Urbana,Uberlândia,IBGE
317020605001358,Granada,Urbana,Uberlândia,IBGE
317020605001359,Granada,Urbana,Uberlândia,IBGE
317020605001360,Granada,Urbana,Uberlândia,IBGE
317020605001361,Granada,Urbana,Uberlândia,IBGE
317020605001362,Granada,Urbana,Uberlândia,IBGE
317020605001363,Jardim Holanda,Urbana,Uberlândia,IBGE
317020605001364,Granada,Urbana,Uberlândia,IBGE
317020605001365,Granada,Urbana,Uberlândia,IBGE
317020605001366,Granada,Urbana,Uberlândia,IBGE
317020605001367,Granada,Urbana,Uberlândia,IBGE
317020605001368,Granada,Urbana,Uberlândia,IBGE
317020605001369,Granada,Urbana,Uberlândia,IBGE
317020605001370,Granada,Urbana,Uberlândia,IBGE
317020605001371,Granada,Urbana,Uberlândia,IBGE
317020605001372,Granada,Urbana,Uberlândia,IBGE
317020605001373,Granada,Urbana,Uberlândia,IBGE
317020605001374,Granada,Urbana,Uberlândia,IBGE
317020605001375,Granada,Urbana,Uberlândia,IBGE
317020605001376,Granada,Urbana,Uberlândia,IBGE
317020605001377,Granada,Urbana,Uberlândia,IBGE
317020605001378,Granada,Urbana,Uberlândia,IBGE
317020605001379,Granada,Urbana,Uberlândia,IBGE
317020605001380,Chácaras Tubalina e Quartel,Urbana,Uberlândia,IBGE
317020605001381,Chácaras Tubalina e Quartel,Urbana,Uberlândia,IBGE
317020605001382,Chácaras Tubalina e Quartel,Urbana,Uberlândia,IBGE
317020605001383,Chácaras Tubalina e Quartel,Urbana,Uberlândia,IBGE
317020605001384,Chácaras Tubalina e Quartel,Urbana,Uberlândia,IBGE
317020605001385,Chácaras Tubalina e Quartel,Urbana,Uberlândia,IBGE
317020605001386,Chácaras Tubalina e Quartel,Urbana,Uberlândia,IBGE
317020605001387,Chácaras Tubalina e Quartel,Urbana,Uberlândia,IBGE
317020605001388,Chácaras Tubalina e Quartel,Urbana,Uberlândia,IBGE
317020605001389,Chácaras Tubalina e Quartel,Urbana,Uberlândia,IBGE
317020605001390,Chácaras Tubalina e Quartel,Urbana,Uberlândia,IBGE
317020605001391,Chácaras Tubalina e Quartel,Urbana,Uberlândia,IBGE
317020605001393,Chácaras Tubalina e Quartel,Urbana,Uberlândia,IBGE
317020605001394,Chácaras Tubalina e Quartel,Urbana,Uberlândia,IBGE
317020605001395,Chácaras Tubalina e Quartel,Urbana,Uberlândia,IBGE
317020605001396,Chácaras Tubalina e Quartel,Urbana,Uberlândia,IBGE
317020605001397,Chácaras Tubalina e Quartel,Urbana,Uberlândia,IBGE
317020605001398,Chácaras Tubalina e Quartel,Urbana,Uberlândia,IBGE
317020605001399,Chácaras Tubalina e Quartel,Urbana,Uberlândia,IBGE
317020605001400,Chácaras Tubalina e Quartel,Urbana,Uberlândia,IBGE
317020605001401,Chácaras Tubalina e Quartel,Urbana,Uberlândia,IBGE
317020605001402,Chácaras Tubalina e Quartel,Urbana,Uberlândia,IBGE
317020605001403,Chácaras Tubalina e Quartel,Urbana,Uberlândia,IBGE
317020605001404,Chácaras Tubalina e Quartel,Urbana,Uberlândia,IBGE
317020605001405,Chácaras Tubalina e Quartel,Urbana,Uberlândia,IBGE
317020605001406,Chácaras Tubalina e Quartel,Urbana,Uberlândia,IBGE
317020605001407,Chácaras Tubalina e Quartel,Urbana,Uberlândia,IBGE
317020605001408,São Jorge,Urbana,Uberlândia,IBGE
317020605001409,São Jorge,Urbana,Uberlândia,IBGE
317020605001410,São Jorge,Urbana,Uberlândia,IBGE
317020605001411,São Jorge,Urbana,Uberlândia,IBGE
317020605001412,São Jorge,Urbana,Uberlândia,IBGE
317020605001413,São Jorge,Urbana,Uberlândia,IBGE
317020605001414,São Jorge,Urbana,Uberlândia,IBGE
317020605001415,São Jorge,Urbana,Uberlândia,IBGE
317020605001416,São Jorge,Urbana,Uberlândia,IBGE
317020605001417,São Jorge,Urbana,Uberlândia,IBGE
317020605001418,São Jorge,Urbana,Uberlândia,IBGE
317020605001419,São Jorge,Urbana,Uberlândia,IBGE
317020605001420,São Jorge,Urbana,Uberlândia,IBGE
317020605001421,São Jorge,Urbana,Uberlândia,IBGE
317020605001422,São Jorge,Urbana,Uberlândia,IBGE
317020605001424,São Jorge,Urbana,Uberlândia,IBGE
317020605001425,São Jorge,Urbana,Uberlândia,IBGE
317020605001426,São Jorge,Urbana,Uberlândia,IBGE
317020605001427,São Jorge,Urbana,Uberlândia,IBGE
317020605001428,São Jorge,Urbana,Uberlândia,IBGE
317020605001429,São Jorge,Urbana,Uberlândia,IBGE
317020605001430,São Jorge,Urbana,Uberlândia,IBGE
317020605001431,São Jorge,Urbana,Uberlândia,IBGE
317020605001432,São Jorge,Urbana,Uberlândia,IBGE
317020605001433,São Jorge,Urbana,Uberlândia,IBGE
317020605001434,São Jorge,Urbana,Uberlândia,IBGE
317020605001435,São Jorge,Urbana,Uberlândia,IBGE
317020605001436,São Jorge,Urbana,Uberlândia,IBGE
317020605001437,São Jorge,Urbana,Uberlândia,IBGE
317020605001438,São Jorge,Urbana,Uberlândia,IBGE
317020605001439,São Jorge,Urbana,Uberlândia,IBGE
317020605001440,São Jorge,Urbana,Uberlândia,IBGE
317020605001441,São Jorge,Urbana,Uberlândia,IBGE
317020605001442,São Jorge,Urbana,Uberlândia,IBGE
317020605001443,São Jorge,Urbana,Uberlândia,IBGE
317020605001444,São Jorge,Urbana,Uberlândia,IBGE
317020605001445,São Jorge,Urbana,Uberlândia,IBGE
317020605001446,São Jorge,Urbana,Uberlândia,IBGE
317020605001447,São Jorge,Urbana,Uberlândia,IBGE
317020605001448,São Jorge,Urbana,Uberlândia,IBGE
317020605001449,Laranjeiras,Urbana,Uberlândia,IBGE
317020605001450,Laranjeiras,Urbana,Uberlândia,IBGE
317020605001451,Laranjeiras,Urbana,Uberlândia,IBGE
317020605001452,Laranjeiras,Urbana,Uberlândia,IBGE
317020605001453,Laranjeiras,Urbana,Uberlândia,IBGE
317020605001454,Laranjeiras,Urbana,Uberlândia,IBGE
317020605001455,Laranjeiras,Urbana,Uberlândia,IBGE
317020605001456,Laranjeiras,Urbana,Uberlândia,IBGE
317020605001457,Laranjeiras,Urbana,Uberlândia,IBGE
317020605001458,Laranjeiras,Urbana,Uberlândia,IBGE
317020605001459,Laranjeiras,Urbana,Uberlândia,IBGE
317020605001460,Laranjeiras,Urbana,Uberlândia,IBGE
317020605001462,Laranjeiras,Urbana,Uberlândia,IBGE
317020605001463,Laranjeiras,Urbana,Uberlândia,IBGE
317020605001464,Laranjeiras,Urbana,Uberlândia,IBGE
317020605001465,Laranjeiras,Urbana,Uberlândia,IBGE
317020605001466,Laranjeiras,Urbana,Uberlândia,IBGE
317020605001467,Laranjeiras,Urbana,Uberlândia,IBGE
317020605001468,Laranjeiras,Urbana,Uberlândia,IBGE
317020605001469,Laranjeiras,Urbana,Uberlândia,IBGE
317020605001470,Laranjeiras,Urbana,Uberlândia,IBGE
317020605001471,Laranjeiras,Urbana,Uberlândia,IBGE
317020605001472,Laranjeiras,Urbana,Uberlândia,IBGE
317020605001474,Laranjeiras,Urbana,Uberlândia,IBGE
317020605001475,Laranjeiras,Urbana,Uberlândia,IBGE
317020605001477,Nova Uberlândia,Urbana,Uberlândia,IBGE
317020605001478,Santa Luzia,Urbana,Uberlândia,IBGE
317020605001479,Santa Luzia,Urbana,Uberlândia,IBGE
317020605001480,Santa Luzia,Urbana,Uberlândia,IBGE
317020605001481,Santa Luzia,Urbana,Uberlândia,IBGE
317020605001482,Santa Luzia,Urbana,Uberlândia,IBGE
317020605001483,Santa Luzia,Urbana,Uberlândia,IBGE
317020605001484,Santa Luzia,Urbana,Uberlândia,IBGE
317020605001485,Santa Luzia,Urbana,Uberlândia,IBGE
317020605001486,Santa Luzia,Urbana,Uberlândia,IBGE
317020605001487,Santa Luzia,Urbana,Uberlândia,IBGE
317020605001488,Pampulha,Urbana,Uberlândia,IBGE
317020605001489,Pampulha,Urbana,Uberlândia,IBGE
317020605001490,Pampulha,Urbana,Uberlândia,IBGE
317020605001491,Pampulha,Urbana,Uberlândia,IBGE
317020605001492,Pampulha,Urbana,Uberlândia,IBGE
317020605001493,Pampulha,Urbana,Uberlândia,IBGE
317020605001494,Pampulha,Urbana,Uberlândia,IBGE
317020605001495,Pampulha,Urbana,Uberlândia,IBGE
317020605001496,Jardim Inconfidência,Urbana,Uberlândia,IBGE
317020605001497,Jardim Inconfidência,Urbana,Uberlândia,IBGE
317020605001498,Jardim Inconfidência,Urbana,Uberlândia,IBGE
317020605001499,Jardim Inconfidência,Urbana,Uberlândia,IBGE
317020605001501,Jardim Inconfidência,Urbana,Uberlândia,IBGE
317020605001502,Carajás,Urbana,Uberlândia,IBGE
317020605001503,Carajás,Urbana,Uberlândia,IBGE
317020605001504,Carajás,Urbana,Uberlândia,IBGE
317020605001506,Carajás,Urbana,Uberlândia,IBGE
317020605001507,Lagoinha,Urbana,Uberlândia,IBGE
317020605001508,Lagoinha,Urbana,Uberlândia,IBGE
317020605001509,Lagoinha,Urbana,Uberlândia,IBGE
317020605001510,Lagoinha,Urbana,Uberlândia,IBGE
317020605001511,Lagoinha,Urbana,Uberlândia,IBGE
317020605001512,Lagoinha,Urbana,Uberlândia,IBGE
317020605001513,Nova Uberlândia,Urbana,Uberlândia,IBGE
317020605001514,Nova Uberlândia,Urbana,Uberlândia,IBGE
317020605001515,Nova Uberlândia,Urbana,Uberlândia,IBGE
317020605001516,Nova Uberlândia,Urbana,Uberlândia,IBGE
317020605001517,Nova Uberlândia,Urbana,Uberlândia,IBGE
317020605001518,Nova Uberlândia,Urbana,Uberlândia,IBGE
317020605001520,Cidade Jardim,Urbana,Uberlândia,IBGE
317020605001521,Cidade Jardim,Urbana,Uberlândia,IBGE
317020605001522,Cidade Jardim,Urbana,Uberlândia,IBGE
317020605001523,Cidade Jardim,Urbana,Uberlândia,IBGE
317020605001524,Cidade Jardim,Urbana,Uberlândia,IBGE
317020605001525,Cidade Jardim,Urbana,Uberlândia,IBGE
317020605001526,Cidade Jardim,Urbana,Uberlândia,IBGE
317020605001527,Cidade Jardim,Urbana,Uberlândia,IBGE
317020605001528,Cidade Jardim,Urbana,Uberlândia,IBGE
317020605001529,Cidade Jardim,Urbana,Uberlândia,IBGE
317020605001530,Cidade Jardim,Urbana,Uberlândia,IBGE
317020605001531,Cidade Jardim,Urbana,Uberlândia,IBGE
317020605001532,Cidade Jardim,Urbana,Uberlândia,IBGE
317020605001533,Cidade Jardim,Urbana,Uberlândia,IBGE
317020605001534,Cidade Jardim,Urbana,Uberlândia,IBGE
317020605001535,Vigilato Pereira,Urbana,Uberlândia,IBGE
317020605001536,Vigilato Pereira,Urbana,Uberlândia,IBGE
317020605001537,Vigilato Pereira,Urbana,Uberlândia,IBGE
317020605001538,Vigilato Pereira,Urbana,Uberlândia,IBGE
317020605001539,Vigilato Pereira,Urbana,Uberlândia,IBGE
317020605001540,Vigilato Pereira,Urbana,Uberlândia,IBGE
317020605001541,Jardim Karaíba,Urbana,Uberlândia,IBGE
317020605001542,Jardim Karaíba,Urbana,Uberlândia,IBGE
317020605001543,Jardim Karaíba,Urbana,Uberlândia,IBGE
317020605001544,Jardim Karaíba,Urbana,Uberlândia,IBGE
317020605001545,Jardim Karaíba,Urbana,Uberlândia,IBGE
317020605001546,Jardim Karaíba,Urbana,Uberlândia,IBGE
317020605001547,Jardim Karaíba,Urbana,Uberlândia,IBGE
317020605001548,Jardim Karaíba,Urbana,Uberlândia,IBGE
317020605001549,Jardim Karaíba,Urbana,Uberlândia,IBGE
317020605001551,Jardim Karaíba,Urbana,Uberlândia,IBGE
317020605001552,Jardim Karaíba,Urbana,Uberlândia,IBGE
317020605001553,Jardim Karaíba,Urbana,Uberlândia,IBGE
317020605001554,Jardim Karaíba,Urbana,Uberlândia,IBGE
317020605001555,Jardim Karaíba,Urbana,Uberlândia,IBGE
317020605001556,Morada da Colina,Urbana,Uberlândia,IBGE
317020605001557,Morada da Colina,Urbana,Uberlândia,IBGE
317020605001558,Morada da Colina,Urbana,Uberlândia,IBGE
317020605001559,Morada da Colina,Urbana,Uberlândia,IBGE
317020605001560,Morada da Colina,Urbana,Uberlândia,IBGE
317020605001561,Morada da Colina,Urbana,Uberlândia,IBGE
317020605001562,Morada da Colina,Urbana,Uberlândia,IBGE
317020605001563,Morada da Colina,Urbana,Uberlândia,IBGE
317020605001564,Morada da Colina,Urbana,Uberlândia,IBGE
317020605001565,Morada da Colina,Urbana,Uberlândia,IBGE
317020605001566,Morada da Colina,Urbana,Uberlândia,IBGE
317020605001567,Morada da Colina,Urbana,Uberlândia,IBGE
317020605001568,Morada da Colina,Urbana,Uberlândia,IBGE
317020605001569,Jardim Sul,Urbana,Uberlândia,IBGE
317020605001571,Patrimônio,Urbana,Uberlândia,IBGE
317020605001572,Patrimônio,Urbana,Uberlândia,IBGE
317020605001574,Patrimônio,Urbana,Uberlândia,IBGE
317020605001575,Patrimônio,Urbana,Uberlândia,IBGE
317020605001576,Patrimônio,Urbana,Uberlândia,IBGE
317020605001577,Patrimônio,Urbana,Uberlândia,IBGE
317020605001578,Patrimônio,Urbana,Uberlândia,IBGE
317020605001579,Patrimônio,Urbana,Uberlândia,IBGE
317020605001580,Patrimônio,Urbana,Uberlândia,IBGE
317020605001581,Patrimônio,Urbana,Uberlândia,IBGE
317020605001582,Patrimônio,Urbana,Uberlândia,IBGE
317020605001583,Patrimônio,Urbana,Uberlândia,IBGE
317020605001584,Patrimônio,Urbana,Uberlândia,IBGE
317020605001585,Patrimônio,Urbana,Uberlândia,IBGE
317020605001586,Tubalina,Urbana,Uberlândia,IBGE
317020605001587,Tubalina,Urbana,Uberlândia,IBGE
317020605001588,Tubalina,Urbana,Uberlândia,IBGE
317020605001589,Tubalina,Urbana,Uberlândia,IBGE
317020605001590,Tubalina,Urbana,Uberlândia,IBGE
317020605001591,Tubalina,Urbana,Uberlândia,IBGE
317020605001592,Tubalina,Urbana,Uberlândia,IBGE
317020605001593,Tubalina,Urbana,Uberlândia,IBGE
317020605001594,Tubalina,Urbana,Uberlândia,IBGE
317020605001595,Tubalina,Urbana,Uberlândia,IBGE
317020605001596,Tubalina,Urbana,Uberlândia,IBGE
317020605001597,Tubalina,Urbana,Uberlândia,IBGE
317020605001598,Tubalina,Urbana,Uberlândia,IBGE
317020605001599,Tubalina,Urbana,Uberlândia,IBGE
317020605001600,Tubalina,Urbana,Uberlândia,IBGE
317020605001601,Tubalina,Urbana,Uberlândia,IBGE
317020605001602,Tubalina,Urbana,Uberlândia,IBGE
317020605001603,Tubalina,Urbana,Uberlândia,IBGE
317020605001604,Tubalina,Urbana,Uberlândia,IBGE
317020605001605,Tubalina,Urbana,Uberlândia,IBGE
317020605001606,Tubalina,Urbana,Uberlândia,IBGE
317020605001607,Tubalina,Urbana,Uberlândia,IBGE
317020605001608,Saraiva,Urbana,Uberlândia,IBGE
317020605001609,Saraiva,Urbana,Uberlândia,IBGE
317020605001610,Saraiva,Urbana,Uberlândia,IBGE
317020605001611,Saraiva,Urbana,Uberlândia,IBGE
317020605001612,Saraiva,Urbana,Uberlândia,IBGE
317020605001613,Saraiva,Urbana,Uberlândia,IBGE
317020605001614,Saraiva,Urbana,Uberlândia,IBGE
317020605001615,Saraiva,Urbana,Uberlândia,IBGE
317020605001616,Saraiva,Urbana,Uberlândia,IBGE
317020605001617,Saraiva,Urbana,Uberlândia,IBGE
317020605001618,Saraiva,Urbana,Uberlândia,IBGE
317020605001619,Saraiva,Urbana,Uberlândia,IBGE
317020605001620,Saraiva,Urbana,Uberlândia,IBGE
317020605001621,Saraiva,Urbana,Uberlândia,IBGE
317020605001622,Saraiva,Urbana,Uberlândia,IBGE
317020605001623,Saraiva,Urbana,Uberlândia,IBGE
317020605001624,Saraiva,Urbana,Uberlândia,IBGE
317020605001625,Saraiva,Urbana,Uberlândia,IBGE
317020605001626,Saraiva,Urbana,Uberlândia,IBGE
317020605001627,Saraiva,Urbana,Uberlândia,IBGE
317020605001628,Saraiva,Urbana,Uberlândia,IBGE
317020605001629,Gávea,Urbana,Uberlândia,IBGE
317020605001630,Gávea,Urbana,Uberlândia,IBGE
317020605001631,Gávea,Urbana,Uberlândia,IBGE
317020605001633,Gávea,Urbana,Uberlândia,IBGE
317020605001634,Gávea,Urbana,Uberlândia,IBGE
317020605001635,Gávea,Urbana,Uberlândia,IBGE
317020605001636,Gávea,Urbana,Uberlândia,IBGE
317020605001637,Gávea,Urbana,Uberlândia,IBGE
317020605001638,Gávea,Urbana,Uberlândia,IBGE
317020605001639,Gávea,Urbana,Uberlândia,IBGE
317020605001640,Gávea,Urbana,Uberlândia,IBGE
317020605001641,Shopping Park,Urbana,Uberlândia,IBGE
317020605001643,Shopping Park,Urbana,Uberlândia,IBGE
317020605001644,Shopping Park,Urbana,Uberlândia,IBGE
317020605001645,Shopping Park,Urbana,Uberlândia,IBGE
317020605001647,Shopping Park,Urbana,Uberlândia,IBGE
317020605001648,Shopping Park,Urbana,Uberlândia,IBGE
317020605001649,Shopping Park,Urbana,Uberlândia,IBGE
317020605001650,Shopping Park,Urbana,Uberlândia,IBGE
317020605001651,Shopping Park,Urbana,Uberlândia,IBGE
317020605001652,Shopping Park,Urbana,Uberlândia,IBGE
317020605001653,Shopping Park,Urbana,Uberlândia,IBGE
317020605001654,Shopping Park,Urbana,Uberlândia,IBGE
317020605001655,Shopping Park,Urbana,Uberlândia,IBGE
317020605001656,Shopping Park,Urbana,Uberlândia,IBGE
317020605001657,Shopping Park,Urbana,Uberlândia,IBGE
317020605001658,Shopping Park,Urbana,Uberlândia,IBGE
317020605001659,Shopping Park,Urbana,Uberlândia,IBGE
317020605001660,Shopping Park,Urbana,Uberlândia,IBGE
317020605001661,Shopping Park,Urbana,Uberlândia,IBGE
317020605001662,Shopping Park,Urbana,Uberlândia,IBGE
317020605001664,Shopping Park,Urbana,Uberlândia,IBGE
317020605001665,Shopping Park,Urbana,Uberlândia,IBGE
317020605001666,Shopping Park,Urbana,Uberlândia,IBGE
317020605001669,Shopping Park,Urbana,Uberlândia,IBGE
317020605001670,Shopping Park,Urbana,Uberlândia,IBGE
317020605001671,Shopping Park,Urbana,Uberlândia,IBGE
317020605001672,Shopping Park,Urbana,Uberlândia,IBGE
317020605001673,Shopping Park,Urbana,Uberlândia,IBGE
317020605001674,Shopping Park,Urbana,Uberlândia,IBGE
317020605001675,Shopping Park,Urbana,Uberlândia,IBGE
317020605001676,Shopping Park,Urbana,Uberlândia,IBGE
317020605001677,Shopping Park,Urbana,Uberlândia,IBGE
317020605001678,Shopping Park,Urbana,Uberlândia,IBGE
317020605001679,Shopping Park,Urbana,Uberlândia,IBGE
317020605001680,Shopping Park,Urbana,Uberlândia,IBGE
317020605001681,Shopping Park,Urbana,Uberlândia,IBGE
317020605001682,Shopping Park,Urbana,Uberlândia,IBGE
317020605001683,Shopping Park,Urbana,Uberlândia,IBGE
317020605001684,Shopping Park,Urbana,Uberlândia,IBGE
317020605001685,Shopping Park,Urbana,Uberlândia,IBGE
317020605001686,Shopping Park,Urbana,Uberlândia,IBGE
317020605001687,Shopping Park,Urbana,Uberlândia,IBGE
317020605001688,Shopping Park,Urbana,Uberlândia,IBGE
317020605001689,Shopping Park,Urbana,Uberlândia,IBGE
317020605001690,Shopping Park,Urbana,Uberlândia,IBGE
317020605001691,Shopping Park,Urbana,Uberlândia,IBGE
317020605001692,Shopping Park,Urbana,Uberlândia,IBGE
317020605001693,Shopping Park,Urbana,Uberlândia,IBGE
317020605001694,Shopping Park,Urbana,Uberlândia,IBGE
317020605001695,Shopping Park,Urbana,Uberlândia,IBGE
317020605001696,Shopping Park,Urbana,Uberlândia,IBGE
317020605001697,Shopping Park,Urbana,Uberlândia,IBGE
317020605001698,Shopping Park,Urbana,Uberlândia,IBGE
317020605001699,Shopping Park,Urbana,Uberlândia,CNEFE
317020605001701,Alto Umuarama,Urbana,Uberlândia,IBGE
317020605001702,Martins,Urbana,Uberlândia,IBGE
317020605001703,Centro,Urbana,Uberlândia,IBGE
317020605001704,Centro,Urbana,Uberlândia,IBGE
317020605001705,Patrimônio,Urbana,Uberlândia,IBGE
317020605001706,Santa Mônica,Urbana,Uberlândia,IBGE
317020605001707,Fundinho,Urbana,Uberlândia,IBGE
317020605001708,Uberlandia,Rural,Uberlândia,CNEFE
317020605001709,Santa Mônica,Urbana,Uberlândia,IBGE
317020605001710,Mansour,Urbana,Uberlândia,IBGE
317020605001711,Mansour,Urbana,Uberlândia,IBGE
317020605001712,Mansour,Urbana,Uberlândia,IBGE
317020605001713,Mansour,Urbana,Uberlândia,IBGE
317020605001714,Mansour,Urbana,Uberlândia,IBGE
317020605001715,Santa Rosa,Urbana,Uberlândia,IBGE
317020605001716,Nova Alvorada,Urbana,Uberlândia,IBGE
317020605001718,Jardim Sul,Urbana,Uberlândia,IBGE
317020605001719,Jardim Sul,Urbana,Uberlândia,IBGE
317020605001720,Centro,Urbana,Uberlândia,IBGE
317020605001721,Jardim Karaíba,Urbana,Uberlândia,IBGE
317020605001722,Jardim Karaíba,Urbana,Uberlândia,IBGE
317020605001723,Jardim Holanda,Urbana,Uberlândia,IBGE
317020605001724,Jardim Holanda,Urbana,Uberlândia,IBGE
317020605001725,Jardim Holanda,Urbana,Uberlândia,IBGE
317020605001726,Jardim Holanda,Urbana,Uberlândia,IBGE
317020605001727,Jardim Holanda,Urbana,Uberlândia,IBGE
317020605001729,Jardim Holanda,Urbana,Uberlândia,IBGE
317020605001730,Jardim Holanda,Urbana,Uberlândia,IBGE
317020605001731,Jardim Holanda,Urbana,Uberlândia,IBGE
317020605001732,Jardim Holanda,Urbana,Uberlândia,IBGE
317020605001733,Nova Alvorada,Urbana,Uberlândia,IBGE
317020605001734,Nova Alvorada,Urbana,Uberlândia,IBGE
317020605001735,Nova Alvorada,Urbana,Uberlândia,IBGE
317020605001736,Nova Alvorada,Urbana,Uberlândia,IBGE
317020605001737,Nova Alvorada,Urbana,Uberlândia,IBGE
317020605001738,Nova Alvorada,Urbana,Uberlândia,IBGE
317020605001739,Centro,Urbana,Uberlândia,IBGE
317020605001740,Gávea,Urbana,Uberlândia,IBGE
317020605001741,Taiaman,Urbana,Uberlândia,IBGE
317020605001742,Taiaman,Urbana,Uberlândia,IBGE
317020605001743,Aclimação,Urbana,Uberlândia,IBGE
317020605001744,Aclimação,Urbana,Uberlândia,IBGE
317020605001745,Aclimação,Urbana,Uberlândia,IBGE
317020605001746,Aclimação,Urbana,Uberlândia,IBGE
317020605001747,Chácaras Tubalina e Quartel,Urbana,Uberlândia,IBGE
317020605001748,Chácaras Tubalina e Quartel,Urbana,Uberlândia,IBGE
317020605001749,Tabajaras,Urbana,Uberlândia,IBGE
317020605001750,Tabajaras,Urbana,Uberlândia,IBGE
317020605001751,Chácaras Tubalina e Quartel,Urbana,Uberlândia,IBGE
317020605001752,Chácaras Tubalina e Quartel,Urbana,Uberlândia,IBGE
317020605001753,Centro,Urbana,Uberlândia,IBGE
317020605001754,Laranjeiras,Urbana,Uberlândia,IBGE
317020605001755,Centro,Urbana,Uberlândia,IBGE
317020605001756,Jardim Europa,Urbana,Uberlândia,IBGE
317020605001757,Jardim Europa,Urbana,Uberlândia,IBGE
317020605001758,Jardim Europa,Urbana,Uberlândia,IBGE
317020605001759,Jardim Europa,Urbana,Uberlândia,IBGE
317020605001760,Jardim Europa,Urbana,Uberlândia,IBGE
317020605001761,Jardim Europa,Urbana,Uberlândia,IBGE
317020605001762,Jardim Europa,Urbana,Uberlândia,IBGE
317020605001763,Jardim Europa,Urbana,Uberlândia,IBGE
317020605001764,Jardim Europa,Urbana,Uberlândia,IBGE
317020605001765,Jardim Europa,Urbana,Uberlândia,IBGE
317020605001766,Jardim Europa,Urbana,Uberlândia,IBGE
317020605001767,Jardim Europa,Urbana,Uberlândia,IBGE
317020605001768,Jardim Europa,Urbana,Uberlândia,IBGE
317020605001769,Jardim Europa,Urbana,Uberlândia,IBGE
317020605001770,Jardim Europa,Urbana,Uberlândia,IBGE
317020605001771,Jardim Europa,Urbana,Uberlândia,IBGE
317020605001772,Dona Zulmira,Urbana,Uberlândia,IBGE
317020605001773,Dona Zulmira,Urbana,Uberlândia,IBGE
317020605001774,Fundinho,Urbana,Uberlândia,IBGE
317020605001775,Shopping Park,Urbana,Uberlândia,IBGE
317020605001776,Shopping Park,Urbana,Uberlândia,IBGE
317020605001777,Shopping Park,Urbana,Uberlândia,IBGE
317020605001778,Shopping Park,Urbana,Uberlândia,IBGE
317020605001779,Shopping Park,Urbana,Uberlândia,IBGE
317020605001780,Shopping Park,Urbana,Uberlândia,IBGE
317020605001781,Shopping Park,Urbana,Uberlândia,IBGE
317020605001782,Shopping Park,Urbana,Uberlândia,IBGE
317020605001783,Jardim Patrícia,Urbana,Uberlândia,IBGE
317020605001784,Uberlandia,Urbana,Uberlândia,vizinho
317020605001786,Uberlandia,Urbana,Uberlândia,vizinho
317020605001787,Uberlandia,Urbana,Uberlândia,vizinho
317020605001788,Uberlandia,Urbana,Uberlândia,vizinho
317020605001789,Uberlandia,Urbana,Uberlândia,vizinho
317020605001790,Uberlandia,Urbana,Uberlândia,vizinho
317020605001791,Uberlandia,Urbana,Uberlândia,vizinho
317020605001792,Uberlandia,Urbana,Uberlândia,vizinho
317020605001793,Uberlandia,Urbana,Uberlândia,vizinho
317020605001794,Uberlandia,Urbana,Uberlândia,vizinho
317020605001795,Uberlandia,Urbana,Uberlândia,vizinho
317020605001796,Uberlandia,Urbana,Uberlândia,vizinho
317020605001797,Uberlandia,Urbana,Uberlândia,vizinho
317020605001798,Uberlandia,Urbana,Uberlândia,vizinho
317020605001799,Uberlandia,Urbana,Uberlândia,vizinho
317020605001800,Uberlandia,Urbana,Uberlândia,vizinho
317020605001801,Uberlandia,Urbana,Uberlândia,vizinho
317020605001802,Uberlandia,Urbana,Uberlândia,vizinho
317020605001803,Chacaras Morada Nova,Urbana,Uberlândia,vizinho
317020605001804,Pequis,Urbana,Uberlândia,IBGE
317020605001805,Pequis,Urbana,Uberlândia,IBGE
317020605001806,Pequis,Urbana,Uberlândia,IBGE
317020605001807,Pequis,Urbana,Uberlândia,IBGE
317020605001808,Pequis,Urbana,Uberlândia,IBGE
317020605001809,Pequis,Urbana,Uberlândia,IBGE
317020605001810,Pequis,Urbana,Uberlândia,IBGE
317020605001811,Pequis,Urbana,Uberlândia,IBGE
317020605001812,Pequis,Urbana,Uberlândia,IBGE
317020605001813,Pequis,Urbana,Uberlândia,IBGE
317020605001814,Pequis,Urbana,Uberlândia,IBGE
317020605001815,Pequis,Urbana,Uberlândia,IBGE
317020605001816,Pequis,Urbana,Uberlândia,IBGE
317020605001817,Pequis,Urbana,Uberlândia,IBGE
317020605001818,Pequis,Urbana,Uberlândia,IBGE
317020605001819,Pequis,Urbana,Uberlândia,IBGE
317020605001820,Pequis,Urbana,Uberlândia,IBGE
317020605001821,Pequis,Urbana,Uberlândia,IBGE
317020605001822,Pequis,Urbana,Uberlândia,IBGE
317020605001823,Pequis,Urbana,Uberlândia,IBGE
317020605001824,Pequis,Urbana,Uberlândia,IBGE
317020605001825,Pequis,Urbana,Uberlândia,IBGE
317020605001826,Pequis,Urbana,Uberlândia,IBGE
317020605001827,Pequis,Urbana,Uberlândia,IBGE
317020605001828,Pequis,Urbana,Uberlândia,IBGE
317020605001829,Pequis,Urbana,Uberlândia,IBGE
317020605001830,Pequis,Urbana,Uberlândia,IBGE
317020605001831,Pequis,Urbana,Uberlândia,IBGE
317020605001832,Pequis,Urbana,Uberlândia,IBGE
317020605001833,Jardim Brasília,Urbana,Uberlândia,IBGE
317020605001834,Jardim Brasília,Urbana,Uberlândia,IBGE
317020605001835,Jardim Brasília,Urbana,Uberlândia,IBGE
317020605001836,Pacaembú,Urbana,Uberlândia,IBGE
317020605001837,Pacaembú,Urbana,Uberlândia,IBGE
317020605001838,Pacaembú,Urbana,Uberlândia,IBGE
317020605001839,Pacaembú,Urbana,Uberlândia,IBGE
317020605001840,Patrimônio,Urbana,Uberlândia,IBGE
317020605001841,Patrimônio,Urbana,Uberlândia,IBGE
317020605001842,Patrimônio,Urbana,Uberlândia,IBGE
317020605001843,Laranjeiras,Urbana,Uberlândia,IBGE
317020605001844,Laranjeiras,Urbana,Uberlândia,IBGE
317020605001845,Laranjeiras,Urbana,Uberlândia,IBGE
317020605001846,Laranjeiras,Urbana,Uberlândia,IBGE
317020605001847,Laranjeiras,Urbana,Uberlândia,IBGE
317020605001848,Laranjeiras,Urbana,Uberlândia,IBGE
317020605001849,Laranjeiras,Urbana,Uberlândia,IBGE
317020605001850,Laranjeiras,Urbana,Uberlândia,IBGE
317020605001851,Laranjeiras,Urbana,Uberlândia,IBGE
317020605001852,Laranjeiras,Urbana,Uberlândia,IBGE
317020605001853,Luizote de Freitas,Urbana,Uberlândia,IBGE
317020605001855,Jardim Brasília,Urbana,Uberlândia,IBGE
317020605001856,Jardim Brasília,Urbana,Uberlândia,IBGE
317020605001857,Jardim Patrícia,Urbana,Uberlândia,IBGE
317020605001858,Shopping Park,Urbana,Uberlândia,IBGE
317020605001859,Shopping Park,Urbana,Uberlândia,IBGE
317020605001860,Shopping Park,Urbana,Uberlândia,IBGE
317020605001861,Shopping Park,Urbana,Uberlândia,IBGE
317020605001862,Shopping Park,Urbana,Uberlândia,IBGE
317020605001863,Jardim Holanda,Urbana,Uberlândia,IBGE
317020605001864,Jardim Holanda,Urbana,Uberlândia,IBGE
317020605001865,Jardim Holanda,Urbana,Uberlândia,IBGE
317020605001866,Jardim Patrícia,Urbana,Uberlândia,IBGE
317020605001867,Chácaras Tubalina e Quartel,Urbana,Uberlândia,IBGE
317020605001868,Chácaras Tubalina e Quartel,Urbana,Uberlândia,IBGE
317020605001869,Shopping Park,Urbana,Uberlândia,IBGE
317020605001870,Shopping Park,Urbana,Uberlândia,IBGE
317020605001871,Nova Uberlândia,Urbana,Uberlândia,IBGE
317020605001872,Nova Uberlândia,Urbana,Uberlândia,IBGE
317020605001873,Gávea,Urbana,Uberlândia,IBGE
317020605001874,Gávea,Urbana,Uberlândia,IBGE
317020605001875,Panorama,Urbana,Uberlândia,IBGE
317020605001876,Panorama,Urbana,Uberlândia,IBGE
317020605001878,Minas Gerais,Urbana,Uberlândia,IBGE
317020605001879,Minas Gerais,Urbana,Uberlândia,IBGE
317020605001880,Minas Gerais,Urbana,Uberlândia,IBGE
317020605001881,Presidente Roosevelt,Urbana,Uberlândia,IBGE
317020605001882,Presidente Roosevelt,Urbana,Uberlândia,IBGE
317020605001883,Presidente Roosevelt,Urbana,Uberlândia,IBGE
317020605001884,Presidente Roosevelt,Urbana,Uberlândia,IBGE
317020605001889,Jardim Ipanema,Urbana,Uberlândia,IBGE
317020605001890,Jardim Ipanema,Urbana,Uberlândia,IBGE
317020605001891,Granja Marileusa,Urbana,Uberlândia,IBGE
317020605001892,Granja Marileusa,Urbana,Uberlândia,IBGE
317020605001893,Granja Marileusa,Urbana,Uberlândia,IBGE
317020605001894,Granja Marileusa,Urbana,Uberlândia,IBGE
317020605001895,Granja Marileusa,Urbana,Uberlândia,IBGE
317020605001896,Granja Marileusa,Urbana,Uberlândia,IBGE
317020605001897,Granja Marileusa,Urbana,Uberlândia,IBGE
317020605001898,Granja Marileusa,Urbana,Uberlândia,IBGE
317020605001899,Morumbi,Urbana,Uberlândia,IBGE
317020605001900,Jardim Patrícia,Urbana,Uberlândia,IBGE
317020605001901,Grand Ville,Urbana,Uberlândia,IBGE
317020605001902,Grand Ville,Urbana,Uberlândia,IBGE
317020605001903,Grand Ville,Urbana,Uberlândia,IBGE
317020605001904,Grand Ville,Urbana,Uberlândia,IBGE
317020605001905,Grand Ville,Urbana,Uberlândia,IBGE
317020605001906,Grand Ville,Urbana,Uberlândia,IBGE
317020605001907,Grand Ville,Urbana,Uberlândia,IBGE
317020605001908,Grand Ville,Urbana,Uberlândia,IBGE
317020605001909,Grand Ville,Urbana,Uberlândia,IBGE
317020605001910,Grand Ville,Urbana,Uberlândia,IBGE
317020605001911,Grand Ville,Urbana,Uberlândia,IBGE
317020605001912,Portal do Vale,Urbana,Uberlândia,IBGE
317020605001913,Portal do Vale,Urbana,Uberlândia,IBGE
317020605001914,Jardim Brasília,Urbana,Uberlândia,IBGE
317020605001915,Jardim Sul,Urbana,Uberlândia,IBGE
317020605001916,Jardim Sul,Urbana,Uberlândia,IBGE
317020605001917,Jardim Sul,Urbana,Uberlândia,IBGE
317020605001918,Segismundo Pereira,Urbana,Uberlândia,IBGE
317020605001919,Segismundo Pereira,Urbana,Uberlândia,IBGE
317020605001920,Morumbi,Urbana,Uberlândia,IBGE
317020605001921,Morumbi,Urbana,Uberlândia,IBGE
317020605001922,Morumbi,Urbana,Uberlândia,IBGE
317020605001923,Morumbi,Urbana,Uberlândia,IBGE
317020605001924,Morumbi,Urbana,Uberlândia,IBGE
317020605001925,Morumbi,Urbana,Uberlândia,IBGE
317020605001926,Morumbi,Urbana,Uberlândia,IBGE
317020605001927,Morumbi,Urbana,Uberlândia,IBGE
317020605001928,Morumbi,Urbana,Uberlândia,IBGE
317020605001929,Morumbi,Urbana,Uberlândia,IBGE
317020605001930,Morumbi,Urbana,Uberlândia,IBGE
317020605001931,Morumbi,Urbana,Uberlândia,IBGE
317020605001932,Morumbi,Urbana,Uberlândia,IBGE
317020605001933,Nova Alvorada,Urbana,Uberlândia,IBGE
317020605001934,Nova Alvorada,Urbana,Uberlândia,IBGE
317020605001935,Nova Alvorada,Urbana,Uberlândia,IBGE
317020605001936,Novo Mundo,Urbana,Uberlândia,IBGE
317020605001937,Novo Mundo,Urbana,Uberlândia,IBGE
317020605001939,Morumbi,Urbana,Uberlândia,IBGE
317020605001940,Morumbi,Urbana,Uberlândia,IBGE
317020605001941,Morumbi,Urbana,Uberlândia,IBGE
317020605001942,Morumbi,Urbana,Uberlândia,IBGE
317020605001943,Morumbi,Urbana,Uberlândia,IBGE
317020605001944,Morumbi,Urbana,Uberlândia,IBGE
317020605001945,Morumbi,Urbana,Uberlândia,IBGE
317020605001946,Morumbi,Urbana,Uberlândia,IBGE
317020605001947,Morumbi,Urbana,Uberlândia,IBGE
317020605001948,Santa Mônica,Urbana,Uberlândia,IBGE
317020605001950,Santa Mônica,Urbana,Uberlândia,IBGE
317020605001952,Santa Mônica,Urbana,Uberlândia,IBGE
317020605001953,Santa Mônica,Urbana,Uberlândia,IBGE
317020605001954,Santa Mônica,Urbana,Uberlândia,IBGE
317020605001955,Santa Mônica,Urbana,Uberlândia,IBGE
317020605001956,Santa Mônica,Urbana,Uberlândia,IBGE
317020605001957,Santa Mônica,Urbana,Uberlândia,IBGE
317020605001958,Santa Mônica,Urbana,Uberlândia,IBGE
317020605001959,Santa Mônica,Urbana,Uberlândia,IBGE
317020605001960,Segismundo Pereira,Urbana,Uberlândia,IBGE
317020605001961,Segismundo Pereira,Urbana,Uberlândia,IBGE
317020605001962,Jardim Canaã,Urbana,Uberlândia,IBGE
317020605001963,Jardim Canaã,Urbana,Uberlândia,IBGE
317020605001964,Jardim Canaã,Urbana,Uberlândia,IBGE
317020605001965,São Jorge,Urbana,Uberlândia,IBGE
317020605001966,São Jorge,Urbana,Uberlândia,IBGE
317020605001967,Cazeca,Urbana,Uberlândia,IBGE
317020605001968,Cazeca,Urbana,Uberlândia,IBGE
317020605001969,Lídice,Urbana,Uberlândia,IBGE
317020605001970,Lídice,Urbana,Uberlândia,IBGE
317020605001971,Tabajaras,Urbana,Uberlândia,IBGE
317020605001972,Tabajaras,Urbana,Uberlândia,IBGE
317020605001973,Tabajaras,Urbana,Uberlândia,IBGE
317020605001974,Tabajaras,Urbana,Uberlândia,IBGE
317020605001975,Fundinho,Urbana,Uberlândia,IBGE
317020605001976,Carajás,Urbana,Uberlândia,IBGE
317020605001977,Carajás,Urbana,Uberlândia,IBGE
317020605001978,Custódio Pereira,Urbana,Uberlândia,IBGE
317020605001979,Custódio Pereira,Urbana,Uberlândia,IBGE
317020605001980,Panorama,Urbana,Uberlândia,IBGE
317020605001981,Panorama,Urbana,Uberlândia,IBGE
317020605001983,Assentamento Tocantis,Urbana,Uberlândia,CNEFE
317020605001984,Capim Branco,Urbana,Uberlândia,CNEFE
317020605001985,Panorama,Urbana,Uberlândia,IBGE
317020605001986,Panorama,Urbana,Uberlândia,vizinho
317020605001987,Shopping Park,Urbana,Uberlândia,IBGE
317020605001988,Shopping Park,Urbana,Uberlândia,CNEFE
317020605001989,Shopping Park,Urbana,Uberlândia,IBGE
317020605001990,Shopping Park,Urbana,Uberlândia,IBGE
317020605001991,Jardim Canaã,Urbana,Uberlândia,IBGE
317020605001993,Jardim Canaã,Urbana,Uberlândia,IBGE
317020605001995,Jardim Canaã,Urbana,Uberlândia,IBGE
317020605001996,Jardim Canaã,Urbana,Uberlândia,IBGE
317020605001997,Jardim Canaã,Urbana,Uberlândia,IBGE
317020605001998,Santa Rosa,Urbana,Uberlândia,IBGE
317020605001999,Santa Rosa,Urbana,Uberlândia,IBGE
317020605002000,Morumbi,Urbana,Uberlândia,IBGE
317020605002002,Jardim Inconfidência,Urbana,Uberlândia,IBGE
317020605002003,Jardim Inconfidência,Urbana,Uberlândia,IBGE
317020605002004,Jardim Inconfidência,Urbana,Uberlândia,IBGE
317020605002005,Segismundo Pereira,Urbana,Uberlândia,IBGE
317020605002006,Santa Mônica,Urbana,Uberlândia,IBGE
317020605002007,Segismundo Pereira,Urbana,Uberlândia,IBGE
317020605002008,Segismundo Pereira,Urbana,Uberlândia,IBGE
317020605002009,Segismundo Pereira,Urbana,Uberlândia,IBGE
317020605002010,Segismundo Pereira,Urbana,Uberlândia,IBGE
317020605002011,Segismundo Pereira,Urbana,Uberlândia,IBGE
317020605002012,Santa Mônica,Urbana,Uberlândia,IBGE
317020605002013,Santa Mônica,Urbana,Uberlândia,IBGE
317020605002014,Segismundo Pereira,Urbana,Uberlândia,IBGE
317020605002015,Segismundo Pereira,Urbana,Uberlândia,IBGE
317020605002016,Segismundo Pereira,Urbana,Uberlândia,IBGE
317020605002017,Segismundo Pereira,Urbana,Uberlândia,IBGE
317020605002018,Segismundo Pereira,Urbana,Uberlândia,IBGE
317020605002019,Segismundo Pereira,Urbana,Uberlândia,IBGE
317020605002020,Santa Mônica,Urbana,Uberlândia,IBGE
317020605002021,Santa Mônica,Urbana,Uberlândia,IBGE
317020605002022,Santa Mônica,Urbana,Uberlândia,IBGE
317020605002023,Santa Mônica,Urbana,Uberlândia,IBGE
317020605002024,Santa Mônica,Urbana,Uberlândia,IBGE
317020605002025,Santa Mônica,Urbana,Uberlândia,IBGE
317020605002026,Santa Mônica,Urbana,Uberlândia,IBGE
317020605002027,Santa Mônica,Urbana,Uberlândia,IBGE
317020605002028,Segismundo Pereira,Urbana,Uberlândia,IBGE
317020605002029,Segismundo Pereira,Urbana,Uberlândia,IBGE
317020605002030,Segismundo Pereira,Urbana,Uberlândia,IBGE
317020605002031,Segismundo Pereira,Urbana,Uberlândia,IBGE
317020605002032,Santa Mônica,Urbana,Uberlândia,IBGE
317020605002033,Santa Mônica,Urbana,Uberlândia,IBGE
317020605002034,Segismundo Pereira,Urbana,Uberlândia,IBGE
317020605002035,Segismundo Pereira,Urbana,Uberlândia,IBGE
317020605002036,Santa Mônica,Urbana,Uberlândia,IBGE
317020605002037,Tibery,Urbana,Uberlândia,IBGE
317020605002038,Santa Mônica,Urbana,Uberlândia,IBGE
317020605002039,Santa Mônica,Urbana,Uberlândia,IBGE
317020605002040,Santa Mônica,Urbana,Uberlândia,IBGE
317020605002041,Santa Mônica,Urbana,Uberlândia,IBGE
317020605002042,Santa Mônica,Urbana,Uberlândia,IBGE
317020605002043,Santa Mônica,Urbana,Uberlândia,IBGE
317020605002044,Santa Mônica,Urbana,Uberlândia,IBGE
317020605002045,Santa Mônica,Urbana,Uberlândia,IBGE
317020605002046,Santa Mônica,Urbana,Uberlândia,IBGE
317020605002047,Santa Mônica,Urbana,Uberlândia,IBGE
317020605002048,Santa Mônica,Urbana,Uberlândia,IBGE
317020605002049,Santa Mônica,Urbana,Uberlândia,IBGE
317020605002050,Santa Mônica,Urbana,Uberlândia,IBGE
317020605002051,Santa Mônica,Urbana,Uberlândia,IBGE
317020605002052,Santa Mônica,Urbana,Uberlândia,IBGE
317020605002053,Santa Mônica,Urbana,Uberlândia,IBGE
317020605002054,Santa Mônica,Urbana,Uberlândia,IBGE
317020605002055,Santa Mônica,Urbana,Uberlândia,IBGE
317020605002056,Santa Mônica,Urbana,Uberlândia,IBGE
317020605002057,Santa Mônica,Urbana,Uberlândia,IBGE
317020605002058,Portal do Vale,Urbana,Uberlândia,IBGE
317020605002059,Portal do Vale,Urbana,Uberlândia,IBGE
317020605002060,Aclimação,Urbana,Uberlândia,IBGE
317020605002061,Aclimação,Urbana,Uberlândia,IBGE
317020605002062,Jardim Ipanema,Urbana,Uberlândia,IBGE
317020605002063,Jardim Ipanema,Urbana,Uberlândia,IBGE
317020605002064,Aclimação,Urbana,Uberlândia,IBGE
317020605002065,Aclimação,Urbana,Uberlândia,IBGE
317020605002066,Granja Marileusa,Urbana,Uberlândia,IBGE
317020605002067,Granja Marileusa,Urbana,Uberlândia,IBGE
317020605002068,Jardim Canaã,Urbana,Uberlândia,IBGE
317020605002069,Alto Umuarama,Urbana,Uberlândia,IBGE
317020605002070,Nossa Senhora das Graças,Urbana,Uberlândia,IBGE
317020605002071,São José,Urbana,Uberlândia,IBGE
317020605002072,Aclimação,Urbana,Uberlândia,IBGE
317020605002073,Jardim Ipanema,Urbana,Uberlândia,IBGE
317020605002074,Novo Mundo,Urbana,Uberlândia,IBGE
317020605002075,Alvorada,Urbana,Uberlândia,IBGE
317020605002076,Luizote de Freitas,Urbana,Uberlândia,IBGE
317020605002077,Umuarama,Urbana,Uberlândia,IBGE
317020605002078,Umuarama,Urbana,Uberlândia,IBGE
317020605002079,Jardim Holanda,Urbana,Uberlândia,IBGE
317020605002080,Marta Helena,Urbana,Uberlândia,IBGE
317020605002081,Taiaman,Urbana,Uberlândia,IBGE
317020605002082,Rancho dos Ypes,Rural,Uberlândia,CNEFE
317020605002083,Jardim Holanda,Urbana,Uberlândia,IBGE
317020605002084,Uberlandia,Rural,Uberlândia,CNEFE
317020605002086,Minas Gerais,Urbana,Uberlândia,IBGE
317020605002087,Distrito Industrial,Urbana,Uberlândia,IBGE
317020605002088,Distrito Industrial,Urbana,Uberlândia,IBGE
317020605002089,Tocantins,Urbana,Uberlândia,IBGE
317020605002090,Santa Mônica,Urbana,Uberlândia,IBGE
317020605002091,Santa Mônica,Urbana,Uberlândia,IBGE
317020605002092,Uberlandia,Rural,Uberlândia,CNEFE
317020605002093,Chacaras Morada Nova,Urbana,Uberlândia,CNEFE
317020610000001,Cruzeiro dos Peixotos,Urbana,Cruzeiro dos Peixotos,vizinho
317020610000002,Cruzeiro dos Peixotos,Rural,Cruzeiro dos Peixotos,CNEFE
317020610000003,Cruzeiro dos Peixotos,Urbana,Cruzeiro dos Peixotos,CNEFE
317020610000004,Zona rural — Cruzeiro dos Peixotos,Rural,Cruzeiro dos Peixotos,distrito
317020610000005,Cruzeiro dos Peixotos,Rural,Cruzeiro dos Peixotos,CNEFE
317020615000001,Martinésia — sem bairro declarado,Urbana,Martinésia,distrito
317020615000002,Zona rural — Martinésia,Rural,Martinésia,distrito
317020615000003,Zona rural — Martinésia,Rural,Martinésia,distrito
317020615000004,Zona rural — Martinésia,Rural,Martinésia,distrito
317020615000005,Zona rural — Martinésia,Rural,Martinésia,distrito
317020620000001,Miraporanga — sem bairro declarado,Urbana,Miraporanga,distrito
317020620000002,Zona rural — Miraporanga,Rural,Miraporanga,distrito
317020620000003,Zona rural — Miraporanga,Rural,Miraporanga,distrito
317020620000004,Miraporanga,Rural,Miraporanga,CNEFE
317020620000007,Chacaras Morada Nova,Urbana,Miraporanga,CNEFE
317020620000008,Zona rural — Miraporanga,Rural,Miraporanga,distrito
317020620000009,Morada Nova,Urbana,Miraporanga,CNEFE
317020620000011,Zona rural — Miraporanga,Rural,Miraporanga,distrito
317020620000012,Zona rural — Miraporanga,Rural,Miraporanga,distrito
317020620000013,Miraporanga,Rural,Miraporanga,CNEFE
317020620000014,Condominio Eldorado,Rural,Miraporanga,CNEFE
317020620000015,Condominio Eldorado,Rural,Miraporanga,CNEFE
317020620000016,Chacaras Arco Iris,Rural,Miraporanga,CNEFE
317020620000018,Zona rural — Miraporanga,Rural,Miraporanga,distrito
317020620000021,Uberlandia,Urbana,Miraporanga,vizinho
317020620000023,Morada Nova,Urbana,Miraporanga,CNEFE
317020620000024,Uberlandia,Rural,Miraporanga,CNEFE
317020620000025,Uberlandia,Urbana,Miraporanga,CNEFE
317020620000026,Uberlandia,Urbana,Miraporanga,CNEFE
317020620000027,Chacaras Morada Nova,Urbana,Miraporanga,CNEFE
317020620000028,Chacaras Morada Nova,Urbana,Miraporanga,CNEFE
317020620000029,Chacaras Morada Nova,Urbana,Miraporanga,CNEFE
317020620000031,Chacaras Morada Nova,Urbana,Miraporanga,CNEFE
317020620000032,Chacaras Morada Nova,Urbana,Miraporanga,CNEFE
317020620000034,Chacaras Morada Nova,Urbana,Miraporanga,CNEFE
317020620000036,Chacaras Morada Nova,Urbana,Miraporanga,CNEFE
317020620000038,Miraporanga,Rural,Miraporanga,CNEFE
317020620000039,Zona rural — Miraporanga,Rural,Miraporanga,distrito
317020620000040,Zona rural — Miraporanga,Rural,Miraporanga,distrito
317020620000041,Chacaras Morada Nova,Urbana,Miraporanga,CNEFE
317020620000042,Chacaras Morada Nova,Urbana,Miraporanga,CNEFE
317020620000043,Chacaras Morada Nova,Urbana,Miraporanga,CNEFE
317020620000044,Chacaras Morada Nova,Urbana,Miraporanga,CNEFE
317020620000045,Chacaras Morada Nova,Urbana,Miraporanga,CNEFE
317020620000046,Chacaras Morada Nova,Urbana,Miraporanga,CNEFE
317020620000047,Chacaras Morada Nova,Urbana,Miraporanga,CNEFE
317020620000048,Chacaras Morada Nova,Urbana,Miraporanga,CNEFE
317020620000049,Uberlandia,Rural,Miraporanga,CNEFE
317020620000050,Uberlandia,Rural,Miraporanga,CNEFE
317020620000051,Miraporanga,Rural,Miraporanga,CNEFE
317020620000052,Uberlandia,Rural,Miraporanga,CNEFE
317020625000001,Tapuirama,Urbana,Tapuirama,CNEFE
317020625000003,Tapuirama,Urbana,Tapuirama,CNEFE
317020625000004,Tapuirama,Urbana,Tapuirama,CNEFE
317020625000005,Tapuirama,Urbana,Tapuirama,CNEFE
317020625000006,Tapuirama,Urbana,Tapuirama,CNEFE
317020625000007,Tapuirama,Rural,Tapuirama,CNEFE
317020625000009,Uberlandia,Rural,Tapuirama,CNEFE
317020625000011,Uberlandia,Rural,Tapuirama,CNEFE
317020625000012,Uberlandia,Rural,Tapuirama,CNEFE
317020625000013,Uberlandia,Rural,Tapuirama,CNEFE
317020625000014,Uberlandia,Rural,Tapuirama,CNEFE
317020625000015,Uberlandia,Rural,Tapuirama,CNEFE
317020625000016,Tapuirama,Rural,Tapuirama,CNEFE
317020625000017,Tapuirama,Rural,Tapuirama,CNEFE
317020625000018,Zona rural — Tapuirama,Rural,Tapuirama,distrito
317020625000019,Uberlandia,Rural,Tapuirama,CNEFE
